customer_id,workshop_id,customer_type,first_seen_date,city,region,is_fleet_customer,preferred_contact,acquisition_channel,synthetic_alias,is_active,churn_date,data_origin,generator_version,random_seed,notes
C000001,WS0003,INDIVIDUAL,2024-06-08,İzmir,Ege,0,WHATSAPP,GOOGLE_MAPS,Customer_000001,1,,SYNTHETIC,1.3.0,42,
C000002,WS0008,INDIVIDUAL,2023-07-10,Gaziantep,Güneydoğu Anadolu,0,WHATSAPP,WALK_IN,Customer_000002,1,,SYNTHETIC,1.3.0,42,
C000003,WS0008,INDIVIDUAL,2023-06-22,Gaziantep,Güneydoğu Anadolu,0,WHATSAPP,REFERRAL,Customer_000003,1,,SYNTHETIC,1.3.0,42,
C000004,WS0009,INDIVIDUAL,2025-09-19,Samsun,Karadeniz,0,WHATSAPP,REFERRAL,Customer_000004,1,,SYNTHETIC,1.3.0,42,
C000005,WS0007,FLEET,2022-01-22,Adana,Akdeniz,1,WHATSAPP,REFERRAL,Customer_000005,1,,SYNTHETIC,1.3.0,42,
C000006,WS0008,INDIVIDUAL,2024-06-27,Gaziantep,Güneydoğu Anadolu,0,WHATSAPP,WALK_IN,Customer_000006,1,,SYNTHETIC,1.3.0,42,
C000007,WS0002,INDIVIDUAL,2024-08-20,Ankara,İç Anadolu,0,WHATSAPP,WALK_IN,Customer_000007,1,,SYNTHETIC,1.3.0,42,
C000008,WS0002,INDIVIDUAL,2025-10-31,Ankara,İç Anadolu,0,WHATSAPP,REFERRAL,Customer_000008,1,,SYNTHETIC,1.3.0,42,
C000009,WS0009,INDIVIDUAL,2022-04-26,Samsun,Karadeniz,0,WHATSAPP,REFERRAL,Customer_000009,1,,SYNTHETIC,1.3.0,42,
C000010,WS0005,INDIVIDUAL,2025-05-21,Antalya,Akdeniz,0,EMAIL,GOOGLE_MAPS,Customer_000010,1,,SYNTHETIC,1.3.0,42,
C000011,WS0010,INDIVIDUAL,2023-02-12,Eskişehir,İç Anadolu,0,PHONE,ORGANIC,Customer_000011,1,,SYNTHETIC,1.3.0,42,
C000012,WS0005,INDIVIDUAL,2024-05-09,Antalya,Akdeniz,0,SMS,SOCIAL_MEDIA,Customer_000012,1,,SYNTHETIC,1.3.0,42,
C000013,WS0002,COMMERCIAL,2025-05-14,Ankara,İç Anadolu,0,EMAIL,DIRECT_SALES,Customer_000013,1,,SYNTHETIC,1.3.0,42,
C000014,WS0007,INDIVIDUAL,2021-04-13,Adana,Akdeniz,0,WHATSAPP,WALK_IN,Customer_000014,1,,SYNTHETIC,1.3.0,42,
C000015,WS0006,INDIVIDUAL,2023-11-20,Konya,İç Anadolu,0,WHATSAPP,GOOGLE_MAPS,Customer_000015,1,,SYNTHETIC,1.3.0,42,
C000016,WS0005,INDIVIDUAL,2021-02-03,Antalya,Akdeniz,0,SMS,GOOGLE_MAPS,Customer_000016,1,,SYNTHETIC,1.3.0,42,
C000017,WS0001,INDIVIDUAL,2023-04-01,İstanbul,Marmara,0,PHONE,GOOGLE_MAPS,Customer_000017,1,,SYNTHETIC,1.3.0,42,
C000018,WS0005,COMMERCIAL,2021-12-29,Antalya,Akdeniz,0,WHATSAPP,REFERRAL,Customer_000018,1,,SYNTHETIC,1.3.0,42,
C000019,WS0005,INDIVIDUAL,2024-12-13,Antalya,Akdeniz,0,PHONE,ORGANIC,Customer_000019,1,,SYNTHETIC,1.3.0,42,
C000020,WS0005,INDIVIDUAL,2025-11-05,Antalya,Akdeniz,0,WHATSAPP,REFERRAL,Customer_000020,1,,SYNTHETIC,1.3.0,42,
C000021,WS0009,INDIVIDUAL,2023-03-29,Samsun,Karadeniz,0,WHATSAPP,REFERRAL,Customer_000021,1,,SYNTHETIC,1.3.0,42,
C000022,WS0003,INDIVIDUAL,2026-06-07,İzmir,Ege,0,SMS,REFERRAL,Customer_000022,1,,SYNTHETIC,1.3.0,42,
C000023,WS0003,COMMERCIAL,2021-07-08,İzmir,Ege,0,PHONE,FLEET_PARTNERSHIP,Customer_000023,1,,SYNTHETIC,1.3.0,42,
C000024,WS0004,INDIVIDUAL,2024-05-07,Bursa,Marmara,0,EMAIL,ORGANIC,Customer_000024,1,,SYNTHETIC,1.3.0,42,
C000025,WS0003,INDIVIDUAL,2021-07-01,İzmir,Ege,0,WHATSAPP,WALK_IN,Customer_000025,1,,SYNTHETIC,1.3.0,42,
C000026,WS0005,INDIVIDUAL,2025-09-25,Antalya,Akdeniz,0,WHATSAPP,WALK_IN,Customer_000026,1,,SYNTHETIC,1.3.0,42,
C000027,WS0001,INDIVIDUAL,2022-01-15,İstanbul,Marmara,0,WHATSAPP,GOOGLE_MAPS,Customer_000027,1,,SYNTHETIC,1.3.0,42,
C000028,WS0009,INDIVIDUAL,2022-06-07,Samsun,Karadeniz,0,PHONE,GOOGLE_MAPS,Customer_000028,1,,SYNTHETIC,1.3.0,42,
C000029,WS0009,INDIVIDUAL,2022-05-19,Samsun,Karadeniz,0,SMS,SOCIAL_MEDIA,Customer_000029,1,,SYNTHETIC,1.3.0,42,
C000030,WS0008,INDIVIDUAL,2024-11-21,Gaziantep,Güneydoğu Anadolu,0,WHATSAPP,REFERRAL,Customer_000030,1,,SYNTHETIC,1.3.0,42,
C000031,WS0007,INDIVIDUAL,2023-07-15,Adana,Akdeniz,0,EMAIL,GOOGLE_MAPS,Customer_000031,1,,SYNTHETIC,1.3.0,42,
C000032,WS0001,INDIVIDUAL,2022-05-16,İstanbul,Marmara,0,WHATSAPP,SOCIAL_MEDIA,Customer_000032,1,,SYNTHETIC,1.3.0,42,
C000033,WS0004,INDIVIDUAL,2021-03-06,Bursa,Marmara,0,PHONE,WALK_IN,Customer_000033,1,,SYNTHETIC,1.3.0,42,
C000034,WS0003,INDIVIDUAL,2025-11-01,İzmir,Ege,0,PHONE,ORGANIC,Customer_000034,0,2026-02-17,SYNTHETIC,1.3.0,42,
C000035,WS0004,INDIVIDUAL,2023-04-10,Bursa,Marmara,0,EMAIL,WALK_IN,Customer_000035,1,,SYNTHETIC,1.3.0,42,
C000036,WS0005,INDIVIDUAL,2026-02-25,Antalya,Akdeniz,0,PHONE,ORGANIC,Customer_000036,1,,SYNTHETIC,1.3.0,42,
C000037,WS0010,INDIVIDUAL,2025-09-01,Eskişehir,İç Anadolu,0,WHATSAPP,ORGANIC,Customer_000037,1,,SYNTHETIC,1.3.0,42,
C000038,WS0001,INDIVIDUAL,2026-07-16,İstanbul,Marmara,0,PHONE,WALK_IN,Customer_000038,1,,SYNTHETIC,1.3.0,42,
C000039,WS0005,INDIVIDUAL,2021-10-31,Antalya,Akdeniz,0,WHATSAPP,REFERRAL,Customer_000039,1,,SYNTHETIC,1.3.0,42,
C000040,WS0006,INDIVIDUAL,2021-03-22,Konya,İç Anadolu,0,EMAIL,ORGANIC,Customer_000040,1,,SYNTHETIC,1.3.0,42,
C000041,WS0004,INDIVIDUAL,2022-08-02,Bursa,Marmara,0,PHONE,ORGANIC,Customer_000041,1,,SYNTHETIC,1.3.0,42,
C000042,WS0001,INDIVIDUAL,2021-01-17,İstanbul,Marmara,0,WHATSAPP,ORGANIC,Customer_000042,1,,SYNTHETIC,1.3.0,42,
C000043,WS0009,INDIVIDUAL,2024-12-13,Samsun,Karadeniz,0,EMAIL,ORGANIC,Customer_000043,1,,SYNTHETIC,1.3.0,42,
C000044,WS0001,INDIVIDUAL,2023-05-18,İstanbul,Marmara,0,WHATSAPP,WALK_IN,Customer_000044,1,,SYNTHETIC,1.3.0,42,
C000045,WS0005,INDIVIDUAL,2024-08-21,Antalya,Akdeniz,0,WHATSAPP,REFERRAL,Customer_000045,1,,SYNTHETIC,1.3.0,42,
C000046,WS0004,COMMERCIAL,2024-06-08,Bursa,Marmara,0,WHATSAPP,REFERRAL,Customer_000046,1,,SYNTHETIC,1.3.0,42,
C000047,WS0005,INDIVIDUAL,2021-07-16,Antalya,Akdeniz,0,WHATSAPP,REFERRAL,Customer_000047,1,,SYNTHETIC,1.3.0,42,
C000048,WS0010,INDIVIDUAL,2024-12-01,Eskişehir,İç Anadolu,0,WHATSAPP,GOOGLE_MAPS,Customer_000048,1,,SYNTHETIC,1.3.0,42,
C000049,WS0009,COMMERCIAL,2022-04-30,Samsun,Karadeniz,0,WHATSAPP,FLEET_PARTNERSHIP,Customer_000049,1,,SYNTHETIC,1.3.0,42,
C000050,WS0004,COMMERCIAL,2025-07-30,Bursa,Marmara,0,PHONE,DIRECT_SALES,Customer_000050,1,,SYNTHETIC,1.3.0,42,
C000051,WS0009,COMMERCIAL,2023-05-29,Samsun,Karadeniz,0,EMAIL,REFERRAL,Customer_000051,1,,SYNTHETIC,1.3.0,42,
C000052,WS0010,INDIVIDUAL,2023-04-05,Eskişehir,İç Anadolu,0,PHONE,ORGANIC,Customer_000052,0,2026-06-01,SYNTHETIC,1.3.0,42,
C000053,WS0004,INDIVIDUAL,2022-07-02,Bursa,Marmara,0,WHATSAPP,ORGANIC,Customer_000053,1,,SYNTHETIC,1.3.0,42,
C000054,WS0002,INDIVIDUAL,2024-05-20,Ankara,İç Anadolu,0,PHONE,ORGANIC,Customer_000054,1,,SYNTHETIC,1.3.0,42,
C000055,WS0008,INDIVIDUAL,2021-10-15,Gaziantep,Güneydoğu Anadolu,0,EMAIL,SOCIAL_MEDIA,Customer_000055,1,,SYNTHETIC,1.3.0,42,
C000056,WS0005,INDIVIDUAL,2021-10-11,Antalya,Akdeniz,0,WHATSAPP,ORGANIC,Customer_000056,0,2022-03-09,SYNTHETIC,1.3.0,42,
C000057,WS0003,INDIVIDUAL,2025-09-06,İzmir,Ege,0,WHATSAPP,GOOGLE_MAPS,Customer_000057,1,,SYNTHETIC,1.3.0,42,
C000058,WS0003,INDIVIDUAL,2026-02-08,İzmir,Ege,0,WHATSAPP,WALK_IN,Customer_000058,1,,SYNTHETIC,1.3.0,42,
C000059,WS0001,INDIVIDUAL,2024-01-10,İstanbul,Marmara,0,WHATSAPP,ORGANIC,Customer_000059,1,,SYNTHETIC,1.3.0,42,
C000060,WS0004,INDIVIDUAL,2021-01-13,Bursa,Marmara,0,PHONE,WALK_IN,Customer_000060,1,,SYNTHETIC,1.3.0,42,
C000061,WS0002,INDIVIDUAL,2023-08-02,Ankara,İç Anadolu,0,WHATSAPP,ORGANIC,Customer_000061,1,,SYNTHETIC,1.3.0,42,
C000062,WS0003,INDIVIDUAL,2023-09-06,İzmir,Ege,0,WHATSAPP,GOOGLE_MAPS,Customer_000062,1,,SYNTHETIC,1.3.0,42,
C000063,WS0004,INDIVIDUAL,2022-06-06,Bursa,Marmara,0,EMAIL,WALK_IN,Customer_000063,1,,SYNTHETIC,1.3.0,42,
C000064,WS0003,COMMERCIAL,2023-02-16,İzmir,Ege,0,EMAIL,DIRECT_SALES,Customer_000064,1,,SYNTHETIC,1.3.0,42,
C000065,WS0002,INDIVIDUAL,2024-05-12,Ankara,İç Anadolu,0,WHATSAPP,ORGANIC,Customer_000065,1,,SYNTHETIC,1.3.0,42,
C000066,WS0001,INDIVIDUAL,2022-03-01,İstanbul,Marmara,0,WHATSAPP,GOOGLE_MAPS,Customer_000066,1,,SYNTHETIC,1.3.0,42,
C000067,WS0009,INDIVIDUAL,2025-08-23,Samsun,Karadeniz,0,WHATSAPP,ORGANIC,Customer_000067,1,,SYNTHETIC,1.3.0,42,
C000068,WS0004,INDIVIDUAL,2021-05-12,Bursa,Marmara,0,SMS,REFERRAL,Customer_000068,1,,SYNTHETIC,1.3.0,42,
C000069,WS0001,INDIVIDUAL,2026-04-15,İstanbul,Marmara,0,WHATSAPP,ORGANIC,Customer_000069,1,,SYNTHETIC,1.3.0,42,
C000070,WS0008,INDIVIDUAL,2023-07-14,Gaziantep,Güneydoğu Anadolu,0,WHATSAPP,REFERRAL,Customer_000070,1,,SYNTHETIC,1.3.0,42,
C000071,WS0005,COMMERCIAL,2025-04-06,Antalya,Akdeniz,0,WHATSAPP,FLEET_PARTNERSHIP,Customer_000071,1,,SYNTHETIC,1.3.0,42,
C000072,WS0007,INDIVIDUAL,2021-07-06,Adana,Akdeniz,0,PHONE,GOOGLE_MAPS,Customer_000072,1,,SYNTHETIC,1.3.0,42,
C000073,WS0008,INDIVIDUAL,2025-06-01,Gaziantep,Güneydoğu Anadolu,0,WHATSAPP,REFERRAL,Customer_000073,1,,SYNTHETIC,1.3.0,42,
C000074,WS0001,COMMERCIAL,2026-04-04,İstanbul,Marmara,0,PHONE,ORGANIC,Customer_000074,1,,SYNTHETIC,1.3.0,42,
C000075,WS0001,INDIVIDUAL,2024-02-17,İstanbul,Marmara,0,WHATSAPP,SOCIAL_MEDIA,Customer_000075,1,,SYNTHETIC,1.3.0,42,
C000076,WS0007,INDIVIDUAL,2022-11-20,Adana,Akdeniz,0,SMS,GOOGLE_MAPS,Customer_000076,1,,SYNTHETIC,1.3.0,42,
C000077,WS0007,INDIVIDUAL,2025-09-17,Adana,Akdeniz,0,PHONE,REFERRAL,Customer_000077,1,,SYNTHETIC,1.3.0,42,
C000078,WS0003,INDIVIDUAL,2022-08-31,İzmir,Ege,0,SMS,ORGANIC,Customer_000078,1,,SYNTHETIC,1.3.0,42,
C000079,WS0005,INDIVIDUAL,2021-03-21,Antalya,Akdeniz,0,EMAIL,GOOGLE_MAPS,Customer_000079,1,,SYNTHETIC,1.3.0,42,
C000080,WS0007,INDIVIDUAL,2025-11-10,Adana,Akdeniz,0,WHATSAPP,REFERRAL,Customer_000080,1,,SYNTHETIC,1.3.0,42,
C000081,WS0006,INDIVIDUAL,2025-12-02,Konya,İç Anadolu,0,SMS,SOCIAL_MEDIA,Customer_000081,1,,SYNTHETIC,1.3.0,42,
C000082,WS0009,INDIVIDUAL,2023-12-28,Samsun,Karadeniz,0,SMS,SOCIAL_MEDIA,Customer_000082,1,,SYNTHETIC,1.3.0,42,
C000083,WS0002,INDIVIDUAL,2023-02-07,Ankara,İç Anadolu,0,PHONE,GOOGLE_MAPS,Customer_000083,1,,SYNTHETIC,1.3.0,42,
C000084,WS0007,INDIVIDUAL,2024-09-04,Adana,Akdeniz,0,SMS,ORGANIC,Customer_000084,1,,SYNTHETIC,1.3.0,42,
C000085,WS0002,INDIVIDUAL,2024-12-11,Ankara,İç Anadolu,0,WHATSAPP,REFERRAL,Customer_000085,1,,SYNTHETIC,1.3.0,42,
C000086,WS0001,INDIVIDUAL,2025-03-01,İstanbul,Marmara,0,WHATSAPP,SOCIAL_MEDIA,Customer_000086,1,,SYNTHETIC,1.3.0,42,
C000087,WS0009,INDIVIDUAL,2025-06-18,Samsun,Karadeniz,0,PHONE,ORGANIC,Customer_000087,1,,SYNTHETIC,1.3.0,42,
C000088,WS0010,INDIVIDUAL,2022-04-06,Eskişehir,İç Anadolu,0,WHATSAPP,GOOGLE_MAPS,Customer_000088,1,,SYNTHETIC,1.3.0,42,
C000089,WS0002,INDIVIDUAL,2021-08-21,Ankara,İç Anadolu,0,WHATSAPP,REFERRAL,Customer_000089,1,,SYNTHETIC,1.3.0,42,
C000090,WS0005,INDIVIDUAL,2026-04-04,Antalya,Akdeniz,0,SMS,ORGANIC,Customer_000090,1,,SYNTHETIC,1.3.0,42,
C000091,WS0007,INDIVIDUAL,2025-04-04,Adana,Akdeniz,0,WHATSAPP,REFERRAL,Customer_000091,0,2026-04-29,SYNTHETIC,1.3.0,42,
C000092,WS0006,INDIVIDUAL,2022-04-15,Konya,İç Anadolu,0,WHATSAPP,ORGANIC,Customer_000092,0,2026-05-11,SYNTHETIC,1.3.0,42,
C000093,WS0007,INDIVIDUAL,2024-10-27,Adana,Akdeniz,0,EMAIL,REFERRAL,Customer_000093,1,,SYNTHETIC,1.3.0,42,
C000094,WS0007,INDIVIDUAL,2024-06-10,Adana,Akdeniz,0,WHATSAPP,REFERRAL,Customer_000094,1,,SYNTHETIC,1.3.0,42,
C000095,WS0004,INDIVIDUAL,2021-12-28,Bursa,Marmara,0,PHONE,REFERRAL,Customer_000095,1,,SYNTHETIC,1.3.0,42,
C000096,WS0001,INDIVIDUAL,2021-02-24,İstanbul,Marmara,0,PHONE,WALK_IN,Customer_000096,1,,SYNTHETIC,1.3.0,42,
C000097,WS0008,INDIVIDUAL,2021-06-11,Gaziantep,Güneydoğu Anadolu,0,PHONE,REFERRAL,Customer_000097,1,,SYNTHETIC,1.3.0,42,
C000098,WS0006,INDIVIDUAL,2025-01-02,Konya,İç Anadolu,0,WHATSAPP,ORGANIC,Customer_000098,1,,SYNTHETIC,1.3.0,42,
C000099,WS0009,COMMERCIAL,2022-11-29,Samsun,Karadeniz,0,EMAIL,REFERRAL,Customer_000099,1,,SYNTHETIC,1.3.0,42,
C000100,WS0001,INDIVIDUAL,2023-07-22,İstanbul,Marmara,0,SMS,REFERRAL,Customer_000100,1,,SYNTHETIC,1.3.0,42,
C000101,WS0004,INDIVIDUAL,2025-02-15,Bursa,Marmara,0,WHATSAPP,ORGANIC,Customer_000101,1,,SYNTHETIC,1.3.0,42,
C000102,WS0004,INDIVIDUAL,2025-03-15,Bursa,Marmara,0,EMAIL,REFERRAL,Customer_000102,1,,SYNTHETIC,1.3.0,42,
C000103,WS0008,INDIVIDUAL,2021-01-22,Gaziantep,Güneydoğu Anadolu,0,PHONE,GOOGLE_MAPS,Customer_000103,1,,SYNTHETIC,1.3.0,42,
C000104,WS0005,INDIVIDUAL,2023-06-17,Antalya,Akdeniz,0,WHATSAPP,GOOGLE_MAPS,Customer_000104,1,,SYNTHETIC,1.3.0,42,
C000105,WS0004,INDIVIDUAL,2026-02-23,Bursa,Marmara,0,PHONE,REFERRAL,Customer_000105,1,,SYNTHETIC,1.3.0,42,
C000106,WS0010,INDIVIDUAL,2021-02-06,Eskişehir,İç Anadolu,0,WHATSAPP,ORGANIC,Customer_000106,1,,SYNTHETIC,1.3.0,42,
C000107,WS0004,INDIVIDUAL,2024-12-08,Bursa,Marmara,0,WHATSAPP,WALK_IN,Customer_000107,1,,SYNTHETIC,1.3.0,42,
C000108,WS0004,INDIVIDUAL,2024-06-20,Bursa,Marmara,0,PHONE,ORGANIC,Customer_000108,1,,SYNTHETIC,1.3.0,42,
C000109,WS0007,INDIVIDUAL,2026-01-05,Adana,Akdeniz,0,PHONE,REFERRAL,Customer_000109,0,2026-04-09,SYNTHETIC,1.3.0,42,
C000110,WS0001,INDIVIDUAL,2026-03-30,İstanbul,Marmara,0,PHONE,ORGANIC,Customer_000110,1,,SYNTHETIC,1.3.0,42,
C000111,WS0005,INDIVIDUAL,2024-01-13,Antalya,Akdeniz,0,WHATSAPP,ORGANIC,Customer_000111,1,,SYNTHETIC,1.3.0,42,
C000112,WS0004,INDIVIDUAL,2022-10-09,Bursa,Marmara,0,WHATSAPP,WALK_IN,Customer_000112,1,,SYNTHETIC,1.3.0,42,
C000113,WS0008,INDIVIDUAL,2022-04-24,Gaziantep,Güneydoğu Anadolu,0,WHATSAPP,GOOGLE_MAPS,Customer_000113,1,,SYNTHETIC,1.3.0,42,
C000114,WS0002,INDIVIDUAL,2025-07-04,Ankara,İç Anadolu,0,WHATSAPP,ORGANIC,Customer_000114,1,,SYNTHETIC,1.3.0,42,
C000115,WS0003,INDIVIDUAL,2021-05-26,İzmir,Ege,0,SMS,ORGANIC,Customer_000115,1,,SYNTHETIC,1.3.0,42,
C000116,WS0010,INDIVIDUAL,2022-11-04,Eskişehir,İç Anadolu,0,WHATSAPP,REFERRAL,Customer_000116,0,2024-01-31,SYNTHETIC,1.3.0,42,
C000117,WS0003,COMMERCIAL,2023-03-02,İzmir,Ege,0,PHONE,DIRECT_SALES,Customer_000117,1,,SYNTHETIC,1.3.0,42,
C000118,WS0008,INDIVIDUAL,2022-01-03,Gaziantep,Güneydoğu Anadolu,0,PHONE,REFERRAL,Customer_000118,1,,SYNTHETIC,1.3.0,42,
C000119,WS0002,INDIVIDUAL,2021-07-25,Ankara,İç Anadolu,0,WHATSAPP,ORGANIC,Customer_000119,1,,SYNTHETIC,1.3.0,42,
C000120,WS0005,INDIVIDUAL,2022-11-10,Antalya,Akdeniz,0,SMS,ORGANIC,Customer_000120,1,,SYNTHETIC,1.3.0,42,
C000121,WS0001,FLEET,2024-08-04,İstanbul,Marmara,1,WHATSAPP,DIRECT_SALES,Customer_000121,1,,SYNTHETIC,1.3.0,42,
C000122,WS0008,COMMERCIAL,2025-01-18,Gaziantep,Güneydoğu Anadolu,0,PHONE,DIRECT_SALES,Customer_000122,1,,SYNTHETIC,1.3.0,42,
C000123,WS0001,INDIVIDUAL,2026-02-25,İstanbul,Marmara,0,PHONE,REFERRAL,Customer_000123,1,,SYNTHETIC,1.3.0,42,
C000124,WS0008,INDIVIDUAL,2026-02-16,Gaziantep,Güneydoğu Anadolu,0,PHONE,ORGANIC,Customer_000124,1,,SYNTHETIC,1.3.0,42,
C000125,WS0002,INDIVIDUAL,2024-01-10,Ankara,İç Anadolu,0,WHATSAPP,ORGANIC,Customer_000125,1,,SYNTHETIC,1.3.0,42,
C000126,WS0008,INDIVIDUAL,2022-04-25,Gaziantep,Güneydoğu Anadolu,0,SMS,ORGANIC,Customer_000126,1,,SYNTHETIC,1.3.0,42,
C000127,WS0003,INDIVIDUAL,2025-08-10,İzmir,Ege,0,EMAIL,WALK_IN,Customer_000127,1,,SYNTHETIC,1.3.0,42,
C000128,WS0001,INDIVIDUAL,2022-10-05,İstanbul,Marmara,0,PHONE,WALK_IN,Customer_000128,1,,SYNTHETIC,1.3.0,42,
C000129,WS0009,INDIVIDUAL,2022-04-20,Samsun,Karadeniz,0,PHONE,GOOGLE_MAPS,Customer_000129,1,,SYNTHETIC,1.3.0,42,
C000130,WS0001,INDIVIDUAL,2024-07-19,İstanbul,Marmara,0,SMS,SOCIAL_MEDIA,Customer_000130,1,,SYNTHETIC,1.3.0,42,
C000131,WS0001,COMMERCIAL,2023-11-16,İstanbul,Marmara,0,PHONE,REFERRAL,Customer_000131,1,,SYNTHETIC,1.3.0,42,
C000132,WS0004,INDIVIDUAL,2024-02-14,Bursa,Marmara,0,EMAIL,SOCIAL_MEDIA,Customer_000132,1,,SYNTHETIC,1.3.0,42,
C000133,WS0003,INDIVIDUAL,2022-10-15,İzmir,Ege,0,PHONE,ORGANIC,Customer_000133,1,,SYNTHETIC,1.3.0,42,
C000134,WS0010,INDIVIDUAL,2025-10-29,Eskişehir,İç Anadolu,0,WHATSAPP,GOOGLE_MAPS,Customer_000134,0,2026-04-23,SYNTHETIC,1.3.0,42,
C000135,WS0007,COMMERCIAL,2021-01-10,Adana,Akdeniz,0,EMAIL,REFERRAL,Customer_000135,1,,SYNTHETIC,1.3.0,42,
C000136,WS0010,COMMERCIAL,2022-01-04,Eskişehir,İç Anadolu,0,PHONE,REFERRAL,Customer_000136,1,,SYNTHETIC,1.3.0,42,
C000137,WS0008,COMMERCIAL,2022-03-20,Gaziantep,Güneydoğu Anadolu,0,WHATSAPP,FLEET_PARTNERSHIP,Customer_000137,1,,SYNTHETIC,1.3.0,42,
C000138,WS0001,COMMERCIAL,2021-08-20,İstanbul,Marmara,0,PHONE,ORGANIC,Customer_000138,1,,SYNTHETIC,1.3.0,42,
C000139,WS0005,COMMERCIAL,2026-04-12,Antalya,Akdeniz,0,WHATSAPP,FLEET_PARTNERSHIP,Customer_000139,1,,SYNTHETIC,1.3.0,42,
C000140,WS0002,COMMERCIAL,2022-01-25,Ankara,İç Anadolu,0,PHONE,ORGANIC,Customer_000140,1,,SYNTHETIC,1.3.0,42,
C000141,WS0005,INDIVIDUAL,2022-03-06,Antalya,Akdeniz,0,PHONE,GOOGLE_MAPS,Customer_000141,1,,SYNTHETIC,1.3.0,42,
C000142,WS0007,INDIVIDUAL,2026-01-19,Adana,Akdeniz,0,SMS,SOCIAL_MEDIA,Customer_000142,1,,SYNTHETIC,1.3.0,42,
C000143,WS0008,COMMERCIAL,2025-03-22,Gaziantep,Güneydoğu Anadolu,0,WHATSAPP,DIRECT_SALES,Customer_000143,1,,SYNTHETIC,1.3.0,42,
C000144,WS0004,INDIVIDUAL,2025-01-03,Bursa,Marmara,0,PHONE,REFERRAL,Customer_000144,1,,SYNTHETIC,1.3.0,42,
C000145,WS0010,INDIVIDUAL,2023-01-20,Eskişehir,İç Anadolu,0,PHONE,ORGANIC,Customer_000145,1,,SYNTHETIC,1.3.0,42,
C000146,WS0010,INDIVIDUAL,2021-05-24,Eskişehir,İç Anadolu,0,SMS,ORGANIC,Customer_000146,1,,SYNTHETIC,1.3.0,42,
C000147,WS0001,INDIVIDUAL,2026-07-22,İstanbul,Marmara,0,SMS,REFERRAL,Customer_000147,0,2026-08-25,SYNTHETIC,1.3.0,42,
C000148,WS0004,INDIVIDUAL,2023-08-27,Bursa,Marmara,0,SMS,WALK_IN,Customer_000148,1,,SYNTHETIC,1.3.0,42,
C000149,WS0010,INDIVIDUAL,2022-08-16,Eskişehir,İç Anadolu,0,SMS,WALK_IN,Customer_000149,1,,SYNTHETIC,1.3.0,42,
C000150,WS0001,INDIVIDUAL,2025-04-24,İstanbul,Marmara,0,PHONE,ORGANIC,Customer_000150,1,,SYNTHETIC,1.3.0,42,
C000151,WS0003,INDIVIDUAL,2023-09-07,İzmir,Ege,0,EMAIL,WALK_IN,Customer_000151,1,,SYNTHETIC,1.3.0,42,
C000152,WS0004,INDIVIDUAL,2022-06-21,Bursa,Marmara,0,WHATSAPP,ORGANIC,Customer_000152,0,2024-05-31,SYNTHETIC,1.3.0,42,
C000153,WS0003,COMMERCIAL,2024-06-06,İzmir,Ege,0,PHONE,REFERRAL,Customer_000153,1,,SYNTHETIC,1.3.0,42,
C000154,WS0009,INDIVIDUAL,2024-07-15,Samsun,Karadeniz,0,WHATSAPP,SOCIAL_MEDIA,Customer_000154,1,,SYNTHETIC,1.3.0,42,
C000155,WS0009,INDIVIDUAL,2023-07-06,Samsun,Karadeniz,0,WHATSAPP,SOCIAL_MEDIA,Customer_000155,1,,SYNTHETIC,1.3.0,42,
C000156,WS0005,INDIVIDUAL,2021-11-09,Antalya,Akdeniz,0,PHONE,WALK_IN,Customer_000156,0,2023-04-04,SYNTHETIC,1.3.0,42,
C000157,WS0010,INDIVIDUAL,2023-01-10,Eskişehir,İç Anadolu,0,PHONE,GOOGLE_MAPS,Customer_000157,1,,SYNTHETIC,1.3.0,42,
C000158,WS0004,INDIVIDUAL,2024-03-11,Bursa,Marmara,0,WHATSAPP,ORGANIC,Customer_000158,1,,SYNTHETIC,1.3.0,42,
C000159,WS0009,INDIVIDUAL,2026-01-17,Samsun,Karadeniz,0,WHATSAPP,REFERRAL,Customer_000159,1,,SYNTHETIC,1.3.0,42,
C000160,WS0010,INDIVIDUAL,2024-11-19,Eskişehir,İç Anadolu,0,SMS,WALK_IN,Customer_000160,1,,SYNTHETIC,1.3.0,42,
C000161,WS0010,FLEET,2025-08-24,Eskişehir,İç Anadolu,1,EMAIL,DIRECT_SALES,Customer_000161,1,,SYNTHETIC,1.3.0,42,
C000162,WS0002,INDIVIDUAL,2021-12-22,Ankara,İç Anadolu,0,WHATSAPP,GOOGLE_MAPS,Customer_000162,1,,SYNTHETIC,1.3.0,42,
C000163,WS0006,INDIVIDUAL,2021-04-25,Konya,İç Anadolu,0,WHATSAPP,ORGANIC,Customer_000163,1,,SYNTHETIC,1.3.0,42,
C000164,WS0001,INDIVIDUAL,2022-10-22,İstanbul,Marmara,0,WHATSAPP,WALK_IN,Customer_000164,1,,SYNTHETIC,1.3.0,42,
C000165,WS0009,INDIVIDUAL,2026-01-16,Samsun,Karadeniz,0,PHONE,GOOGLE_MAPS,Customer_000165,1,,SYNTHETIC,1.3.0,42,
C000166,WS0004,INDIVIDUAL,2023-10-11,Bursa,Marmara,0,WHATSAPP,ORGANIC,Customer_000166,1,,SYNTHETIC,1.3.0,42,
C000167,WS0006,INDIVIDUAL,2022-05-15,Konya,İç Anadolu,0,WHATSAPP,REFERRAL,Customer_000167,1,,SYNTHETIC,1.3.0,42,
C000168,WS0003,COMMERCIAL,2024-01-28,İzmir,Ege,0,WHATSAPP,REFERRAL,Customer_000168,1,,SYNTHETIC,1.3.0,42,
C000169,WS0010,INDIVIDUAL,2022-07-08,Eskişehir,İç Anadolu,0,PHONE,WALK_IN,Customer_000169,0,2025-03-25,SYNTHETIC,1.3.0,42,
C000170,WS0008,INDIVIDUAL,2023-02-22,Gaziantep,Güneydoğu Anadolu,0,WHATSAPP,REFERRAL,Customer_000170,1,,SYNTHETIC,1.3.0,42,
C000171,WS0002,INDIVIDUAL,2025-10-04,Ankara,İç Anadolu,0,EMAIL,SOCIAL_MEDIA,Customer_000171,0,2026-06-09,SYNTHETIC,1.3.0,42,
C000172,WS0002,INDIVIDUAL,2022-01-29,Ankara,İç Anadolu,0,WHATSAPP,WALK_IN,Customer_000172,1,,SYNTHETIC,1.3.0,42,
C000173,WS0010,INDIVIDUAL,2026-03-12,Eskişehir,İç Anadolu,0,PHONE,GOOGLE_MAPS,Customer_000173,1,,SYNTHETIC,1.3.0,42,
C000174,WS0008,INDIVIDUAL,2022-01-28,Gaziantep,Güneydoğu Anadolu,0,WHATSAPP,GOOGLE_MAPS,Customer_000174,1,,SYNTHETIC,1.3.0,42,
C000175,WS0009,COMMERCIAL,2025-06-20,Samsun,Karadeniz,0,PHONE,DIRECT_SALES,Customer_000175,1,,SYNTHETIC,1.3.0,42,
C000176,WS0008,INDIVIDUAL,2024-12-28,Gaziantep,Güneydoğu Anadolu,0,WHATSAPP,WALK_IN,Customer_000176,1,,SYNTHETIC,1.3.0,42,
C000177,WS0009,INDIVIDUAL,2024-04-04,Samsun,Karadeniz,0,WHATSAPP,REFERRAL,Customer_000177,1,,SYNTHETIC,1.3.0,42,
C000178,WS0007,INDIVIDUAL,2022-06-14,Adana,Akdeniz,0,EMAIL,WALK_IN,Customer_000178,0,2025-08-04,SYNTHETIC,1.3.0,42,
C000179,WS0009,INDIVIDUAL,2024-04-07,Samsun,Karadeniz,0,WHATSAPP,GOOGLE_MAPS,Customer_000179,1,,SYNTHETIC,1.3.0,42,
C000180,WS0001,INDIVIDUAL,2023-12-17,İstanbul,Marmara,0,SMS,ORGANIC,Customer_000180,1,,SYNTHETIC,1.3.0,42,
C000181,WS0010,INDIVIDUAL,2021-07-23,Eskişehir,İç Anadolu,0,PHONE,ORGANIC,Customer_000181,1,,SYNTHETIC,1.3.0,42,
C000182,WS0003,INDIVIDUAL,2021-05-17,İzmir,Ege,0,PHONE,SOCIAL_MEDIA,Customer_000182,1,,SYNTHETIC,1.3.0,42,
C000183,WS0005,INDIVIDUAL,2022-04-08,Antalya,Akdeniz,0,WHATSAPP,REFERRAL,Customer_000183,1,,SYNTHETIC,1.3.0,42,
C000184,WS0007,INDIVIDUAL,2025-01-04,Adana,Akdeniz,0,WHATSAPP,REFERRAL,Customer_000184,1,,SYNTHETIC,1.3.0,42,
C000185,WS0004,COMMERCIAL,2021-09-02,Bursa,Marmara,0,WHATSAPP,DIRECT_SALES,Customer_000185,1,,SYNTHETIC,1.3.0,42,
C000186,WS0009,INDIVIDUAL,2021-02-22,Samsun,Karadeniz,0,PHONE,GOOGLE_MAPS,Customer_000186,1,,SYNTHETIC,1.3.0,42,
C000187,WS0003,INDIVIDUAL,2024-03-04,İzmir,Ege,0,WHATSAPP,WALK_IN,Customer_000187,1,,SYNTHETIC,1.3.0,42,
C000188,WS0002,INDIVIDUAL,2022-01-19,Ankara,İç Anadolu,0,PHONE,REFERRAL,Customer_000188,1,,SYNTHETIC,1.3.0,42,
C000189,WS0003,INDIVIDUAL,2025-07-18,İzmir,Ege,0,WHATSAPP,SOCIAL_MEDIA,Customer_000189,1,,SYNTHETIC,1.3.0,42,
C000190,WS0005,INDIVIDUAL,2023-09-11,Antalya,Akdeniz,0,WHATSAPP,REFERRAL,Customer_000190,1,,SYNTHETIC,1.3.0,42,
C000191,WS0002,INDIVIDUAL,2021-10-21,Ankara,İç Anadolu,0,PHONE,GOOGLE_MAPS,Customer_000191,0,2024-03-15,SYNTHETIC,1.3.0,42,
C000192,WS0008,INDIVIDUAL,2025-11-08,Gaziantep,Güneydoğu Anadolu,0,PHONE,REFERRAL,Customer_000192,1,,SYNTHETIC,1.3.0,42,
C000193,WS0006,INDIVIDUAL,2021-05-12,Konya,İç Anadolu,0,WHATSAPP,SOCIAL_MEDIA,Customer_000193,1,,SYNTHETIC,1.3.0,42,
C000194,WS0008,INDIVIDUAL,2024-06-06,Gaziantep,Güneydoğu Anadolu,0,SMS,REFERRAL,Customer_000194,0,2025-04-20,SYNTHETIC,1.3.0,42,
C000195,WS0008,INDIVIDUAL,2025-05-04,Gaziantep,Güneydoğu Anadolu,0,SMS,ORGANIC,Customer_000195,1,,SYNTHETIC,1.3.0,42,
C000196,WS0004,INDIVIDUAL,2025-04-10,Bursa,Marmara,0,PHONE,REFERRAL,Customer_000196,1,,SYNTHETIC,1.3.0,42,
C000197,WS0006,INDIVIDUAL,2026-01-23,Konya,İç Anadolu,0,WHATSAPP,GOOGLE_MAPS,Customer_000197,1,,SYNTHETIC,1.3.0,42,
C000198,WS0003,INDIVIDUAL,2024-11-23,İzmir,Ege,0,SMS,REFERRAL,Customer_000198,1,,SYNTHETIC,1.3.0,42,
C000199,WS0004,INDIVIDUAL,2023-04-02,Bursa,Marmara,0,EMAIL,REFERRAL,Customer_000199,1,,SYNTHETIC,1.3.0,42,
C000200,WS0010,INDIVIDUAL,2024-11-03,Eskişehir,İç Anadolu,0,WHATSAPP,GOOGLE_MAPS,Customer_000200,1,,SYNTHETIC,1.3.0,42,
C000201,WS0001,INDIVIDUAL,2023-09-21,İstanbul,Marmara,0,WHATSAPP,GOOGLE_MAPS,Customer_000201,1,,SYNTHETIC,1.3.0,42,
C000202,WS0002,INDIVIDUAL,2023-11-12,Ankara,İç Anadolu,0,WHATSAPP,REFERRAL,Customer_000202,1,,SYNTHETIC,1.3.0,42,
C000203,WS0008,FLEET,2026-02-11,Gaziantep,Güneydoğu Anadolu,1,EMAIL,DIRECT_SALES,Customer_000203,1,,SYNTHETIC,1.3.0,42,
C000204,WS0006,INDIVIDUAL,2021-03-30,Konya,İç Anadolu,0,WHATSAPP,ORGANIC,Customer_000204,1,,SYNTHETIC,1.3.0,42,
C000205,WS0005,INDIVIDUAL,2021-01-22,Antalya,Akdeniz,0,WHATSAPP,REFERRAL,Customer_000205,1,,SYNTHETIC,1.3.0,42,
C000206,WS0004,INDIVIDUAL,2021-11-07,Bursa,Marmara,0,SMS,GOOGLE_MAPS,Customer_000206,1,,SYNTHETIC,1.3.0,42,
C000207,WS0007,INDIVIDUAL,2025-06-08,Adana,Akdeniz,0,PHONE,REFERRAL,Customer_000207,1,,SYNTHETIC,1.3.0,42,
C000208,WS0005,INDIVIDUAL,2024-03-27,Antalya,Akdeniz,0,WHATSAPP,SOCIAL_MEDIA,Customer_000208,1,,SYNTHETIC,1.3.0,42,
C000209,WS0009,INDIVIDUAL,2021-10-25,Samsun,Karadeniz,0,SMS,ORGANIC,Customer_000209,1,,SYNTHETIC,1.3.0,42,
C000210,WS0004,INDIVIDUAL,2022-11-17,Bursa,Marmara,0,WHATSAPP,REFERRAL,Customer_000210,1,,SYNTHETIC,1.3.0,42,
C000211,WS0010,INDIVIDUAL,2024-04-24,Eskişehir,İç Anadolu,0,WHATSAPP,SOCIAL_MEDIA,Customer_000211,1,,SYNTHETIC,1.3.0,42,
C000212,WS0004,INDIVIDUAL,2025-10-24,Bursa,Marmara,0,EMAIL,REFERRAL,Customer_000212,1,,SYNTHETIC,1.3.0,42,
C000213,WS0006,COMMERCIAL,2023-08-19,Konya,İç Anadolu,0,WHATSAPP,REFERRAL,Customer_000213,1,,SYNTHETIC,1.3.0,42,
C000214,WS0009,INDIVIDUAL,2024-11-18,Samsun,Karadeniz,0,PHONE,ORGANIC,Customer_000214,1,,SYNTHETIC,1.3.0,42,
C000215,WS0005,COMMERCIAL,2023-02-11,Antalya,Akdeniz,0,WHATSAPP,FLEET_PARTNERSHIP,Customer_000215,1,,SYNTHETIC,1.3.0,42,
C000216,WS0004,INDIVIDUAL,2023-04-09,Bursa,Marmara,0,PHONE,REFERRAL,Customer_000216,1,,SYNTHETIC,1.3.0,42,
C000217,WS0008,INDIVIDUAL,2021-10-12,Gaziantep,Güneydoğu Anadolu,0,PHONE,REFERRAL,Customer_000217,1,,SYNTHETIC,1.3.0,42,
C000218,WS0003,INDIVIDUAL,2025-05-03,İzmir,Ege,0,WHATSAPP,WALK_IN,Customer_000218,1,,SYNTHETIC,1.3.0,42,
C000219,WS0001,INDIVIDUAL,2022-02-03,İstanbul,Marmara,0,EMAIL,REFERRAL,Customer_000219,1,,SYNTHETIC,1.3.0,42,
C000220,WS0004,INDIVIDUAL,2025-03-17,Bursa,Marmara,0,PHONE,ORGANIC,Customer_000220,1,,SYNTHETIC,1.3.0,42,
C000221,WS0007,INDIVIDUAL,2021-08-21,Adana,Akdeniz,0,SMS,ORGANIC,Customer_000221,1,,SYNTHETIC,1.3.0,42,
C000222,WS0005,INDIVIDUAL,2021-06-26,Antalya,Akdeniz,0,SMS,REFERRAL,Customer_000222,1,,SYNTHETIC,1.3.0,42,
C000223,WS0003,INDIVIDUAL,2023-04-13,İzmir,Ege,0,SMS,ORGANIC,Customer_000223,0,2026-02-12,SYNTHETIC,1.3.0,42,
C000224,WS0007,INDIVIDUAL,2021-04-11,Adana,Akdeniz,0,WHATSAPP,REFERRAL,Customer_000224,1,,SYNTHETIC,1.3.0,42,
C000225,WS0009,INDIVIDUAL,2021-07-14,Samsun,Karadeniz,0,WHATSAPP,WALK_IN,Customer_000225,1,,SYNTHETIC,1.3.0,42,
C000226,WS0009,INDIVIDUAL,2024-05-02,Samsun,Karadeniz,0,PHONE,SOCIAL_MEDIA,Customer_000226,1,,SYNTHETIC,1.3.0,42,
C000227,WS0005,INDIVIDUAL,2026-07-18,Antalya,Akdeniz,0,SMS,WALK_IN,Customer_000227,1,,SYNTHETIC,1.3.0,42,
C000228,WS0007,INDIVIDUAL,2025-10-06,Adana,Akdeniz,0,PHONE,SOCIAL_MEDIA,Customer_000228,1,,SYNTHETIC,1.3.0,42,
C000229,WS0004,INDIVIDUAL,2024-11-19,Bursa,Marmara,0,WHATSAPP,REFERRAL,Customer_000229,1,,SYNTHETIC,1.3.0,42,
C000230,WS0005,COMMERCIAL,2023-09-30,Antalya,Akdeniz,0,WHATSAPP,FLEET_PARTNERSHIP,Customer_000230,1,,SYNTHETIC,1.3.0,42,
C000231,WS0006,INDIVIDUAL,2022-12-02,Konya,İç Anadolu,0,WHATSAPP,ORGANIC,Customer_000231,1,,SYNTHETIC,1.3.0,42,
C000232,WS0008,INDIVIDUAL,2021-02-13,Gaziantep,Güneydoğu Anadolu,0,WHATSAPP,ORGANIC,Customer_000232,1,,SYNTHETIC,1.3.0,42,
C000233,WS0001,INDIVIDUAL,2022-04-08,İstanbul,Marmara,0,SMS,WALK_IN,Customer_000233,1,,SYNTHETIC,1.3.0,42,
C000234,WS0007,INDIVIDUAL,2022-11-13,Adana,Akdeniz,0,WHATSAPP,REFERRAL,Customer_000234,0,2024-08-19,SYNTHETIC,1.3.0,42,
C000235,WS0010,INDIVIDUAL,2023-10-14,Eskişehir,İç Anadolu,0,WHATSAPP,REFERRAL,Customer_000235,1,,SYNTHETIC,1.3.0,42,
C000236,WS0008,INDIVIDUAL,2023-07-25,Gaziantep,Güneydoğu Anadolu,0,PHONE,GOOGLE_MAPS,Customer_000236,1,,SYNTHETIC,1.3.0,42,
C000237,WS0009,INDIVIDUAL,2022-02-25,Samsun,Karadeniz,0,WHATSAPP,GOOGLE_MAPS,Customer_000237,0,2022-07-16,SYNTHETIC,1.3.0,42,
C000238,WS0010,INDIVIDUAL,2024-12-28,Eskişehir,İç Anadolu,0,WHATSAPP,WALK_IN,Customer_000238,1,,SYNTHETIC,1.3.0,42,
C000239,WS0007,COMMERCIAL,2022-06-20,Adana,Akdeniz,0,PHONE,ORGANIC,Customer_000239,1,,SYNTHETIC,1.3.0,42,
C000240,WS0004,INDIVIDUAL,2022-03-22,Bursa,Marmara,0,SMS,GOOGLE_MAPS,Customer_000240,1,,SYNTHETIC,1.3.0,42,
C000241,WS0007,INDIVIDUAL,2021-08-23,Adana,Akdeniz,0,EMAIL,GOOGLE_MAPS,Customer_000241,1,,SYNTHETIC,1.3.0,42,
C000242,WS0005,INDIVIDUAL,2021-08-09,Antalya,Akdeniz,0,WHATSAPP,WALK_IN,Customer_000242,1,,SYNTHETIC,1.3.0,42,
C000243,WS0010,INDIVIDUAL,2021-08-14,Eskişehir,İç Anadolu,0,SMS,SOCIAL_MEDIA,Customer_000243,1,,SYNTHETIC,1.3.0,42,
C000244,WS0003,INDIVIDUAL,2022-11-23,İzmir,Ege,0,WHATSAPP,ORGANIC,Customer_000244,1,,SYNTHETIC,1.3.0,42,
C000245,WS0009,INDIVIDUAL,2025-05-25,Samsun,Karadeniz,0,WHATSAPP,REFERRAL,Customer_000245,1,,SYNTHETIC,1.3.0,42,
C000246,WS0006,INDIVIDUAL,2023-10-21,Konya,İç Anadolu,0,PHONE,REFERRAL,Customer_000246,1,,SYNTHETIC,1.3.0,42,
C000247,WS0006,INDIVIDUAL,2021-05-30,Konya,İç Anadolu,0,EMAIL,WALK_IN,Customer_000247,1,,SYNTHETIC,1.3.0,42,
C000248,WS0002,INDIVIDUAL,2026-02-05,Ankara,İç Anadolu,0,WHATSAPP,REFERRAL,Customer_000248,1,,SYNTHETIC,1.3.0,42,
C000249,WS0007,INDIVIDUAL,2024-10-07,Adana,Akdeniz,0,WHATSAPP,SOCIAL_MEDIA,Customer_000249,1,,SYNTHETIC,1.3.0,42,
C000250,WS0010,INDIVIDUAL,2024-01-08,Eskişehir,İç Anadolu,0,SMS,ORGANIC,Customer_000250,1,,SYNTHETIC,1.3.0,42,
C000251,WS0004,INDIVIDUAL,2021-05-09,Bursa,Marmara,0,WHATSAPP,REFERRAL,Customer_000251,1,,SYNTHETIC,1.3.0,42,
C000252,WS0001,INDIVIDUAL,2022-05-18,İstanbul,Marmara,0,SMS,REFERRAL,Customer_000252,1,,SYNTHETIC,1.3.0,42,
C000253,WS0009,INDIVIDUAL,2021-10-04,Samsun,Karadeniz,0,PHONE,ORGANIC,Customer_000253,1,,SYNTHETIC,1.3.0,42,
C000254,WS0001,INDIVIDUAL,2023-12-28,İstanbul,Marmara,0,PHONE,GOOGLE_MAPS,Customer_000254,1,,SYNTHETIC,1.3.0,42,
C000255,WS0007,INDIVIDUAL,2024-06-08,Adana,Akdeniz,0,WHATSAPP,WALK_IN,Customer_000255,1,,SYNTHETIC,1.3.0,42,
C000256,WS0003,INDIVIDUAL,2026-02-05,İzmir,Ege,0,PHONE,WALK_IN,Customer_000256,1,,SYNTHETIC,1.3.0,42,
C000257,WS0004,INDIVIDUAL,2026-05-15,Bursa,Marmara,0,SMS,ORGANIC,Customer_000257,1,,SYNTHETIC,1.3.0,42,
C000258,WS0003,INDIVIDUAL,2024-06-07,İzmir,Ege,0,WHATSAPP,REFERRAL,Customer_000258,1,,SYNTHETIC,1.3.0,42,
C000259,WS0006,INDIVIDUAL,2022-09-16,Konya,İç Anadolu,0,WHATSAPP,REFERRAL,Customer_000259,1,,SYNTHETIC,1.3.0,42,
C000260,WS0002,INDIVIDUAL,2023-07-02,Ankara,İç Anadolu,0,WHATSAPP,WALK_IN,Customer_000260,1,,SYNTHETIC,1.3.0,42,
C000261,WS0007,COMMERCIAL,2022-04-25,Adana,Akdeniz,0,EMAIL,FLEET_PARTNERSHIP,Customer_000261,1,,SYNTHETIC,1.3.0,42,
C000262,WS0003,INDIVIDUAL,2025-06-16,İzmir,Ege,0,WHATSAPP,GOOGLE_MAPS,Customer_000262,1,,SYNTHETIC,1.3.0,42,
C000263,WS0005,INDIVIDUAL,2021-03-06,Antalya,Akdeniz,0,PHONE,SOCIAL_MEDIA,Customer_000263,1,,SYNTHETIC,1.3.0,42,
C000264,WS0008,INDIVIDUAL,2024-12-25,Gaziantep,Güneydoğu Anadolu,0,WHATSAPP,ORGANIC,Customer_000264,0,2026-05-13,SYNTHETIC,1.3.0,42,
C000265,WS0007,FLEET,2022-09-18,Adana,Akdeniz,1,PHONE,DIRECT_SALES,Customer_000265,1,,SYNTHETIC,1.3.0,42,
C000266,WS0006,INDIVIDUAL,2025-02-06,Konya,İç Anadolu,0,WHATSAPP,ORGANIC,Customer_000266,1,,SYNTHETIC,1.3.0,42,
C000267,WS0010,INDIVIDUAL,2023-05-09,Eskişehir,İç Anadolu,0,WHATSAPP,REFERRAL,Customer_000267,1,,SYNTHETIC,1.3.0,42,
C000268,WS0009,INDIVIDUAL,2023-08-06,Samsun,Karadeniz,0,WHATSAPP,ORGANIC,Customer_000268,1,,SYNTHETIC,1.3.0,42,
C000269,WS0009,INDIVIDUAL,2023-08-01,Samsun,Karadeniz,0,WHATSAPP,ORGANIC,Customer_000269,1,,SYNTHETIC,1.3.0,42,
C000270,WS0005,COMMERCIAL,2021-08-13,Antalya,Akdeniz,0,PHONE,FLEET_PARTNERSHIP,Customer_000270,0,2025-04-10,SYNTHETIC,1.3.0,42,
C000271,WS0004,INDIVIDUAL,2021-06-24,Bursa,Marmara,0,WHATSAPP,GOOGLE_MAPS,Customer_000271,1,,SYNTHETIC,1.3.0,42,
C000272,WS0008,COMMERCIAL,2023-05-28,Gaziantep,Güneydoğu Anadolu,0,PHONE,ORGANIC,Customer_000272,1,,SYNTHETIC,1.3.0,42,
C000273,WS0002,INDIVIDUAL,2026-07-17,Ankara,İç Anadolu,0,WHATSAPP,SOCIAL_MEDIA,Customer_000273,0,2026-08-25,SYNTHETIC,1.3.0,42,
C000274,WS0002,INDIVIDUAL,2022-03-03,Ankara,İç Anadolu,0,SMS,ORGANIC,Customer_000274,0,2024-05-28,SYNTHETIC,1.3.0,42,
C000275,WS0003,INDIVIDUAL,2023-04-03,İzmir,Ege,0,SMS,WALK_IN,Customer_000275,1,,SYNTHETIC,1.3.0,42,
C000276,WS0008,INDIVIDUAL,2026-01-10,Gaziantep,Güneydoğu Anadolu,0,PHONE,SOCIAL_MEDIA,Customer_000276,1,,SYNTHETIC,1.3.0,42,
C000277,WS0003,COMMERCIAL,2022-06-22,İzmir,Ege,0,EMAIL,FLEET_PARTNERSHIP,Customer_000277,1,,SYNTHETIC,1.3.0,42,
C000278,WS0006,COMMERCIAL,2023-07-13,Konya,İç Anadolu,0,EMAIL,DIRECT_SALES,Customer_000278,1,,SYNTHETIC,1.3.0,42,
C000279,WS0008,INDIVIDUAL,2021-09-03,Gaziantep,Güneydoğu Anadolu,0,SMS,ORGANIC,Customer_000279,0,2026-03-28,SYNTHETIC,1.3.0,42,
C000280,WS0007,INDIVIDUAL,2025-10-21,Adana,Akdeniz,0,SMS,GOOGLE_MAPS,Customer_000280,0,2026-04-01,SYNTHETIC,1.3.0,42,
C000281,WS0006,INDIVIDUAL,2023-12-24,Konya,İç Anadolu,0,PHONE,REFERRAL,Customer_000281,1,,SYNTHETIC,1.3.0,42,
C000282,WS0009,INDIVIDUAL,2022-12-19,Samsun,Karadeniz,0,WHATSAPP,WALK_IN,Customer_000282,1,,SYNTHETIC,1.3.0,42,
C000283,WS0003,INDIVIDUAL,2023-12-06,İzmir,Ege,0,EMAIL,ORGANIC,Customer_000283,1,,SYNTHETIC,1.3.0,42,
C000284,WS0001,INDIVIDUAL,2023-07-30,İstanbul,Marmara,0,EMAIL,ORGANIC,Customer_000284,1,,SYNTHETIC,1.3.0,42,
C000285,WS0005,INDIVIDUAL,2026-02-09,Antalya,Akdeniz,0,SMS,REFERRAL,Customer_000285,1,,SYNTHETIC,1.3.0,42,
C000286,WS0004,COMMERCIAL,2024-10-19,Bursa,Marmara,0,EMAIL,ORGANIC,Customer_000286,1,,SYNTHETIC,1.3.0,42,
C000287,WS0007,INDIVIDUAL,2021-09-24,Adana,Akdeniz,0,WHATSAPP,WALK_IN,Customer_000287,1,,SYNTHETIC,1.3.0,42,
C000288,WS0005,COMMERCIAL,2025-01-14,Antalya,Akdeniz,0,PHONE,FLEET_PARTNERSHIP,Customer_000288,1,,SYNTHETIC,1.3.0,42,
C000289,WS0005,COMMERCIAL,2021-10-13,Antalya,Akdeniz,0,WHATSAPP,REFERRAL,Customer_000289,1,,SYNTHETIC,1.3.0,42,
C000290,WS0010,INDIVIDUAL,2022-02-01,Eskişehir,İç Anadolu,0,PHONE,REFERRAL,Customer_000290,0,2025-11-29,SYNTHETIC,1.3.0,42,
C000291,WS0009,COMMERCIAL,2021-12-14,Samsun,Karadeniz,0,EMAIL,DIRECT_SALES,Customer_000291,1,,SYNTHETIC,1.3.0,42,
C000292,WS0003,INDIVIDUAL,2022-09-05,İzmir,Ege,0,PHONE,WALK_IN,Customer_000292,0,2025-01-09,SYNTHETIC,1.3.0,42,
C000293,WS0006,INDIVIDUAL,2025-04-21,Konya,İç Anadolu,0,WHATSAPP,ORGANIC,Customer_000293,1,,SYNTHETIC,1.3.0,42,
C000294,WS0009,INDIVIDUAL,2023-03-24,Samsun,Karadeniz,0,WHATSAPP,WALK_IN,Customer_000294,1,,SYNTHETIC,1.3.0,42,
C000295,WS0002,INDIVIDUAL,2026-04-20,Ankara,İç Anadolu,0,WHATSAPP,SOCIAL_MEDIA,Customer_000295,1,,SYNTHETIC,1.3.0,42,
C000296,WS0002,INDIVIDUAL,2021-08-26,Ankara,İç Anadolu,0,WHATSAPP,ORGANIC,Customer_000296,1,,SYNTHETIC,1.3.0,42,
C000297,WS0002,INDIVIDUAL,2021-01-08,Ankara,İç Anadolu,0,EMAIL,REFERRAL,Customer_000297,1,,SYNTHETIC,1.3.0,42,
C000298,WS0002,INDIVIDUAL,2021-05-26,Ankara,İç Anadolu,0,WHATSAPP,ORGANIC,Customer_000298,1,,SYNTHETIC,1.3.0,42,
C000299,WS0007,INDIVIDUAL,2024-10-28,Adana,Akdeniz,0,EMAIL,REFERRAL,Customer_000299,1,,SYNTHETIC,1.3.0,42,
C000300,WS0009,INDIVIDUAL,2024-11-17,Samsun,Karadeniz,0,SMS,REFERRAL,Customer_000300,1,,SYNTHETIC,1.3.0,42,
C000301,WS0004,INDIVIDUAL,2022-09-17,Bursa,Marmara,0,PHONE,WALK_IN,Customer_000301,1,,SYNTHETIC,1.3.0,42,
C000302,WS0004,INDIVIDUAL,2024-11-06,Bursa,Marmara,0,WHATSAPP,SOCIAL_MEDIA,Customer_000302,1,,SYNTHETIC,1.3.0,42,
C000303,WS0003,INDIVIDUAL,2021-03-01,İzmir,Ege,0,SMS,ORGANIC,Customer_000303,1,,SYNTHETIC,1.3.0,42,
C000304,WS0008,INDIVIDUAL,2025-10-11,Gaziantep,Güneydoğu Anadolu,0,PHONE,ORGANIC,Customer_000304,0,2026-07-24,SYNTHETIC,1.3.0,42,
C000305,WS0008,INDIVIDUAL,2025-06-11,Gaziantep,Güneydoğu Anadolu,0,EMAIL,SOCIAL_MEDIA,Customer_000305,1,,SYNTHETIC,1.3.0,42,
C000306,WS0004,INDIVIDUAL,2021-04-06,Bursa,Marmara,0,PHONE,SOCIAL_MEDIA,Customer_000306,1,,SYNTHETIC,1.3.0,42,
C000307,WS0010,INDIVIDUAL,2024-07-03,Eskişehir,İç Anadolu,0,EMAIL,ORGANIC,Customer_000307,1,,SYNTHETIC,1.3.0,42,
C000308,WS0009,COMMERCIAL,2024-10-22,Samsun,Karadeniz,0,WHATSAPP,FLEET_PARTNERSHIP,Customer_000308,1,,SYNTHETIC,1.3.0,42,
C000309,WS0002,COMMERCIAL,2022-12-14,Ankara,İç Anadolu,0,WHATSAPP,REFERRAL,Customer_000309,1,,SYNTHETIC,1.3.0,42,
C000310,WS0007,INDIVIDUAL,2021-01-12,Adana,Akdeniz,0,PHONE,REFERRAL,Customer_000310,0,2025-08-06,SYNTHETIC,1.3.0,42,
C000311,WS0002,INDIVIDUAL,2024-09-24,Ankara,İç Anadolu,0,WHATSAPP,GOOGLE_MAPS,Customer_000311,1,,SYNTHETIC,1.3.0,42,
C000312,WS0008,INDIVIDUAL,2023-12-03,Gaziantep,Güneydoğu Anadolu,0,WHATSAPP,ORGANIC,Customer_000312,0,2026-01-18,SYNTHETIC,1.3.0,42,
C000313,WS0004,INDIVIDUAL,2026-05-12,Bursa,Marmara,0,WHATSAPP,ORGANIC,Customer_000313,1,,SYNTHETIC,1.3.0,42,
C000314,WS0003,COMMERCIAL,2022-04-12,İzmir,Ege,0,EMAIL,REFERRAL,Customer_000314,1,,SYNTHETIC,1.3.0,42,
C000315,WS0001,INDIVIDUAL,2021-04-30,İstanbul,Marmara,0,WHATSAPP,ORGANIC,Customer_000315,1,,SYNTHETIC,1.3.0,42,
C000316,WS0003,INDIVIDUAL,2026-03-31,İzmir,Ege,0,PHONE,WALK_IN,Customer_000316,1,,SYNTHETIC,1.3.0,42,
C000317,WS0010,INDIVIDUAL,2021-12-12,Eskişehir,İç Anadolu,0,WHATSAPP,SOCIAL_MEDIA,Customer_000317,1,,SYNTHETIC,1.3.0,42,
C000318,WS0007,INDIVIDUAL,2023-01-19,Adana,Akdeniz,0,EMAIL,ORGANIC,Customer_000318,1,,SYNTHETIC,1.3.0,42,
C000319,WS0001,INDIVIDUAL,2024-03-31,İstanbul,Marmara,0,WHATSAPP,GOOGLE_MAPS,Customer_000319,1,,SYNTHETIC,1.3.0,42,
C000320,WS0006,INDIVIDUAL,2022-02-20,Konya,İç Anadolu,0,PHONE,GOOGLE_MAPS,Customer_000320,1,,SYNTHETIC,1.3.0,42,
C000321,WS0004,INDIVIDUAL,2025-10-16,Bursa,Marmara,0,WHATSAPP,SOCIAL_MEDIA,Customer_000321,1,,SYNTHETIC,1.3.0,42,
C000322,WS0001,COMMERCIAL,2024-09-01,İstanbul,Marmara,0,WHATSAPP,REFERRAL,Customer_000322,1,,SYNTHETIC,1.3.0,42,
C000323,WS0007,INDIVIDUAL,2024-02-03,Adana,Akdeniz,0,SMS,WALK_IN,Customer_000323,1,,SYNTHETIC,1.3.0,42,
C000324,WS0007,COMMERCIAL,2024-01-29,Adana,Akdeniz,0,WHATSAPP,REFERRAL,Customer_000324,1,,SYNTHETIC,1.3.0,42,
C000325,WS0007,INDIVIDUAL,2021-10-02,Adana,Akdeniz,0,PHONE,SOCIAL_MEDIA,Customer_000325,1,,SYNTHETIC,1.3.0,42,
C000326,WS0001,INDIVIDUAL,2023-10-09,İstanbul,Marmara,0,WHATSAPP,WALK_IN,Customer_000326,1,,SYNTHETIC,1.3.0,42,
C000327,WS0003,INDIVIDUAL,2022-01-07,İzmir,Ege,0,PHONE,GOOGLE_MAPS,Customer_000327,1,,SYNTHETIC,1.3.0,42,
C000328,WS0006,COMMERCIAL,2024-11-13,Konya,İç Anadolu,0,EMAIL,REFERRAL,Customer_000328,1,,SYNTHETIC,1.3.0,42,
C000329,WS0008,INDIVIDUAL,2022-01-25,Gaziantep,Güneydoğu Anadolu,0,WHATSAPP,REFERRAL,Customer_000329,1,,SYNTHETIC,1.3.0,42,
C000330,WS0008,INDIVIDUAL,2024-07-01,Gaziantep,Güneydoğu Anadolu,0,WHATSAPP,WALK_IN,Customer_000330,1,,SYNTHETIC,1.3.0,42,
C000331,WS0010,INDIVIDUAL,2021-05-04,Eskişehir,İç Anadolu,0,WHATSAPP,WALK_IN,Customer_000331,1,,SYNTHETIC,1.3.0,42,
C000332,WS0005,INDIVIDUAL,2021-11-30,Antalya,Akdeniz,0,WHATSAPP,WALK_IN,Customer_000332,1,,SYNTHETIC,1.3.0,42,
C000333,WS0005,INDIVIDUAL,2024-04-13,Antalya,Akdeniz,0,PHONE,REFERRAL,Customer_000333,1,,SYNTHETIC,1.3.0,42,
C000334,WS0007,INDIVIDUAL,2022-10-19,Adana,Akdeniz,0,PHONE,WALK_IN,Customer_000334,0,2025-06-06,SYNTHETIC,1.3.0,42,
C000335,WS0007,INDIVIDUAL,2023-04-11,Adana,Akdeniz,0,WHATSAPP,REFERRAL,Customer_000335,1,,SYNTHETIC,1.3.0,42,
C000336,WS0004,INDIVIDUAL,2025-04-18,Bursa,Marmara,0,WHATSAPP,WALK_IN,Customer_000336,1,,SYNTHETIC,1.3.0,42,
C000337,WS0004,INDIVIDUAL,2023-08-25,Bursa,Marmara,0,WHATSAPP,WALK_IN,Customer_000337,0,2026-07-18,SYNTHETIC,1.3.0,42,
C000338,WS0007,INDIVIDUAL,2022-08-08,Adana,Akdeniz,0,WHATSAPP,SOCIAL_MEDIA,Customer_000338,1,,SYNTHETIC,1.3.0,42,
C000339,WS0001,INDIVIDUAL,2024-02-04,İstanbul,Marmara,0,WHATSAPP,ORGANIC,Customer_000339,1,,SYNTHETIC,1.3.0,42,
C000340,WS0004,INDIVIDUAL,2021-05-10,Bursa,Marmara,0,WHATSAPP,GOOGLE_MAPS,Customer_000340,1,,SYNTHETIC,1.3.0,42,
C000341,WS0010,INDIVIDUAL,2022-05-11,Eskişehir,İç Anadolu,0,SMS,REFERRAL,Customer_000341,1,,SYNTHETIC,1.3.0,42,
C000342,WS0010,INDIVIDUAL,2022-01-09,Eskişehir,İç Anadolu,0,SMS,SOCIAL_MEDIA,Customer_000342,1,,SYNTHETIC,1.3.0,42,
C000343,WS0007,COMMERCIAL,2025-12-11,Adana,Akdeniz,0,EMAIL,ORGANIC,Customer_000343,1,,SYNTHETIC,1.3.0,42,
C000344,WS0007,INDIVIDUAL,2026-05-20,Adana,Akdeniz,0,WHATSAPP,REFERRAL,Customer_000344,0,2026-08-25,SYNTHETIC,1.3.0,42,
C000345,WS0009,INDIVIDUAL,2024-10-04,Samsun,Karadeniz,0,SMS,ORGANIC,Customer_000345,1,,SYNTHETIC,1.3.0,42,
C000346,WS0009,INDIVIDUAL,2023-02-03,Samsun,Karadeniz,0,EMAIL,REFERRAL,Customer_000346,1,,SYNTHETIC,1.3.0,42,
C000347,WS0002,INDIVIDUAL,2025-09-01,Ankara,İç Anadolu,0,SMS,ORGANIC,Customer_000347,0,2026-04-10,SYNTHETIC,1.3.0,42,
C000348,WS0010,INDIVIDUAL,2024-05-22,Eskişehir,İç Anadolu,0,WHATSAPP,REFERRAL,Customer_000348,1,,SYNTHETIC,1.3.0,42,
C000349,WS0001,INDIVIDUAL,2024-05-04,İstanbul,Marmara,0,WHATSAPP,ORGANIC,Customer_000349,1,,SYNTHETIC,1.3.0,42,
C000350,WS0005,INDIVIDUAL,2026-03-21,Antalya,Akdeniz,0,PHONE,SOCIAL_MEDIA,Customer_000350,1,,SYNTHETIC,1.3.0,42,
C000351,WS0005,INDIVIDUAL,2026-04-01,Antalya,Akdeniz,0,PHONE,WALK_IN,Customer_000351,1,,SYNTHETIC,1.3.0,42,
C000352,WS0009,INDIVIDUAL,2025-11-21,Samsun,Karadeniz,0,WHATSAPP,GOOGLE_MAPS,Customer_000352,1,,SYNTHETIC,1.3.0,42,
C000353,WS0008,INDIVIDUAL,2021-03-30,Gaziantep,Güneydoğu Anadolu,0,WHATSAPP,REFERRAL,Customer_000353,1,,SYNTHETIC,1.3.0,42,
C000354,WS0001,INDIVIDUAL,2023-08-13,İstanbul,Marmara,0,WHATSAPP,REFERRAL,Customer_000354,1,,SYNTHETIC,1.3.0,42,
C000355,WS0007,INDIVIDUAL,2022-05-09,Adana,Akdeniz,0,SMS,ORGANIC,Customer_000355,1,,SYNTHETIC,1.3.0,42,
C000356,WS0001,INDIVIDUAL,2021-12-31,İstanbul,Marmara,0,WHATSAPP,WALK_IN,Customer_000356,1,,SYNTHETIC,1.3.0,42,
C000357,WS0010,INDIVIDUAL,2021-02-21,Eskişehir,İç Anadolu,0,WHATSAPP,WALK_IN,Customer_000357,1,,SYNTHETIC,1.3.0,42,
C000358,WS0010,INDIVIDUAL,2022-05-31,Eskişehir,İç Anadolu,0,WHATSAPP,GOOGLE_MAPS,Customer_000358,1,,SYNTHETIC,1.3.0,42,
C000359,WS0001,INDIVIDUAL,2026-02-19,İstanbul,Marmara,0,SMS,WALK_IN,Customer_000359,1,,SYNTHETIC,1.3.0,42,
C000360,WS0008,INDIVIDUAL,2023-06-08,Gaziantep,Güneydoğu Anadolu,0,WHATSAPP,SOCIAL_MEDIA,Customer_000360,0,2026-03-09,SYNTHETIC,1.3.0,42,
C000361,WS0008,INDIVIDUAL,2024-09-09,Gaziantep,Güneydoğu Anadolu,0,WHATSAPP,ORGANIC,Customer_000361,1,,SYNTHETIC,1.3.0,42,
C000362,WS0001,INDIVIDUAL,2024-10-03,İstanbul,Marmara,0,SMS,ORGANIC,Customer_000362,1,,SYNTHETIC,1.3.0,42,
C000363,WS0004,INDIVIDUAL,2023-09-25,Bursa,Marmara,0,WHATSAPP,GOOGLE_MAPS,Customer_000363,1,,SYNTHETIC,1.3.0,42,
C000364,WS0002,INDIVIDUAL,2024-10-30,Ankara,İç Anadolu,0,WHATSAPP,SOCIAL_MEDIA,Customer_000364,1,,SYNTHETIC,1.3.0,42,
C000365,WS0010,INDIVIDUAL,2026-02-26,Eskişehir,İç Anadolu,0,PHONE,ORGANIC,Customer_000365,1,,SYNTHETIC,1.3.0,42,
C000366,WS0007,INDIVIDUAL,2024-11-23,Adana,Akdeniz,0,WHATSAPP,GOOGLE_MAPS,Customer_000366,1,,SYNTHETIC,1.3.0,42,
C000367,WS0010,INDIVIDUAL,2024-06-28,Eskişehir,İç Anadolu,0,WHATSAPP,REFERRAL,Customer_000367,1,,SYNTHETIC,1.3.0,42,
C000368,WS0005,INDIVIDUAL,2021-04-15,Antalya,Akdeniz,0,WHATSAPP,SOCIAL_MEDIA,Customer_000368,0,2022-11-22,SYNTHETIC,1.3.0,42,
C000369,WS0010,INDIVIDUAL,2021-11-12,Eskişehir,İç Anadolu,0,WHATSAPP,ORGANIC,Customer_000369,1,,SYNTHETIC,1.3.0,42,
C000370,WS0009,INDIVIDUAL,2025-11-03,Samsun,Karadeniz,0,SMS,WALK_IN,Customer_000370,1,,SYNTHETIC,1.3.0,42,
C000371,WS0008,INDIVIDUAL,2024-05-05,Gaziantep,Güneydoğu Anadolu,0,PHONE,ORGANIC,Customer_000371,1,,SYNTHETIC,1.3.0,42,
C000372,WS0008,INDIVIDUAL,2021-07-13,Gaziantep,Güneydoğu Anadolu,0,WHATSAPP,GOOGLE_MAPS,Customer_000372,1,,SYNTHETIC,1.3.0,42,
C000373,WS0003,INDIVIDUAL,2021-12-21,İzmir,Ege,0,PHONE,REFERRAL,Customer_000373,1,,SYNTHETIC,1.3.0,42,
C000374,WS0004,INDIVIDUAL,2021-10-14,Bursa,Marmara,0,WHATSAPP,GOOGLE_MAPS,Customer_000374,1,,SYNTHETIC,1.3.0,42,
C000375,WS0010,INDIVIDUAL,2025-08-07,Eskişehir,İç Anadolu,0,PHONE,GOOGLE_MAPS,Customer_000375,0,2026-06-18,SYNTHETIC,1.3.0,42,
C000376,WS0008,INDIVIDUAL,2025-03-28,Gaziantep,Güneydoğu Anadolu,0,WHATSAPP,GOOGLE_MAPS,Customer_000376,1,,SYNTHETIC,1.3.0,42,
C000377,WS0003,INDIVIDUAL,2026-05-12,İzmir,Ege,0,PHONE,REFERRAL,Customer_000377,1,,SYNTHETIC,1.3.0,42,
C000378,WS0007,INDIVIDUAL,2025-02-12,Adana,Akdeniz,0,WHATSAPP,WALK_IN,Customer_000378,1,,SYNTHETIC,1.3.0,42,
C000379,WS0001,INDIVIDUAL,2025-11-13,İstanbul,Marmara,0,WHATSAPP,REFERRAL,Customer_000379,1,,SYNTHETIC,1.3.0,42,
C000380,WS0005,INDIVIDUAL,2022-12-21,Antalya,Akdeniz,0,PHONE,GOOGLE_MAPS,Customer_000380,1,,SYNTHETIC,1.3.0,42,
C000381,WS0006,INDIVIDUAL,2026-05-26,Konya,İç Anadolu,0,PHONE,REFERRAL,Customer_000381,1,,SYNTHETIC,1.3.0,42,
C000382,WS0004,INDIVIDUAL,2021-10-22,Bursa,Marmara,0,PHONE,WALK_IN,Customer_000382,1,,SYNTHETIC,1.3.0,42,
C000383,WS0005,INDIVIDUAL,2024-11-05,Antalya,Akdeniz,0,WHATSAPP,GOOGLE_MAPS,Customer_000383,1,,SYNTHETIC,1.3.0,42,
C000384,WS0004,INDIVIDUAL,2023-12-20,Bursa,Marmara,0,PHONE,ORGANIC,Customer_000384,1,,SYNTHETIC,1.3.0,42,
C000385,WS0003,INDIVIDUAL,2023-10-31,İzmir,Ege,0,WHATSAPP,GOOGLE_MAPS,Customer_000385,1,,SYNTHETIC,1.3.0,42,
C000386,WS0001,INDIVIDUAL,2026-02-05,İstanbul,Marmara,0,WHATSAPP,SOCIAL_MEDIA,Customer_000386,0,2026-05-30,SYNTHETIC,1.3.0,42,
C000387,WS0010,COMMERCIAL,2022-07-31,Eskişehir,İç Anadolu,0,EMAIL,DIRECT_SALES,Customer_000387,1,,SYNTHETIC,1.3.0,42,
C000388,WS0003,INDIVIDUAL,2022-11-10,İzmir,Ege,0,WHATSAPP,REFERRAL,Customer_000388,1,,SYNTHETIC,1.3.0,42,
C000389,WS0003,INDIVIDUAL,2022-08-09,İzmir,Ege,0,PHONE,WALK_IN,Customer_000389,1,,SYNTHETIC,1.3.0,42,
C000390,WS0006,INDIVIDUAL,2025-10-14,Konya,İç Anadolu,0,SMS,REFERRAL,Customer_000390,1,,SYNTHETIC,1.3.0,42,
C000391,WS0002,INDIVIDUAL,2023-08-30,Ankara,İç Anadolu,0,WHATSAPP,REFERRAL,Customer_000391,1,,SYNTHETIC,1.3.0,42,
C000392,WS0008,INDIVIDUAL,2021-10-23,Gaziantep,Güneydoğu Anadolu,0,PHONE,REFERRAL,Customer_000392,1,,SYNTHETIC,1.3.0,42,
C000393,WS0006,INDIVIDUAL,2022-09-09,Konya,İç Anadolu,0,WHATSAPP,ORGANIC,Customer_000393,1,,SYNTHETIC,1.3.0,42,
C000394,WS0006,INDIVIDUAL,2022-12-06,Konya,İç Anadolu,0,PHONE,ORGANIC,Customer_000394,1,,SYNTHETIC,1.3.0,42,
C000395,WS0002,INDIVIDUAL,2025-06-01,Ankara,İç Anadolu,0,WHATSAPP,WALK_IN,Customer_000395,1,,SYNTHETIC,1.3.0,42,
C000396,WS0009,INDIVIDUAL,2023-05-01,Samsun,Karadeniz,0,SMS,GOOGLE_MAPS,Customer_000396,1,,SYNTHETIC,1.3.0,42,
C000397,WS0008,INDIVIDUAL,2021-06-08,Gaziantep,Güneydoğu Anadolu,0,SMS,REFERRAL,Customer_000397,1,,SYNTHETIC,1.3.0,42,
C000398,WS0002,INDIVIDUAL,2021-06-02,Ankara,İç Anadolu,0,WHATSAPP,GOOGLE_MAPS,Customer_000398,1,,SYNTHETIC,1.3.0,42,
C000399,WS0005,INDIVIDUAL,2021-09-13,Antalya,Akdeniz,0,EMAIL,ORGANIC,Customer_000399,1,,SYNTHETIC,1.3.0,42,
C000400,WS0003,INDIVIDUAL,2025-03-05,İzmir,Ege,0,WHATSAPP,ORGANIC,Customer_000400,1,,SYNTHETIC,1.3.0,42,
C000401,WS0005,INDIVIDUAL,2025-03-22,Antalya,Akdeniz,0,PHONE,GOOGLE_MAPS,Customer_000401,1,,SYNTHETIC,1.3.0,42,
C000402,WS0004,COMMERCIAL,2024-02-21,Bursa,Marmara,0,EMAIL,REFERRAL,Customer_000402,1,,SYNTHETIC,1.3.0,42,
C000403,WS0008,COMMERCIAL,2022-09-20,Gaziantep,Güneydoğu Anadolu,0,PHONE,DIRECT_SALES,Customer_000403,1,,SYNTHETIC,1.3.0,42,
C000404,WS0005,INDIVIDUAL,2023-11-18,Antalya,Akdeniz,0,PHONE,ORGANIC,Customer_000404,1,,SYNTHETIC,1.3.0,42,
C000405,WS0006,INDIVIDUAL,2023-06-09,Konya,İç Anadolu,0,WHATSAPP,SOCIAL_MEDIA,Customer_000405,1,,SYNTHETIC,1.3.0,42,
C000406,WS0006,INDIVIDUAL,2022-08-25,Konya,İç Anadolu,0,WHATSAPP,GOOGLE_MAPS,Customer_000406,1,,SYNTHETIC,1.3.0,42,
C000407,WS0008,INDIVIDUAL,2023-09-18,Gaziantep,Güneydoğu Anadolu,0,SMS,REFERRAL,Customer_000407,1,,SYNTHETIC,1.3.0,42,
C000408,WS0008,INDIVIDUAL,2024-04-07,Gaziantep,Güneydoğu Anadolu,0,WHATSAPP,REFERRAL,Customer_000408,1,,SYNTHETIC,1.3.0,42,
C000409,WS0003,INDIVIDUAL,2022-02-23,İzmir,Ege,0,WHATSAPP,REFERRAL,Customer_000409,1,,SYNTHETIC,1.3.0,42,
C000410,WS0005,INDIVIDUAL,2025-04-08,Antalya,Akdeniz,0,PHONE,ORGANIC,Customer_000410,1,,SYNTHETIC,1.3.0,42,
C000411,WS0008,COMMERCIAL,2024-02-18,Gaziantep,Güneydoğu Anadolu,0,PHONE,DIRECT_SALES,Customer_000411,1,,SYNTHETIC,1.3.0,42,
C000412,WS0009,INDIVIDUAL,2024-12-30,Samsun,Karadeniz,0,WHATSAPP,SOCIAL_MEDIA,Customer_000412,1,,SYNTHETIC,1.3.0,42,
C000413,WS0005,INDIVIDUAL,2022-06-16,Antalya,Akdeniz,0,WHATSAPP,SOCIAL_MEDIA,Customer_000413,1,,SYNTHETIC,1.3.0,42,
C000414,WS0003,INDIVIDUAL,2022-02-10,İzmir,Ege,0,PHONE,WALK_IN,Customer_000414,1,,SYNTHETIC,1.3.0,42,
C000415,WS0001,COMMERCIAL,2025-11-14,İstanbul,Marmara,0,WHATSAPP,REFERRAL,Customer_000415,1,,SYNTHETIC,1.3.0,42,
C000416,WS0008,INDIVIDUAL,2024-03-20,Gaziantep,Güneydoğu Anadolu,0,SMS,ORGANIC,Customer_000416,1,,SYNTHETIC,1.3.0,42,
C000417,WS0005,INDIVIDUAL,2021-03-24,Antalya,Akdeniz,0,PHONE,ORGANIC,Customer_000417,1,,SYNTHETIC,1.3.0,42,
C000418,WS0008,FLEET,2024-03-12,Gaziantep,Güneydoğu Anadolu,1,PHONE,DIRECT_SALES,Customer_000418,1,,SYNTHETIC,1.3.0,42,
C000419,WS0001,INDIVIDUAL,2021-07-08,İstanbul,Marmara,0,WHATSAPP,WALK_IN,Customer_000419,0,2026-02-21,SYNTHETIC,1.3.0,42,
C000420,WS0007,INDIVIDUAL,2022-10-17,Adana,Akdeniz,0,EMAIL,ORGANIC,Customer_000420,1,,SYNTHETIC,1.3.0,42,
C000421,WS0006,INDIVIDUAL,2023-02-23,Konya,İç Anadolu,0,EMAIL,GOOGLE_MAPS,Customer_000421,1,,SYNTHETIC,1.3.0,42,
C000422,WS0007,INDIVIDUAL,2021-04-20,Adana,Akdeniz,0,WHATSAPP,ORGANIC,Customer_000422,1,,SYNTHETIC,1.3.0,42,
C000423,WS0007,INDIVIDUAL,2024-08-18,Adana,Akdeniz,0,PHONE,SOCIAL_MEDIA,Customer_000423,1,,SYNTHETIC,1.3.0,42,
C000424,WS0002,INDIVIDUAL,2025-08-23,Ankara,İç Anadolu,0,WHATSAPP,GOOGLE_MAPS,Customer_000424,0,2026-01-02,SYNTHETIC,1.3.0,42,
C000425,WS0007,INDIVIDUAL,2021-08-17,Adana,Akdeniz,0,WHATSAPP,ORGANIC,Customer_000425,1,,SYNTHETIC,1.3.0,42,
C000426,WS0003,INDIVIDUAL,2024-10-08,İzmir,Ege,0,PHONE,REFERRAL,Customer_000426,1,,SYNTHETIC,1.3.0,42,
C000427,WS0010,INDIVIDUAL,2023-11-15,Eskişehir,İç Anadolu,0,WHATSAPP,REFERRAL,Customer_000427,1,,SYNTHETIC,1.3.0,42,
C000428,WS0010,INDIVIDUAL,2022-08-03,Eskişehir,İç Anadolu,0,SMS,REFERRAL,Customer_000428,1,,SYNTHETIC,1.3.0,42,
C000429,WS0003,INDIVIDUAL,2021-06-07,İzmir,Ege,0,WHATSAPP,GOOGLE_MAPS,Customer_000429,1,,SYNTHETIC,1.3.0,42,
C000430,WS0007,INDIVIDUAL,2022-10-12,Adana,Akdeniz,0,WHATSAPP,ORGANIC,Customer_000430,1,,SYNTHETIC,1.3.0,42,
C000431,WS0008,INDIVIDUAL,2023-09-28,Gaziantep,Güneydoğu Anadolu,0,WHATSAPP,WALK_IN,Customer_000431,1,,SYNTHETIC,1.3.0,42,
C000432,WS0007,COMMERCIAL,2025-08-30,Adana,Akdeniz,0,PHONE,REFERRAL,Customer_000432,1,,SYNTHETIC,1.3.0,42,
C000433,WS0005,INDIVIDUAL,2026-06-29,Antalya,Akdeniz,0,WHATSAPP,REFERRAL,Customer_000433,1,,SYNTHETIC,1.3.0,42,
C000434,WS0007,INDIVIDUAL,2021-06-30,Adana,Akdeniz,0,EMAIL,GOOGLE_MAPS,Customer_000434,0,2023-07-13,SYNTHETIC,1.3.0,42,
C000435,WS0004,INDIVIDUAL,2025-04-12,Bursa,Marmara,0,WHATSAPP,ORGANIC,Customer_000435,1,,SYNTHETIC,1.3.0,42,
C000436,WS0005,INDIVIDUAL,2026-03-03,Antalya,Akdeniz,0,PHONE,REFERRAL,Customer_000436,1,,SYNTHETIC,1.3.0,42,
C000437,WS0010,INDIVIDUAL,2026-01-01,Eskişehir,İç Anadolu,0,PHONE,REFERRAL,Customer_000437,1,,SYNTHETIC,1.3.0,42,
C000438,WS0010,INDIVIDUAL,2021-07-15,Eskişehir,İç Anadolu,0,SMS,ORGANIC,Customer_000438,1,,SYNTHETIC,1.3.0,42,
C000439,WS0009,COMMERCIAL,2022-05-28,Samsun,Karadeniz,0,EMAIL,DIRECT_SALES,Customer_000439,1,,SYNTHETIC,1.3.0,42,
C000440,WS0005,INDIVIDUAL,2024-06-24,Antalya,Akdeniz,0,WHATSAPP,WALK_IN,Customer_000440,0,2024-10-18,SYNTHETIC,1.3.0,42,
C000441,WS0010,INDIVIDUAL,2022-12-19,Eskişehir,İç Anadolu,0,WHATSAPP,GOOGLE_MAPS,Customer_000441,1,,SYNTHETIC,1.3.0,42,
C000442,WS0010,INDIVIDUAL,2023-07-21,Eskişehir,İç Anadolu,0,PHONE,REFERRAL,Customer_000442,1,,SYNTHETIC,1.3.0,42,
C000443,WS0005,INDIVIDUAL,2025-01-28,Antalya,Akdeniz,0,SMS,SOCIAL_MEDIA,Customer_000443,1,,SYNTHETIC,1.3.0,42,
C000444,WS0003,INDIVIDUAL,2025-06-11,İzmir,Ege,0,WHATSAPP,WALK_IN,Customer_000444,1,,SYNTHETIC,1.3.0,42,
C000445,WS0003,INDIVIDUAL,2025-03-27,İzmir,Ege,0,EMAIL,GOOGLE_MAPS,Customer_000445,1,,SYNTHETIC,1.3.0,42,
C000446,WS0001,INDIVIDUAL,2024-10-11,İstanbul,Marmara,0,EMAIL,REFERRAL,Customer_000446,1,,SYNTHETIC,1.3.0,42,
C000447,WS0006,INDIVIDUAL,2022-02-27,Konya,İç Anadolu,0,WHATSAPP,REFERRAL,Customer_000447,1,,SYNTHETIC,1.3.0,42,
C000448,WS0002,INDIVIDUAL,2025-01-07,Ankara,İç Anadolu,0,WHATSAPP,GOOGLE_MAPS,Customer_000448,1,,SYNTHETIC,1.3.0,42,
C000449,WS0009,INDIVIDUAL,2025-01-20,Samsun,Karadeniz,0,SMS,ORGANIC,Customer_000449,1,,SYNTHETIC,1.3.0,42,
C000450,WS0009,INDIVIDUAL,2021-06-30,Samsun,Karadeniz,0,WHATSAPP,ORGANIC,Customer_000450,1,,SYNTHETIC,1.3.0,42,
C000451,WS0002,COMMERCIAL,2026-06-18,Ankara,İç Anadolu,0,EMAIL,ORGANIC,Customer_000451,1,,SYNTHETIC,1.3.0,42,
C000452,WS0006,INDIVIDUAL,2025-04-28,Konya,İç Anadolu,0,WHATSAPP,REFERRAL,Customer_000452,1,,SYNTHETIC,1.3.0,42,
C000453,WS0001,INDIVIDUAL,2023-11-22,İstanbul,Marmara,0,WHATSAPP,REFERRAL,Customer_000453,1,,SYNTHETIC,1.3.0,42,
C000454,WS0007,INDIVIDUAL,2022-07-16,Adana,Akdeniz,0,PHONE,REFERRAL,Customer_000454,1,,SYNTHETIC,1.3.0,42,
C000455,WS0002,INDIVIDUAL,2021-02-23,Ankara,İç Anadolu,0,PHONE,REFERRAL,Customer_000455,0,2023-08-30,SYNTHETIC,1.3.0,42,
C000456,WS0003,INDIVIDUAL,2024-10-21,İzmir,Ege,0,EMAIL,SOCIAL_MEDIA,Customer_000456,1,,SYNTHETIC,1.3.0,42,
C000457,WS0001,INDIVIDUAL,2022-01-08,İstanbul,Marmara,0,WHATSAPP,REFERRAL,Customer_000457,0,2025-05-22,SYNTHETIC,1.3.0,42,
C000458,WS0008,INDIVIDUAL,2025-07-18,Gaziantep,Güneydoğu Anadolu,0,WHATSAPP,REFERRAL,Customer_000458,1,,SYNTHETIC,1.3.0,42,
C000459,WS0002,INDIVIDUAL,2021-05-27,Ankara,İç Anadolu,0,WHATSAPP,WALK_IN,Customer_000459,1,,SYNTHETIC,1.3.0,42,
C000460,WS0010,INDIVIDUAL,2022-03-22,Eskişehir,İç Anadolu,0,WHATSAPP,GOOGLE_MAPS,Customer_000460,1,,SYNTHETIC,1.3.0,42,
C000461,WS0001,INDIVIDUAL,2021-10-26,İstanbul,Marmara,0,SMS,SOCIAL_MEDIA,Customer_000461,1,,SYNTHETIC,1.3.0,42,
C000462,WS0007,INDIVIDUAL,2022-03-02,Adana,Akdeniz,0,SMS,REFERRAL,Customer_000462,1,,SYNTHETIC,1.3.0,42,
C000463,WS0002,INDIVIDUAL,2021-12-27,Ankara,İç Anadolu,0,WHATSAPP,ORGANIC,Customer_000463,1,,SYNTHETIC,1.3.0,42,
C000464,WS0002,INDIVIDUAL,2026-07-01,Ankara,İç Anadolu,0,EMAIL,ORGANIC,Customer_000464,1,,SYNTHETIC,1.3.0,42,
C000465,WS0002,INDIVIDUAL,2024-12-31,Ankara,İç Anadolu,0,WHATSAPP,SOCIAL_MEDIA,Customer_000465,1,,SYNTHETIC,1.3.0,42,
C000466,WS0006,INDIVIDUAL,2021-10-17,Konya,İç Anadolu,0,PHONE,GOOGLE_MAPS,Customer_000466,1,,SYNTHETIC,1.3.0,42,
C000467,WS0003,FLEET,2023-11-22,İzmir,Ege,1,PHONE,DIRECT_SALES,Customer_000467,1,,SYNTHETIC,1.3.0,42,
C000468,WS0008,COMMERCIAL,2021-08-22,Gaziantep,Güneydoğu Anadolu,0,PHONE,DIRECT_SALES,Customer_000468,1,,SYNTHETIC,1.3.0,42,
C000469,WS0003,INDIVIDUAL,2024-10-19,İzmir,Ege,0,PHONE,ORGANIC,Customer_000469,0,2025-11-26,SYNTHETIC,1.3.0,42,
C000470,WS0002,INDIVIDUAL,2026-04-02,Ankara,İç Anadolu,0,WHATSAPP,GOOGLE_MAPS,Customer_000470,1,,SYNTHETIC,1.3.0,42,
C000471,WS0002,INDIVIDUAL,2023-10-02,Ankara,İç Anadolu,0,WHATSAPP,ORGANIC,Customer_000471,1,,SYNTHETIC,1.3.0,42,
C000472,WS0008,INDIVIDUAL,2023-03-04,Gaziantep,Güneydoğu Anadolu,0,WHATSAPP,GOOGLE_MAPS,Customer_000472,1,,SYNTHETIC,1.3.0,42,
C000473,WS0003,INDIVIDUAL,2025-06-20,İzmir,Ege,0,WHATSAPP,GOOGLE_MAPS,Customer_000473,1,,SYNTHETIC,1.3.0,42,
C000474,WS0003,COMMERCIAL,2023-03-12,İzmir,Ege,0,EMAIL,DIRECT_SALES,Customer_000474,1,,SYNTHETIC,1.3.0,42,
C000475,WS0001,COMMERCIAL,2023-06-05,İstanbul,Marmara,0,WHATSAPP,ORGANIC,Customer_000475,1,,SYNTHETIC,1.3.0,42,
C000476,WS0007,INDIVIDUAL,2024-12-01,Adana,Akdeniz,0,WHATSAPP,GOOGLE_MAPS,Customer_000476,1,,SYNTHETIC,1.3.0,42,
C000477,WS0003,INDIVIDUAL,2023-06-18,İzmir,Ege,0,PHONE,REFERRAL,Customer_000477,1,,SYNTHETIC,1.3.0,42,
C000478,WS0004,INDIVIDUAL,2023-01-20,Bursa,Marmara,0,WHATSAPP,REFERRAL,Customer_000478,1,,SYNTHETIC,1.3.0,42,
C000479,WS0005,INDIVIDUAL,2022-05-30,Antalya,Akdeniz,0,SMS,SOCIAL_MEDIA,Customer_000479,1,,SYNTHETIC,1.3.0,42,
C000480,WS0003,INDIVIDUAL,2022-09-11,İzmir,Ege,0,EMAIL,ORGANIC,Customer_000480,1,,SYNTHETIC,1.3.0,42,
C000481,WS0007,INDIVIDUAL,2023-07-27,Adana,Akdeniz,0,WHATSAPP,REFERRAL,Customer_000481,1,,SYNTHETIC,1.3.0,42,
C000482,WS0009,COMMERCIAL,2023-08-15,Samsun,Karadeniz,0,WHATSAPP,REFERRAL,Customer_000482,1,,SYNTHETIC,1.3.0,42,
C000483,WS0006,INDIVIDUAL,2026-02-08,Konya,İç Anadolu,0,SMS,WALK_IN,Customer_000483,1,,SYNTHETIC,1.3.0,42,
C000484,WS0004,INDIVIDUAL,2024-10-31,Bursa,Marmara,0,PHONE,REFERRAL,Customer_000484,0,2025-10-26,SYNTHETIC,1.3.0,42,
C000485,WS0005,INDIVIDUAL,2025-07-21,Antalya,Akdeniz,0,EMAIL,WALK_IN,Customer_000485,0,2026-05-14,SYNTHETIC,1.3.0,42,
C000486,WS0001,COMMERCIAL,2021-05-27,İstanbul,Marmara,0,EMAIL,DIRECT_SALES,Customer_000486,1,,SYNTHETIC,1.3.0,42,
C000487,WS0007,INDIVIDUAL,2025-03-02,Adana,Akdeniz,0,WHATSAPP,REFERRAL,Customer_000487,1,,SYNTHETIC,1.3.0,42,
C000488,WS0003,INDIVIDUAL,2021-01-21,İzmir,Ege,0,WHATSAPP,WALK_IN,Customer_000488,1,,SYNTHETIC,1.3.0,42,
C000489,WS0010,INDIVIDUAL,2024-09-08,Eskişehir,İç Anadolu,0,WHATSAPP,SOCIAL_MEDIA,Customer_000489,1,,SYNTHETIC,1.3.0,42,
C000490,WS0001,INDIVIDUAL,2022-11-11,İstanbul,Marmara,0,WHATSAPP,SOCIAL_MEDIA,Customer_000490,1,,SYNTHETIC,1.3.0,42,
C000491,WS0002,INDIVIDUAL,2024-06-06,Ankara,İç Anadolu,0,SMS,ORGANIC,Customer_000491,0,2025-03-31,SYNTHETIC,1.3.0,42,
C000492,WS0003,INDIVIDUAL,2026-03-05,İzmir,Ege,0,EMAIL,ORGANIC,Customer_000492,1,,SYNTHETIC,1.3.0,42,
C000493,WS0007,INDIVIDUAL,2024-04-17,Adana,Akdeniz,0,PHONE,REFERRAL,Customer_000493,1,,SYNTHETIC,1.3.0,42,
C000494,WS0005,INDIVIDUAL,2022-07-06,Antalya,Akdeniz,0,EMAIL,WALK_IN,Customer_000494,1,,SYNTHETIC,1.3.0,42,
C000495,WS0003,INDIVIDUAL,2022-09-07,İzmir,Ege,0,PHONE,GOOGLE_MAPS,Customer_000495,1,,SYNTHETIC,1.3.0,42,
C000496,WS0010,INDIVIDUAL,2024-04-19,Eskişehir,İç Anadolu,0,WHATSAPP,ORGANIC,Customer_000496,1,,SYNTHETIC,1.3.0,42,
C000497,WS0010,INDIVIDUAL,2021-10-22,Eskişehir,İç Anadolu,0,SMS,ORGANIC,Customer_000497,1,,SYNTHETIC,1.3.0,42,
C000498,WS0007,INDIVIDUAL,2024-05-09,Adana,Akdeniz,0,PHONE,GOOGLE_MAPS,Customer_000498,1,,SYNTHETIC,1.3.0,42,
C000499,WS0008,INDIVIDUAL,2023-04-22,Gaziantep,Güneydoğu Anadolu,0,PHONE,ORGANIC,Customer_000499,1,,SYNTHETIC,1.3.0,42,
C000500,WS0003,INDIVIDUAL,2026-02-05,İzmir,Ege,0,PHONE,GOOGLE_MAPS,Customer_000500,1,,SYNTHETIC,1.3.0,42,
C000501,WS0007,COMMERCIAL,2026-07-31,Adana,Akdeniz,0,WHATSAPP,DIRECT_SALES,Customer_000501,1,,SYNTHETIC,1.3.0,42,
C000502,WS0004,INDIVIDUAL,2026-06-14,Bursa,Marmara,0,SMS,WALK_IN,Customer_000502,1,,SYNTHETIC,1.3.0,42,
C000503,WS0009,INDIVIDUAL,2024-01-28,Samsun,Karadeniz,0,PHONE,REFERRAL,Customer_000503,1,,SYNTHETIC,1.3.0,42,
C000504,WS0007,COMMERCIAL,2025-09-03,Adana,Akdeniz,0,PHONE,FLEET_PARTNERSHIP,Customer_000504,1,,SYNTHETIC,1.3.0,42,
C000505,WS0009,INDIVIDUAL,2022-02-10,Samsun,Karadeniz,0,EMAIL,SOCIAL_MEDIA,Customer_000505,1,,SYNTHETIC,1.3.0,42,
C000506,WS0003,INDIVIDUAL,2024-11-04,İzmir,Ege,0,WHATSAPP,ORGANIC,Customer_000506,1,,SYNTHETIC,1.3.0,42,
C000507,WS0007,INDIVIDUAL,2024-08-07,Adana,Akdeniz,0,SMS,REFERRAL,Customer_000507,1,,SYNTHETIC,1.3.0,42,
C000508,WS0005,COMMERCIAL,2026-05-22,Antalya,Akdeniz,0,PHONE,REFERRAL,Customer_000508,1,,SYNTHETIC,1.3.0,42,
C000509,WS0004,INDIVIDUAL,2025-07-16,Bursa,Marmara,0,EMAIL,ORGANIC,Customer_000509,1,,SYNTHETIC,1.3.0,42,
C000510,WS0004,INDIVIDUAL,2021-05-25,Bursa,Marmara,0,EMAIL,WALK_IN,Customer_000510,1,,SYNTHETIC,1.3.0,42,
C000511,WS0001,INDIVIDUAL,2025-05-10,İstanbul,Marmara,0,PHONE,GOOGLE_MAPS,Customer_000511,1,,SYNTHETIC,1.3.0,42,
C000512,WS0002,COMMERCIAL,2021-06-02,Ankara,İç Anadolu,0,PHONE,DIRECT_SALES,Customer_000512,1,,SYNTHETIC,1.3.0,42,
C000513,WS0003,INDIVIDUAL,2021-08-17,İzmir,Ege,0,EMAIL,WALK_IN,Customer_000513,1,,SYNTHETIC,1.3.0,42,
C000514,WS0001,INDIVIDUAL,2022-02-28,İstanbul,Marmara,0,PHONE,ORGANIC,Customer_000514,0,2024-05-24,SYNTHETIC,1.3.0,42,
C000515,WS0007,INDIVIDUAL,2024-01-23,Adana,Akdeniz,0,WHATSAPP,SOCIAL_MEDIA,Customer_000515,1,,SYNTHETIC,1.3.0,42,
C000516,WS0003,INDIVIDUAL,2022-08-23,İzmir,Ege,0,SMS,GOOGLE_MAPS,Customer_000516,1,,SYNTHETIC,1.3.0,42,
C000517,WS0009,INDIVIDUAL,2024-08-03,Samsun,Karadeniz,0,PHONE,ORGANIC,Customer_000517,1,,SYNTHETIC,1.3.0,42,
C000518,WS0003,INDIVIDUAL,2021-01-03,İzmir,Ege,0,PHONE,SOCIAL_MEDIA,Customer_000518,1,,SYNTHETIC,1.3.0,42,
C000519,WS0009,INDIVIDUAL,2021-09-30,Samsun,Karadeniz,0,SMS,ORGANIC,Customer_000519,1,,SYNTHETIC,1.3.0,42,
C000520,WS0007,COMMERCIAL,2021-04-25,Adana,Akdeniz,0,WHATSAPP,DIRECT_SALES,Customer_000520,1,,SYNTHETIC,1.3.0,42,
C000521,WS0004,INDIVIDUAL,2022-12-01,Bursa,Marmara,0,PHONE,REFERRAL,Customer_000521,1,,SYNTHETIC,1.3.0,42,
C000522,WS0004,INDIVIDUAL,2023-03-30,Bursa,Marmara,0,SMS,WALK_IN,Customer_000522,1,,SYNTHETIC,1.3.0,42,
C000523,WS0004,INDIVIDUAL,2022-06-25,Bursa,Marmara,0,PHONE,ORGANIC,Customer_000523,1,,SYNTHETIC,1.3.0,42,
C000524,WS0009,COMMERCIAL,2022-09-21,Samsun,Karadeniz,0,EMAIL,REFERRAL,Customer_000524,1,,SYNTHETIC,1.3.0,42,
C000525,WS0003,INDIVIDUAL,2021-10-16,İzmir,Ege,0,SMS,WALK_IN,Customer_000525,1,,SYNTHETIC,1.3.0,42,
C000526,WS0009,INDIVIDUAL,2026-01-31,Samsun,Karadeniz,0,SMS,REFERRAL,Customer_000526,0,2026-06-05,SYNTHETIC,1.3.0,42,
C000527,WS0003,INDIVIDUAL,2023-06-01,İzmir,Ege,0,WHATSAPP,GOOGLE_MAPS,Customer_000527,1,,SYNTHETIC,1.3.0,42,
C000528,WS0002,INDIVIDUAL,2025-10-23,Ankara,İç Anadolu,0,WHATSAPP,ORGANIC,Customer_000528,1,,SYNTHETIC,1.3.0,42,
C000529,WS0003,INDIVIDUAL,2024-07-01,İzmir,Ege,0,WHATSAPP,ORGANIC,Customer_000529,1,,SYNTHETIC,1.3.0,42,
C000530,WS0009,INDIVIDUAL,2023-07-15,Samsun,Karadeniz,0,SMS,ORGANIC,Customer_000530,1,,SYNTHETIC,1.3.0,42,
C000531,WS0007,INDIVIDUAL,2024-03-13,Adana,Akdeniz,0,WHATSAPP,GOOGLE_MAPS,Customer_000531,1,,SYNTHETIC,1.3.0,42,
C000532,WS0008,INDIVIDUAL,2023-07-24,Gaziantep,Güneydoğu Anadolu,0,WHATSAPP,SOCIAL_MEDIA,Customer_000532,1,,SYNTHETIC,1.3.0,42,
C000533,WS0007,INDIVIDUAL,2025-03-25,Adana,Akdeniz,0,WHATSAPP,REFERRAL,Customer_000533,1,,SYNTHETIC,1.3.0,42,
C000534,WS0003,INDIVIDUAL,2022-07-01,İzmir,Ege,0,PHONE,ORGANIC,Customer_000534,1,,SYNTHETIC,1.3.0,42,
C000535,WS0002,INDIVIDUAL,2021-02-14,Ankara,İç Anadolu,0,WHATSAPP,REFERRAL,Customer_000535,1,,SYNTHETIC,1.3.0,42,
C000536,WS0007,INDIVIDUAL,2024-12-29,Adana,Akdeniz,0,PHONE,REFERRAL,Customer_000536,1,,SYNTHETIC,1.3.0,42,
C000537,WS0006,INDIVIDUAL,2024-12-19,Konya,İç Anadolu,0,PHONE,WALK_IN,Customer_000537,1,,SYNTHETIC,1.3.0,42,
C000538,WS0003,INDIVIDUAL,2024-10-18,İzmir,Ege,0,WHATSAPP,SOCIAL_MEDIA,Customer_000538,0,2025-01-23,SYNTHETIC,1.3.0,42,
C000539,WS0007,INDIVIDUAL,2024-01-30,Adana,Akdeniz,0,EMAIL,SOCIAL_MEDIA,Customer_000539,1,,SYNTHETIC,1.3.0,42,
C000540,WS0009,INDIVIDUAL,2022-10-24,Samsun,Karadeniz,0,PHONE,ORGANIC,Customer_000540,1,,SYNTHETIC,1.3.0,42,
C000541,WS0007,INDIVIDUAL,2022-08-22,Adana,Akdeniz,0,WHATSAPP,SOCIAL_MEDIA,Customer_000541,1,,SYNTHETIC,1.3.0,42,
C000542,WS0004,INDIVIDUAL,2026-04-21,Bursa,Marmara,0,WHATSAPP,ORGANIC,Customer_000542,0,2026-07-24,SYNTHETIC,1.3.0,42,
C000543,WS0006,INDIVIDUAL,2022-05-12,Konya,İç Anadolu,0,WHATSAPP,REFERRAL,Customer_000543,1,,SYNTHETIC,1.3.0,42,
C000544,WS0002,INDIVIDUAL,2022-03-13,Ankara,İç Anadolu,0,PHONE,WALK_IN,Customer_000544,1,,SYNTHETIC,1.3.0,42,
C000545,WS0002,INDIVIDUAL,2021-11-07,Ankara,İç Anadolu,0,PHONE,GOOGLE_MAPS,Customer_000545,1,,SYNTHETIC,1.3.0,42,
C000546,WS0003,INDIVIDUAL,2021-10-27,İzmir,Ege,0,PHONE,GOOGLE_MAPS,Customer_000546,0,2024-09-21,SYNTHETIC,1.3.0,42,
C000547,WS0001,INDIVIDUAL,2022-06-11,İstanbul,Marmara,0,PHONE,WALK_IN,Customer_000547,1,,SYNTHETIC,1.3.0,42,
C000548,WS0001,INDIVIDUAL,2023-03-05,İstanbul,Marmara,0,WHATSAPP,REFERRAL,Customer_000548,1,,SYNTHETIC,1.3.0,42,
C000549,WS0006,INDIVIDUAL,2023-01-22,Konya,İç Anadolu,0,SMS,ORGANIC,Customer_000549,1,,SYNTHETIC,1.3.0,42,
C000550,WS0004,INDIVIDUAL,2025-11-07,Bursa,Marmara,0,PHONE,REFERRAL,Customer_000550,1,,SYNTHETIC,1.3.0,42,
C000551,WS0005,INDIVIDUAL,2022-10-01,Antalya,Akdeniz,0,PHONE,ORGANIC,Customer_000551,0,2025-09-30,SYNTHETIC,1.3.0,42,
C000552,WS0008,INDIVIDUAL,2023-02-22,Gaziantep,Güneydoğu Anadolu,0,WHATSAPP,REFERRAL,Customer_000552,1,,SYNTHETIC,1.3.0,42,
C000553,WS0002,INDIVIDUAL,2025-04-22,Ankara,İç Anadolu,0,PHONE,SOCIAL_MEDIA,Customer_000553,0,2025-08-02,SYNTHETIC,1.3.0,42,
C000554,WS0003,FLEET,2021-03-03,İzmir,Ege,1,EMAIL,ORGANIC,Customer_000554,1,,SYNTHETIC,1.3.0,42,
C000555,WS0002,INDIVIDUAL,2025-09-17,Ankara,İç Anadolu,0,WHATSAPP,GOOGLE_MAPS,Customer_000555,1,,SYNTHETIC,1.3.0,42,
C000556,WS0002,INDIVIDUAL,2023-05-13,Ankara,İç Anadolu,0,SMS,WALK_IN,Customer_000556,1,,SYNTHETIC,1.3.0,42,
C000557,WS0006,INDIVIDUAL,2023-07-26,Konya,İç Anadolu,0,WHATSAPP,REFERRAL,Customer_000557,1,,SYNTHETIC,1.3.0,42,
C000558,WS0009,INDIVIDUAL,2021-09-27,Samsun,Karadeniz,0,EMAIL,GOOGLE_MAPS,Customer_000558,1,,SYNTHETIC,1.3.0,42,
C000559,WS0007,INDIVIDUAL,2023-03-25,Adana,Akdeniz,0,WHATSAPP,WALK_IN,Customer_000559,1,,SYNTHETIC,1.3.0,42,
C000560,WS0002,INDIVIDUAL,2024-12-27,Ankara,İç Anadolu,0,SMS,ORGANIC,Customer_000560,0,2026-02-15,SYNTHETIC,1.3.0,42,
C000561,WS0007,INDIVIDUAL,2021-10-29,Adana,Akdeniz,0,WHATSAPP,REFERRAL,Customer_000561,1,,SYNTHETIC,1.3.0,42,
C000562,WS0009,COMMERCIAL,2021-04-06,Samsun,Karadeniz,0,EMAIL,REFERRAL,Customer_000562,1,,SYNTHETIC,1.3.0,42,
C000563,WS0003,INDIVIDUAL,2023-02-06,İzmir,Ege,0,SMS,GOOGLE_MAPS,Customer_000563,0,2025-11-05,SYNTHETIC,1.3.0,42,
C000564,WS0002,INDIVIDUAL,2023-10-01,Ankara,İç Anadolu,0,PHONE,WALK_IN,Customer_000564,1,,SYNTHETIC,1.3.0,42,
C000565,WS0003,INDIVIDUAL,2025-08-15,İzmir,Ege,0,EMAIL,REFERRAL,Customer_000565,1,,SYNTHETIC,1.3.0,42,
C000566,WS0009,INDIVIDUAL,2023-05-17,Samsun,Karadeniz,0,WHATSAPP,ORGANIC,Customer_000566,1,,SYNTHETIC,1.3.0,42,
C000567,WS0004,INDIVIDUAL,2022-12-30,Bursa,Marmara,0,SMS,WALK_IN,Customer_000567,1,,SYNTHETIC,1.3.0,42,
C000568,WS0002,INDIVIDUAL,2024-10-31,Ankara,İç Anadolu,0,WHATSAPP,ORGANIC,Customer_000568,1,,SYNTHETIC,1.3.0,42,
C000569,WS0003,INDIVIDUAL,2025-03-27,İzmir,Ege,0,PHONE,WALK_IN,Customer_000569,1,,SYNTHETIC,1.3.0,42,
C000570,WS0010,INDIVIDUAL,2025-02-06,Eskişehir,İç Anadolu,0,WHATSAPP,ORGANIC,Customer_000570,1,,SYNTHETIC,1.3.0,42,
C000571,WS0003,INDIVIDUAL,2024-06-14,İzmir,Ege,0,PHONE,WALK_IN,Customer_000571,1,,SYNTHETIC,1.3.0,42,
C000572,WS0007,INDIVIDUAL,2022-08-19,Adana,Akdeniz,0,SMS,SOCIAL_MEDIA,Customer_000572,1,,SYNTHETIC,1.3.0,42,
C000573,WS0008,INDIVIDUAL,2022-05-06,Gaziantep,Güneydoğu Anadolu,0,PHONE,SOCIAL_MEDIA,Customer_000573,1,,SYNTHETIC,1.3.0,42,
C000574,WS0009,INDIVIDUAL,2025-03-08,Samsun,Karadeniz,0,SMS,WALK_IN,Customer_000574,1,,SYNTHETIC,1.3.0,42,
C000575,WS0006,INDIVIDUAL,2025-02-11,Konya,İç Anadolu,0,WHATSAPP,GOOGLE_MAPS,Customer_000575,1,,SYNTHETIC,1.3.0,42,
C000576,WS0002,INDIVIDUAL,2024-01-12,Ankara,İç Anadolu,0,EMAIL,GOOGLE_MAPS,Customer_000576,1,,SYNTHETIC,1.3.0,42,
C000577,WS0001,COMMERCIAL,2024-08-30,İstanbul,Marmara,0,EMAIL,DIRECT_SALES,Customer_000577,1,,SYNTHETIC,1.3.0,42,
C000578,WS0004,INDIVIDUAL,2021-03-17,Bursa,Marmara,0,WHATSAPP,GOOGLE_MAPS,Customer_000578,1,,SYNTHETIC,1.3.0,42,
C000579,WS0002,INDIVIDUAL,2021-04-27,Ankara,İç Anadolu,0,PHONE,SOCIAL_MEDIA,Customer_000579,1,,SYNTHETIC,1.3.0,42,
C000580,WS0002,INDIVIDUAL,2023-06-10,Ankara,İç Anadolu,0,PHONE,ORGANIC,Customer_000580,1,,SYNTHETIC,1.3.0,42,
C000581,WS0007,INDIVIDUAL,2024-11-29,Adana,Akdeniz,0,WHATSAPP,WALK_IN,Customer_000581,1,,SYNTHETIC,1.3.0,42,
C000582,WS0004,COMMERCIAL,2025-07-14,Bursa,Marmara,0,EMAIL,ORGANIC,Customer_000582,1,,SYNTHETIC,1.3.0,42,
C000583,WS0005,INDIVIDUAL,2022-05-24,Antalya,Akdeniz,0,SMS,SOCIAL_MEDIA,Customer_000583,1,,SYNTHETIC,1.3.0,42,
C000584,WS0002,INDIVIDUAL,2022-01-16,Ankara,İç Anadolu,0,SMS,ORGANIC,Customer_000584,1,,SYNTHETIC,1.3.0,42,
C000585,WS0009,INDIVIDUAL,2021-04-04,Samsun,Karadeniz,0,WHATSAPP,REFERRAL,Customer_000585,1,,SYNTHETIC,1.3.0,42,
C000586,WS0009,INDIVIDUAL,2023-05-19,Samsun,Karadeniz,0,PHONE,REFERRAL,Customer_000586,1,,SYNTHETIC,1.3.0,42,
C000587,WS0007,INDIVIDUAL,2022-06-19,Adana,Akdeniz,0,EMAIL,ORGANIC,Customer_000587,1,,SYNTHETIC,1.3.0,42,
C000588,WS0010,INDIVIDUAL,2022-09-04,Eskişehir,İç Anadolu,0,WHATSAPP,REFERRAL,Customer_000588,0,2024-10-17,SYNTHETIC,1.3.0,42,
C000589,WS0003,INDIVIDUAL,2025-04-30,İzmir,Ege,0,EMAIL,WALK_IN,Customer_000589,1,,SYNTHETIC,1.3.0,42,
C000590,WS0006,INDIVIDUAL,2021-09-23,Konya,İç Anadolu,0,WHATSAPP,ORGANIC,Customer_000590,1,,SYNTHETIC,1.3.0,42,
C000591,WS0001,INDIVIDUAL,2021-04-01,İstanbul,Marmara,0,PHONE,ORGANIC,Customer_000591,1,,SYNTHETIC,1.3.0,42,
C000592,WS0004,INDIVIDUAL,2021-10-15,Bursa,Marmara,0,WHATSAPP,GOOGLE_MAPS,Customer_000592,1,,SYNTHETIC,1.3.0,42,
C000593,WS0001,INDIVIDUAL,2023-01-12,İstanbul,Marmara,0,WHATSAPP,ORGANIC,Customer_000593,1,,SYNTHETIC,1.3.0,42,
C000594,WS0003,INDIVIDUAL,2022-06-02,İzmir,Ege,0,PHONE,GOOGLE_MAPS,Customer_000594,1,,SYNTHETIC,1.3.0,42,
C000595,WS0002,INDIVIDUAL,2023-07-08,Ankara,İç Anadolu,0,WHATSAPP,GOOGLE_MAPS,Customer_000595,1,,SYNTHETIC,1.3.0,42,
C000596,WS0003,INDIVIDUAL,2025-01-27,İzmir,Ege,0,PHONE,WALK_IN,Customer_000596,1,,SYNTHETIC,1.3.0,42,
C000597,WS0009,INDIVIDUAL,2022-06-09,Samsun,Karadeniz,0,PHONE,REFERRAL,Customer_000597,1,,SYNTHETIC,1.3.0,42,
C000598,WS0007,INDIVIDUAL,2023-01-06,Adana,Akdeniz,0,SMS,REFERRAL,Customer_000598,1,,SYNTHETIC,1.3.0,42,
C000599,WS0010,INDIVIDUAL,2022-01-21,Eskişehir,İç Anadolu,0,EMAIL,ORGANIC,Customer_000599,1,,SYNTHETIC,1.3.0,42,
C000600,WS0008,COMMERCIAL,2023-10-10,Gaziantep,Güneydoğu Anadolu,0,EMAIL,ORGANIC,Customer_000600,1,,SYNTHETIC,1.3.0,42,
C000601,WS0007,INDIVIDUAL,2025-06-28,Adana,Akdeniz,0,WHATSAPP,ORGANIC,Customer_000601,0,2026-02-20,SYNTHETIC,1.3.0,42,
C000602,WS0001,COMMERCIAL,2025-04-07,İstanbul,Marmara,0,WHATSAPP,FLEET_PARTNERSHIP,Customer_000602,1,,SYNTHETIC,1.3.0,42,
C000603,WS0009,COMMERCIAL,2023-06-23,Samsun,Karadeniz,0,EMAIL,REFERRAL,Customer_000603,0,2025-08-21,SYNTHETIC,1.3.0,42,
C000604,WS0002,INDIVIDUAL,2024-04-27,Ankara,İç Anadolu,0,PHONE,REFERRAL,Customer_000604,1,,SYNTHETIC,1.3.0,42,
C000605,WS0004,INDIVIDUAL,2024-05-23,Bursa,Marmara,0,WHATSAPP,GOOGLE_MAPS,Customer_000605,1,,SYNTHETIC,1.3.0,42,
C000606,WS0008,INDIVIDUAL,2026-06-24,Gaziantep,Güneydoğu Anadolu,0,SMS,REFERRAL,Customer_000606,1,,SYNTHETIC,1.3.0,42,
C000607,WS0005,COMMERCIAL,2021-11-16,Antalya,Akdeniz,0,EMAIL,FLEET_PARTNERSHIP,Customer_000607,1,,SYNTHETIC,1.3.0,42,
C000608,WS0003,INDIVIDUAL,2026-06-12,İzmir,Ege,0,WHATSAPP,SOCIAL_MEDIA,Customer_000608,1,,SYNTHETIC,1.3.0,42,
C000609,WS0007,INDIVIDUAL,2021-04-02,Adana,Akdeniz,0,WHATSAPP,ORGANIC,Customer_000609,1,,SYNTHETIC,1.3.0,42,
C000610,WS0003,INDIVIDUAL,2025-08-08,İzmir,Ege,0,PHONE,WALK_IN,Customer_000610,1,,SYNTHETIC,1.3.0,42,
C000611,WS0007,COMMERCIAL,2024-01-11,Adana,Akdeniz,0,PHONE,DIRECT_SALES,Customer_000611,1,,SYNTHETIC,1.3.0,42,
C000612,WS0001,INDIVIDUAL,2021-05-28,İstanbul,Marmara,0,SMS,ORGANIC,Customer_000612,0,2022-07-09,SYNTHETIC,1.3.0,42,
C000613,WS0003,INDIVIDUAL,2025-06-22,İzmir,Ege,0,EMAIL,REFERRAL,Customer_000613,1,,SYNTHETIC,1.3.0,42,
C000614,WS0002,INDIVIDUAL,2023-08-28,Ankara,İç Anadolu,0,PHONE,WALK_IN,Customer_000614,1,,SYNTHETIC,1.3.0,42,
C000615,WS0005,INDIVIDUAL,2023-04-21,Antalya,Akdeniz,0,WHATSAPP,SOCIAL_MEDIA,Customer_000615,1,,SYNTHETIC,1.3.0,42,
C000616,WS0009,INDIVIDUAL,2021-07-12,Samsun,Karadeniz,0,PHONE,SOCIAL_MEDIA,Customer_000616,0,2023-02-22,SYNTHETIC,1.3.0,42,
C000617,WS0010,INDIVIDUAL,2021-06-29,Eskişehir,İç Anadolu,0,EMAIL,ORGANIC,Customer_000617,1,,SYNTHETIC,1.3.0,42,
C000618,WS0010,INDIVIDUAL,2023-05-31,Eskişehir,İç Anadolu,0,WHATSAPP,ORGANIC,Customer_000618,1,,SYNTHETIC,1.3.0,42,
C000619,WS0004,INDIVIDUAL,2023-05-10,Bursa,Marmara,0,PHONE,ORGANIC,Customer_000619,1,,SYNTHETIC,1.3.0,42,
C000620,WS0001,COMMERCIAL,2022-07-17,İstanbul,Marmara,0,PHONE,REFERRAL,Customer_000620,0,2024-07-17,SYNTHETIC,1.3.0,42,
C000621,WS0010,FLEET,2024-04-23,Eskişehir,İç Anadolu,1,WHATSAPP,FLEET_PARTNERSHIP,Customer_000621,1,,SYNTHETIC,1.3.0,42,
C000622,WS0006,INDIVIDUAL,2025-10-22,Konya,İç Anadolu,0,WHATSAPP,ORGANIC,Customer_000622,1,,SYNTHETIC,1.3.0,42,
C000623,WS0001,COMMERCIAL,2026-05-18,İstanbul,Marmara,0,WHATSAPP,DIRECT_SALES,Customer_000623,1,,SYNTHETIC,1.3.0,42,
C000624,WS0004,INDIVIDUAL,2025-05-30,Bursa,Marmara,0,WHATSAPP,WALK_IN,Customer_000624,0,2026-05-02,SYNTHETIC,1.3.0,42,
C000625,WS0006,INDIVIDUAL,2026-02-15,Konya,İç Anadolu,0,WHATSAPP,REFERRAL,Customer_000625,1,,SYNTHETIC,1.3.0,42,
C000626,WS0002,INDIVIDUAL,2022-06-29,Ankara,İç Anadolu,0,WHATSAPP,ORGANIC,Customer_000626,1,,SYNTHETIC,1.3.0,42,
C000627,WS0008,COMMERCIAL,2024-02-03,Gaziantep,Güneydoğu Anadolu,0,EMAIL,DIRECT_SALES,Customer_000627,1,,SYNTHETIC,1.3.0,42,
C000628,WS0006,COMMERCIAL,2024-04-03,Konya,İç Anadolu,0,WHATSAPP,DIRECT_SALES,Customer_000628,1,,SYNTHETIC,1.3.0,42,
C000629,WS0001,INDIVIDUAL,2021-09-07,İstanbul,Marmara,0,SMS,ORGANIC,Customer_000629,1,,SYNTHETIC,1.3.0,42,
C000630,WS0010,INDIVIDUAL,2022-02-12,Eskişehir,İç Anadolu,0,WHATSAPP,GOOGLE_MAPS,Customer_000630,1,,SYNTHETIC,1.3.0,42,
C000631,WS0007,COMMERCIAL,2021-02-21,Adana,Akdeniz,0,WHATSAPP,DIRECT_SALES,Customer_000631,1,,SYNTHETIC,1.3.0,42,
C000632,WS0006,INDIVIDUAL,2023-09-24,Konya,İç Anadolu,0,PHONE,ORGANIC,Customer_000632,1,,SYNTHETIC,1.3.0,42,
C000633,WS0009,COMMERCIAL,2023-05-09,Samsun,Karadeniz,0,EMAIL,REFERRAL,Customer_000633,1,,SYNTHETIC,1.3.0,42,
C000634,WS0010,INDIVIDUAL,2021-09-07,Eskişehir,İç Anadolu,0,WHATSAPP,GOOGLE_MAPS,Customer_000634,1,,SYNTHETIC,1.3.0,42,
C000635,WS0001,INDIVIDUAL,2023-01-11,İstanbul,Marmara,0,EMAIL,ORGANIC,Customer_000635,1,,SYNTHETIC,1.3.0,42,
C000636,WS0001,INDIVIDUAL,2022-10-20,İstanbul,Marmara,0,EMAIL,ORGANIC,Customer_000636,0,2023-11-29,SYNTHETIC,1.3.0,42,
C000637,WS0010,INDIVIDUAL,2024-06-04,Eskişehir,İç Anadolu,0,WHATSAPP,WALK_IN,Customer_000637,1,,SYNTHETIC,1.3.0,42,
C000638,WS0007,INDIVIDUAL,2023-11-27,Adana,Akdeniz,0,WHATSAPP,ORGANIC,Customer_000638,1,,SYNTHETIC,1.3.0,42,
C000639,WS0001,INDIVIDUAL,2023-02-02,İstanbul,Marmara,0,WHATSAPP,WALK_IN,Customer_000639,1,,SYNTHETIC,1.3.0,42,
C000640,WS0003,INDIVIDUAL,2021-08-25,İzmir,Ege,0,WHATSAPP,ORGANIC,Customer_000640,1,,SYNTHETIC,1.3.0,42,
C000641,WS0007,INDIVIDUAL,2023-06-12,Adana,Akdeniz,0,WHATSAPP,SOCIAL_MEDIA,Customer_000641,1,,SYNTHETIC,1.3.0,42,
C000642,WS0005,INDIVIDUAL,2022-10-07,Antalya,Akdeniz,0,PHONE,REFERRAL,Customer_000642,1,,SYNTHETIC,1.3.0,42,
C000643,WS0003,INDIVIDUAL,2025-09-18,İzmir,Ege,0,WHATSAPP,REFERRAL,Customer_000643,1,,SYNTHETIC,1.3.0,42,
C000644,WS0003,INDIVIDUAL,2024-11-22,İzmir,Ege,0,WHATSAPP,ORGANIC,Customer_000644,1,,SYNTHETIC,1.3.0,42,
C000645,WS0009,INDIVIDUAL,2023-03-02,Samsun,Karadeniz,0,WHATSAPP,WALK_IN,Customer_000645,0,2026-04-16,SYNTHETIC,1.3.0,42,
C000646,WS0003,INDIVIDUAL,2022-04-06,İzmir,Ege,0,SMS,WALK_IN,Customer_000646,1,,SYNTHETIC,1.3.0,42,
C000647,WS0005,INDIVIDUAL,2024-03-09,Antalya,Akdeniz,0,PHONE,GOOGLE_MAPS,Customer_000647,1,,SYNTHETIC,1.3.0,42,
C000648,WS0003,INDIVIDUAL,2022-08-17,İzmir,Ege,0,WHATSAPP,GOOGLE_MAPS,Customer_000648,1,,SYNTHETIC,1.3.0,42,
C000649,WS0006,INDIVIDUAL,2021-04-23,Konya,İç Anadolu,0,WHATSAPP,REFERRAL,Customer_000649,1,,SYNTHETIC,1.3.0,42,
C000650,WS0008,INDIVIDUAL,2021-02-05,Gaziantep,Güneydoğu Anadolu,0,EMAIL,ORGANIC,Customer_000650,1,,SYNTHETIC,1.3.0,42,
C000651,WS0009,INDIVIDUAL,2021-06-06,Samsun,Karadeniz,0,SMS,WALK_IN,Customer_000651,1,,SYNTHETIC,1.3.0,42,
C000652,WS0003,INDIVIDUAL,2021-11-22,İzmir,Ege,0,WHATSAPP,SOCIAL_MEDIA,Customer_000652,1,,SYNTHETIC,1.3.0,42,
C000653,WS0006,INDIVIDUAL,2021-09-27,Konya,İç Anadolu,0,SMS,WALK_IN,Customer_000653,1,,SYNTHETIC,1.3.0,42,
C000654,WS0001,INDIVIDUAL,2022-06-18,İstanbul,Marmara,0,WHATSAPP,ORGANIC,Customer_000654,1,,SYNTHETIC,1.3.0,42,
C000655,WS0006,INDIVIDUAL,2025-04-06,Konya,İç Anadolu,0,WHATSAPP,REFERRAL,Customer_000655,1,,SYNTHETIC,1.3.0,42,
C000656,WS0006,INDIVIDUAL,2022-10-02,Konya,İç Anadolu,0,PHONE,WALK_IN,Customer_000656,1,,SYNTHETIC,1.3.0,42,
C000657,WS0001,INDIVIDUAL,2022-07-21,İstanbul,Marmara,0,SMS,ORGANIC,Customer_000657,1,,SYNTHETIC,1.3.0,42,
C000658,WS0008,INDIVIDUAL,2021-01-07,Gaziantep,Güneydoğu Anadolu,0,WHATSAPP,GOOGLE_MAPS,Customer_000658,0,2023-12-01,SYNTHETIC,1.3.0,42,
C000659,WS0001,INDIVIDUAL,2024-03-01,İstanbul,Marmara,0,PHONE,ORGANIC,Customer_000659,1,,SYNTHETIC,1.3.0,42,
C000660,WS0002,INDIVIDUAL,2022-06-07,Ankara,İç Anadolu,0,SMS,REFERRAL,Customer_000660,1,,SYNTHETIC,1.3.0,42,
C000661,WS0010,INDIVIDUAL,2021-04-21,Eskişehir,İç Anadolu,0,WHATSAPP,GOOGLE_MAPS,Customer_000661,1,,SYNTHETIC,1.3.0,42,
C000662,WS0004,INDIVIDUAL,2025-08-29,Bursa,Marmara,0,PHONE,REFERRAL,Customer_000662,1,,SYNTHETIC,1.3.0,42,
C000663,WS0004,INDIVIDUAL,2021-10-06,Bursa,Marmara,0,WHATSAPP,GOOGLE_MAPS,Customer_000663,1,,SYNTHETIC,1.3.0,42,
C000664,WS0003,INDIVIDUAL,2024-08-22,İzmir,Ege,0,SMS,SOCIAL_MEDIA,Customer_000664,1,,SYNTHETIC,1.3.0,42,
C000665,WS0002,INDIVIDUAL,2025-10-06,Ankara,İç Anadolu,0,PHONE,ORGANIC,Customer_000665,1,,SYNTHETIC,1.3.0,42,
C000666,WS0003,INDIVIDUAL,2026-01-02,İzmir,Ege,0,EMAIL,GOOGLE_MAPS,Customer_000666,1,,SYNTHETIC,1.3.0,42,
C000667,WS0004,INDIVIDUAL,2021-08-14,Bursa,Marmara,0,PHONE,SOCIAL_MEDIA,Customer_000667,1,,SYNTHETIC,1.3.0,42,
C000668,WS0008,INDIVIDUAL,2021-09-08,Gaziantep,Güneydoğu Anadolu,0,SMS,SOCIAL_MEDIA,Customer_000668,0,2024-08-07,SYNTHETIC,1.3.0,42,
C000669,WS0003,INDIVIDUAL,2024-03-05,İzmir,Ege,0,SMS,ORGANIC,Customer_000669,1,,SYNTHETIC,1.3.0,42,
C000670,WS0010,INDIVIDUAL,2022-07-10,Eskişehir,İç Anadolu,0,PHONE,GOOGLE_MAPS,Customer_000670,1,,SYNTHETIC,1.3.0,42,
C000671,WS0001,INDIVIDUAL,2023-09-15,İstanbul,Marmara,0,WHATSAPP,WALK_IN,Customer_000671,1,,SYNTHETIC,1.3.0,42,
C000672,WS0002,INDIVIDUAL,2025-09-08,Ankara,İç Anadolu,0,PHONE,REFERRAL,Customer_000672,1,,SYNTHETIC,1.3.0,42,
C000673,WS0002,INDIVIDUAL,2023-11-29,Ankara,İç Anadolu,0,WHATSAPP,WALK_IN,Customer_000673,1,,SYNTHETIC,1.3.0,42,
C000674,WS0003,INDIVIDUAL,2023-04-20,İzmir,Ege,0,SMS,WALK_IN,Customer_000674,0,2024-11-04,SYNTHETIC,1.3.0,42,
C000675,WS0001,INDIVIDUAL,2026-03-15,İstanbul,Marmara,0,WHATSAPP,GOOGLE_MAPS,Customer_000675,1,,SYNTHETIC,1.3.0,42,
C000676,WS0010,INDIVIDUAL,2026-04-01,Eskişehir,İç Anadolu,0,WHATSAPP,REFERRAL,Customer_000676,1,,SYNTHETIC,1.3.0,42,
C000677,WS0002,INDIVIDUAL,2021-10-11,Ankara,İç Anadolu,0,SMS,WALK_IN,Customer_000677,1,,SYNTHETIC,1.3.0,42,
C000678,WS0006,INDIVIDUAL,2022-03-09,Konya,İç Anadolu,0,WHATSAPP,ORGANIC,Customer_000678,1,,SYNTHETIC,1.3.0,42,
C000679,WS0002,INDIVIDUAL,2025-03-30,Ankara,İç Anadolu,0,SMS,WALK_IN,Customer_000679,1,,SYNTHETIC,1.3.0,42,
C000680,WS0006,INDIVIDUAL,2023-05-01,Konya,İç Anadolu,0,WHATSAPP,GOOGLE_MAPS,Customer_000680,1,,SYNTHETIC,1.3.0,42,
C000681,WS0001,INDIVIDUAL,2025-06-23,İstanbul,Marmara,0,SMS,REFERRAL,Customer_000681,1,,SYNTHETIC,1.3.0,42,
C000682,WS0003,INDIVIDUAL,2021-05-31,İzmir,Ege,0,WHATSAPP,REFERRAL,Customer_000682,1,,SYNTHETIC,1.3.0,42,
C000683,WS0005,INDIVIDUAL,2022-10-22,Antalya,Akdeniz,0,WHATSAPP,REFERRAL,Customer_000683,1,,SYNTHETIC,1.3.0,42,
C000684,WS0003,INDIVIDUAL,2025-04-29,İzmir,Ege,0,WHATSAPP,GOOGLE_MAPS,Customer_000684,1,,SYNTHETIC,1.3.0,42,
C000685,WS0001,INDIVIDUAL,2021-07-23,İstanbul,Marmara,0,EMAIL,GOOGLE_MAPS,Customer_000685,1,,SYNTHETIC,1.3.0,42,
C000686,WS0009,INDIVIDUAL,2023-08-31,Samsun,Karadeniz,0,WHATSAPP,GOOGLE_MAPS,Customer_000686,0,2026-02-06,SYNTHETIC,1.3.0,42,
C000687,WS0010,INDIVIDUAL,2026-05-23,Eskişehir,İç Anadolu,0,WHATSAPP,ORGANIC,Customer_000687,1,,SYNTHETIC,1.3.0,42,
C000688,WS0008,INDIVIDUAL,2026-02-13,Gaziantep,Güneydoğu Anadolu,0,EMAIL,WALK_IN,Customer_000688,1,,SYNTHETIC,1.3.0,42,
C000689,WS0007,INDIVIDUAL,2021-12-29,Adana,Akdeniz,0,WHATSAPP,SOCIAL_MEDIA,Customer_000689,1,,SYNTHETIC,1.3.0,42,
C000690,WS0007,COMMERCIAL,2022-09-16,Adana,Akdeniz,0,WHATSAPP,DIRECT_SALES,Customer_000690,1,,SYNTHETIC,1.3.0,42,
C000691,WS0003,INDIVIDUAL,2025-06-10,İzmir,Ege,0,WHATSAPP,GOOGLE_MAPS,Customer_000691,1,,SYNTHETIC,1.3.0,42,
C000692,WS0002,INDIVIDUAL,2023-06-08,Ankara,İç Anadolu,0,PHONE,ORGANIC,Customer_000692,1,,SYNTHETIC,1.3.0,42,
C000693,WS0010,INDIVIDUAL,2022-10-27,Eskişehir,İç Anadolu,0,PHONE,ORGANIC,Customer_000693,1,,SYNTHETIC,1.3.0,42,
C000694,WS0009,INDIVIDUAL,2024-05-08,Samsun,Karadeniz,0,WHATSAPP,REFERRAL,Customer_000694,1,,SYNTHETIC,1.3.0,42,
C000695,WS0005,INDIVIDUAL,2024-03-03,Antalya,Akdeniz,0,WHATSAPP,SOCIAL_MEDIA,Customer_000695,1,,SYNTHETIC,1.3.0,42,
C000696,WS0005,INDIVIDUAL,2026-05-14,Antalya,Akdeniz,0,SMS,REFERRAL,Customer_000696,1,,SYNTHETIC,1.3.0,42,
C000697,WS0008,INDIVIDUAL,2024-07-07,Gaziantep,Güneydoğu Anadolu,0,WHATSAPP,GOOGLE_MAPS,Customer_000697,1,,SYNTHETIC,1.3.0,42,
C000698,WS0008,INDIVIDUAL,2021-10-31,Gaziantep,Güneydoğu Anadolu,0,WHATSAPP,SOCIAL_MEDIA,Customer_000698,1,,SYNTHETIC,1.3.0,42,
C000699,WS0006,INDIVIDUAL,2022-08-28,Konya,İç Anadolu,0,SMS,SOCIAL_MEDIA,Customer_000699,1,,SYNTHETIC,1.3.0,42,
C000700,WS0003,INDIVIDUAL,2021-07-19,İzmir,Ege,0,SMS,ORGANIC,Customer_000700,1,,SYNTHETIC,1.3.0,42,
C000701,WS0002,INDIVIDUAL,2023-06-25,Ankara,İç Anadolu,0,SMS,SOCIAL_MEDIA,Customer_000701,1,,SYNTHETIC,1.3.0,42,
C000702,WS0006,INDIVIDUAL,2024-09-07,Konya,İç Anadolu,0,WHATSAPP,ORGANIC,Customer_000702,1,,SYNTHETIC,1.3.0,42,
C000703,WS0001,INDIVIDUAL,2026-04-03,İstanbul,Marmara,0,WHATSAPP,ORGANIC,Customer_000703,1,,SYNTHETIC,1.3.0,42,
C000704,WS0001,INDIVIDUAL,2021-07-13,İstanbul,Marmara,0,WHATSAPP,SOCIAL_MEDIA,Customer_000704,1,,SYNTHETIC,1.3.0,42,
C000705,WS0004,INDIVIDUAL,2024-08-15,Bursa,Marmara,0,EMAIL,WALK_IN,Customer_000705,1,,SYNTHETIC,1.3.0,42,
C000706,WS0003,INDIVIDUAL,2025-01-29,İzmir,Ege,0,WHATSAPP,REFERRAL,Customer_000706,1,,SYNTHETIC,1.3.0,42,
C000707,WS0007,INDIVIDUAL,2022-07-19,Adana,Akdeniz,0,PHONE,GOOGLE_MAPS,Customer_000707,1,,SYNTHETIC,1.3.0,42,
C000708,WS0004,INDIVIDUAL,2023-11-04,Bursa,Marmara,0,WHATSAPP,WALK_IN,Customer_000708,1,,SYNTHETIC,1.3.0,42,
C000709,WS0005,INDIVIDUAL,2023-06-13,Antalya,Akdeniz,0,WHATSAPP,SOCIAL_MEDIA,Customer_000709,1,,SYNTHETIC,1.3.0,42,
C000710,WS0010,INDIVIDUAL,2024-11-07,Eskişehir,İç Anadolu,0,WHATSAPP,ORGANIC,Customer_000710,1,,SYNTHETIC,1.3.0,42,
C000711,WS0008,INDIVIDUAL,2023-08-19,Gaziantep,Güneydoğu Anadolu,0,WHATSAPP,GOOGLE_MAPS,Customer_000711,1,,SYNTHETIC,1.3.0,42,
C000712,WS0010,INDIVIDUAL,2021-08-20,Eskişehir,İç Anadolu,0,WHATSAPP,ORGANIC,Customer_000712,1,,SYNTHETIC,1.3.0,42,
C000713,WS0005,COMMERCIAL,2025-01-08,Antalya,Akdeniz,0,EMAIL,DIRECT_SALES,Customer_000713,1,,SYNTHETIC,1.3.0,42,
C000714,WS0005,COMMERCIAL,2022-07-15,Antalya,Akdeniz,0,PHONE,DIRECT_SALES,Customer_000714,1,,SYNTHETIC,1.3.0,42,
C000715,WS0003,INDIVIDUAL,2022-01-02,İzmir,Ege,0,SMS,REFERRAL,Customer_000715,1,,SYNTHETIC,1.3.0,42,
C000716,WS0006,INDIVIDUAL,2024-12-14,Konya,İç Anadolu,0,PHONE,ORGANIC,Customer_000716,1,,SYNTHETIC,1.3.0,42,
C000717,WS0008,INDIVIDUAL,2024-10-30,Gaziantep,Güneydoğu Anadolu,0,PHONE,ORGANIC,Customer_000717,1,,SYNTHETIC,1.3.0,42,
C000718,WS0004,INDIVIDUAL,2021-10-31,Bursa,Marmara,0,SMS,ORGANIC,Customer_000718,1,,SYNTHETIC,1.3.0,42,
C000719,WS0001,INDIVIDUAL,2023-10-18,İstanbul,Marmara,0,WHATSAPP,WALK_IN,Customer_000719,1,,SYNTHETIC,1.3.0,42,
C000720,WS0005,INDIVIDUAL,2022-04-30,Antalya,Akdeniz,0,PHONE,ORGANIC,Customer_000720,1,,SYNTHETIC,1.3.0,42,
C000721,WS0003,COMMERCIAL,2022-04-21,İzmir,Ege,0,EMAIL,DIRECT_SALES,Customer_000721,1,,SYNTHETIC,1.3.0,42,
C000722,WS0004,INDIVIDUAL,2024-10-12,Bursa,Marmara,0,SMS,ORGANIC,Customer_000722,1,,SYNTHETIC,1.3.0,42,
C000723,WS0009,INDIVIDUAL,2024-05-04,Samsun,Karadeniz,0,WHATSAPP,SOCIAL_MEDIA,Customer_000723,1,,SYNTHETIC,1.3.0,42,
C000724,WS0008,INDIVIDUAL,2025-09-20,Gaziantep,Güneydoğu Anadolu,0,WHATSAPP,WALK_IN,Customer_000724,1,,SYNTHETIC,1.3.0,42,
C000725,WS0009,INDIVIDUAL,2024-08-06,Samsun,Karadeniz,0,SMS,REFERRAL,Customer_000725,1,,SYNTHETIC,1.3.0,42,
C000726,WS0001,INDIVIDUAL,2022-08-05,İstanbul,Marmara,0,WHATSAPP,ORGANIC,Customer_000726,1,,SYNTHETIC,1.3.0,42,
C000727,WS0008,INDIVIDUAL,2021-10-30,Gaziantep,Güneydoğu Anadolu,0,PHONE,SOCIAL_MEDIA,Customer_000727,0,2023-11-30,SYNTHETIC,1.3.0,42,
C000728,WS0003,INDIVIDUAL,2022-10-31,İzmir,Ege,0,WHATSAPP,REFERRAL,Customer_000728,1,,SYNTHETIC,1.3.0,42,
C000729,WS0004,INDIVIDUAL,2022-05-11,Bursa,Marmara,0,WHATSAPP,REFERRAL,Customer_000729,1,,SYNTHETIC,1.3.0,42,
C000730,WS0008,INDIVIDUAL,2026-05-27,Gaziantep,Güneydoğu Anadolu,0,PHONE,GOOGLE_MAPS,Customer_000730,1,,SYNTHETIC,1.3.0,42,
C000731,WS0008,INDIVIDUAL,2025-01-26,Gaziantep,Güneydoğu Anadolu,0,WHATSAPP,SOCIAL_MEDIA,Customer_000731,1,,SYNTHETIC,1.3.0,42,
C000732,WS0006,INDIVIDUAL,2025-10-15,Konya,İç Anadolu,0,WHATSAPP,REFERRAL,Customer_000732,1,,SYNTHETIC,1.3.0,42,
C000733,WS0002,INDIVIDUAL,2025-06-27,Ankara,İç Anadolu,0,PHONE,WALK_IN,Customer_000733,1,,SYNTHETIC,1.3.0,42,
C000734,WS0001,INDIVIDUAL,2023-10-28,İstanbul,Marmara,0,WHATSAPP,REFERRAL,Customer_000734,1,,SYNTHETIC,1.3.0,42,
C000735,WS0008,INDIVIDUAL,2023-04-19,Gaziantep,Güneydoğu Anadolu,0,EMAIL,GOOGLE_MAPS,Customer_000735,1,,SYNTHETIC,1.3.0,42,
C000736,WS0009,INDIVIDUAL,2023-10-26,Samsun,Karadeniz,0,WHATSAPP,REFERRAL,Customer_000736,0,2024-09-19,SYNTHETIC,1.3.0,42,
C000737,WS0006,COMMERCIAL,2022-06-02,Konya,İç Anadolu,0,EMAIL,DIRECT_SALES,Customer_000737,1,,SYNTHETIC,1.3.0,42,
C000738,WS0009,INDIVIDUAL,2024-01-28,Samsun,Karadeniz,0,PHONE,REFERRAL,Customer_000738,0,2024-12-16,SYNTHETIC,1.3.0,42,
C000739,WS0003,INDIVIDUAL,2021-07-13,İzmir,Ege,0,PHONE,ORGANIC,Customer_000739,1,,SYNTHETIC,1.3.0,42,
C000740,WS0008,INDIVIDUAL,2021-06-27,Gaziantep,Güneydoğu Anadolu,0,WHATSAPP,REFERRAL,Customer_000740,1,,SYNTHETIC,1.3.0,42,
C000741,WS0004,INDIVIDUAL,2025-12-15,Bursa,Marmara,0,WHATSAPP,SOCIAL_MEDIA,Customer_000741,1,,SYNTHETIC,1.3.0,42,
C000742,WS0005,INDIVIDUAL,2023-09-25,Antalya,Akdeniz,0,WHATSAPP,WALK_IN,Customer_000742,1,,SYNTHETIC,1.3.0,42,
C000743,WS0006,INDIVIDUAL,2026-03-19,Konya,İç Anadolu,0,WHATSAPP,ORGANIC,Customer_000743,1,,SYNTHETIC,1.3.0,42,
C000744,WS0005,INDIVIDUAL,2026-02-03,Antalya,Akdeniz,0,WHATSAPP,REFERRAL,Customer_000744,0,2026-06-21,SYNTHETIC,1.3.0,42,
C000745,WS0006,COMMERCIAL,2023-07-21,Konya,İç Anadolu,0,EMAIL,DIRECT_SALES,Customer_000745,1,,SYNTHETIC,1.3.0,42,
C000746,WS0006,COMMERCIAL,2021-10-16,Konya,İç Anadolu,0,WHATSAPP,REFERRAL,Customer_000746,1,,SYNTHETIC,1.3.0,42,
C000747,WS0002,INDIVIDUAL,2021-10-27,Ankara,İç Anadolu,0,EMAIL,REFERRAL,Customer_000747,1,,SYNTHETIC,1.3.0,42,
C000748,WS0004,COMMERCIAL,2024-02-24,Bursa,Marmara,0,WHATSAPP,DIRECT_SALES,Customer_000748,1,,SYNTHETIC,1.3.0,42,
C000749,WS0006,COMMERCIAL,2025-11-06,Konya,İç Anadolu,0,EMAIL,FLEET_PARTNERSHIP,Customer_000749,1,,SYNTHETIC,1.3.0,42,
C000750,WS0006,INDIVIDUAL,2022-03-25,Konya,İç Anadolu,0,WHATSAPP,ORGANIC,Customer_000750,1,,SYNTHETIC,1.3.0,42,
C000751,WS0002,INDIVIDUAL,2021-05-13,Ankara,İç Anadolu,0,WHATSAPP,ORGANIC,Customer_000751,1,,SYNTHETIC,1.3.0,42,
C000752,WS0003,INDIVIDUAL,2023-07-03,İzmir,Ege,0,WHATSAPP,ORGANIC,Customer_000752,0,2024-12-03,SYNTHETIC,1.3.0,42,
C000753,WS0005,INDIVIDUAL,2024-11-22,Antalya,Akdeniz,0,PHONE,ORGANIC,Customer_000753,1,,SYNTHETIC,1.3.0,42,
C000754,WS0008,INDIVIDUAL,2022-02-24,Gaziantep,Güneydoğu Anadolu,0,WHATSAPP,GOOGLE_MAPS,Customer_000754,1,,SYNTHETIC,1.3.0,42,
C000755,WS0002,INDIVIDUAL,2022-02-01,Ankara,İç Anadolu,0,PHONE,REFERRAL,Customer_000755,1,,SYNTHETIC,1.3.0,42,
C000756,WS0009,INDIVIDUAL,2022-11-06,Samsun,Karadeniz,0,WHATSAPP,ORGANIC,Customer_000756,1,,SYNTHETIC,1.3.0,42,
C000757,WS0006,INDIVIDUAL,2021-05-10,Konya,İç Anadolu,0,PHONE,WALK_IN,Customer_000757,1,,SYNTHETIC,1.3.0,42,
C000758,WS0007,INDIVIDUAL,2022-10-10,Adana,Akdeniz,0,WHATSAPP,GOOGLE_MAPS,Customer_000758,0,2023-04-23,SYNTHETIC,1.3.0,42,
C000759,WS0008,INDIVIDUAL,2021-07-01,Gaziantep,Güneydoğu Anadolu,0,PHONE,REFERRAL,Customer_000759,1,,SYNTHETIC,1.3.0,42,
C000760,WS0008,INDIVIDUAL,2022-07-17,Gaziantep,Güneydoğu Anadolu,0,PHONE,ORGANIC,Customer_000760,0,2024-12-30,SYNTHETIC,1.3.0,42,
C000761,WS0008,INDIVIDUAL,2022-10-24,Gaziantep,Güneydoğu Anadolu,0,WHATSAPP,REFERRAL,Customer_000761,1,,SYNTHETIC,1.3.0,42,
C000762,WS0002,INDIVIDUAL,2021-01-01,Ankara,İç Anadolu,0,WHATSAPP,REFERRAL,Customer_000762,1,,SYNTHETIC,1.3.0,42,
C000763,WS0008,INDIVIDUAL,2021-08-12,Gaziantep,Güneydoğu Anadolu,0,WHATSAPP,GOOGLE_MAPS,Customer_000763,1,,SYNTHETIC,1.3.0,42,
C000764,WS0007,COMMERCIAL,2021-08-29,Adana,Akdeniz,0,EMAIL,FLEET_PARTNERSHIP,Customer_000764,0,2025-04-14,SYNTHETIC,1.3.0,42,
C000765,WS0003,COMMERCIAL,2025-10-17,İzmir,Ege,0,PHONE,FLEET_PARTNERSHIP,Customer_000765,1,,SYNTHETIC,1.3.0,42,
C000766,WS0002,INDIVIDUAL,2021-02-09,Ankara,İç Anadolu,0,WHATSAPP,SOCIAL_MEDIA,Customer_000766,1,,SYNTHETIC,1.3.0,42,
C000767,WS0003,COMMERCIAL,2025-05-26,İzmir,Ege,0,WHATSAPP,DIRECT_SALES,Customer_000767,0,2026-05-12,SYNTHETIC,1.3.0,42,
C000768,WS0009,INDIVIDUAL,2022-07-04,Samsun,Karadeniz,0,PHONE,REFERRAL,Customer_000768,1,,SYNTHETIC,1.3.0,42,
C000769,WS0006,COMMERCIAL,2023-11-21,Konya,İç Anadolu,0,EMAIL,DIRECT_SALES,Customer_000769,1,,SYNTHETIC,1.3.0,42,
C000770,WS0009,INDIVIDUAL,2023-07-22,Samsun,Karadeniz,0,WHATSAPP,WALK_IN,Customer_000770,1,,SYNTHETIC,1.3.0,42,
C000771,WS0008,INDIVIDUAL,2023-02-11,Gaziantep,Güneydoğu Anadolu,0,WHATSAPP,SOCIAL_MEDIA,Customer_000771,1,,SYNTHETIC,1.3.0,42,
C000772,WS0009,INDIVIDUAL,2026-03-09,Samsun,Karadeniz,0,WHATSAPP,GOOGLE_MAPS,Customer_000772,1,,SYNTHETIC,1.3.0,42,
C000773,WS0008,INDIVIDUAL,2023-05-27,Gaziantep,Güneydoğu Anadolu,0,PHONE,WALK_IN,Customer_000773,1,,SYNTHETIC,1.3.0,42,
C000774,WS0006,INDIVIDUAL,2025-09-21,Konya,İç Anadolu,0,WHATSAPP,REFERRAL,Customer_000774,1,,SYNTHETIC,1.3.0,42,
C000775,WS0006,INDIVIDUAL,2025-05-23,Konya,İç Anadolu,0,WHATSAPP,REFERRAL,Customer_000775,1,,SYNTHETIC,1.3.0,42,
C000776,WS0010,INDIVIDUAL,2026-04-15,Eskişehir,İç Anadolu,0,PHONE,SOCIAL_MEDIA,Customer_000776,0,2026-07-22,SYNTHETIC,1.3.0,42,
C000777,WS0010,COMMERCIAL,2024-01-06,Eskişehir,İç Anadolu,0,WHATSAPP,REFERRAL,Customer_000777,1,,SYNTHETIC,1.3.0,42,
C000778,WS0001,INDIVIDUAL,2024-07-09,İstanbul,Marmara,0,WHATSAPP,WALK_IN,Customer_000778,1,,SYNTHETIC,1.3.0,42,
C000779,WS0005,INDIVIDUAL,2022-08-07,Antalya,Akdeniz,0,WHATSAPP,GOOGLE_MAPS,Customer_000779,1,,SYNTHETIC,1.3.0,42,
C000780,WS0005,INDIVIDUAL,2024-05-14,Antalya,Akdeniz,0,PHONE,GOOGLE_MAPS,Customer_000780,1,,SYNTHETIC,1.3.0,42,
C000781,WS0005,INDIVIDUAL,2023-01-22,Antalya,Akdeniz,0,EMAIL,ORGANIC,Customer_000781,0,2025-01-02,SYNTHETIC,1.3.0,42,
C000782,WS0005,INDIVIDUAL,2024-06-03,Antalya,Akdeniz,0,PHONE,REFERRAL,Customer_000782,1,,SYNTHETIC,1.3.0,42,
C000783,WS0001,INDIVIDUAL,2022-12-15,İstanbul,Marmara,0,EMAIL,REFERRAL,Customer_000783,1,,SYNTHETIC,1.3.0,42,
C000784,WS0008,INDIVIDUAL,2024-10-14,Gaziantep,Güneydoğu Anadolu,0,WHATSAPP,REFERRAL,Customer_000784,1,,SYNTHETIC,1.3.0,42,
C000785,WS0010,INDIVIDUAL,2022-03-31,Eskişehir,İç Anadolu,0,PHONE,SOCIAL_MEDIA,Customer_000785,0,2025-03-04,SYNTHETIC,1.3.0,42,
C000786,WS0005,COMMERCIAL,2023-08-28,Antalya,Akdeniz,0,EMAIL,FLEET_PARTNERSHIP,Customer_000786,1,,SYNTHETIC,1.3.0,42,
C000787,WS0009,INDIVIDUAL,2026-06-05,Samsun,Karadeniz,0,PHONE,REFERRAL,Customer_000787,1,,SYNTHETIC,1.3.0,42,
C000788,WS0003,INDIVIDUAL,2023-04-11,İzmir,Ege,0,PHONE,REFERRAL,Customer_000788,1,,SYNTHETIC,1.3.0,42,
C000789,WS0006,FLEET,2022-05-06,Konya,İç Anadolu,1,PHONE,DIRECT_SALES,Customer_000789,1,,SYNTHETIC,1.3.0,42,
C000790,WS0002,INDIVIDUAL,2021-07-20,Ankara,İç Anadolu,0,SMS,SOCIAL_MEDIA,Customer_000790,1,,SYNTHETIC,1.3.0,42,
C000791,WS0010,INDIVIDUAL,2022-12-21,Eskişehir,İç Anadolu,0,WHATSAPP,GOOGLE_MAPS,Customer_000791,1,,SYNTHETIC,1.3.0,42,
C000792,WS0001,INDIVIDUAL,2021-09-29,İstanbul,Marmara,0,WHATSAPP,ORGANIC,Customer_000792,1,,SYNTHETIC,1.3.0,42,
C000793,WS0008,COMMERCIAL,2026-05-21,Gaziantep,Güneydoğu Anadolu,0,PHONE,DIRECT_SALES,Customer_000793,1,,SYNTHETIC,1.3.0,42,
C000794,WS0005,INDIVIDUAL,2025-09-19,Antalya,Akdeniz,0,WHATSAPP,ORGANIC,Customer_000794,1,,SYNTHETIC,1.3.0,42,
C000795,WS0004,INDIVIDUAL,2025-06-22,Bursa,Marmara,0,WHATSAPP,ORGANIC,Customer_000795,1,,SYNTHETIC,1.3.0,42,
C000796,WS0004,INDIVIDUAL,2021-10-24,Bursa,Marmara,0,EMAIL,REFERRAL,Customer_000796,1,,SYNTHETIC,1.3.0,42,
C000797,WS0004,INDIVIDUAL,2021-09-10,Bursa,Marmara,0,PHONE,WALK_IN,Customer_000797,1,,SYNTHETIC,1.3.0,42,
C000798,WS0007,INDIVIDUAL,2023-04-22,Adana,Akdeniz,0,WHATSAPP,WALK_IN,Customer_000798,1,,SYNTHETIC,1.3.0,42,
C000799,WS0009,INDIVIDUAL,2022-04-25,Samsun,Karadeniz,0,EMAIL,SOCIAL_MEDIA,Customer_000799,1,,SYNTHETIC,1.3.0,42,
C000800,WS0006,INDIVIDUAL,2023-10-17,Konya,İç Anadolu,0,WHATSAPP,SOCIAL_MEDIA,Customer_000800,1,,SYNTHETIC,1.3.0,42,
C000801,WS0001,INDIVIDUAL,2024-01-11,İstanbul,Marmara,0,WHATSAPP,WALK_IN,Customer_000801,0,2024-05-07,SYNTHETIC,1.3.0,42,
C000802,WS0008,INDIVIDUAL,2024-10-05,Gaziantep,Güneydoğu Anadolu,0,WHATSAPP,ORGANIC,Customer_000802,1,,SYNTHETIC,1.3.0,42,
C000803,WS0006,INDIVIDUAL,2021-06-14,Konya,İç Anadolu,0,PHONE,GOOGLE_MAPS,Customer_000803,0,2025-08-08,SYNTHETIC,1.3.0,42,
C000804,WS0009,INDIVIDUAL,2022-08-11,Samsun,Karadeniz,0,PHONE,REFERRAL,Customer_000804,1,,SYNTHETIC,1.3.0,42,
C000805,WS0004,INDIVIDUAL,2021-07-19,Bursa,Marmara,0,PHONE,REFERRAL,Customer_000805,1,,SYNTHETIC,1.3.0,42,
C000806,WS0004,INDIVIDUAL,2026-02-16,Bursa,Marmara,0,WHATSAPP,ORGANIC,Customer_000806,1,,SYNTHETIC,1.3.0,42,
C000807,WS0001,COMMERCIAL,2022-11-21,İstanbul,Marmara,0,WHATSAPP,FLEET_PARTNERSHIP,Customer_000807,1,,SYNTHETIC,1.3.0,42,
C000808,WS0007,INDIVIDUAL,2021-06-20,Adana,Akdeniz,0,WHATSAPP,GOOGLE_MAPS,Customer_000808,1,,SYNTHETIC,1.3.0,42,
C000809,WS0006,INDIVIDUAL,2022-04-01,Konya,İç Anadolu,0,WHATSAPP,WALK_IN,Customer_000809,1,,SYNTHETIC,1.3.0,42,
C000810,WS0007,INDIVIDUAL,2021-12-07,Adana,Akdeniz,0,EMAIL,SOCIAL_MEDIA,Customer_000810,1,,SYNTHETIC,1.3.0,42,
C000811,WS0004,COMMERCIAL,2025-12-22,Bursa,Marmara,0,EMAIL,REFERRAL,Customer_000811,1,,SYNTHETIC,1.3.0,42,
C000812,WS0010,INDIVIDUAL,2023-11-10,Eskişehir,İç Anadolu,0,EMAIL,REFERRAL,Customer_000812,1,,SYNTHETIC,1.3.0,42,
C000813,WS0009,INDIVIDUAL,2025-06-13,Samsun,Karadeniz,0,SMS,GOOGLE_MAPS,Customer_000813,1,,SYNTHETIC,1.3.0,42,
C000814,WS0003,INDIVIDUAL,2021-07-06,İzmir,Ege,0,EMAIL,SOCIAL_MEDIA,Customer_000814,1,,SYNTHETIC,1.3.0,42,
C000815,WS0002,FLEET,2023-11-07,Ankara,İç Anadolu,1,EMAIL,REFERRAL,Customer_000815,1,,SYNTHETIC,1.3.0,42,
C000816,WS0002,INDIVIDUAL,2022-11-07,Ankara,İç Anadolu,0,PHONE,GOOGLE_MAPS,Customer_000816,1,,SYNTHETIC,1.3.0,42,
C000817,WS0005,INDIVIDUAL,2021-01-04,Antalya,Akdeniz,0,SMS,WALK_IN,Customer_000817,1,,SYNTHETIC,1.3.0,42,
C000818,WS0002,COMMERCIAL,2021-08-11,Ankara,İç Anadolu,0,PHONE,DIRECT_SALES,Customer_000818,1,,SYNTHETIC,1.3.0,42,
C000819,WS0006,INDIVIDUAL,2023-06-12,Konya,İç Anadolu,0,WHATSAPP,ORGANIC,Customer_000819,1,,SYNTHETIC,1.3.0,42,
C000820,WS0007,INDIVIDUAL,2026-04-14,Adana,Akdeniz,0,EMAIL,ORGANIC,Customer_000820,1,,SYNTHETIC,1.3.0,42,
C000821,WS0003,INDIVIDUAL,2024-08-16,İzmir,Ege,0,WHATSAPP,WALK_IN,Customer_000821,1,,SYNTHETIC,1.3.0,42,
C000822,WS0005,INDIVIDUAL,2025-08-06,Antalya,Akdeniz,0,SMS,ORGANIC,Customer_000822,1,,SYNTHETIC,1.3.0,42,
C000823,WS0009,INDIVIDUAL,2023-04-12,Samsun,Karadeniz,0,WHATSAPP,REFERRAL,Customer_000823,1,,SYNTHETIC,1.3.0,42,
C000824,WS0001,INDIVIDUAL,2022-07-07,İstanbul,Marmara,0,PHONE,ORGANIC,Customer_000824,1,,SYNTHETIC,1.3.0,42,
C000825,WS0008,INDIVIDUAL,2021-04-07,Gaziantep,Güneydoğu Anadolu,0,WHATSAPP,ORGANIC,Customer_000825,1,,SYNTHETIC,1.3.0,42,
C000826,WS0006,INDIVIDUAL,2022-12-23,Konya,İç Anadolu,0,WHATSAPP,REFERRAL,Customer_000826,1,,SYNTHETIC,1.3.0,42,
C000827,WS0001,INDIVIDUAL,2025-07-10,İstanbul,Marmara,0,WHATSAPP,ORGANIC,Customer_000827,1,,SYNTHETIC,1.3.0,42,
C000828,WS0001,INDIVIDUAL,2025-09-06,İstanbul,Marmara,0,WHATSAPP,GOOGLE_MAPS,Customer_000828,0,2026-05-28,SYNTHETIC,1.3.0,42,
C000829,WS0002,INDIVIDUAL,2025-05-13,Ankara,İç Anadolu,0,WHATSAPP,REFERRAL,Customer_000829,1,,SYNTHETIC,1.3.0,42,
C000830,WS0010,INDIVIDUAL,2023-05-24,Eskişehir,İç Anadolu,0,PHONE,WALK_IN,Customer_000830,1,,SYNTHETIC,1.3.0,42,
C000831,WS0005,INDIVIDUAL,2024-02-28,Antalya,Akdeniz,0,PHONE,REFERRAL,Customer_000831,1,,SYNTHETIC,1.3.0,42,
C000832,WS0002,COMMERCIAL,2023-09-02,Ankara,İç Anadolu,0,WHATSAPP,REFERRAL,Customer_000832,1,,SYNTHETIC,1.3.0,42,
C000833,WS0003,INDIVIDUAL,2024-10-29,İzmir,Ege,0,WHATSAPP,ORGANIC,Customer_000833,1,,SYNTHETIC,1.3.0,42,
C000834,WS0001,INDIVIDUAL,2024-08-20,İstanbul,Marmara,0,WHATSAPP,REFERRAL,Customer_000834,1,,SYNTHETIC,1.3.0,42,
C000835,WS0009,INDIVIDUAL,2022-03-18,Samsun,Karadeniz,0,SMS,SOCIAL_MEDIA,Customer_000835,1,,SYNTHETIC,1.3.0,42,
C000836,WS0010,INDIVIDUAL,2026-02-02,Eskişehir,İç Anadolu,0,WHATSAPP,GOOGLE_MAPS,Customer_000836,0,2026-07-10,SYNTHETIC,1.3.0,42,
C000837,WS0010,INDIVIDUAL,2021-05-25,Eskişehir,İç Anadolu,0,PHONE,GOOGLE_MAPS,Customer_000837,1,,SYNTHETIC,1.3.0,42,
C000838,WS0001,INDIVIDUAL,2025-09-21,İstanbul,Marmara,0,WHATSAPP,SOCIAL_MEDIA,Customer_000838,1,,SYNTHETIC,1.3.0,42,
C000839,WS0007,INDIVIDUAL,2022-06-23,Adana,Akdeniz,0,WHATSAPP,SOCIAL_MEDIA,Customer_000839,1,,SYNTHETIC,1.3.0,42,
C000840,WS0006,INDIVIDUAL,2024-09-14,Konya,İç Anadolu,0,EMAIL,REFERRAL,Customer_000840,1,,SYNTHETIC,1.3.0,42,
C000841,WS0007,INDIVIDUAL,2026-01-28,Adana,Akdeniz,0,SMS,ORGANIC,Customer_000841,1,,SYNTHETIC,1.3.0,42,
C000842,WS0008,INDIVIDUAL,2025-08-01,Gaziantep,Güneydoğu Anadolu,0,SMS,ORGANIC,Customer_000842,1,,SYNTHETIC,1.3.0,42,
C000843,WS0002,INDIVIDUAL,2021-03-24,Ankara,İç Anadolu,0,WHATSAPP,SOCIAL_MEDIA,Customer_000843,1,,SYNTHETIC,1.3.0,42,
C000844,WS0001,INDIVIDUAL,2024-08-02,İstanbul,Marmara,0,WHATSAPP,GOOGLE_MAPS,Customer_000844,1,,SYNTHETIC,1.3.0,42,
C000845,WS0005,INDIVIDUAL,2025-11-04,Antalya,Akdeniz,0,PHONE,SOCIAL_MEDIA,Customer_000845,1,,SYNTHETIC,1.3.0,42,
C000846,WS0010,COMMERCIAL,2023-06-17,Eskişehir,İç Anadolu,0,WHATSAPP,FLEET_PARTNERSHIP,Customer_000846,1,,SYNTHETIC,1.3.0,42,
C000847,WS0009,INDIVIDUAL,2025-07-09,Samsun,Karadeniz,0,WHATSAPP,REFERRAL,Customer_000847,1,,SYNTHETIC,1.3.0,42,
C000848,WS0002,INDIVIDUAL,2022-11-24,Ankara,İç Anadolu,0,PHONE,WALK_IN,Customer_000848,1,,SYNTHETIC,1.3.0,42,
C000849,WS0008,INDIVIDUAL,2021-06-13,Gaziantep,Güneydoğu Anadolu,0,EMAIL,REFERRAL,Customer_000849,1,,SYNTHETIC,1.3.0,42,
C000850,WS0004,INDIVIDUAL,2021-03-16,Bursa,Marmara,0,WHATSAPP,ORGANIC,Customer_000850,1,,SYNTHETIC,1.3.0,42,
C000851,WS0008,INDIVIDUAL,2025-09-16,Gaziantep,Güneydoğu Anadolu,0,WHATSAPP,GOOGLE_MAPS,Customer_000851,1,,SYNTHETIC,1.3.0,42,
C000852,WS0001,INDIVIDUAL,2021-06-20,İstanbul,Marmara,0,WHATSAPP,ORGANIC,Customer_000852,0,2024-11-29,SYNTHETIC,1.3.0,42,
C000853,WS0008,INDIVIDUAL,2021-07-27,Gaziantep,Güneydoğu Anadolu,0,WHATSAPP,SOCIAL_MEDIA,Customer_000853,1,,SYNTHETIC,1.3.0,42,
C000854,WS0001,INDIVIDUAL,2025-09-01,İstanbul,Marmara,0,WHATSAPP,REFERRAL,Customer_000854,1,,SYNTHETIC,1.3.0,42,
C000855,WS0004,INDIVIDUAL,2026-04-19,Bursa,Marmara,0,WHATSAPP,REFERRAL,Customer_000855,1,,SYNTHETIC,1.3.0,42,
C000856,WS0002,INDIVIDUAL,2024-09-12,Ankara,İç Anadolu,0,WHATSAPP,SOCIAL_MEDIA,Customer_000856,1,,SYNTHETIC,1.3.0,42,
C000857,WS0002,INDIVIDUAL,2021-03-28,Ankara,İç Anadolu,0,WHATSAPP,REFERRAL,Customer_000857,1,,SYNTHETIC,1.3.0,42,
C000858,WS0009,INDIVIDUAL,2023-06-15,Samsun,Karadeniz,0,WHATSAPP,WALK_IN,Customer_000858,1,,SYNTHETIC,1.3.0,42,
C000859,WS0003,INDIVIDUAL,2023-08-03,İzmir,Ege,0,WHATSAPP,ORGANIC,Customer_000859,1,,SYNTHETIC,1.3.0,42,
C000860,WS0001,INDIVIDUAL,2024-03-18,İstanbul,Marmara,0,WHATSAPP,SOCIAL_MEDIA,Customer_000860,1,,SYNTHETIC,1.3.0,42,
C000861,WS0004,INDIVIDUAL,2022-01-24,Bursa,Marmara,0,PHONE,REFERRAL,Customer_000861,1,,SYNTHETIC,1.3.0,42,
C000862,WS0010,COMMERCIAL,2024-10-05,Eskişehir,İç Anadolu,0,PHONE,FLEET_PARTNERSHIP,Customer_000862,1,,SYNTHETIC,1.3.0,42,
C000863,WS0004,INDIVIDUAL,2021-10-09,Bursa,Marmara,0,WHATSAPP,ORGANIC,Customer_000863,1,,SYNTHETIC,1.3.0,42,
C000864,WS0006,INDIVIDUAL,2026-04-16,Konya,İç Anadolu,0,WHATSAPP,ORGANIC,Customer_000864,1,,SYNTHETIC,1.3.0,42,
C000865,WS0001,INDIVIDUAL,2021-06-13,İstanbul,Marmara,0,WHATSAPP,REFERRAL,Customer_000865,1,,SYNTHETIC,1.3.0,42,
C000866,WS0008,INDIVIDUAL,2022-10-01,Gaziantep,Güneydoğu Anadolu,0,WHATSAPP,REFERRAL,Customer_000866,1,,SYNTHETIC,1.3.0,42,
C000867,WS0002,INDIVIDUAL,2023-11-02,Ankara,İç Anadolu,0,EMAIL,REFERRAL,Customer_000867,1,,SYNTHETIC,1.3.0,42,
C000868,WS0002,INDIVIDUAL,2022-01-02,Ankara,İç Anadolu,0,WHATSAPP,WALK_IN,Customer_000868,1,,SYNTHETIC,1.3.0,42,
C000869,WS0005,INDIVIDUAL,2023-09-20,Antalya,Akdeniz,0,SMS,REFERRAL,Customer_000869,1,,SYNTHETIC,1.3.0,42,
C000870,WS0010,INDIVIDUAL,2022-04-08,Eskişehir,İç Anadolu,0,SMS,WALK_IN,Customer_000870,1,,SYNTHETIC,1.3.0,42,
C000871,WS0003,INDIVIDUAL,2025-09-04,İzmir,Ege,0,WHATSAPP,REFERRAL,Customer_000871,1,,SYNTHETIC,1.3.0,42,
C000872,WS0005,INDIVIDUAL,2021-11-30,Antalya,Akdeniz,0,PHONE,REFERRAL,Customer_000872,1,,SYNTHETIC,1.3.0,42,
C000873,WS0006,COMMERCIAL,2026-04-28,Konya,İç Anadolu,0,WHATSAPP,DIRECT_SALES,Customer_000873,1,,SYNTHETIC,1.3.0,42,
C000874,WS0001,INDIVIDUAL,2023-10-06,İstanbul,Marmara,0,WHATSAPP,SOCIAL_MEDIA,Customer_000874,1,,SYNTHETIC,1.3.0,42,
C000875,WS0001,INDIVIDUAL,2022-11-19,İstanbul,Marmara,0,PHONE,WALK_IN,Customer_000875,1,,SYNTHETIC,1.3.0,42,
C000876,WS0003,INDIVIDUAL,2026-04-14,İzmir,Ege,0,SMS,ORGANIC,Customer_000876,1,,SYNTHETIC,1.3.0,42,
C000877,WS0003,INDIVIDUAL,2024-09-01,İzmir,Ege,0,WHATSAPP,REFERRAL,Customer_000877,1,,SYNTHETIC,1.3.0,42,
C000878,WS0010,INDIVIDUAL,2024-08-07,Eskişehir,İç Anadolu,0,WHATSAPP,REFERRAL,Customer_000878,1,,SYNTHETIC,1.3.0,42,
C000879,WS0005,INDIVIDUAL,2022-09-12,Antalya,Akdeniz,0,WHATSAPP,WALK_IN,Customer_000879,0,2024-03-14,SYNTHETIC,1.3.0,42,
C000880,WS0007,INDIVIDUAL,2021-06-22,Adana,Akdeniz,0,EMAIL,ORGANIC,Customer_000880,1,,SYNTHETIC,1.3.0,42,
C000881,WS0007,INDIVIDUAL,2024-07-15,Adana,Akdeniz,0,PHONE,GOOGLE_MAPS,Customer_000881,0,2025-06-02,SYNTHETIC,1.3.0,42,
C000882,WS0006,INDIVIDUAL,2022-02-05,Konya,İç Anadolu,0,EMAIL,REFERRAL,Customer_000882,1,,SYNTHETIC,1.3.0,42,
C000883,WS0010,INDIVIDUAL,2023-02-28,Eskişehir,İç Anadolu,0,SMS,REFERRAL,Customer_000883,1,,SYNTHETIC,1.3.0,42,
C000884,WS0010,INDIVIDUAL,2022-03-07,Eskişehir,İç Anadolu,0,SMS,REFERRAL,Customer_000884,1,,SYNTHETIC,1.3.0,42,
C000885,WS0007,INDIVIDUAL,2026-05-28,Adana,Akdeniz,0,SMS,GOOGLE_MAPS,Customer_000885,1,,SYNTHETIC,1.3.0,42,
C000886,WS0007,INDIVIDUAL,2022-12-15,Adana,Akdeniz,0,WHATSAPP,SOCIAL_MEDIA,Customer_000886,0,2023-06-24,SYNTHETIC,1.3.0,42,
C000887,WS0007,INDIVIDUAL,2025-08-18,Adana,Akdeniz,0,WHATSAPP,WALK_IN,Customer_000887,1,,SYNTHETIC,1.3.0,42,
C000888,WS0007,INDIVIDUAL,2025-11-24,Adana,Akdeniz,0,WHATSAPP,WALK_IN,Customer_000888,1,,SYNTHETIC,1.3.0,42,
C000889,WS0010,INDIVIDUAL,2022-02-09,Eskişehir,İç Anadolu,0,WHATSAPP,ORGANIC,Customer_000889,1,,SYNTHETIC,1.3.0,42,
C000890,WS0001,INDIVIDUAL,2023-10-11,İstanbul,Marmara,0,WHATSAPP,WALK_IN,Customer_000890,1,,SYNTHETIC,1.3.0,42,
C000891,WS0010,INDIVIDUAL,2024-01-19,Eskişehir,İç Anadolu,0,PHONE,ORGANIC,Customer_000891,1,,SYNTHETIC,1.3.0,42,
C000892,WS0003,INDIVIDUAL,2022-02-04,İzmir,Ege,0,WHATSAPP,REFERRAL,Customer_000892,1,,SYNTHETIC,1.3.0,42,
C000893,WS0008,INDIVIDUAL,2023-05-05,Gaziantep,Güneydoğu Anadolu,0,PHONE,ORGANIC,Customer_000893,1,,SYNTHETIC,1.3.0,42,
C000894,WS0008,INDIVIDUAL,2024-09-13,Gaziantep,Güneydoğu Anadolu,0,WHATSAPP,GOOGLE_MAPS,Customer_000894,0,2025-03-24,SYNTHETIC,1.3.0,42,
C000895,WS0008,INDIVIDUAL,2022-02-09,Gaziantep,Güneydoğu Anadolu,0,PHONE,WALK_IN,Customer_000895,1,,SYNTHETIC,1.3.0,42,
C000896,WS0004,INDIVIDUAL,2021-10-02,Bursa,Marmara,0,WHATSAPP,SOCIAL_MEDIA,Customer_000896,1,,SYNTHETIC,1.3.0,42,
C000897,WS0002,INDIVIDUAL,2022-10-30,Ankara,İç Anadolu,0,WHATSAPP,WALK_IN,Customer_000897,0,2026-02-13,SYNTHETIC,1.3.0,42,
C000898,WS0001,INDIVIDUAL,2022-09-07,İstanbul,Marmara,0,WHATSAPP,WALK_IN,Customer_000898,1,,SYNTHETIC,1.3.0,42,
C000899,WS0007,INDIVIDUAL,2023-02-01,Adana,Akdeniz,0,WHATSAPP,ORGANIC,Customer_000899,0,2025-05-11,SYNTHETIC,1.3.0,42,
C000900,WS0010,COMMERCIAL,2023-07-12,Eskişehir,İç Anadolu,0,PHONE,DIRECT_SALES,Customer_000900,1,,SYNTHETIC,1.3.0,42,
C000901,WS0009,INDIVIDUAL,2025-09-04,Samsun,Karadeniz,0,WHATSAPP,GOOGLE_MAPS,Customer_000901,1,,SYNTHETIC,1.3.0,42,
C000902,WS0002,INDIVIDUAL,2025-05-06,Ankara,İç Anadolu,0,WHATSAPP,GOOGLE_MAPS,Customer_000902,1,,SYNTHETIC,1.3.0,42,
C000903,WS0004,INDIVIDUAL,2026-01-15,Bursa,Marmara,0,PHONE,REFERRAL,Customer_000903,1,,SYNTHETIC,1.3.0,42,
C000904,WS0006,INDIVIDUAL,2025-12-13,Konya,İç Anadolu,0,SMS,REFERRAL,Customer_000904,1,,SYNTHETIC,1.3.0,42,
C000905,WS0009,INDIVIDUAL,2022-06-18,Samsun,Karadeniz,0,WHATSAPP,GOOGLE_MAPS,Customer_000905,1,,SYNTHETIC,1.3.0,42,
C000906,WS0009,INDIVIDUAL,2024-02-29,Samsun,Karadeniz,0,PHONE,WALK_IN,Customer_000906,1,,SYNTHETIC,1.3.0,42,
C000907,WS0005,INDIVIDUAL,2022-05-23,Antalya,Akdeniz,0,WHATSAPP,ORGANIC,Customer_000907,1,,SYNTHETIC,1.3.0,42,
C000908,WS0006,INDIVIDUAL,2023-05-07,Konya,İç Anadolu,0,PHONE,REFERRAL,Customer_000908,1,,SYNTHETIC,1.3.0,42,
C000909,WS0001,INDIVIDUAL,2023-03-01,İstanbul,Marmara,0,WHATSAPP,REFERRAL,Customer_000909,1,,SYNTHETIC,1.3.0,42,
C000910,WS0005,INDIVIDUAL,2023-10-26,Antalya,Akdeniz,0,PHONE,WALK_IN,Customer_000910,1,,SYNTHETIC,1.3.0,42,
C000911,WS0003,INDIVIDUAL,2026-02-20,İzmir,Ege,0,WHATSAPP,WALK_IN,Customer_000911,1,,SYNTHETIC,1.3.0,42,
C000912,WS0005,INDIVIDUAL,2024-08-08,Antalya,Akdeniz,0,WHATSAPP,ORGANIC,Customer_000912,1,,SYNTHETIC,1.3.0,42,
C000913,WS0005,INDIVIDUAL,2021-09-22,Antalya,Akdeniz,0,EMAIL,ORGANIC,Customer_000913,1,,SYNTHETIC,1.3.0,42,
C000914,WS0004,INDIVIDUAL,2026-06-19,Bursa,Marmara,0,PHONE,SOCIAL_MEDIA,Customer_000914,1,,SYNTHETIC,1.3.0,42,
C000915,WS0003,INDIVIDUAL,2025-12-08,İzmir,Ege,0,EMAIL,ORGANIC,Customer_000915,0,2026-07-20,SYNTHETIC,1.3.0,42,
C000916,WS0001,INDIVIDUAL,2026-03-26,İstanbul,Marmara,0,WHATSAPP,REFERRAL,Customer_000916,1,,SYNTHETIC,1.3.0,42,
C000917,WS0001,COMMERCIAL,2021-01-30,İstanbul,Marmara,0,EMAIL,REFERRAL,Customer_000917,1,,SYNTHETIC,1.3.0,42,
C000918,WS0003,INDIVIDUAL,2025-04-26,İzmir,Ege,0,WHATSAPP,WALK_IN,Customer_000918,0,2026-03-09,SYNTHETIC,1.3.0,42,
C000919,WS0003,INDIVIDUAL,2021-12-03,İzmir,Ege,0,PHONE,REFERRAL,Customer_000919,0,2022-03-23,SYNTHETIC,1.3.0,42,
C000920,WS0003,INDIVIDUAL,2022-10-12,İzmir,Ege,0,WHATSAPP,SOCIAL_MEDIA,Customer_000920,1,,SYNTHETIC,1.3.0,42,
C000921,WS0004,COMMERCIAL,2023-11-15,Bursa,Marmara,0,EMAIL,REFERRAL,Customer_000921,1,,SYNTHETIC,1.3.0,42,
C000922,WS0007,INDIVIDUAL,2025-03-14,Adana,Akdeniz,0,WHATSAPP,WALK_IN,Customer_000922,0,2025-11-28,SYNTHETIC,1.3.0,42,
C000923,WS0006,INDIVIDUAL,2022-11-18,Konya,İç Anadolu,0,WHATSAPP,ORGANIC,Customer_000923,1,,SYNTHETIC,1.3.0,42,
C000924,WS0007,INDIVIDUAL,2026-06-02,Adana,Akdeniz,0,WHATSAPP,ORGANIC,Customer_000924,1,,SYNTHETIC,1.3.0,42,
C000925,WS0002,INDIVIDUAL,2023-06-29,Ankara,İç Anadolu,0,PHONE,ORGANIC,Customer_000925,1,,SYNTHETIC,1.3.0,42,
C000926,WS0006,INDIVIDUAL,2021-03-19,Konya,İç Anadolu,0,PHONE,GOOGLE_MAPS,Customer_000926,1,,SYNTHETIC,1.3.0,42,
C000927,WS0006,INDIVIDUAL,2021-05-02,Konya,İç Anadolu,0,WHATSAPP,GOOGLE_MAPS,Customer_000927,1,,SYNTHETIC,1.3.0,42,
C000928,WS0004,INDIVIDUAL,2023-03-05,Bursa,Marmara,0,PHONE,ORGANIC,Customer_000928,1,,SYNTHETIC,1.3.0,42,
C000929,WS0001,INDIVIDUAL,2025-10-15,İstanbul,Marmara,0,WHATSAPP,ORGANIC,Customer_000929,0,2026-01-29,SYNTHETIC,1.3.0,42,
C000930,WS0001,INDIVIDUAL,2026-05-19,İstanbul,Marmara,0,WHATSAPP,GOOGLE_MAPS,Customer_000930,1,,SYNTHETIC,1.3.0,42,
C000931,WS0005,INDIVIDUAL,2023-03-16,Antalya,Akdeniz,0,WHATSAPP,SOCIAL_MEDIA,Customer_000931,1,,SYNTHETIC,1.3.0,42,
C000932,WS0004,COMMERCIAL,2024-02-29,Bursa,Marmara,0,EMAIL,REFERRAL,Customer_000932,1,,SYNTHETIC,1.3.0,42,
C000933,WS0006,INDIVIDUAL,2023-09-28,Konya,İç Anadolu,0,WHATSAPP,ORGANIC,Customer_000933,1,,SYNTHETIC,1.3.0,42,
C000934,WS0005,INDIVIDUAL,2025-10-11,Antalya,Akdeniz,0,PHONE,REFERRAL,Customer_000934,1,,SYNTHETIC,1.3.0,42,
C000935,WS0007,COMMERCIAL,2022-01-28,Adana,Akdeniz,0,EMAIL,DIRECT_SALES,Customer_000935,1,,SYNTHETIC,1.3.0,42,
C000936,WS0003,INDIVIDUAL,2022-01-15,İzmir,Ege,0,PHONE,REFERRAL,Customer_000936,1,,SYNTHETIC,1.3.0,42,
C000937,WS0001,INDIVIDUAL,2023-03-09,İstanbul,Marmara,0,SMS,GOOGLE_MAPS,Customer_000937,1,,SYNTHETIC,1.3.0,42,
C000938,WS0004,INDIVIDUAL,2023-08-09,Bursa,Marmara,0,WHATSAPP,ORGANIC,Customer_000938,1,,SYNTHETIC,1.3.0,42,
C000939,WS0004,INDIVIDUAL,2025-11-03,Bursa,Marmara,0,PHONE,REFERRAL,Customer_000939,1,,SYNTHETIC,1.3.0,42,
C000940,WS0002,INDIVIDUAL,2023-04-16,Ankara,İç Anadolu,0,PHONE,ORGANIC,Customer_000940,1,,SYNTHETIC,1.3.0,42,
C000941,WS0001,INDIVIDUAL,2026-03-27,İstanbul,Marmara,0,WHATSAPP,GOOGLE_MAPS,Customer_000941,1,,SYNTHETIC,1.3.0,42,
C000942,WS0005,INDIVIDUAL,2023-01-26,Antalya,Akdeniz,0,PHONE,REFERRAL,Customer_000942,1,,SYNTHETIC,1.3.0,42,
C000943,WS0005,INDIVIDUAL,2022-10-29,Antalya,Akdeniz,0,EMAIL,REFERRAL,Customer_000943,0,2025-03-11,SYNTHETIC,1.3.0,42,
C000944,WS0007,INDIVIDUAL,2023-01-05,Adana,Akdeniz,0,PHONE,WALK_IN,Customer_000944,1,,SYNTHETIC,1.3.0,42,
C000945,WS0005,INDIVIDUAL,2023-03-14,Antalya,Akdeniz,0,WHATSAPP,REFERRAL,Customer_000945,1,,SYNTHETIC,1.3.0,42,
C000946,WS0007,INDIVIDUAL,2021-04-04,Adana,Akdeniz,0,PHONE,ORGANIC,Customer_000946,0,2022-12-23,SYNTHETIC,1.3.0,42,
C000947,WS0005,INDIVIDUAL,2024-07-13,Antalya,Akdeniz,0,WHATSAPP,REFERRAL,Customer_000947,1,,SYNTHETIC,1.3.0,42,
C000948,WS0008,INDIVIDUAL,2021-08-31,Gaziantep,Güneydoğu Anadolu,0,SMS,WALK_IN,Customer_000948,1,,SYNTHETIC,1.3.0,42,
C000949,WS0006,COMMERCIAL,2025-09-29,Konya,İç Anadolu,0,PHONE,REFERRAL,Customer_000949,0,2026-06-19,SYNTHETIC,1.3.0,42,
C000950,WS0007,INDIVIDUAL,2022-04-21,Adana,Akdeniz,0,PHONE,WALK_IN,Customer_000950,1,,SYNTHETIC,1.3.0,42,
C000951,WS0002,INDIVIDUAL,2022-02-24,Ankara,İç Anadolu,0,WHATSAPP,REFERRAL,Customer_000951,1,,SYNTHETIC,1.3.0,42,
C000952,WS0001,INDIVIDUAL,2021-11-19,İstanbul,Marmara,0,SMS,GOOGLE_MAPS,Customer_000952,1,,SYNTHETIC,1.3.0,42,
C000953,WS0009,INDIVIDUAL,2024-01-22,Samsun,Karadeniz,0,WHATSAPP,REFERRAL,Customer_000953,0,2025-10-22,SYNTHETIC,1.3.0,42,
C000954,WS0002,INDIVIDUAL,2021-12-06,Ankara,İç Anadolu,0,WHATSAPP,SOCIAL_MEDIA,Customer_000954,1,,SYNTHETIC,1.3.0,42,
C000955,WS0004,INDIVIDUAL,2021-08-03,Bursa,Marmara,0,SMS,REFERRAL,Customer_000955,1,,SYNTHETIC,1.3.0,42,
C000956,WS0007,INDIVIDUAL,2026-05-01,Adana,Akdeniz,0,PHONE,ORGANIC,Customer_000956,1,,SYNTHETIC,1.3.0,42,
C000957,WS0010,INDIVIDUAL,2022-05-28,Eskişehir,İç Anadolu,0,EMAIL,GOOGLE_MAPS,Customer_000957,1,,SYNTHETIC,1.3.0,42,
C000958,WS0003,INDIVIDUAL,2025-10-18,İzmir,Ege,0,SMS,GOOGLE_MAPS,Customer_000958,1,,SYNTHETIC,1.3.0,42,
C000959,WS0006,INDIVIDUAL,2022-07-24,Konya,İç Anadolu,0,PHONE,WALK_IN,Customer_000959,1,,SYNTHETIC,1.3.0,42,
C000960,WS0003,COMMERCIAL,2022-12-11,İzmir,Ege,0,PHONE,REFERRAL,Customer_000960,1,,SYNTHETIC,1.3.0,42,
C000961,WS0003,INDIVIDUAL,2022-08-12,İzmir,Ege,0,EMAIL,REFERRAL,Customer_000961,1,,SYNTHETIC,1.3.0,42,
C000962,WS0005,INDIVIDUAL,2022-04-25,Antalya,Akdeniz,0,WHATSAPP,REFERRAL,Customer_000962,1,,SYNTHETIC,1.3.0,42,
C000963,WS0003,INDIVIDUAL,2025-01-31,İzmir,Ege,0,EMAIL,ORGANIC,Customer_000963,1,,SYNTHETIC,1.3.0,42,
C000964,WS0003,INDIVIDUAL,2022-04-28,İzmir,Ege,0,PHONE,WALK_IN,Customer_000964,1,,SYNTHETIC,1.3.0,42,
C000965,WS0008,INDIVIDUAL,2023-07-29,Gaziantep,Güneydoğu Anadolu,0,WHATSAPP,ORGANIC,Customer_000965,1,,SYNTHETIC,1.3.0,42,
C000966,WS0005,INDIVIDUAL,2022-07-17,Antalya,Akdeniz,0,PHONE,REFERRAL,Customer_000966,1,,SYNTHETIC,1.3.0,42,
C000967,WS0007,INDIVIDUAL,2024-04-20,Adana,Akdeniz,0,WHATSAPP,WALK_IN,Customer_000967,0,2024-11-19,SYNTHETIC,1.3.0,42,
C000968,WS0010,INDIVIDUAL,2023-06-01,Eskişehir,İç Anadolu,0,WHATSAPP,ORGANIC,Customer_000968,1,,SYNTHETIC,1.3.0,42,
C000969,WS0004,INDIVIDUAL,2022-12-11,Bursa,Marmara,0,SMS,REFERRAL,Customer_000969,1,,SYNTHETIC,1.3.0,42,
C000970,WS0001,INDIVIDUAL,2023-09-13,İstanbul,Marmara,0,SMS,GOOGLE_MAPS,Customer_000970,1,,SYNTHETIC,1.3.0,42,
C000971,WS0002,INDIVIDUAL,2021-02-23,Ankara,İç Anadolu,0,WHATSAPP,GOOGLE_MAPS,Customer_000971,1,,SYNTHETIC,1.3.0,42,
C000972,WS0005,FLEET,2023-02-21,Antalya,Akdeniz,1,WHATSAPP,DIRECT_SALES,Customer_000972,1,,SYNTHETIC,1.3.0,42,
C000973,WS0003,INDIVIDUAL,2022-11-23,İzmir,Ege,0,WHATSAPP,SOCIAL_MEDIA,Customer_000973,1,,SYNTHETIC,1.3.0,42,
C000974,WS0005,INDIVIDUAL,2022-04-30,Antalya,Akdeniz,0,SMS,SOCIAL_MEDIA,Customer_000974,0,2024-04-09,SYNTHETIC,1.3.0,42,
C000975,WS0008,INDIVIDUAL,2021-06-17,Gaziantep,Güneydoğu Anadolu,0,PHONE,ORGANIC,Customer_000975,1,,SYNTHETIC,1.3.0,42,
C000976,WS0001,INDIVIDUAL,2026-07-14,İstanbul,Marmara,0,SMS,REFERRAL,Customer_000976,1,,SYNTHETIC,1.3.0,42,
C000977,WS0001,INDIVIDUAL,2023-10-21,İstanbul,Marmara,0,WHATSAPP,ORGANIC,Customer_000977,1,,SYNTHETIC,1.3.0,42,
C000978,WS0004,INDIVIDUAL,2024-08-20,Bursa,Marmara,0,PHONE,REFERRAL,Customer_000978,1,,SYNTHETIC,1.3.0,42,
C000979,WS0004,INDIVIDUAL,2021-05-26,Bursa,Marmara,0,WHATSAPP,SOCIAL_MEDIA,Customer_000979,1,,SYNTHETIC,1.3.0,42,
C000980,WS0009,INDIVIDUAL,2023-06-12,Samsun,Karadeniz,0,WHATSAPP,REFERRAL,Customer_000980,1,,SYNTHETIC,1.3.0,42,
C000981,WS0006,INDIVIDUAL,2024-03-21,Konya,İç Anadolu,0,PHONE,ORGANIC,Customer_000981,1,,SYNTHETIC,1.3.0,42,
C000982,WS0003,INDIVIDUAL,2024-03-09,İzmir,Ege,0,SMS,ORGANIC,Customer_000982,1,,SYNTHETIC,1.3.0,42,
C000983,WS0006,INDIVIDUAL,2021-12-24,Konya,İç Anadolu,0,SMS,GOOGLE_MAPS,Customer_000983,1,,SYNTHETIC,1.3.0,42,
C000984,WS0007,INDIVIDUAL,2025-02-19,Adana,Akdeniz,0,WHATSAPP,REFERRAL,Customer_000984,1,,SYNTHETIC,1.3.0,42,
C000985,WS0002,COMMERCIAL,2023-07-04,Ankara,İç Anadolu,0,WHATSAPP,REFERRAL,Customer_000985,1,,SYNTHETIC,1.3.0,42,
C000986,WS0008,INDIVIDUAL,2022-11-20,Gaziantep,Güneydoğu Anadolu,0,WHATSAPP,WALK_IN,Customer_000986,1,,SYNTHETIC,1.3.0,42,
C000987,WS0002,COMMERCIAL,2022-05-09,Ankara,İç Anadolu,0,PHONE,FLEET_PARTNERSHIP,Customer_000987,0,2025-10-11,SYNTHETIC,1.3.0,42,
C000988,WS0009,INDIVIDUAL,2026-05-05,Samsun,Karadeniz,0,SMS,SOCIAL_MEDIA,Customer_000988,0,2026-08-19,SYNTHETIC,1.3.0,42,
C000989,WS0008,INDIVIDUAL,2025-03-08,Gaziantep,Güneydoğu Anadolu,0,WHATSAPP,REFERRAL,Customer_000989,1,,SYNTHETIC,1.3.0,42,
C000990,WS0008,INDIVIDUAL,2023-02-25,Gaziantep,Güneydoğu Anadolu,0,PHONE,ORGANIC,Customer_000990,1,,SYNTHETIC,1.3.0,42,
C000991,WS0002,INDIVIDUAL,2024-07-22,Ankara,İç Anadolu,0,WHATSAPP,GOOGLE_MAPS,Customer_000991,1,,SYNTHETIC,1.3.0,42,
C000992,WS0006,INDIVIDUAL,2025-01-25,Konya,İç Anadolu,0,WHATSAPP,GOOGLE_MAPS,Customer_000992,1,,SYNTHETIC,1.3.0,42,
C000993,WS0009,INDIVIDUAL,2026-02-22,Samsun,Karadeniz,0,SMS,GOOGLE_MAPS,Customer_000993,1,,SYNTHETIC,1.3.0,42,
C000994,WS0001,INDIVIDUAL,2023-09-06,İstanbul,Marmara,0,SMS,REFERRAL,Customer_000994,1,,SYNTHETIC,1.3.0,42,
C000995,WS0006,INDIVIDUAL,2023-12-13,Konya,İç Anadolu,0,WHATSAPP,REFERRAL,Customer_000995,1,,SYNTHETIC,1.3.0,42,
C000996,WS0004,INDIVIDUAL,2021-06-29,Bursa,Marmara,0,SMS,WALK_IN,Customer_000996,1,,SYNTHETIC,1.3.0,42,
C000997,WS0009,INDIVIDUAL,2024-07-12,Samsun,Karadeniz,0,WHATSAPP,ORGANIC,Customer_000997,1,,SYNTHETIC,1.3.0,42,
C000998,WS0004,INDIVIDUAL,2026-03-20,Bursa,Marmara,0,SMS,ORGANIC,Customer_000998,1,,SYNTHETIC,1.3.0,42,
C000999,WS0007,INDIVIDUAL,2025-02-11,Adana,Akdeniz,0,WHATSAPP,GOOGLE_MAPS,Customer_000999,1,,SYNTHETIC,1.3.0,42,
C001000,WS0005,FLEET,2025-12-21,Antalya,Akdeniz,1,WHATSAPP,FLEET_PARTNERSHIP,Customer_001000,1,,SYNTHETIC,1.3.0,42,
C001001,WS0006,INDIVIDUAL,2023-01-18,Konya,İç Anadolu,0,WHATSAPP,ORGANIC,Customer_001001,0,2024-04-05,SYNTHETIC,1.3.0,42,
C001002,WS0010,INDIVIDUAL,2026-03-20,Eskişehir,İç Anadolu,0,EMAIL,GOOGLE_MAPS,Customer_001002,1,,SYNTHETIC,1.3.0,42,
C001003,WS0008,INDIVIDUAL,2026-03-29,Gaziantep,Güneydoğu Anadolu,0,EMAIL,ORGANIC,Customer_001003,1,,SYNTHETIC,1.3.0,42,
C001004,WS0003,INDIVIDUAL,2025-10-21,İzmir,Ege,0,PHONE,ORGANIC,Customer_001004,1,,SYNTHETIC,1.3.0,42,
C001005,WS0005,COMMERCIAL,2026-06-28,Antalya,Akdeniz,0,EMAIL,FLEET_PARTNERSHIP,Customer_001005,1,,SYNTHETIC,1.3.0,42,
C001006,WS0002,INDIVIDUAL,2021-12-23,Ankara,İç Anadolu,0,WHATSAPP,ORGANIC,Customer_001006,1,,SYNTHETIC,1.3.0,42,
C001007,WS0001,INDIVIDUAL,2021-03-11,İstanbul,Marmara,0,PHONE,SOCIAL_MEDIA,Customer_001007,1,,SYNTHETIC,1.3.0,42,
C001008,WS0005,INDIVIDUAL,2023-09-15,Antalya,Akdeniz,0,SMS,WALK_IN,Customer_001008,1,,SYNTHETIC,1.3.0,42,
C001009,WS0009,INDIVIDUAL,2023-08-01,Samsun,Karadeniz,0,SMS,WALK_IN,Customer_001009,1,,SYNTHETIC,1.3.0,42,
C001010,WS0001,INDIVIDUAL,2024-07-15,İstanbul,Marmara,0,EMAIL,ORGANIC,Customer_001010,1,,SYNTHETIC,1.3.0,42,
C001011,WS0003,INDIVIDUAL,2022-06-07,İzmir,Ege,0,PHONE,WALK_IN,Customer_001011,1,,SYNTHETIC,1.3.0,42,
C001012,WS0002,INDIVIDUAL,2022-05-24,Ankara,İç Anadolu,0,WHATSAPP,WALK_IN,Customer_001012,1,,SYNTHETIC,1.3.0,42,
C001013,WS0001,INDIVIDUAL,2025-07-17,İstanbul,Marmara,0,SMS,WALK_IN,Customer_001013,1,,SYNTHETIC,1.3.0,42,
C001014,WS0002,INDIVIDUAL,2025-11-10,Ankara,İç Anadolu,0,WHATSAPP,REFERRAL,Customer_001014,1,,SYNTHETIC,1.3.0,42,
C001015,WS0009,INDIVIDUAL,2023-01-25,Samsun,Karadeniz,0,EMAIL,ORGANIC,Customer_001015,0,2024-04-19,SYNTHETIC,1.3.0,42,
C001016,WS0001,COMMERCIAL,2021-10-27,İstanbul,Marmara,0,WHATSAPP,REFERRAL,Customer_001016,1,,SYNTHETIC,1.3.0,42,
C001017,WS0001,INDIVIDUAL,2022-01-04,İstanbul,Marmara,0,SMS,GOOGLE_MAPS,Customer_001017,1,,SYNTHETIC,1.3.0,42,
C001018,WS0007,INDIVIDUAL,2022-08-08,Adana,Akdeniz,0,PHONE,SOCIAL_MEDIA,Customer_001018,1,,SYNTHETIC,1.3.0,42,
C001019,WS0001,INDIVIDUAL,2026-03-25,İstanbul,Marmara,0,PHONE,WALK_IN,Customer_001019,1,,SYNTHETIC,1.3.0,42,
C001020,WS0007,INDIVIDUAL,2021-12-16,Adana,Akdeniz,0,PHONE,REFERRAL,Customer_001020,1,,SYNTHETIC,1.3.0,42,
C001021,WS0007,INDIVIDUAL,2024-08-07,Adana,Akdeniz,0,WHATSAPP,WALK_IN,Customer_001021,1,,SYNTHETIC,1.3.0,42,
C001022,WS0003,INDIVIDUAL,2021-12-17,İzmir,Ege,0,PHONE,REFERRAL,Customer_001022,1,,SYNTHETIC,1.3.0,42,
C001023,WS0001,INDIVIDUAL,2026-02-11,İstanbul,Marmara,0,PHONE,REFERRAL,Customer_001023,1,,SYNTHETIC,1.3.0,42,
C001024,WS0001,INDIVIDUAL,2022-01-24,İstanbul,Marmara,0,WHATSAPP,REFERRAL,Customer_001024,1,,SYNTHETIC,1.3.0,42,
C001025,WS0005,INDIVIDUAL,2025-02-03,Antalya,Akdeniz,0,SMS,GOOGLE_MAPS,Customer_001025,1,,SYNTHETIC,1.3.0,42,
C001026,WS0007,INDIVIDUAL,2023-07-31,Adana,Akdeniz,0,EMAIL,GOOGLE_MAPS,Customer_001026,1,,SYNTHETIC,1.3.0,42,
C001027,WS0007,INDIVIDUAL,2022-01-31,Adana,Akdeniz,0,WHATSAPP,SOCIAL_MEDIA,Customer_001027,1,,SYNTHETIC,1.3.0,42,
C001028,WS0003,INDIVIDUAL,2022-06-30,İzmir,Ege,0,SMS,GOOGLE_MAPS,Customer_001028,1,,SYNTHETIC,1.3.0,42,
C001029,WS0005,INDIVIDUAL,2022-06-06,Antalya,Akdeniz,0,WHATSAPP,REFERRAL,Customer_001029,1,,SYNTHETIC,1.3.0,42,
C001030,WS0007,INDIVIDUAL,2021-12-14,Adana,Akdeniz,0,SMS,GOOGLE_MAPS,Customer_001030,1,,SYNTHETIC,1.3.0,42,
C001031,WS0007,INDIVIDUAL,2024-10-12,Adana,Akdeniz,0,WHATSAPP,REFERRAL,Customer_001031,1,,SYNTHETIC,1.3.0,42,
C001032,WS0008,COMMERCIAL,2025-02-24,Gaziantep,Güneydoğu Anadolu,0,EMAIL,REFERRAL,Customer_001032,1,,SYNTHETIC,1.3.0,42,
C001033,WS0010,INDIVIDUAL,2025-09-25,Eskişehir,İç Anadolu,0,EMAIL,REFERRAL,Customer_001033,1,,SYNTHETIC,1.3.0,42,
C001034,WS0008,FLEET,2021-11-04,Gaziantep,Güneydoğu Anadolu,1,WHATSAPP,ORGANIC,Customer_001034,1,,SYNTHETIC,1.3.0,42,
C001035,WS0001,INDIVIDUAL,2023-11-15,İstanbul,Marmara,0,WHATSAPP,ORGANIC,Customer_001035,1,,SYNTHETIC,1.3.0,42,
C001036,WS0004,INDIVIDUAL,2026-03-13,Bursa,Marmara,0,WHATSAPP,SOCIAL_MEDIA,Customer_001036,1,,SYNTHETIC,1.3.0,42,
C001037,WS0004,INDIVIDUAL,2022-03-30,Bursa,Marmara,0,PHONE,REFERRAL,Customer_001037,1,,SYNTHETIC,1.3.0,42,
C001038,WS0003,INDIVIDUAL,2021-04-10,İzmir,Ege,0,WHATSAPP,GOOGLE_MAPS,Customer_001038,1,,SYNTHETIC,1.3.0,42,
C001039,WS0006,INDIVIDUAL,2025-08-12,Konya,İç Anadolu,0,PHONE,REFERRAL,Customer_001039,1,,SYNTHETIC,1.3.0,42,
C001040,WS0003,INDIVIDUAL,2025-01-26,İzmir,Ege,0,WHATSAPP,WALK_IN,Customer_001040,1,,SYNTHETIC,1.3.0,42,
C001041,WS0006,INDIVIDUAL,2024-11-04,Konya,İç Anadolu,0,WHATSAPP,REFERRAL,Customer_001041,1,,SYNTHETIC,1.3.0,42,
C001042,WS0001,INDIVIDUAL,2022-02-06,İstanbul,Marmara,0,WHATSAPP,GOOGLE_MAPS,Customer_001042,0,2022-06-14,SYNTHETIC,1.3.0,42,
C001043,WS0004,COMMERCIAL,2026-05-18,Bursa,Marmara,0,PHONE,DIRECT_SALES,Customer_001043,1,,SYNTHETIC,1.3.0,42,
C001044,WS0005,INDIVIDUAL,2025-09-06,Antalya,Akdeniz,0,WHATSAPP,REFERRAL,Customer_001044,1,,SYNTHETIC,1.3.0,42,
C001045,WS0001,INDIVIDUAL,2023-09-28,İstanbul,Marmara,0,WHATSAPP,ORGANIC,Customer_001045,1,,SYNTHETIC,1.3.0,42,
C001046,WS0006,INDIVIDUAL,2021-01-13,Konya,İç Anadolu,0,WHATSAPP,GOOGLE_MAPS,Customer_001046,1,,SYNTHETIC,1.3.0,42,
C001047,WS0001,INDIVIDUAL,2023-09-12,İstanbul,Marmara,0,PHONE,GOOGLE_MAPS,Customer_001047,1,,SYNTHETIC,1.3.0,42,
C001048,WS0004,INDIVIDUAL,2022-03-31,Bursa,Marmara,0,SMS,REFERRAL,Customer_001048,1,,SYNTHETIC,1.3.0,42,
C001049,WS0010,FLEET,2023-09-04,Eskişehir,İç Anadolu,1,EMAIL,FLEET_PARTNERSHIP,Customer_001049,1,,SYNTHETIC,1.3.0,42,
C001050,WS0006,INDIVIDUAL,2025-07-22,Konya,İç Anadolu,0,WHATSAPP,WALK_IN,Customer_001050,1,,SYNTHETIC,1.3.0,42,
C001051,WS0006,FLEET,2024-03-02,Konya,İç Anadolu,1,WHATSAPP,REFERRAL,Customer_001051,1,,SYNTHETIC,1.3.0,42,
C001052,WS0003,INDIVIDUAL,2024-06-22,İzmir,Ege,0,PHONE,GOOGLE_MAPS,Customer_001052,1,,SYNTHETIC,1.3.0,42,
C001053,WS0005,INDIVIDUAL,2023-08-30,Antalya,Akdeniz,0,SMS,REFERRAL,Customer_001053,1,,SYNTHETIC,1.3.0,42,
C001054,WS0006,INDIVIDUAL,2025-08-27,Konya,İç Anadolu,0,SMS,ORGANIC,Customer_001054,1,,SYNTHETIC,1.3.0,42,
C001055,WS0003,COMMERCIAL,2026-07-10,İzmir,Ege,0,PHONE,DIRECT_SALES,Customer_001055,1,,SYNTHETIC,1.3.0,42,
C001056,WS0008,INDIVIDUAL,2022-07-01,Gaziantep,Güneydoğu Anadolu,0,WHATSAPP,REFERRAL,Customer_001056,0,2025-12-27,SYNTHETIC,1.3.0,42,
C001057,WS0006,INDIVIDUAL,2023-03-06,Konya,İç Anadolu,0,SMS,REFERRAL,Customer_001057,1,,SYNTHETIC,1.3.0,42,
C001058,WS0005,INDIVIDUAL,2023-02-24,Antalya,Akdeniz,0,WHATSAPP,ORGANIC,Customer_001058,1,,SYNTHETIC,1.3.0,42,
C001059,WS0009,INDIVIDUAL,2022-05-02,Samsun,Karadeniz,0,EMAIL,REFERRAL,Customer_001059,0,2025-01-17,SYNTHETIC,1.3.0,42,
C001060,WS0010,INDIVIDUAL,2021-10-18,Eskişehir,İç Anadolu,0,WHATSAPP,GOOGLE_MAPS,Customer_001060,1,,SYNTHETIC,1.3.0,42,
C001061,WS0002,INDIVIDUAL,2021-11-02,Ankara,İç Anadolu,0,SMS,ORGANIC,Customer_001061,1,,SYNTHETIC,1.3.0,42,
C001062,WS0009,INDIVIDUAL,2025-01-26,Samsun,Karadeniz,0,SMS,ORGANIC,Customer_001062,1,,SYNTHETIC,1.3.0,42,
C001063,WS0010,INDIVIDUAL,2024-09-16,Eskişehir,İç Anadolu,0,PHONE,WALK_IN,Customer_001063,1,,SYNTHETIC,1.3.0,42,
C001064,WS0006,COMMERCIAL,2024-05-17,Konya,İç Anadolu,0,EMAIL,DIRECT_SALES,Customer_001064,1,,SYNTHETIC,1.3.0,42,
C001065,WS0008,INDIVIDUAL,2021-01-20,Gaziantep,Güneydoğu Anadolu,0,WHATSAPP,GOOGLE_MAPS,Customer_001065,1,,SYNTHETIC,1.3.0,42,
C001066,WS0001,INDIVIDUAL,2022-11-23,İstanbul,Marmara,0,EMAIL,ORGANIC,Customer_001066,1,,SYNTHETIC,1.3.0,42,
C001067,WS0007,INDIVIDUAL,2024-09-25,Adana,Akdeniz,0,WHATSAPP,WALK_IN,Customer_001067,1,,SYNTHETIC,1.3.0,42,
C001068,WS0008,COMMERCIAL,2021-01-03,Gaziantep,Güneydoğu Anadolu,0,PHONE,REFERRAL,Customer_001068,1,,SYNTHETIC,1.3.0,42,
C001069,WS0002,INDIVIDUAL,2023-05-13,Ankara,İç Anadolu,0,WHATSAPP,REFERRAL,Customer_001069,1,,SYNTHETIC,1.3.0,42,
C001070,WS0004,INDIVIDUAL,2025-12-04,Bursa,Marmara,0,PHONE,REFERRAL,Customer_001070,1,,SYNTHETIC,1.3.0,42,
C001071,WS0004,INDIVIDUAL,2022-04-22,Bursa,Marmara,0,PHONE,ORGANIC,Customer_001071,1,,SYNTHETIC,1.3.0,42,
C001072,WS0010,COMMERCIAL,2023-03-18,Eskişehir,İç Anadolu,0,EMAIL,REFERRAL,Customer_001072,1,,SYNTHETIC,1.3.0,42,
C001073,WS0006,INDIVIDUAL,2022-01-12,Konya,İç Anadolu,0,WHATSAPP,REFERRAL,Customer_001073,1,,SYNTHETIC,1.3.0,42,
C001074,WS0010,COMMERCIAL,2026-07-23,Eskişehir,İç Anadolu,0,WHATSAPP,DIRECT_SALES,Customer_001074,1,,SYNTHETIC,1.3.0,42,
C001075,WS0003,INDIVIDUAL,2021-02-27,İzmir,Ege,0,PHONE,REFERRAL,Customer_001075,1,,SYNTHETIC,1.3.0,42,
C001076,WS0002,INDIVIDUAL,2021-01-29,Ankara,İç Anadolu,0,SMS,GOOGLE_MAPS,Customer_001076,1,,SYNTHETIC,1.3.0,42,
C001077,WS0010,INDIVIDUAL,2022-07-02,Eskişehir,İç Anadolu,0,WHATSAPP,ORGANIC,Customer_001077,1,,SYNTHETIC,1.3.0,42,
C001078,WS0009,INDIVIDUAL,2021-06-12,Samsun,Karadeniz,0,WHATSAPP,ORGANIC,Customer_001078,1,,SYNTHETIC,1.3.0,42,
C001079,WS0002,COMMERCIAL,2023-05-17,Ankara,İç Anadolu,0,EMAIL,ORGANIC,Customer_001079,1,,SYNTHETIC,1.3.0,42,
C001080,WS0009,COMMERCIAL,2025-01-11,Samsun,Karadeniz,0,WHATSAPP,REFERRAL,Customer_001080,1,,SYNTHETIC,1.3.0,42,
C001081,WS0003,INDIVIDUAL,2023-11-20,İzmir,Ege,0,PHONE,ORGANIC,Customer_001081,1,,SYNTHETIC,1.3.0,42,
C001082,WS0002,INDIVIDUAL,2021-07-16,Ankara,İç Anadolu,0,WHATSAPP,ORGANIC,Customer_001082,1,,SYNTHETIC,1.3.0,42,
C001083,WS0004,INDIVIDUAL,2021-03-18,Bursa,Marmara,0,WHATSAPP,REFERRAL,Customer_001083,1,,SYNTHETIC,1.3.0,42,
C001084,WS0003,COMMERCIAL,2022-04-08,İzmir,Ege,0,WHATSAPP,ORGANIC,Customer_001084,0,2023-04-29,SYNTHETIC,1.3.0,42,
C001085,WS0010,INDIVIDUAL,2021-04-21,Eskişehir,İç Anadolu,0,WHATSAPP,GOOGLE_MAPS,Customer_001085,1,,SYNTHETIC,1.3.0,42,
C001086,WS0004,INDIVIDUAL,2026-01-07,Bursa,Marmara,0,PHONE,REFERRAL,Customer_001086,1,,SYNTHETIC,1.3.0,42,
C001087,WS0010,INDIVIDUAL,2025-10-22,Eskişehir,İç Anadolu,0,SMS,ORGANIC,Customer_001087,1,,SYNTHETIC,1.3.0,42,
C001088,WS0002,INDIVIDUAL,2022-09-22,Ankara,İç Anadolu,0,PHONE,REFERRAL,Customer_001088,1,,SYNTHETIC,1.3.0,42,
C001089,WS0010,FLEET,2022-05-02,Eskişehir,İç Anadolu,1,EMAIL,REFERRAL,Customer_001089,1,,SYNTHETIC,1.3.0,42,
C001090,WS0010,INDIVIDUAL,2022-11-17,Eskişehir,İç Anadolu,0,PHONE,ORGANIC,Customer_001090,1,,SYNTHETIC,1.3.0,42,
C001091,WS0008,INDIVIDUAL,2022-10-14,Gaziantep,Güneydoğu Anadolu,0,WHATSAPP,REFERRAL,Customer_001091,1,,SYNTHETIC,1.3.0,42,
C001092,WS0007,INDIVIDUAL,2025-02-06,Adana,Akdeniz,0,PHONE,ORGANIC,Customer_001092,1,,SYNTHETIC,1.3.0,42,
C001093,WS0007,COMMERCIAL,2021-02-11,Adana,Akdeniz,0,EMAIL,FLEET_PARTNERSHIP,Customer_001093,1,,SYNTHETIC,1.3.0,42,
C001094,WS0009,FLEET,2024-12-13,Samsun,Karadeniz,1,EMAIL,REFERRAL,Customer_001094,1,,SYNTHETIC,1.3.0,42,
C001095,WS0001,INDIVIDUAL,2022-01-08,İstanbul,Marmara,0,EMAIL,ORGANIC,Customer_001095,1,,SYNTHETIC,1.3.0,42,
C001096,WS0008,INDIVIDUAL,2022-07-18,Gaziantep,Güneydoğu Anadolu,0,PHONE,WALK_IN,Customer_001096,1,,SYNTHETIC,1.3.0,42,
C001097,WS0002,INDIVIDUAL,2024-11-06,Ankara,İç Anadolu,0,PHONE,ORGANIC,Customer_001097,1,,SYNTHETIC,1.3.0,42,
C001098,WS0006,INDIVIDUAL,2022-10-05,Konya,İç Anadolu,0,PHONE,REFERRAL,Customer_001098,1,,SYNTHETIC,1.3.0,42,
C001099,WS0004,INDIVIDUAL,2023-04-05,Bursa,Marmara,0,WHATSAPP,GOOGLE_MAPS,Customer_001099,1,,SYNTHETIC,1.3.0,42,
C001100,WS0001,INDIVIDUAL,2024-01-30,İstanbul,Marmara,0,WHATSAPP,WALK_IN,Customer_001100,1,,SYNTHETIC,1.3.0,42,
C001101,WS0003,COMMERCIAL,2021-10-24,İzmir,Ege,0,EMAIL,DIRECT_SALES,Customer_001101,1,,SYNTHETIC,1.3.0,42,
C001102,WS0009,INDIVIDUAL,2021-02-02,Samsun,Karadeniz,0,PHONE,REFERRAL,Customer_001102,1,,SYNTHETIC,1.3.0,42,
C001103,WS0003,INDIVIDUAL,2022-12-21,İzmir,Ege,0,WHATSAPP,SOCIAL_MEDIA,Customer_001103,1,,SYNTHETIC,1.3.0,42,
C001104,WS0010,INDIVIDUAL,2022-06-19,Eskişehir,İç Anadolu,0,PHONE,REFERRAL,Customer_001104,1,,SYNTHETIC,1.3.0,42,
C001105,WS0007,INDIVIDUAL,2024-11-02,Adana,Akdeniz,0,WHATSAPP,ORGANIC,Customer_001105,0,2026-02-23,SYNTHETIC,1.3.0,42,
C001106,WS0005,INDIVIDUAL,2021-10-31,Antalya,Akdeniz,0,EMAIL,ORGANIC,Customer_001106,1,,SYNTHETIC,1.3.0,42,
C001107,WS0010,INDIVIDUAL,2026-05-28,Eskişehir,İç Anadolu,0,PHONE,SOCIAL_MEDIA,Customer_001107,1,,SYNTHETIC,1.3.0,42,
C001108,WS0001,INDIVIDUAL,2021-04-14,İstanbul,Marmara,0,WHATSAPP,SOCIAL_MEDIA,Customer_001108,1,,SYNTHETIC,1.3.0,42,
C001109,WS0006,INDIVIDUAL,2021-11-08,Konya,İç Anadolu,0,PHONE,SOCIAL_MEDIA,Customer_001109,0,2024-12-11,SYNTHETIC,1.3.0,42,
C001110,WS0003,INDIVIDUAL,2023-03-05,İzmir,Ege,0,WHATSAPP,SOCIAL_MEDIA,Customer_001110,1,,SYNTHETIC,1.3.0,42,
C001111,WS0001,COMMERCIAL,2022-10-21,İstanbul,Marmara,0,WHATSAPP,DIRECT_SALES,Customer_001111,1,,SYNTHETIC,1.3.0,42,
C001112,WS0009,INDIVIDUAL,2024-09-29,Samsun,Karadeniz,0,WHATSAPP,ORGANIC,Customer_001112,1,,SYNTHETIC,1.3.0,42,
C001113,WS0003,INDIVIDUAL,2025-10-09,İzmir,Ege,0,WHATSAPP,WALK_IN,Customer_001113,1,,SYNTHETIC,1.3.0,42,
C001114,WS0008,COMMERCIAL,2024-12-06,Gaziantep,Güneydoğu Anadolu,0,WHATSAPP,REFERRAL,Customer_001114,1,,SYNTHETIC,1.3.0,42,
C001115,WS0006,INDIVIDUAL,2025-11-29,Konya,İç Anadolu,0,WHATSAPP,REFERRAL,Customer_001115,1,,SYNTHETIC,1.3.0,42,
C001116,WS0001,INDIVIDUAL,2024-09-14,İstanbul,Marmara,0,WHATSAPP,SOCIAL_MEDIA,Customer_001116,1,,SYNTHETIC,1.3.0,42,
C001117,WS0009,INDIVIDUAL,2021-12-05,Samsun,Karadeniz,0,WHATSAPP,GOOGLE_MAPS,Customer_001117,1,,SYNTHETIC,1.3.0,42,
C001118,WS0009,INDIVIDUAL,2022-05-07,Samsun,Karadeniz,0,WHATSAPP,GOOGLE_MAPS,Customer_001118,1,,SYNTHETIC,1.3.0,42,
C001119,WS0006,INDIVIDUAL,2022-03-02,Konya,İç Anadolu,0,SMS,GOOGLE_MAPS,Customer_001119,1,,SYNTHETIC,1.3.0,42,
C001120,WS0007,INDIVIDUAL,2026-05-31,Adana,Akdeniz,0,PHONE,SOCIAL_MEDIA,Customer_001120,1,,SYNTHETIC,1.3.0,42,
C001121,WS0004,INDIVIDUAL,2022-05-30,Bursa,Marmara,0,WHATSAPP,GOOGLE_MAPS,Customer_001121,1,,SYNTHETIC,1.3.0,42,
C001122,WS0010,COMMERCIAL,2024-07-06,Eskişehir,İç Anadolu,0,WHATSAPP,ORGANIC,Customer_001122,1,,SYNTHETIC,1.3.0,42,
C001123,WS0005,INDIVIDUAL,2021-08-25,Antalya,Akdeniz,0,WHATSAPP,ORGANIC,Customer_001123,1,,SYNTHETIC,1.3.0,42,
C001124,WS0002,INDIVIDUAL,2026-06-20,Ankara,İç Anadolu,0,WHATSAPP,REFERRAL,Customer_001124,1,,SYNTHETIC,1.3.0,42,
C001125,WS0006,COMMERCIAL,2026-02-25,Konya,İç Anadolu,0,PHONE,REFERRAL,Customer_001125,1,,SYNTHETIC,1.3.0,42,
C001126,WS0005,INDIVIDUAL,2025-02-07,Antalya,Akdeniz,0,WHATSAPP,REFERRAL,Customer_001126,1,,SYNTHETIC,1.3.0,42,
C001127,WS0006,INDIVIDUAL,2023-08-21,Konya,İç Anadolu,0,PHONE,SOCIAL_MEDIA,Customer_001127,1,,SYNTHETIC,1.3.0,42,
C001128,WS0003,INDIVIDUAL,2024-09-22,İzmir,Ege,0,WHATSAPP,GOOGLE_MAPS,Customer_001128,1,,SYNTHETIC,1.3.0,42,
C001129,WS0009,INDIVIDUAL,2022-05-20,Samsun,Karadeniz,0,WHATSAPP,ORGANIC,Customer_001129,1,,SYNTHETIC,1.3.0,42,
C001130,WS0009,INDIVIDUAL,2023-04-01,Samsun,Karadeniz,0,WHATSAPP,SOCIAL_MEDIA,Customer_001130,1,,SYNTHETIC,1.3.0,42,
C001131,WS0007,INDIVIDUAL,2024-12-15,Adana,Akdeniz,0,EMAIL,REFERRAL,Customer_001131,1,,SYNTHETIC,1.3.0,42,
C001132,WS0006,INDIVIDUAL,2023-01-06,Konya,İç Anadolu,0,WHATSAPP,REFERRAL,Customer_001132,1,,SYNTHETIC,1.3.0,42,
C001133,WS0001,INDIVIDUAL,2023-05-14,İstanbul,Marmara,0,SMS,WALK_IN,Customer_001133,1,,SYNTHETIC,1.3.0,42,
C001134,WS0010,INDIVIDUAL,2024-02-09,Eskişehir,İç Anadolu,0,EMAIL,ORGANIC,Customer_001134,0,2025-05-18,SYNTHETIC,1.3.0,42,
C001135,WS0010,INDIVIDUAL,2021-05-18,Eskişehir,İç Anadolu,0,WHATSAPP,GOOGLE_MAPS,Customer_001135,1,,SYNTHETIC,1.3.0,42,
C001136,WS0002,INDIVIDUAL,2024-05-26,Ankara,İç Anadolu,0,WHATSAPP,SOCIAL_MEDIA,Customer_001136,1,,SYNTHETIC,1.3.0,42,
C001137,WS0008,INDIVIDUAL,2022-05-30,Gaziantep,Güneydoğu Anadolu,0,SMS,ORGANIC,Customer_001137,1,,SYNTHETIC,1.3.0,42,
C001138,WS0005,INDIVIDUAL,2025-05-23,Antalya,Akdeniz,0,EMAIL,REFERRAL,Customer_001138,1,,SYNTHETIC,1.3.0,42,
C001139,WS0008,INDIVIDUAL,2023-08-13,Gaziantep,Güneydoğu Anadolu,0,SMS,GOOGLE_MAPS,Customer_001139,1,,SYNTHETIC,1.3.0,42,
C001140,WS0002,INDIVIDUAL,2022-04-26,Ankara,İç Anadolu,0,WHATSAPP,REFERRAL,Customer_001140,1,,SYNTHETIC,1.3.0,42,
C001141,WS0001,COMMERCIAL,2026-03-16,İstanbul,Marmara,0,EMAIL,REFERRAL,Customer_001141,1,,SYNTHETIC,1.3.0,42,
C001142,WS0002,INDIVIDUAL,2024-04-25,Ankara,İç Anadolu,0,SMS,ORGANIC,Customer_001142,1,,SYNTHETIC,1.3.0,42,
C001143,WS0002,COMMERCIAL,2023-09-30,Ankara,İç Anadolu,0,EMAIL,ORGANIC,Customer_001143,1,,SYNTHETIC,1.3.0,42,
C001144,WS0001,INDIVIDUAL,2025-04-11,İstanbul,Marmara,0,WHATSAPP,REFERRAL,Customer_001144,1,,SYNTHETIC,1.3.0,42,
C001145,WS0001,INDIVIDUAL,2025-12-22,İstanbul,Marmara,0,SMS,GOOGLE_MAPS,Customer_001145,0,2026-06-04,SYNTHETIC,1.3.0,42,
C001146,WS0008,INDIVIDUAL,2023-06-03,Gaziantep,Güneydoğu Anadolu,0,EMAIL,ORGANIC,Customer_001146,1,,SYNTHETIC,1.3.0,42,
C001147,WS0007,INDIVIDUAL,2023-06-04,Adana,Akdeniz,0,WHATSAPP,GOOGLE_MAPS,Customer_001147,0,2025-05-19,SYNTHETIC,1.3.0,42,
C001148,WS0001,INDIVIDUAL,2022-06-22,İstanbul,Marmara,0,WHATSAPP,ORGANIC,Customer_001148,0,2024-10-31,SYNTHETIC,1.3.0,42,
C001149,WS0001,INDIVIDUAL,2021-02-13,İstanbul,Marmara,0,WHATSAPP,WALK_IN,Customer_001149,1,,SYNTHETIC,1.3.0,42,
C001150,WS0007,INDIVIDUAL,2026-05-28,Adana,Akdeniz,0,PHONE,WALK_IN,Customer_001150,1,,SYNTHETIC,1.3.0,42,
C001151,WS0004,INDIVIDUAL,2026-07-01,Bursa,Marmara,0,SMS,ORGANIC,Customer_001151,1,,SYNTHETIC,1.3.0,42,
C001152,WS0010,INDIVIDUAL,2023-05-30,Eskişehir,İç Anadolu,0,SMS,GOOGLE_MAPS,Customer_001152,1,,SYNTHETIC,1.3.0,42,
C001153,WS0009,INDIVIDUAL,2021-12-04,Samsun,Karadeniz,0,WHATSAPP,GOOGLE_MAPS,Customer_001153,1,,SYNTHETIC,1.3.0,42,
C001154,WS0008,INDIVIDUAL,2023-12-16,Gaziantep,Güneydoğu Anadolu,0,SMS,REFERRAL,Customer_001154,1,,SYNTHETIC,1.3.0,42,
C001155,WS0007,INDIVIDUAL,2024-02-09,Adana,Akdeniz,0,SMS,GOOGLE_MAPS,Customer_001155,1,,SYNTHETIC,1.3.0,42,
C001156,WS0003,INDIVIDUAL,2026-01-25,İzmir,Ege,0,EMAIL,ORGANIC,Customer_001156,0,2026-06-29,SYNTHETIC,1.3.0,42,
C001157,WS0001,INDIVIDUAL,2024-10-23,İstanbul,Marmara,0,WHATSAPP,ORGANIC,Customer_001157,0,2025-12-12,SYNTHETIC,1.3.0,42,
C001158,WS0001,INDIVIDUAL,2024-08-01,İstanbul,Marmara,0,EMAIL,SOCIAL_MEDIA,Customer_001158,1,,SYNTHETIC,1.3.0,42,
C001159,WS0008,INDIVIDUAL,2026-04-10,Gaziantep,Güneydoğu Anadolu,0,WHATSAPP,GOOGLE_MAPS,Customer_001159,1,,SYNTHETIC,1.3.0,42,
C001160,WS0008,COMMERCIAL,2022-06-28,Gaziantep,Güneydoğu Anadolu,0,PHONE,ORGANIC,Customer_001160,0,2025-08-06,SYNTHETIC,1.3.0,42,
C001161,WS0001,COMMERCIAL,2021-05-30,İstanbul,Marmara,0,PHONE,REFERRAL,Customer_001161,1,,SYNTHETIC,1.3.0,42,
C001162,WS0005,COMMERCIAL,2021-07-31,Antalya,Akdeniz,0,PHONE,DIRECT_SALES,Customer_001162,1,,SYNTHETIC,1.3.0,42,
C001163,WS0004,COMMERCIAL,2021-03-13,Bursa,Marmara,0,WHATSAPP,ORGANIC,Customer_001163,1,,SYNTHETIC,1.3.0,42,
C001164,WS0007,INDIVIDUAL,2023-07-10,Adana,Akdeniz,0,SMS,SOCIAL_MEDIA,Customer_001164,1,,SYNTHETIC,1.3.0,42,
C001165,WS0008,INDIVIDUAL,2022-04-28,Gaziantep,Güneydoğu Anadolu,0,PHONE,WALK_IN,Customer_001165,1,,SYNTHETIC,1.3.0,42,
C001166,WS0003,INDIVIDUAL,2024-07-24,İzmir,Ege,0,WHATSAPP,WALK_IN,Customer_001166,1,,SYNTHETIC,1.3.0,42,
C001167,WS0006,INDIVIDUAL,2022-03-15,Konya,İç Anadolu,0,SMS,ORGANIC,Customer_001167,1,,SYNTHETIC,1.3.0,42,
C001168,WS0009,INDIVIDUAL,2023-04-29,Samsun,Karadeniz,0,WHATSAPP,ORGANIC,Customer_001168,1,,SYNTHETIC,1.3.0,42,
C001169,WS0003,INDIVIDUAL,2022-06-02,İzmir,Ege,0,EMAIL,ORGANIC,Customer_001169,1,,SYNTHETIC,1.3.0,42,
C001170,WS0005,INDIVIDUAL,2024-08-31,Antalya,Akdeniz,0,EMAIL,REFERRAL,Customer_001170,1,,SYNTHETIC,1.3.0,42,
C001171,WS0001,INDIVIDUAL,2022-03-27,İstanbul,Marmara,0,SMS,GOOGLE_MAPS,Customer_001171,0,2023-08-23,SYNTHETIC,1.3.0,42,
C001172,WS0009,INDIVIDUAL,2025-12-14,Samsun,Karadeniz,0,WHATSAPP,WALK_IN,Customer_001172,1,,SYNTHETIC,1.3.0,42,
C001173,WS0005,INDIVIDUAL,2021-05-16,Antalya,Akdeniz,0,EMAIL,GOOGLE_MAPS,Customer_001173,1,,SYNTHETIC,1.3.0,42,
C001174,WS0008,COMMERCIAL,2023-09-01,Gaziantep,Güneydoğu Anadolu,0,WHATSAPP,DIRECT_SALES,Customer_001174,1,,SYNTHETIC,1.3.0,42,
C001175,WS0009,INDIVIDUAL,2022-08-18,Samsun,Karadeniz,0,WHATSAPP,REFERRAL,Customer_001175,1,,SYNTHETIC,1.3.0,42,
C001176,WS0004,INDIVIDUAL,2024-08-18,Bursa,Marmara,0,PHONE,WALK_IN,Customer_001176,1,,SYNTHETIC,1.3.0,42,
C001177,WS0003,INDIVIDUAL,2021-09-04,İzmir,Ege,0,WHATSAPP,REFERRAL,Customer_001177,1,,SYNTHETIC,1.3.0,42,
C001178,WS0001,INDIVIDUAL,2023-08-07,İstanbul,Marmara,0,EMAIL,ORGANIC,Customer_001178,1,,SYNTHETIC,1.3.0,42,
C001179,WS0007,INDIVIDUAL,2022-11-30,Adana,Akdeniz,0,SMS,GOOGLE_MAPS,Customer_001179,0,2025-08-07,SYNTHETIC,1.3.0,42,
C001180,WS0009,INDIVIDUAL,2021-06-03,Samsun,Karadeniz,0,PHONE,REFERRAL,Customer_001180,1,,SYNTHETIC,1.3.0,42,
C001181,WS0005,INDIVIDUAL,2021-07-31,Antalya,Akdeniz,0,PHONE,ORGANIC,Customer_001181,1,,SYNTHETIC,1.3.0,42,
C001182,WS0001,INDIVIDUAL,2026-05-03,İstanbul,Marmara,0,PHONE,ORGANIC,Customer_001182,1,,SYNTHETIC,1.3.0,42,
C001183,WS0007,INDIVIDUAL,2021-04-26,Adana,Akdeniz,0,SMS,REFERRAL,Customer_001183,1,,SYNTHETIC,1.3.0,42,
C001184,WS0007,INDIVIDUAL,2022-07-31,Adana,Akdeniz,0,WHATSAPP,GOOGLE_MAPS,Customer_001184,0,2023-03-21,SYNTHETIC,1.3.0,42,
C001185,WS0009,INDIVIDUAL,2025-03-30,Samsun,Karadeniz,0,WHATSAPP,SOCIAL_MEDIA,Customer_001185,1,,SYNTHETIC,1.3.0,42,
C001186,WS0005,INDIVIDUAL,2025-05-06,Antalya,Akdeniz,0,SMS,ORGANIC,Customer_001186,1,,SYNTHETIC,1.3.0,42,
C001187,WS0008,INDIVIDUAL,2025-10-30,Gaziantep,Güneydoğu Anadolu,0,SMS,REFERRAL,Customer_001187,0,2026-04-03,SYNTHETIC,1.3.0,42,
C001188,WS0005,INDIVIDUAL,2024-07-22,Antalya,Akdeniz,0,WHATSAPP,WALK_IN,Customer_001188,0,2024-11-12,SYNTHETIC,1.3.0,42,
C001189,WS0008,INDIVIDUAL,2023-02-19,Gaziantep,Güneydoğu Anadolu,0,WHATSAPP,REFERRAL,Customer_001189,1,,SYNTHETIC,1.3.0,42,
C001190,WS0001,COMMERCIAL,2026-07-09,İstanbul,Marmara,0,WHATSAPP,ORGANIC,Customer_001190,1,,SYNTHETIC,1.3.0,42,
C001191,WS0001,INDIVIDUAL,2024-06-06,İstanbul,Marmara,0,WHATSAPP,REFERRAL,Customer_001191,1,,SYNTHETIC,1.3.0,42,
C001192,WS0005,INDIVIDUAL,2024-01-12,Antalya,Akdeniz,0,SMS,GOOGLE_MAPS,Customer_001192,1,,SYNTHETIC,1.3.0,42,
C001193,WS0003,INDIVIDUAL,2024-12-01,İzmir,Ege,0,WHATSAPP,SOCIAL_MEDIA,Customer_001193,1,,SYNTHETIC,1.3.0,42,
C001194,WS0006,INDIVIDUAL,2024-02-24,Konya,İç Anadolu,0,WHATSAPP,REFERRAL,Customer_001194,1,,SYNTHETIC,1.3.0,42,
C001195,WS0003,INDIVIDUAL,2022-11-22,İzmir,Ege,0,EMAIL,REFERRAL,Customer_001195,1,,SYNTHETIC,1.3.0,42,
C001196,WS0005,INDIVIDUAL,2024-03-23,Antalya,Akdeniz,0,WHATSAPP,GOOGLE_MAPS,Customer_001196,0,2025-11-11,SYNTHETIC,1.3.0,42,
C001197,WS0005,INDIVIDUAL,2025-04-28,Antalya,Akdeniz,0,WHATSAPP,GOOGLE_MAPS,Customer_001197,1,,SYNTHETIC,1.3.0,42,
C001198,WS0010,INDIVIDUAL,2025-12-27,Eskişehir,İç Anadolu,0,PHONE,WALK_IN,Customer_001198,1,,SYNTHETIC,1.3.0,42,
C001199,WS0002,INDIVIDUAL,2023-10-18,Ankara,İç Anadolu,0,SMS,GOOGLE_MAPS,Customer_001199,1,,SYNTHETIC,1.3.0,42,
C001200,WS0005,INDIVIDUAL,2023-09-26,Antalya,Akdeniz,0,PHONE,SOCIAL_MEDIA,Customer_001200,1,,SYNTHETIC,1.3.0,42,
C001201,WS0010,INDIVIDUAL,2025-01-06,Eskişehir,İç Anadolu,0,SMS,WALK_IN,Customer_001201,1,,SYNTHETIC,1.3.0,42,
C001202,WS0004,INDIVIDUAL,2026-01-26,Bursa,Marmara,0,WHATSAPP,SOCIAL_MEDIA,Customer_001202,1,,SYNTHETIC,1.3.0,42,
C001203,WS0007,COMMERCIAL,2022-07-02,Adana,Akdeniz,0,EMAIL,REFERRAL,Customer_001203,1,,SYNTHETIC,1.3.0,42,
C001204,WS0001,INDIVIDUAL,2022-01-08,İstanbul,Marmara,0,EMAIL,GOOGLE_MAPS,Customer_001204,0,2026-06-06,SYNTHETIC,1.3.0,42,
C001205,WS0008,INDIVIDUAL,2026-05-07,Gaziantep,Güneydoğu Anadolu,0,SMS,WALK_IN,Customer_001205,1,,SYNTHETIC,1.3.0,42,
C001206,WS0006,INDIVIDUAL,2021-03-17,Konya,İç Anadolu,0,WHATSAPP,ORGANIC,Customer_001206,1,,SYNTHETIC,1.3.0,42,
C001207,WS0002,INDIVIDUAL,2024-03-04,Ankara,İç Anadolu,0,WHATSAPP,GOOGLE_MAPS,Customer_001207,1,,SYNTHETIC,1.3.0,42,
C001208,WS0009,INDIVIDUAL,2024-11-21,Samsun,Karadeniz,0,WHATSAPP,REFERRAL,Customer_001208,1,,SYNTHETIC,1.3.0,42,
C001209,WS0001,COMMERCIAL,2021-03-01,İstanbul,Marmara,0,EMAIL,DIRECT_SALES,Customer_001209,1,,SYNTHETIC,1.3.0,42,
C001210,WS0008,INDIVIDUAL,2023-09-07,Gaziantep,Güneydoğu Anadolu,0,SMS,WALK_IN,Customer_001210,1,,SYNTHETIC,1.3.0,42,
C001211,WS0006,INDIVIDUAL,2021-04-18,Konya,İç Anadolu,0,PHONE,SOCIAL_MEDIA,Customer_001211,1,,SYNTHETIC,1.3.0,42,
C001212,WS0010,INDIVIDUAL,2025-09-29,Eskişehir,İç Anadolu,0,WHATSAPP,WALK_IN,Customer_001212,1,,SYNTHETIC,1.3.0,42,
C001213,WS0008,INDIVIDUAL,2026-02-01,Gaziantep,Güneydoğu Anadolu,0,WHATSAPP,REFERRAL,Customer_001213,1,,SYNTHETIC,1.3.0,42,
C001214,WS0001,INDIVIDUAL,2025-05-25,İstanbul,Marmara,0,PHONE,WALK_IN,Customer_001214,1,,SYNTHETIC,1.3.0,42,
C001215,WS0005,INDIVIDUAL,2021-09-17,Antalya,Akdeniz,0,WHATSAPP,ORGANIC,Customer_001215,1,,SYNTHETIC,1.3.0,42,
C001216,WS0004,INDIVIDUAL,2023-02-22,Bursa,Marmara,0,WHATSAPP,GOOGLE_MAPS,Customer_001216,1,,SYNTHETIC,1.3.0,42,
C001217,WS0008,COMMERCIAL,2021-05-22,Gaziantep,Güneydoğu Anadolu,0,WHATSAPP,DIRECT_SALES,Customer_001217,1,,SYNTHETIC,1.3.0,42,
C001218,WS0007,INDIVIDUAL,2021-12-06,Adana,Akdeniz,0,WHATSAPP,ORGANIC,Customer_001218,1,,SYNTHETIC,1.3.0,42,
C001219,WS0004,INDIVIDUAL,2021-01-20,Bursa,Marmara,0,SMS,GOOGLE_MAPS,Customer_001219,1,,SYNTHETIC,1.3.0,42,
C001220,WS0004,INDIVIDUAL,2023-11-24,Bursa,Marmara,0,WHATSAPP,GOOGLE_MAPS,Customer_001220,1,,SYNTHETIC,1.3.0,42,
C001221,WS0010,INDIVIDUAL,2025-09-23,Eskişehir,İç Anadolu,0,WHATSAPP,GOOGLE_MAPS,Customer_001221,1,,SYNTHETIC,1.3.0,42,
C001222,WS0009,INDIVIDUAL,2023-10-31,Samsun,Karadeniz,0,WHATSAPP,ORGANIC,Customer_001222,1,,SYNTHETIC,1.3.0,42,
C001223,WS0008,INDIVIDUAL,2022-07-28,Gaziantep,Güneydoğu Anadolu,0,SMS,WALK_IN,Customer_001223,1,,SYNTHETIC,1.3.0,42,
C001224,WS0009,INDIVIDUAL,2021-07-25,Samsun,Karadeniz,0,WHATSAPP,WALK_IN,Customer_001224,1,,SYNTHETIC,1.3.0,42,
C001225,WS0007,INDIVIDUAL,2024-06-04,Adana,Akdeniz,0,EMAIL,GOOGLE_MAPS,Customer_001225,1,,SYNTHETIC,1.3.0,42,
C001226,WS0008,INDIVIDUAL,2022-12-12,Gaziantep,Güneydoğu Anadolu,0,WHATSAPP,GOOGLE_MAPS,Customer_001226,1,,SYNTHETIC,1.3.0,42,
C001227,WS0001,COMMERCIAL,2021-03-12,İstanbul,Marmara,0,EMAIL,FLEET_PARTNERSHIP,Customer_001227,1,,SYNTHETIC,1.3.0,42,
C001228,WS0009,INDIVIDUAL,2025-09-23,Samsun,Karadeniz,0,WHATSAPP,REFERRAL,Customer_001228,1,,SYNTHETIC,1.3.0,42,
C001229,WS0003,COMMERCIAL,2026-02-13,İzmir,Ege,0,WHATSAPP,REFERRAL,Customer_001229,1,,SYNTHETIC,1.3.0,42,
C001230,WS0004,INDIVIDUAL,2021-08-05,Bursa,Marmara,0,WHATSAPP,SOCIAL_MEDIA,Customer_001230,1,,SYNTHETIC,1.3.0,42,
C001231,WS0001,COMMERCIAL,2024-08-31,İstanbul,Marmara,0,EMAIL,ORGANIC,Customer_001231,1,,SYNTHETIC,1.3.0,42,
C001232,WS0003,INDIVIDUAL,2021-01-17,İzmir,Ege,0,WHATSAPP,WALK_IN,Customer_001232,1,,SYNTHETIC,1.3.0,42,
C001233,WS0010,COMMERCIAL,2023-02-13,Eskişehir,İç Anadolu,0,EMAIL,ORGANIC,Customer_001233,1,,SYNTHETIC,1.3.0,42,
C001234,WS0003,COMMERCIAL,2022-11-29,İzmir,Ege,0,WHATSAPP,DIRECT_SALES,Customer_001234,1,,SYNTHETIC,1.3.0,42,
C001235,WS0004,INDIVIDUAL,2021-10-29,Bursa,Marmara,0,WHATSAPP,ORGANIC,Customer_001235,1,,SYNTHETIC,1.3.0,42,
C001236,WS0003,INDIVIDUAL,2025-07-23,İzmir,Ege,0,WHATSAPP,GOOGLE_MAPS,Customer_001236,0,2026-05-01,SYNTHETIC,1.3.0,42,
C001237,WS0006,INDIVIDUAL,2024-09-02,Konya,İç Anadolu,0,WHATSAPP,SOCIAL_MEDIA,Customer_001237,0,2025-05-10,SYNTHETIC,1.3.0,42,
C001238,WS0008,INDIVIDUAL,2023-08-12,Gaziantep,Güneydoğu Anadolu,0,SMS,WALK_IN,Customer_001238,1,,SYNTHETIC,1.3.0,42,
C001239,WS0001,INDIVIDUAL,2024-01-26,İstanbul,Marmara,0,WHATSAPP,REFERRAL,Customer_001239,1,,SYNTHETIC,1.3.0,42,
C001240,WS0002,INDIVIDUAL,2023-10-24,Ankara,İç Anadolu,0,WHATSAPP,SOCIAL_MEDIA,Customer_001240,1,,SYNTHETIC,1.3.0,42,
C001241,WS0008,INDIVIDUAL,2025-10-15,Gaziantep,Güneydoğu Anadolu,0,WHATSAPP,REFERRAL,Customer_001241,1,,SYNTHETIC,1.3.0,42,
C001242,WS0010,INDIVIDUAL,2022-10-19,Eskişehir,İç Anadolu,0,PHONE,REFERRAL,Customer_001242,1,,SYNTHETIC,1.3.0,42,
C001243,WS0010,INDIVIDUAL,2021-09-08,Eskişehir,İç Anadolu,0,WHATSAPP,GOOGLE_MAPS,Customer_001243,1,,SYNTHETIC,1.3.0,42,
C001244,WS0004,INDIVIDUAL,2021-06-19,Bursa,Marmara,0,WHATSAPP,GOOGLE_MAPS,Customer_001244,1,,SYNTHETIC,1.3.0,42,
C001245,WS0004,INDIVIDUAL,2024-01-21,Bursa,Marmara,0,PHONE,REFERRAL,Customer_001245,1,,SYNTHETIC,1.3.0,42,
C001246,WS0003,COMMERCIAL,2025-08-09,İzmir,Ege,0,PHONE,ORGANIC,Customer_001246,1,,SYNTHETIC,1.3.0,42,
C001247,WS0009,INDIVIDUAL,2024-06-19,Samsun,Karadeniz,0,WHATSAPP,GOOGLE_MAPS,Customer_001247,1,,SYNTHETIC,1.3.0,42,
C001248,WS0005,INDIVIDUAL,2025-12-03,Antalya,Akdeniz,0,EMAIL,ORGANIC,Customer_001248,1,,SYNTHETIC,1.3.0,42,
C001249,WS0005,INDIVIDUAL,2023-03-28,Antalya,Akdeniz,0,SMS,REFERRAL,Customer_001249,0,2025-05-06,SYNTHETIC,1.3.0,42,
C001250,WS0008,INDIVIDUAL,2023-06-23,Gaziantep,Güneydoğu Anadolu,0,SMS,REFERRAL,Customer_001250,1,,SYNTHETIC,1.3.0,42,
C001251,WS0001,INDIVIDUAL,2025-11-30,İstanbul,Marmara,0,PHONE,WALK_IN,Customer_001251,1,,SYNTHETIC,1.3.0,42,
C001252,WS0009,INDIVIDUAL,2022-09-12,Samsun,Karadeniz,0,WHATSAPP,GOOGLE_MAPS,Customer_001252,1,,SYNTHETIC,1.3.0,42,
C001253,WS0004,INDIVIDUAL,2021-10-16,Bursa,Marmara,0,WHATSAPP,SOCIAL_MEDIA,Customer_001253,1,,SYNTHETIC,1.3.0,42,
C001254,WS0001,INDIVIDUAL,2022-03-19,İstanbul,Marmara,0,WHATSAPP,ORGANIC,Customer_001254,0,2026-06-01,SYNTHETIC,1.3.0,42,
C001255,WS0002,INDIVIDUAL,2026-06-10,Ankara,İç Anadolu,0,PHONE,GOOGLE_MAPS,Customer_001255,1,,SYNTHETIC,1.3.0,42,
C001256,WS0001,INDIVIDUAL,2025-03-24,İstanbul,Marmara,0,WHATSAPP,REFERRAL,Customer_001256,1,,SYNTHETIC,1.3.0,42,
C001257,WS0009,INDIVIDUAL,2025-05-21,Samsun,Karadeniz,0,EMAIL,REFERRAL,Customer_001257,1,,SYNTHETIC,1.3.0,42,
C001258,WS0010,INDIVIDUAL,2025-10-04,Eskişehir,İç Anadolu,0,PHONE,ORGANIC,Customer_001258,1,,SYNTHETIC,1.3.0,42,
C001259,WS0004,INDIVIDUAL,2024-09-17,Bursa,Marmara,0,WHATSAPP,REFERRAL,Customer_001259,1,,SYNTHETIC,1.3.0,42,
C001260,WS0008,INDIVIDUAL,2026-07-08,Gaziantep,Güneydoğu Anadolu,0,PHONE,ORGANIC,Customer_001260,1,,SYNTHETIC,1.3.0,42,
C001261,WS0004,INDIVIDUAL,2024-03-17,Bursa,Marmara,0,WHATSAPP,REFERRAL,Customer_001261,0,2026-07-01,SYNTHETIC,1.3.0,42,
C001262,WS0008,INDIVIDUAL,2021-05-01,Gaziantep,Güneydoğu Anadolu,0,PHONE,REFERRAL,Customer_001262,1,,SYNTHETIC,1.3.0,42,
C001263,WS0008,INDIVIDUAL,2022-10-02,Gaziantep,Güneydoğu Anadolu,0,WHATSAPP,ORGANIC,Customer_001263,1,,SYNTHETIC,1.3.0,42,
C001264,WS0005,INDIVIDUAL,2023-01-22,Antalya,Akdeniz,0,WHATSAPP,REFERRAL,Customer_001264,1,,SYNTHETIC,1.3.0,42,
C001265,WS0001,INDIVIDUAL,2023-05-24,İstanbul,Marmara,0,PHONE,ORGANIC,Customer_001265,0,2025-11-26,SYNTHETIC,1.3.0,42,
C001266,WS0005,INDIVIDUAL,2024-07-05,Antalya,Akdeniz,0,SMS,WALK_IN,Customer_001266,1,,SYNTHETIC,1.3.0,42,
C001267,WS0009,INDIVIDUAL,2025-05-08,Samsun,Karadeniz,0,WHATSAPP,SOCIAL_MEDIA,Customer_001267,1,,SYNTHETIC,1.3.0,42,
C001268,WS0004,INDIVIDUAL,2022-07-15,Bursa,Marmara,0,PHONE,REFERRAL,Customer_001268,1,,SYNTHETIC,1.3.0,42,
C001269,WS0003,INDIVIDUAL,2023-06-16,İzmir,Ege,0,EMAIL,GOOGLE_MAPS,Customer_001269,1,,SYNTHETIC,1.3.0,42,
C001270,WS0009,INDIVIDUAL,2025-01-01,Samsun,Karadeniz,0,WHATSAPP,ORGANIC,Customer_001270,1,,SYNTHETIC,1.3.0,42,
C001271,WS0007,INDIVIDUAL,2022-04-23,Adana,Akdeniz,0,WHATSAPP,GOOGLE_MAPS,Customer_001271,1,,SYNTHETIC,1.3.0,42,
C001272,WS0003,INDIVIDUAL,2021-11-23,İzmir,Ege,0,PHONE,REFERRAL,Customer_001272,1,,SYNTHETIC,1.3.0,42,
C001273,WS0005,INDIVIDUAL,2021-06-09,Antalya,Akdeniz,0,PHONE,ORGANIC,Customer_001273,1,,SYNTHETIC,1.3.0,42,
C001274,WS0003,INDIVIDUAL,2023-11-30,İzmir,Ege,0,SMS,SOCIAL_MEDIA,Customer_001274,1,,SYNTHETIC,1.3.0,42,
C001275,WS0008,INDIVIDUAL,2021-01-06,Gaziantep,Güneydoğu Anadolu,0,SMS,REFERRAL,Customer_001275,1,,SYNTHETIC,1.3.0,42,
C001276,WS0006,INDIVIDUAL,2025-09-17,Konya,İç Anadolu,0,SMS,ORGANIC,Customer_001276,1,,SYNTHETIC,1.3.0,42,
C001277,WS0007,INDIVIDUAL,2023-07-07,Adana,Akdeniz,0,PHONE,REFERRAL,Customer_001277,1,,SYNTHETIC,1.3.0,42,
C001278,WS0010,COMMERCIAL,2022-09-05,Eskişehir,İç Anadolu,0,PHONE,DIRECT_SALES,Customer_001278,1,,SYNTHETIC,1.3.0,42,
C001279,WS0005,INDIVIDUAL,2023-05-01,Antalya,Akdeniz,0,WHATSAPP,REFERRAL,Customer_001279,1,,SYNTHETIC,1.3.0,42,
C001280,WS0007,INDIVIDUAL,2022-06-06,Adana,Akdeniz,0,WHATSAPP,SOCIAL_MEDIA,Customer_001280,1,,SYNTHETIC,1.3.0,42,
C001281,WS0007,INDIVIDUAL,2025-08-03,Adana,Akdeniz,0,WHATSAPP,ORGANIC,Customer_001281,1,,SYNTHETIC,1.3.0,42,
C001282,WS0001,INDIVIDUAL,2024-08-03,İstanbul,Marmara,0,WHATSAPP,WALK_IN,Customer_001282,1,,SYNTHETIC,1.3.0,42,
C001283,WS0002,INDIVIDUAL,2023-04-01,Ankara,İç Anadolu,0,SMS,GOOGLE_MAPS,Customer_001283,1,,SYNTHETIC,1.3.0,42,
C001284,WS0005,INDIVIDUAL,2026-06-04,Antalya,Akdeniz,0,PHONE,ORGANIC,Customer_001284,1,,SYNTHETIC,1.3.0,42,
C001285,WS0006,INDIVIDUAL,2021-07-21,Konya,İç Anadolu,0,WHATSAPP,WALK_IN,Customer_001285,1,,SYNTHETIC,1.3.0,42,
C001286,WS0002,INDIVIDUAL,2021-12-08,Ankara,İç Anadolu,0,SMS,REFERRAL,Customer_001286,1,,SYNTHETIC,1.3.0,42,
C001287,WS0005,INDIVIDUAL,2021-06-10,Antalya,Akdeniz,0,WHATSAPP,SOCIAL_MEDIA,Customer_001287,1,,SYNTHETIC,1.3.0,42,
C001288,WS0004,INDIVIDUAL,2024-06-19,Bursa,Marmara,0,WHATSAPP,ORGANIC,Customer_001288,1,,SYNTHETIC,1.3.0,42,
C001289,WS0006,INDIVIDUAL,2024-08-19,Konya,İç Anadolu,0,WHATSAPP,WALK_IN,Customer_001289,1,,SYNTHETIC,1.3.0,42,
C001290,WS0001,INDIVIDUAL,2021-01-04,İstanbul,Marmara,0,WHATSAPP,WALK_IN,Customer_001290,1,,SYNTHETIC,1.3.0,42,
C001291,WS0004,INDIVIDUAL,2026-01-16,Bursa,Marmara,0,SMS,ORGANIC,Customer_001291,1,,SYNTHETIC,1.3.0,42,
C001292,WS0005,INDIVIDUAL,2023-10-27,Antalya,Akdeniz,0,WHATSAPP,ORGANIC,Customer_001292,1,,SYNTHETIC,1.3.0,42,
C001293,WS0010,INDIVIDUAL,2022-08-28,Eskişehir,İç Anadolu,0,WHATSAPP,WALK_IN,Customer_001293,0,2024-01-02,SYNTHETIC,1.3.0,42,
C001294,WS0005,INDIVIDUAL,2022-07-04,Antalya,Akdeniz,0,PHONE,REFERRAL,Customer_001294,1,,SYNTHETIC,1.3.0,42,
C001295,WS0007,INDIVIDUAL,2022-07-09,Adana,Akdeniz,0,WHATSAPP,SOCIAL_MEDIA,Customer_001295,1,,SYNTHETIC,1.3.0,42,
C001296,WS0010,INDIVIDUAL,2025-02-24,Eskişehir,İç Anadolu,0,WHATSAPP,SOCIAL_MEDIA,Customer_001296,1,,SYNTHETIC,1.3.0,42,
C001297,WS0009,COMMERCIAL,2024-06-30,Samsun,Karadeniz,0,WHATSAPP,DIRECT_SALES,Customer_001297,1,,SYNTHETIC,1.3.0,42,
C001298,WS0003,INDIVIDUAL,2023-03-22,İzmir,Ege,0,EMAIL,SOCIAL_MEDIA,Customer_001298,1,,SYNTHETIC,1.3.0,42,
C001299,WS0002,COMMERCIAL,2025-08-21,Ankara,İç Anadolu,0,WHATSAPP,DIRECT_SALES,Customer_001299,1,,SYNTHETIC,1.3.0,42,
C001300,WS0009,INDIVIDUAL,2022-04-30,Samsun,Karadeniz,0,WHATSAPP,ORGANIC,Customer_001300,1,,SYNTHETIC,1.3.0,42,
C001301,WS0009,INDIVIDUAL,2021-04-17,Samsun,Karadeniz,0,EMAIL,GOOGLE_MAPS,Customer_001301,1,,SYNTHETIC,1.3.0,42,
C001302,WS0002,INDIVIDUAL,2022-05-19,Ankara,İç Anadolu,0,SMS,ORGANIC,Customer_001302,0,2023-07-01,SYNTHETIC,1.3.0,42,
C001303,WS0003,INDIVIDUAL,2022-11-28,İzmir,Ege,0,WHATSAPP,ORGANIC,Customer_001303,1,,SYNTHETIC,1.3.0,42,
C001304,WS0003,INDIVIDUAL,2021-01-31,İzmir,Ege,0,WHATSAPP,ORGANIC,Customer_001304,1,,SYNTHETIC,1.3.0,42,
C001305,WS0004,INDIVIDUAL,2023-08-23,Bursa,Marmara,0,EMAIL,WALK_IN,Customer_001305,1,,SYNTHETIC,1.3.0,42,
C001306,WS0001,INDIVIDUAL,2026-02-02,İstanbul,Marmara,0,PHONE,REFERRAL,Customer_001306,1,,SYNTHETIC,1.3.0,42,
C001307,WS0010,INDIVIDUAL,2025-09-23,Eskişehir,İç Anadolu,0,PHONE,WALK_IN,Customer_001307,1,,SYNTHETIC,1.3.0,42,
C001308,WS0003,INDIVIDUAL,2025-09-28,İzmir,Ege,0,WHATSAPP,GOOGLE_MAPS,Customer_001308,1,,SYNTHETIC,1.3.0,42,
C001309,WS0004,INDIVIDUAL,2022-07-21,Bursa,Marmara,0,SMS,WALK_IN,Customer_001309,1,,SYNTHETIC,1.3.0,42,
C001310,WS0010,INDIVIDUAL,2024-03-30,Eskişehir,İç Anadolu,0,WHATSAPP,SOCIAL_MEDIA,Customer_001310,1,,SYNTHETIC,1.3.0,42,
C001311,WS0001,INDIVIDUAL,2024-07-22,İstanbul,Marmara,0,SMS,ORGANIC,Customer_001311,1,,SYNTHETIC,1.3.0,42,
C001312,WS0003,INDIVIDUAL,2025-01-30,İzmir,Ege,0,PHONE,SOCIAL_MEDIA,Customer_001312,1,,SYNTHETIC,1.3.0,42,
C001313,WS0009,INDIVIDUAL,2021-04-22,Samsun,Karadeniz,0,WHATSAPP,REFERRAL,Customer_001313,1,,SYNTHETIC,1.3.0,42,
C001314,WS0006,INDIVIDUAL,2025-12-24,Konya,İç Anadolu,0,SMS,REFERRAL,Customer_001314,1,,SYNTHETIC,1.3.0,42,
C001315,WS0008,INDIVIDUAL,2023-10-11,Gaziantep,Güneydoğu Anadolu,0,PHONE,GOOGLE_MAPS,Customer_001315,1,,SYNTHETIC,1.3.0,42,
C001316,WS0004,INDIVIDUAL,2025-04-15,Bursa,Marmara,0,WHATSAPP,ORGANIC,Customer_001316,1,,SYNTHETIC,1.3.0,42,
C001317,WS0007,INDIVIDUAL,2022-12-26,Adana,Akdeniz,0,PHONE,SOCIAL_MEDIA,Customer_001317,1,,SYNTHETIC,1.3.0,42,
C001318,WS0006,INDIVIDUAL,2026-06-20,Konya,İç Anadolu,0,EMAIL,ORGANIC,Customer_001318,1,,SYNTHETIC,1.3.0,42,
C001319,WS0007,INDIVIDUAL,2026-04-19,Adana,Akdeniz,0,WHATSAPP,WALK_IN,Customer_001319,1,,SYNTHETIC,1.3.0,42,
C001320,WS0002,INDIVIDUAL,2026-05-07,Ankara,İç Anadolu,0,SMS,ORGANIC,Customer_001320,1,,SYNTHETIC,1.3.0,42,
C001321,WS0007,INDIVIDUAL,2023-09-02,Adana,Akdeniz,0,WHATSAPP,SOCIAL_MEDIA,Customer_001321,1,,SYNTHETIC,1.3.0,42,
C001322,WS0003,INDIVIDUAL,2025-05-18,İzmir,Ege,0,WHATSAPP,SOCIAL_MEDIA,Customer_001322,1,,SYNTHETIC,1.3.0,42,
C001323,WS0002,INDIVIDUAL,2025-04-29,Ankara,İç Anadolu,0,WHATSAPP,WALK_IN,Customer_001323,1,,SYNTHETIC,1.3.0,42,
C001324,WS0005,INDIVIDUAL,2023-05-14,Antalya,Akdeniz,0,WHATSAPP,WALK_IN,Customer_001324,1,,SYNTHETIC,1.3.0,42,
C001325,WS0010,COMMERCIAL,2025-08-15,Eskişehir,İç Anadolu,0,WHATSAPP,DIRECT_SALES,Customer_001325,1,,SYNTHETIC,1.3.0,42,
C001326,WS0001,INDIVIDUAL,2023-10-22,İstanbul,Marmara,0,WHATSAPP,ORGANIC,Customer_001326,1,,SYNTHETIC,1.3.0,42,
C001327,WS0004,INDIVIDUAL,2021-08-19,Bursa,Marmara,0,WHATSAPP,SOCIAL_MEDIA,Customer_001327,1,,SYNTHETIC,1.3.0,42,
C001328,WS0005,INDIVIDUAL,2024-10-08,Antalya,Akdeniz,0,PHONE,WALK_IN,Customer_001328,1,,SYNTHETIC,1.3.0,42,
C001329,WS0004,INDIVIDUAL,2022-04-11,Bursa,Marmara,0,SMS,SOCIAL_MEDIA,Customer_001329,1,,SYNTHETIC,1.3.0,42,
C001330,WS0001,INDIVIDUAL,2023-12-15,İstanbul,Marmara,0,SMS,REFERRAL,Customer_001330,1,,SYNTHETIC,1.3.0,42,
C001331,WS0003,INDIVIDUAL,2026-03-14,İzmir,Ege,0,PHONE,ORGANIC,Customer_001331,1,,SYNTHETIC,1.3.0,42,
C001332,WS0001,INDIVIDUAL,2024-02-24,İstanbul,Marmara,0,PHONE,ORGANIC,Customer_001332,0,2026-02-22,SYNTHETIC,1.3.0,42,
C001333,WS0003,INDIVIDUAL,2021-12-24,İzmir,Ege,0,WHATSAPP,ORGANIC,Customer_001333,1,,SYNTHETIC,1.3.0,42,
C001334,WS0002,INDIVIDUAL,2022-11-19,Ankara,İç Anadolu,0,WHATSAPP,REFERRAL,Customer_001334,0,2023-05-31,SYNTHETIC,1.3.0,42,
C001335,WS0002,INDIVIDUAL,2024-11-27,Ankara,İç Anadolu,0,WHATSAPP,ORGANIC,Customer_001335,1,,SYNTHETIC,1.3.0,42,
C001336,WS0008,INDIVIDUAL,2023-05-05,Gaziantep,Güneydoğu Anadolu,0,WHATSAPP,ORGANIC,Customer_001336,1,,SYNTHETIC,1.3.0,42,
C001337,WS0003,INDIVIDUAL,2021-06-02,İzmir,Ege,0,SMS,REFERRAL,Customer_001337,1,,SYNTHETIC,1.3.0,42,
C001338,WS0006,INDIVIDUAL,2023-02-04,Konya,İç Anadolu,0,SMS,SOCIAL_MEDIA,Customer_001338,1,,SYNTHETIC,1.3.0,42,
C001339,WS0001,INDIVIDUAL,2023-02-18,İstanbul,Marmara,0,WHATSAPP,REFERRAL,Customer_001339,1,,SYNTHETIC,1.3.0,42,
C001340,WS0002,INDIVIDUAL,2021-03-30,Ankara,İç Anadolu,0,WHATSAPP,REFERRAL,Customer_001340,0,2023-05-16,SYNTHETIC,1.3.0,42,
C001341,WS0002,INDIVIDUAL,2022-12-30,Ankara,İç Anadolu,0,WHATSAPP,REFERRAL,Customer_001341,1,,SYNTHETIC,1.3.0,42,
C001342,WS0010,INDIVIDUAL,2021-09-01,Eskişehir,İç Anadolu,0,EMAIL,ORGANIC,Customer_001342,1,,SYNTHETIC,1.3.0,42,
C001343,WS0001,INDIVIDUAL,2023-07-08,İstanbul,Marmara,0,WHATSAPP,WALK_IN,Customer_001343,1,,SYNTHETIC,1.3.0,42,
C001344,WS0005,INDIVIDUAL,2023-08-15,Antalya,Akdeniz,0,WHATSAPP,REFERRAL,Customer_001344,1,,SYNTHETIC,1.3.0,42,
C001345,WS0010,INDIVIDUAL,2022-12-27,Eskişehir,İç Anadolu,0,WHATSAPP,SOCIAL_MEDIA,Customer_001345,0,2023-10-30,SYNTHETIC,1.3.0,42,
C001346,WS0001,INDIVIDUAL,2022-03-30,İstanbul,Marmara,0,WHATSAPP,ORGANIC,Customer_001346,1,,SYNTHETIC,1.3.0,42,
C001347,WS0005,INDIVIDUAL,2025-07-01,Antalya,Akdeniz,0,WHATSAPP,ORGANIC,Customer_001347,0,2025-12-11,SYNTHETIC,1.3.0,42,
C001348,WS0004,INDIVIDUAL,2023-07-01,Bursa,Marmara,0,WHATSAPP,WALK_IN,Customer_001348,1,,SYNTHETIC,1.3.0,42,
C001349,WS0005,INDIVIDUAL,2021-07-03,Antalya,Akdeniz,0,WHATSAPP,WALK_IN,Customer_001349,1,,SYNTHETIC,1.3.0,42,
C001350,WS0004,INDIVIDUAL,2023-01-19,Bursa,Marmara,0,SMS,WALK_IN,Customer_001350,1,,SYNTHETIC,1.3.0,42,
C001351,WS0010,INDIVIDUAL,2023-07-28,Eskişehir,İç Anadolu,0,WHATSAPP,REFERRAL,Customer_001351,0,2026-05-06,SYNTHETIC,1.3.0,42,
C001352,WS0009,INDIVIDUAL,2021-11-19,Samsun,Karadeniz,0,PHONE,ORGANIC,Customer_001352,1,,SYNTHETIC,1.3.0,42,
C001353,WS0005,COMMERCIAL,2025-01-30,Antalya,Akdeniz,0,EMAIL,FLEET_PARTNERSHIP,Customer_001353,1,,SYNTHETIC,1.3.0,42,
C001354,WS0002,INDIVIDUAL,2021-04-13,Ankara,İç Anadolu,0,SMS,ORGANIC,Customer_001354,1,,SYNTHETIC,1.3.0,42,
C001355,WS0002,INDIVIDUAL,2021-07-05,Ankara,İç Anadolu,0,PHONE,REFERRAL,Customer_001355,1,,SYNTHETIC,1.3.0,42,
C001356,WS0005,INDIVIDUAL,2026-04-04,Antalya,Akdeniz,0,WHATSAPP,ORGANIC,Customer_001356,1,,SYNTHETIC,1.3.0,42,
C001357,WS0003,INDIVIDUAL,2021-01-23,İzmir,Ege,0,WHATSAPP,GOOGLE_MAPS,Customer_001357,1,,SYNTHETIC,1.3.0,42,
C001358,WS0009,INDIVIDUAL,2023-01-02,Samsun,Karadeniz,0,WHATSAPP,SOCIAL_MEDIA,Customer_001358,1,,SYNTHETIC,1.3.0,42,
C001359,WS0006,INDIVIDUAL,2024-05-23,Konya,İç Anadolu,0,WHATSAPP,ORGANIC,Customer_001359,1,,SYNTHETIC,1.3.0,42,
C001360,WS0009,INDIVIDUAL,2023-08-10,Samsun,Karadeniz,0,SMS,REFERRAL,Customer_001360,0,2024-12-16,SYNTHETIC,1.3.0,42,
C001361,WS0004,INDIVIDUAL,2021-05-22,Bursa,Marmara,0,WHATSAPP,GOOGLE_MAPS,Customer_001361,1,,SYNTHETIC,1.3.0,42,
C001362,WS0009,INDIVIDUAL,2021-06-30,Samsun,Karadeniz,0,SMS,ORGANIC,Customer_001362,1,,SYNTHETIC,1.3.0,42,
C001363,WS0006,INDIVIDUAL,2024-11-12,Konya,İç Anadolu,0,EMAIL,ORGANIC,Customer_001363,1,,SYNTHETIC,1.3.0,42,
C001364,WS0008,INDIVIDUAL,2025-02-07,Gaziantep,Güneydoğu Anadolu,0,WHATSAPP,ORGANIC,Customer_001364,1,,SYNTHETIC,1.3.0,42,
C001365,WS0004,INDIVIDUAL,2021-04-13,Bursa,Marmara,0,PHONE,REFERRAL,Customer_001365,1,,SYNTHETIC,1.3.0,42,
C001366,WS0002,INDIVIDUAL,2022-11-29,Ankara,İç Anadolu,0,SMS,ORGANIC,Customer_001366,1,,SYNTHETIC,1.3.0,42,
C001367,WS0007,INDIVIDUAL,2025-05-28,Adana,Akdeniz,0,WHATSAPP,ORGANIC,Customer_001367,1,,SYNTHETIC,1.3.0,42,
C001368,WS0003,INDIVIDUAL,2021-02-16,İzmir,Ege,0,WHATSAPP,GOOGLE_MAPS,Customer_001368,1,,SYNTHETIC,1.3.0,42,
C001369,WS0010,INDIVIDUAL,2023-11-11,Eskişehir,İç Anadolu,0,WHATSAPP,SOCIAL_MEDIA,Customer_001369,1,,SYNTHETIC,1.3.0,42,
C001370,WS0002,INDIVIDUAL,2021-10-23,Ankara,İç Anadolu,0,PHONE,ORGANIC,Customer_001370,1,,SYNTHETIC,1.3.0,42,
C001371,WS0010,INDIVIDUAL,2022-01-01,Eskişehir,İç Anadolu,0,SMS,GOOGLE_MAPS,Customer_001371,1,,SYNTHETIC,1.3.0,42,
C001372,WS0004,INDIVIDUAL,2024-09-04,Bursa,Marmara,0,EMAIL,REFERRAL,Customer_001372,1,,SYNTHETIC,1.3.0,42,
C001373,WS0003,INDIVIDUAL,2023-01-27,İzmir,Ege,0,WHATSAPP,REFERRAL,Customer_001373,1,,SYNTHETIC,1.3.0,42,
C001374,WS0010,INDIVIDUAL,2021-01-30,Eskişehir,İç Anadolu,0,WHATSAPP,GOOGLE_MAPS,Customer_001374,1,,SYNTHETIC,1.3.0,42,
C001375,WS0001,COMMERCIAL,2021-07-24,İstanbul,Marmara,0,PHONE,FLEET_PARTNERSHIP,Customer_001375,1,,SYNTHETIC,1.3.0,42,
C001376,WS0005,INDIVIDUAL,2022-10-24,Antalya,Akdeniz,0,SMS,SOCIAL_MEDIA,Customer_001376,1,,SYNTHETIC,1.3.0,42,
C001377,WS0001,INDIVIDUAL,2023-04-22,İstanbul,Marmara,0,EMAIL,REFERRAL,Customer_001377,1,,SYNTHETIC,1.3.0,42,
C001378,WS0009,INDIVIDUAL,2026-02-22,Samsun,Karadeniz,0,PHONE,SOCIAL_MEDIA,Customer_001378,1,,SYNTHETIC,1.3.0,42,
C001379,WS0003,INDIVIDUAL,2026-02-27,İzmir,Ege,0,PHONE,GOOGLE_MAPS,Customer_001379,1,,SYNTHETIC,1.3.0,42,
C001380,WS0009,INDIVIDUAL,2021-10-22,Samsun,Karadeniz,0,PHONE,GOOGLE_MAPS,Customer_001380,1,,SYNTHETIC,1.3.0,42,
C001381,WS0005,INDIVIDUAL,2024-04-28,Antalya,Akdeniz,0,PHONE,REFERRAL,Customer_001381,0,2025-08-14,SYNTHETIC,1.3.0,42,
C001382,WS0007,FLEET,2023-10-27,Adana,Akdeniz,1,EMAIL,FLEET_PARTNERSHIP,Customer_001382,1,,SYNTHETIC,1.3.0,42,
C001383,WS0007,INDIVIDUAL,2021-10-18,Adana,Akdeniz,0,WHATSAPP,WALK_IN,Customer_001383,1,,SYNTHETIC,1.3.0,42,
C001384,WS0009,COMMERCIAL,2024-12-05,Samsun,Karadeniz,0,PHONE,FLEET_PARTNERSHIP,Customer_001384,1,,SYNTHETIC,1.3.0,42,
C001385,WS0004,INDIVIDUAL,2022-01-30,Bursa,Marmara,0,WHATSAPP,WALK_IN,Customer_001385,1,,SYNTHETIC,1.3.0,42,
C001386,WS0004,INDIVIDUAL,2024-10-26,Bursa,Marmara,0,PHONE,REFERRAL,Customer_001386,1,,SYNTHETIC,1.3.0,42,
C001387,WS0006,INDIVIDUAL,2023-06-07,Konya,İç Anadolu,0,WHATSAPP,REFERRAL,Customer_001387,1,,SYNTHETIC,1.3.0,42,
C001388,WS0009,INDIVIDUAL,2025-02-04,Samsun,Karadeniz,0,EMAIL,GOOGLE_MAPS,Customer_001388,1,,SYNTHETIC,1.3.0,42,
C001389,WS0007,INDIVIDUAL,2025-05-03,Adana,Akdeniz,0,SMS,SOCIAL_MEDIA,Customer_001389,1,,SYNTHETIC,1.3.0,42,
C001390,WS0009,INDIVIDUAL,2021-12-14,Samsun,Karadeniz,0,PHONE,GOOGLE_MAPS,Customer_001390,1,,SYNTHETIC,1.3.0,42,
C001391,WS0001,INDIVIDUAL,2021-04-14,İstanbul,Marmara,0,WHATSAPP,GOOGLE_MAPS,Customer_001391,0,2023-12-11,SYNTHETIC,1.3.0,42,
C001392,WS0005,INDIVIDUAL,2025-06-23,Antalya,Akdeniz,0,PHONE,REFERRAL,Customer_001392,1,,SYNTHETIC,1.3.0,42,
C001393,WS0001,COMMERCIAL,2026-04-20,İstanbul,Marmara,0,WHATSAPP,DIRECT_SALES,Customer_001393,1,,SYNTHETIC,1.3.0,42,
C001394,WS0001,COMMERCIAL,2022-10-03,İstanbul,Marmara,0,EMAIL,REFERRAL,Customer_001394,1,,SYNTHETIC,1.3.0,42,
C001395,WS0003,COMMERCIAL,2021-06-15,İzmir,Ege,0,WHATSAPP,ORGANIC,Customer_001395,1,,SYNTHETIC,1.3.0,42,
C001396,WS0001,INDIVIDUAL,2022-05-01,İstanbul,Marmara,0,WHATSAPP,WALK_IN,Customer_001396,1,,SYNTHETIC,1.3.0,42,
C001397,WS0007,INDIVIDUAL,2021-03-04,Adana,Akdeniz,0,PHONE,ORGANIC,Customer_001397,1,,SYNTHETIC,1.3.0,42,
C001398,WS0008,COMMERCIAL,2024-05-07,Gaziantep,Güneydoğu Anadolu,0,EMAIL,REFERRAL,Customer_001398,1,,SYNTHETIC,1.3.0,42,
C001399,WS0001,INDIVIDUAL,2022-04-07,İstanbul,Marmara,0,WHATSAPP,REFERRAL,Customer_001399,1,,SYNTHETIC,1.3.0,42,
C001400,WS0002,COMMERCIAL,2024-07-19,Ankara,İç Anadolu,0,WHATSAPP,FLEET_PARTNERSHIP,Customer_001400,1,,SYNTHETIC,1.3.0,42,
C001401,WS0004,INDIVIDUAL,2026-06-11,Bursa,Marmara,0,SMS,ORGANIC,Customer_001401,1,,SYNTHETIC,1.3.0,42,
C001402,WS0006,INDIVIDUAL,2023-04-27,Konya,İç Anadolu,0,WHATSAPP,GOOGLE_MAPS,Customer_001402,1,,SYNTHETIC,1.3.0,42,
C001403,WS0006,INDIVIDUAL,2021-10-25,Konya,İç Anadolu,0,WHATSAPP,ORGANIC,Customer_001403,1,,SYNTHETIC,1.3.0,42,
C001404,WS0010,INDIVIDUAL,2025-07-10,Eskişehir,İç Anadolu,0,WHATSAPP,ORGANIC,Customer_001404,1,,SYNTHETIC,1.3.0,42,
C001405,WS0005,INDIVIDUAL,2023-12-21,Antalya,Akdeniz,0,WHATSAPP,GOOGLE_MAPS,Customer_001405,1,,SYNTHETIC,1.3.0,42,
C001406,WS0005,INDIVIDUAL,2023-05-27,Antalya,Akdeniz,0,PHONE,ORGANIC,Customer_001406,1,,SYNTHETIC,1.3.0,42,
C001407,WS0005,COMMERCIAL,2024-12-09,Antalya,Akdeniz,0,PHONE,DIRECT_SALES,Customer_001407,1,,SYNTHETIC,1.3.0,42,
C001408,WS0006,COMMERCIAL,2026-01-18,Konya,İç Anadolu,0,EMAIL,ORGANIC,Customer_001408,1,,SYNTHETIC,1.3.0,42,
C001409,WS0008,INDIVIDUAL,2023-01-06,Gaziantep,Güneydoğu Anadolu,0,SMS,REFERRAL,Customer_001409,1,,SYNTHETIC,1.3.0,42,
C001410,WS0007,INDIVIDUAL,2023-12-07,Adana,Akdeniz,0,PHONE,REFERRAL,Customer_001410,1,,SYNTHETIC,1.3.0,42,
C001411,WS0008,COMMERCIAL,2026-07-12,Gaziantep,Güneydoğu Anadolu,0,EMAIL,FLEET_PARTNERSHIP,Customer_001411,0,2026-08-25,SYNTHETIC,1.3.0,42,
C001412,WS0008,INDIVIDUAL,2021-01-10,Gaziantep,Güneydoğu Anadolu,0,PHONE,GOOGLE_MAPS,Customer_001412,1,,SYNTHETIC,1.3.0,42,
C001413,WS0008,INDIVIDUAL,2023-06-07,Gaziantep,Güneydoğu Anadolu,0,SMS,GOOGLE_MAPS,Customer_001413,1,,SYNTHETIC,1.3.0,42,
C001414,WS0002,INDIVIDUAL,2025-12-23,Ankara,İç Anadolu,0,WHATSAPP,REFERRAL,Customer_001414,1,,SYNTHETIC,1.3.0,42,
C001415,WS0001,INDIVIDUAL,2024-06-03,İstanbul,Marmara,0,WHATSAPP,SOCIAL_MEDIA,Customer_001415,1,,SYNTHETIC,1.3.0,42,
C001416,WS0001,INDIVIDUAL,2023-08-10,İstanbul,Marmara,0,WHATSAPP,ORGANIC,Customer_001416,1,,SYNTHETIC,1.3.0,42,
C001417,WS0006,INDIVIDUAL,2021-10-06,Konya,İç Anadolu,0,PHONE,WALK_IN,Customer_001417,1,,SYNTHETIC,1.3.0,42,
C001418,WS0003,INDIVIDUAL,2026-01-15,İzmir,Ege,0,EMAIL,GOOGLE_MAPS,Customer_001418,1,,SYNTHETIC,1.3.0,42,
C001419,WS0004,INDIVIDUAL,2022-11-22,Bursa,Marmara,0,WHATSAPP,ORGANIC,Customer_001419,1,,SYNTHETIC,1.3.0,42,
C001420,WS0002,INDIVIDUAL,2022-08-05,Ankara,İç Anadolu,0,WHATSAPP,ORGANIC,Customer_001420,0,2023-06-10,SYNTHETIC,1.3.0,42,
C001421,WS0001,INDIVIDUAL,2022-10-18,İstanbul,Marmara,0,WHATSAPP,ORGANIC,Customer_001421,1,,SYNTHETIC,1.3.0,42,
C001422,WS0010,COMMERCIAL,2024-10-05,Eskişehir,İç Anadolu,0,WHATSAPP,FLEET_PARTNERSHIP,Customer_001422,0,2025-08-13,SYNTHETIC,1.3.0,42,
C001423,WS0006,INDIVIDUAL,2023-01-14,Konya,İç Anadolu,0,WHATSAPP,ORGANIC,Customer_001423,0,2026-07-30,SYNTHETIC,1.3.0,42,
C001424,WS0006,INDIVIDUAL,2021-04-24,Konya,İç Anadolu,0,EMAIL,SOCIAL_MEDIA,Customer_001424,1,,SYNTHETIC,1.3.0,42,
C001425,WS0010,INDIVIDUAL,2024-12-04,Eskişehir,İç Anadolu,0,WHATSAPP,ORGANIC,Customer_001425,1,,SYNTHETIC,1.3.0,42,
C001426,WS0008,COMMERCIAL,2025-11-30,Gaziantep,Güneydoğu Anadolu,0,WHATSAPP,FLEET_PARTNERSHIP,Customer_001426,1,,SYNTHETIC,1.3.0,42,
C001427,WS0005,INDIVIDUAL,2021-08-27,Antalya,Akdeniz,0,SMS,REFERRAL,Customer_001427,1,,SYNTHETIC,1.3.0,42,
C001428,WS0010,INDIVIDUAL,2025-02-20,Eskişehir,İç Anadolu,0,WHATSAPP,GOOGLE_MAPS,Customer_001428,1,,SYNTHETIC,1.3.0,42,
C001429,WS0003,INDIVIDUAL,2026-01-22,İzmir,Ege,0,WHATSAPP,REFERRAL,Customer_001429,1,,SYNTHETIC,1.3.0,42,
C001430,WS0007,INDIVIDUAL,2022-09-03,Adana,Akdeniz,0,WHATSAPP,REFERRAL,Customer_001430,0,2025-11-09,SYNTHETIC,1.3.0,42,
C001431,WS0009,INDIVIDUAL,2022-05-14,Samsun,Karadeniz,0,PHONE,REFERRAL,Customer_001431,1,,SYNTHETIC,1.3.0,42,
C001432,WS0004,INDIVIDUAL,2024-09-07,Bursa,Marmara,0,WHATSAPP,ORGANIC,Customer_001432,1,,SYNTHETIC,1.3.0,42,
C001433,WS0009,INDIVIDUAL,2023-09-22,Samsun,Karadeniz,0,PHONE,GOOGLE_MAPS,Customer_001433,1,,SYNTHETIC,1.3.0,42,
C001434,WS0001,INDIVIDUAL,2022-07-06,İstanbul,Marmara,0,SMS,ORGANIC,Customer_001434,1,,SYNTHETIC,1.3.0,42,
C001435,WS0010,INDIVIDUAL,2021-07-18,Eskişehir,İç Anadolu,0,PHONE,SOCIAL_MEDIA,Customer_001435,1,,SYNTHETIC,1.3.0,42,
C001436,WS0007,COMMERCIAL,2025-11-26,Adana,Akdeniz,0,EMAIL,REFERRAL,Customer_001436,1,,SYNTHETIC,1.3.0,42,
C001437,WS0008,INDIVIDUAL,2022-07-25,Gaziantep,Güneydoğu Anadolu,0,WHATSAPP,REFERRAL,Customer_001437,1,,SYNTHETIC,1.3.0,42,
C001438,WS0009,INDIVIDUAL,2023-06-05,Samsun,Karadeniz,0,SMS,REFERRAL,Customer_001438,1,,SYNTHETIC,1.3.0,42,
C001439,WS0007,COMMERCIAL,2022-11-29,Adana,Akdeniz,0,EMAIL,REFERRAL,Customer_001439,1,,SYNTHETIC,1.3.0,42,
C001440,WS0001,INDIVIDUAL,2025-05-26,İstanbul,Marmara,0,WHATSAPP,GOOGLE_MAPS,Customer_001440,0,2026-01-11,SYNTHETIC,1.3.0,42,
C001441,WS0006,COMMERCIAL,2023-05-20,Konya,İç Anadolu,0,WHATSAPP,DIRECT_SALES,Customer_001441,1,,SYNTHETIC,1.3.0,42,
C001442,WS0002,INDIVIDUAL,2021-06-26,Ankara,İç Anadolu,0,WHATSAPP,REFERRAL,Customer_001442,1,,SYNTHETIC,1.3.0,42,
C001443,WS0001,INDIVIDUAL,2022-04-26,İstanbul,Marmara,0,WHATSAPP,GOOGLE_MAPS,Customer_001443,1,,SYNTHETIC,1.3.0,42,
C001444,WS0006,INDIVIDUAL,2021-01-21,Konya,İç Anadolu,0,EMAIL,GOOGLE_MAPS,Customer_001444,1,,SYNTHETIC,1.3.0,42,
C001445,WS0006,INDIVIDUAL,2024-11-30,Konya,İç Anadolu,0,WHATSAPP,ORGANIC,Customer_001445,1,,SYNTHETIC,1.3.0,42,
C001446,WS0005,INDIVIDUAL,2024-11-29,Antalya,Akdeniz,0,WHATSAPP,REFERRAL,Customer_001446,1,,SYNTHETIC,1.3.0,42,
C001447,WS0003,INDIVIDUAL,2022-07-22,İzmir,Ege,0,WHATSAPP,GOOGLE_MAPS,Customer_001447,1,,SYNTHETIC,1.3.0,42,
C001448,WS0003,INDIVIDUAL,2021-11-06,İzmir,Ege,0,WHATSAPP,ORGANIC,Customer_001448,1,,SYNTHETIC,1.3.0,42,
C001449,WS0004,INDIVIDUAL,2023-09-29,Bursa,Marmara,0,PHONE,ORGANIC,Customer_001449,1,,SYNTHETIC,1.3.0,42,
C001450,WS0007,INDIVIDUAL,2021-11-02,Adana,Akdeniz,0,EMAIL,WALK_IN,Customer_001450,1,,SYNTHETIC,1.3.0,42,
C001451,WS0007,INDIVIDUAL,2024-08-16,Adana,Akdeniz,0,SMS,WALK_IN,Customer_001451,0,2025-02-18,SYNTHETIC,1.3.0,42,
C001452,WS0006,INDIVIDUAL,2024-05-07,Konya,İç Anadolu,0,PHONE,REFERRAL,Customer_001452,1,,SYNTHETIC,1.3.0,42,
C001453,WS0002,INDIVIDUAL,2025-11-23,Ankara,İç Anadolu,0,SMS,REFERRAL,Customer_001453,0,2026-07-19,SYNTHETIC,1.3.0,42,
C001454,WS0002,INDIVIDUAL,2025-04-18,Ankara,İç Anadolu,0,WHATSAPP,ORGANIC,Customer_001454,1,,SYNTHETIC,1.3.0,42,
C001455,WS0009,INDIVIDUAL,2021-04-12,Samsun,Karadeniz,0,PHONE,WALK_IN,Customer_001455,0,2022-10-24,SYNTHETIC,1.3.0,42,
C001456,WS0002,COMMERCIAL,2023-10-05,Ankara,İç Anadolu,0,PHONE,DIRECT_SALES,Customer_001456,1,,SYNTHETIC,1.3.0,42,
C001457,WS0001,INDIVIDUAL,2022-05-26,İstanbul,Marmara,0,WHATSAPP,WALK_IN,Customer_001457,1,,SYNTHETIC,1.3.0,42,
C001458,WS0005,INDIVIDUAL,2021-08-12,Antalya,Akdeniz,0,WHATSAPP,WALK_IN,Customer_001458,1,,SYNTHETIC,1.3.0,42,
C001459,WS0008,INDIVIDUAL,2021-04-01,Gaziantep,Güneydoğu Anadolu,0,PHONE,GOOGLE_MAPS,Customer_001459,1,,SYNTHETIC,1.3.0,42,
C001460,WS0006,INDIVIDUAL,2021-06-02,Konya,İç Anadolu,0,WHATSAPP,REFERRAL,Customer_001460,1,,SYNTHETIC,1.3.0,42,
C001461,WS0008,INDIVIDUAL,2021-09-10,Gaziantep,Güneydoğu Anadolu,0,SMS,GOOGLE_MAPS,Customer_001461,1,,SYNTHETIC,1.3.0,42,
C001462,WS0001,INDIVIDUAL,2021-10-25,İstanbul,Marmara,0,PHONE,WALK_IN,Customer_001462,1,,SYNTHETIC,1.3.0,42,
C001463,WS0001,INDIVIDUAL,2023-08-01,İstanbul,Marmara,0,WHATSAPP,REFERRAL,Customer_001463,1,,SYNTHETIC,1.3.0,42,
C001464,WS0003,COMMERCIAL,2025-06-24,İzmir,Ege,0,PHONE,ORGANIC,Customer_001464,1,,SYNTHETIC,1.3.0,42,
C001465,WS0005,INDIVIDUAL,2021-04-08,Antalya,Akdeniz,0,SMS,GOOGLE_MAPS,Customer_001465,0,2022-08-11,SYNTHETIC,1.3.0,42,
C001466,WS0005,INDIVIDUAL,2022-05-15,Antalya,Akdeniz,0,WHATSAPP,ORGANIC,Customer_001466,1,,SYNTHETIC,1.3.0,42,
C001467,WS0001,INDIVIDUAL,2023-08-16,İstanbul,Marmara,0,PHONE,SOCIAL_MEDIA,Customer_001467,1,,SYNTHETIC,1.3.0,42,
C001468,WS0004,INDIVIDUAL,2022-07-23,Bursa,Marmara,0,SMS,SOCIAL_MEDIA,Customer_001468,1,,SYNTHETIC,1.3.0,42,
C001469,WS0009,INDIVIDUAL,2022-11-09,Samsun,Karadeniz,0,SMS,WALK_IN,Customer_001469,1,,SYNTHETIC,1.3.0,42,
C001470,WS0003,INDIVIDUAL,2023-05-07,İzmir,Ege,0,SMS,REFERRAL,Customer_001470,0,2026-03-01,SYNTHETIC,1.3.0,42,
C001471,WS0002,INDIVIDUAL,2022-12-01,Ankara,İç Anadolu,0,PHONE,ORGANIC,Customer_001471,0,2024-01-04,SYNTHETIC,1.3.0,42,
C001472,WS0002,INDIVIDUAL,2021-07-23,Ankara,İç Anadolu,0,WHATSAPP,ORGANIC,Customer_001472,1,,SYNTHETIC,1.3.0,42,
C001473,WS0008,COMMERCIAL,2023-04-09,Gaziantep,Güneydoğu Anadolu,0,EMAIL,FLEET_PARTNERSHIP,Customer_001473,1,,SYNTHETIC,1.3.0,42,
C001474,WS0006,INDIVIDUAL,2025-03-17,Konya,İç Anadolu,0,PHONE,REFERRAL,Customer_001474,1,,SYNTHETIC,1.3.0,42,
C001475,WS0008,INDIVIDUAL,2021-08-04,Gaziantep,Güneydoğu Anadolu,0,EMAIL,WALK_IN,Customer_001475,1,,SYNTHETIC,1.3.0,42,
C001476,WS0002,INDIVIDUAL,2022-07-01,Ankara,İç Anadolu,0,WHATSAPP,REFERRAL,Customer_001476,1,,SYNTHETIC,1.3.0,42,
C001477,WS0001,INDIVIDUAL,2021-01-31,İstanbul,Marmara,0,EMAIL,REFERRAL,Customer_001477,1,,SYNTHETIC,1.3.0,42,
C001478,WS0009,INDIVIDUAL,2023-06-25,Samsun,Karadeniz,0,SMS,REFERRAL,Customer_001478,1,,SYNTHETIC,1.3.0,42,
C001479,WS0004,INDIVIDUAL,2023-10-17,Bursa,Marmara,0,WHATSAPP,GOOGLE_MAPS,Customer_001479,1,,SYNTHETIC,1.3.0,42,
C001480,WS0006,INDIVIDUAL,2022-03-25,Konya,İç Anadolu,0,WHATSAPP,GOOGLE_MAPS,Customer_001480,1,,SYNTHETIC,1.3.0,42,
C001481,WS0007,INDIVIDUAL,2024-02-17,Adana,Akdeniz,0,WHATSAPP,SOCIAL_MEDIA,Customer_001481,0,2026-02-12,SYNTHETIC,1.3.0,42,
C001482,WS0009,INDIVIDUAL,2022-12-12,Samsun,Karadeniz,0,PHONE,REFERRAL,Customer_001482,1,,SYNTHETIC,1.3.0,42,
C001483,WS0002,INDIVIDUAL,2024-02-02,Ankara,İç Anadolu,0,WHATSAPP,REFERRAL,Customer_001483,1,,SYNTHETIC,1.3.0,42,
C001484,WS0009,INDIVIDUAL,2023-10-17,Samsun,Karadeniz,0,WHATSAPP,SOCIAL_MEDIA,Customer_001484,1,,SYNTHETIC,1.3.0,42,
C001485,WS0003,INDIVIDUAL,2025-09-01,İzmir,Ege,0,WHATSAPP,GOOGLE_MAPS,Customer_001485,1,,SYNTHETIC,1.3.0,42,
C001486,WS0010,INDIVIDUAL,2023-12-01,Eskişehir,İç Anadolu,0,WHATSAPP,GOOGLE_MAPS,Customer_001486,1,,SYNTHETIC,1.3.0,42,
C001487,WS0004,INDIVIDUAL,2025-02-15,Bursa,Marmara,0,WHATSAPP,ORGANIC,Customer_001487,1,,SYNTHETIC,1.3.0,42,
C001488,WS0010,INDIVIDUAL,2024-05-05,Eskişehir,İç Anadolu,0,PHONE,GOOGLE_MAPS,Customer_001488,1,,SYNTHETIC,1.3.0,42,
C001489,WS0008,INDIVIDUAL,2026-03-11,Gaziantep,Güneydoğu Anadolu,0,SMS,ORGANIC,Customer_001489,1,,SYNTHETIC,1.3.0,42,
C001490,WS0005,INDIVIDUAL,2023-10-21,Antalya,Akdeniz,0,WHATSAPP,SOCIAL_MEDIA,Customer_001490,1,,SYNTHETIC,1.3.0,42,
C001491,WS0005,INDIVIDUAL,2024-01-21,Antalya,Akdeniz,0,WHATSAPP,REFERRAL,Customer_001491,0,2025-06-01,SYNTHETIC,1.3.0,42,
C001492,WS0007,INDIVIDUAL,2022-05-07,Adana,Akdeniz,0,WHATSAPP,WALK_IN,Customer_001492,1,,SYNTHETIC,1.3.0,42,
C001493,WS0004,INDIVIDUAL,2024-05-03,Bursa,Marmara,0,WHATSAPP,REFERRAL,Customer_001493,1,,SYNTHETIC,1.3.0,42,
C001494,WS0004,INDIVIDUAL,2024-12-16,Bursa,Marmara,0,SMS,REFERRAL,Customer_001494,1,,SYNTHETIC,1.3.0,42,
C001495,WS0004,INDIVIDUAL,2025-03-17,Bursa,Marmara,0,SMS,ORGANIC,Customer_001495,1,,SYNTHETIC,1.3.0,42,
C001496,WS0005,INDIVIDUAL,2021-06-11,Antalya,Akdeniz,0,WHATSAPP,GOOGLE_MAPS,Customer_001496,0,2023-06-03,SYNTHETIC,1.3.0,42,
C001497,WS0004,INDIVIDUAL,2023-02-11,Bursa,Marmara,0,WHATSAPP,WALK_IN,Customer_001497,1,,SYNTHETIC,1.3.0,42,
C001498,WS0007,INDIVIDUAL,2022-07-26,Adana,Akdeniz,0,WHATSAPP,ORGANIC,Customer_001498,1,,SYNTHETIC,1.3.0,42,
C001499,WS0004,INDIVIDUAL,2023-01-17,Bursa,Marmara,0,WHATSAPP,ORGANIC,Customer_001499,1,,SYNTHETIC,1.3.0,42,
C001500,WS0005,INDIVIDUAL,2022-05-31,Antalya,Akdeniz,0,WHATSAPP,WALK_IN,Customer_001500,1,,SYNTHETIC,1.3.0,42,
C001501,WS0009,INDIVIDUAL,2022-02-08,Samsun,Karadeniz,0,WHATSAPP,REFERRAL,Customer_001501,1,,SYNTHETIC,1.3.0,42,
C001502,WS0004,INDIVIDUAL,2023-02-17,Bursa,Marmara,0,WHATSAPP,ORGANIC,Customer_001502,1,,SYNTHETIC,1.3.0,42,
C001503,WS0004,COMMERCIAL,2024-05-29,Bursa,Marmara,0,EMAIL,DIRECT_SALES,Customer_001503,1,,SYNTHETIC,1.3.0,42,
C001504,WS0006,INDIVIDUAL,2023-09-28,Konya,İç Anadolu,0,EMAIL,ORGANIC,Customer_001504,1,,SYNTHETIC,1.3.0,42,
C001505,WS0006,COMMERCIAL,2023-08-06,Konya,İç Anadolu,0,PHONE,FLEET_PARTNERSHIP,Customer_001505,1,,SYNTHETIC,1.3.0,42,
C001506,WS0005,INDIVIDUAL,2025-07-15,Antalya,Akdeniz,0,SMS,REFERRAL,Customer_001506,1,,SYNTHETIC,1.3.0,42,
C001507,WS0004,COMMERCIAL,2022-03-12,Bursa,Marmara,0,WHATSAPP,REFERRAL,Customer_001507,1,,SYNTHETIC,1.3.0,42,
C001508,WS0001,INDIVIDUAL,2022-04-21,İstanbul,Marmara,0,WHATSAPP,ORGANIC,Customer_001508,1,,SYNTHETIC,1.3.0,42,
C001509,WS0001,INDIVIDUAL,2025-10-17,İstanbul,Marmara,0,WHATSAPP,ORGANIC,Customer_001509,1,,SYNTHETIC,1.3.0,42,
C001510,WS0006,INDIVIDUAL,2026-07-23,Konya,İç Anadolu,0,PHONE,ORGANIC,Customer_001510,1,,SYNTHETIC,1.3.0,42,
C001511,WS0007,INDIVIDUAL,2025-05-27,Adana,Akdeniz,0,WHATSAPP,ORGANIC,Customer_001511,1,,SYNTHETIC,1.3.0,42,
C001512,WS0004,INDIVIDUAL,2021-11-05,Bursa,Marmara,0,PHONE,ORGANIC,Customer_001512,1,,SYNTHETIC,1.3.0,42,
C001513,WS0008,INDIVIDUAL,2021-10-23,Gaziantep,Güneydoğu Anadolu,0,WHATSAPP,GOOGLE_MAPS,Customer_001513,1,,SYNTHETIC,1.3.0,42,
C001514,WS0005,INDIVIDUAL,2024-06-02,Antalya,Akdeniz,0,SMS,GOOGLE_MAPS,Customer_001514,0,2025-09-04,SYNTHETIC,1.3.0,42,
C001515,WS0003,COMMERCIAL,2024-06-08,İzmir,Ege,0,PHONE,FLEET_PARTNERSHIP,Customer_001515,1,,SYNTHETIC,1.3.0,42,
C001516,WS0001,INDIVIDUAL,2023-12-24,İstanbul,Marmara,0,WHATSAPP,GOOGLE_MAPS,Customer_001516,1,,SYNTHETIC,1.3.0,42,
C001517,WS0003,COMMERCIAL,2021-05-25,İzmir,Ege,0,PHONE,ORGANIC,Customer_001517,1,,SYNTHETIC,1.3.0,42,
C001518,WS0002,INDIVIDUAL,2021-02-06,Ankara,İç Anadolu,0,WHATSAPP,ORGANIC,Customer_001518,1,,SYNTHETIC,1.3.0,42,
C001519,WS0001,INDIVIDUAL,2024-05-02,İstanbul,Marmara,0,WHATSAPP,GOOGLE_MAPS,Customer_001519,1,,SYNTHETIC,1.3.0,42,
C001520,WS0006,INDIVIDUAL,2023-07-03,Konya,İç Anadolu,0,SMS,GOOGLE_MAPS,Customer_001520,1,,SYNTHETIC,1.3.0,42,
C001521,WS0008,INDIVIDUAL,2025-11-24,Gaziantep,Güneydoğu Anadolu,0,PHONE,REFERRAL,Customer_001521,1,,SYNTHETIC,1.3.0,42,
C001522,WS0004,INDIVIDUAL,2023-02-16,Bursa,Marmara,0,SMS,REFERRAL,Customer_001522,1,,SYNTHETIC,1.3.0,42,
C001523,WS0007,INDIVIDUAL,2025-12-29,Adana,Akdeniz,0,PHONE,WALK_IN,Customer_001523,1,,SYNTHETIC,1.3.0,42,
C001524,WS0008,INDIVIDUAL,2021-04-13,Gaziantep,Güneydoğu Anadolu,0,WHATSAPP,REFERRAL,Customer_001524,1,,SYNTHETIC,1.3.0,42,
C001525,WS0004,INDIVIDUAL,2023-07-26,Bursa,Marmara,0,SMS,WALK_IN,Customer_001525,1,,SYNTHETIC,1.3.0,42,
C001526,WS0006,INDIVIDUAL,2024-08-23,Konya,İç Anadolu,0,WHATSAPP,SOCIAL_MEDIA,Customer_001526,1,,SYNTHETIC,1.3.0,42,
C001527,WS0003,COMMERCIAL,2021-06-03,İzmir,Ege,0,WHATSAPP,DIRECT_SALES,Customer_001527,1,,SYNTHETIC,1.3.0,42,
C001528,WS0003,INDIVIDUAL,2022-08-23,İzmir,Ege,0,EMAIL,ORGANIC,Customer_001528,1,,SYNTHETIC,1.3.0,42,
C001529,WS0008,INDIVIDUAL,2023-01-08,Gaziantep,Güneydoğu Anadolu,0,SMS,ORGANIC,Customer_001529,1,,SYNTHETIC,1.3.0,42,
C001530,WS0002,INDIVIDUAL,2022-02-24,Ankara,İç Anadolu,0,SMS,ORGANIC,Customer_001530,1,,SYNTHETIC,1.3.0,42,
C001531,WS0009,INDIVIDUAL,2025-10-08,Samsun,Karadeniz,0,EMAIL,SOCIAL_MEDIA,Customer_001531,1,,SYNTHETIC,1.3.0,42,
C001532,WS0006,INDIVIDUAL,2021-03-29,Konya,İç Anadolu,0,WHATSAPP,GOOGLE_MAPS,Customer_001532,1,,SYNTHETIC,1.3.0,42,
C001533,WS0007,INDIVIDUAL,2025-04-06,Adana,Akdeniz,0,PHONE,ORGANIC,Customer_001533,1,,SYNTHETIC,1.3.0,42,
C001534,WS0010,INDIVIDUAL,2025-02-26,Eskişehir,İç Anadolu,0,WHATSAPP,REFERRAL,Customer_001534,1,,SYNTHETIC,1.3.0,42,
C001535,WS0007,FLEET,2021-08-12,Adana,Akdeniz,1,WHATSAPP,REFERRAL,Customer_001535,1,,SYNTHETIC,1.3.0,42,
C001536,WS0003,INDIVIDUAL,2026-06-17,İzmir,Ege,0,WHATSAPP,ORGANIC,Customer_001536,1,,SYNTHETIC,1.3.0,42,
C001537,WS0002,INDIVIDUAL,2021-05-06,Ankara,İç Anadolu,0,PHONE,WALK_IN,Customer_001537,1,,SYNTHETIC,1.3.0,42,
C001538,WS0001,INDIVIDUAL,2022-06-22,İstanbul,Marmara,0,WHATSAPP,REFERRAL,Customer_001538,1,,SYNTHETIC,1.3.0,42,
C001539,WS0007,COMMERCIAL,2024-11-06,Adana,Akdeniz,0,PHONE,DIRECT_SALES,Customer_001539,1,,SYNTHETIC,1.3.0,42,
C001540,WS0007,COMMERCIAL,2021-02-14,Adana,Akdeniz,0,WHATSAPP,REFERRAL,Customer_001540,1,,SYNTHETIC,1.3.0,42,
C001541,WS0006,COMMERCIAL,2024-04-05,Konya,İç Anadolu,0,EMAIL,FLEET_PARTNERSHIP,Customer_001541,1,,SYNTHETIC,1.3.0,42,
C001542,WS0004,INDIVIDUAL,2024-09-12,Bursa,Marmara,0,SMS,REFERRAL,Customer_001542,1,,SYNTHETIC,1.3.0,42,
C001543,WS0002,COMMERCIAL,2026-04-22,Ankara,İç Anadolu,0,WHATSAPP,ORGANIC,Customer_001543,1,,SYNTHETIC,1.3.0,42,
C001544,WS0004,INDIVIDUAL,2021-11-29,Bursa,Marmara,0,WHATSAPP,ORGANIC,Customer_001544,1,,SYNTHETIC,1.3.0,42,
C001545,WS0001,INDIVIDUAL,2024-12-25,İstanbul,Marmara,0,WHATSAPP,REFERRAL,Customer_001545,1,,SYNTHETIC,1.3.0,42,
C001546,WS0003,INDIVIDUAL,2023-05-01,İzmir,Ege,0,PHONE,WALK_IN,Customer_001546,1,,SYNTHETIC,1.3.0,42,
C001547,WS0010,COMMERCIAL,2024-03-19,Eskişehir,İç Anadolu,0,WHATSAPP,ORGANIC,Customer_001547,1,,SYNTHETIC,1.3.0,42,
C001548,WS0008,INDIVIDUAL,2024-07-15,Gaziantep,Güneydoğu Anadolu,0,WHATSAPP,GOOGLE_MAPS,Customer_001548,1,,SYNTHETIC,1.3.0,42,
C001549,WS0007,COMMERCIAL,2026-03-07,Adana,Akdeniz,0,PHONE,FLEET_PARTNERSHIP,Customer_001549,1,,SYNTHETIC,1.3.0,42,
C001550,WS0001,INDIVIDUAL,2025-03-20,İstanbul,Marmara,0,EMAIL,SOCIAL_MEDIA,Customer_001550,1,,SYNTHETIC,1.3.0,42,
C001551,WS0006,INDIVIDUAL,2023-02-20,Konya,İç Anadolu,0,WHATSAPP,ORGANIC,Customer_001551,1,,SYNTHETIC,1.3.0,42,
C001552,WS0003,INDIVIDUAL,2023-08-13,İzmir,Ege,0,WHATSAPP,GOOGLE_MAPS,Customer_001552,1,,SYNTHETIC,1.3.0,42,
C001553,WS0002,INDIVIDUAL,2026-04-12,Ankara,İç Anadolu,0,WHATSAPP,ORGANIC,Customer_001553,1,,SYNTHETIC,1.3.0,42,
C001554,WS0004,INDIVIDUAL,2023-01-27,Bursa,Marmara,0,PHONE,SOCIAL_MEDIA,Customer_001554,1,,SYNTHETIC,1.3.0,42,
C001555,WS0002,INDIVIDUAL,2024-12-25,Ankara,İç Anadolu,0,WHATSAPP,ORGANIC,Customer_001555,1,,SYNTHETIC,1.3.0,42,
C001556,WS0008,INDIVIDUAL,2025-05-06,Gaziantep,Güneydoğu Anadolu,0,WHATSAPP,ORGANIC,Customer_001556,1,,SYNTHETIC,1.3.0,42,
C001557,WS0010,INDIVIDUAL,2023-09-15,Eskişehir,İç Anadolu,0,WHATSAPP,ORGANIC,Customer_001557,1,,SYNTHETIC,1.3.0,42,
C001558,WS0001,INDIVIDUAL,2021-02-24,İstanbul,Marmara,0,WHATSAPP,GOOGLE_MAPS,Customer_001558,1,,SYNTHETIC,1.3.0,42,
C001559,WS0001,INDIVIDUAL,2023-05-17,İstanbul,Marmara,0,PHONE,GOOGLE_MAPS,Customer_001559,1,,SYNTHETIC,1.3.0,42,
C001560,WS0002,INDIVIDUAL,2023-01-08,Ankara,İç Anadolu,0,PHONE,ORGANIC,Customer_001560,1,,SYNTHETIC,1.3.0,42,
C001561,WS0003,INDIVIDUAL,2021-01-12,İzmir,Ege,0,WHATSAPP,ORGANIC,Customer_001561,1,,SYNTHETIC,1.3.0,42,
C001562,WS0002,INDIVIDUAL,2021-08-12,Ankara,İç Anadolu,0,SMS,SOCIAL_MEDIA,Customer_001562,1,,SYNTHETIC,1.3.0,42,
C001563,WS0010,INDIVIDUAL,2024-07-30,Eskişehir,İç Anadolu,0,WHATSAPP,REFERRAL,Customer_001563,1,,SYNTHETIC,1.3.0,42,
C001564,WS0002,INDIVIDUAL,2026-06-17,Ankara,İç Anadolu,0,EMAIL,GOOGLE_MAPS,Customer_001564,1,,SYNTHETIC,1.3.0,42,
C001565,WS0007,INDIVIDUAL,2024-06-18,Adana,Akdeniz,0,SMS,SOCIAL_MEDIA,Customer_001565,1,,SYNTHETIC,1.3.0,42,
C001566,WS0002,INDIVIDUAL,2024-03-15,Ankara,İç Anadolu,0,SMS,ORGANIC,Customer_001566,1,,SYNTHETIC,1.3.0,42,
C001567,WS0006,INDIVIDUAL,2023-07-08,Konya,İç Anadolu,0,WHATSAPP,ORGANIC,Customer_001567,1,,SYNTHETIC,1.3.0,42,
C001568,WS0008,COMMERCIAL,2026-04-04,Gaziantep,Güneydoğu Anadolu,0,PHONE,DIRECT_SALES,Customer_001568,1,,SYNTHETIC,1.3.0,42,
C001569,WS0001,INDIVIDUAL,2024-01-08,İstanbul,Marmara,0,PHONE,REFERRAL,Customer_001569,1,,SYNTHETIC,1.3.0,42,
C001570,WS0007,INDIVIDUAL,2023-05-07,Adana,Akdeniz,0,EMAIL,REFERRAL,Customer_001570,1,,SYNTHETIC,1.3.0,42,
C001571,WS0010,INDIVIDUAL,2025-09-03,Eskişehir,İç Anadolu,0,WHATSAPP,WALK_IN,Customer_001571,1,,SYNTHETIC,1.3.0,42,
C001572,WS0009,INDIVIDUAL,2026-06-20,Samsun,Karadeniz,0,WHATSAPP,ORGANIC,Customer_001572,1,,SYNTHETIC,1.3.0,42,
C001573,WS0006,INDIVIDUAL,2023-03-16,Konya,İç Anadolu,0,SMS,ORGANIC,Customer_001573,1,,SYNTHETIC,1.3.0,42,
C001574,WS0007,INDIVIDUAL,2026-01-07,Adana,Akdeniz,0,PHONE,ORGANIC,Customer_001574,0,2026-04-22,SYNTHETIC,1.3.0,42,
C001575,WS0009,INDIVIDUAL,2021-08-21,Samsun,Karadeniz,0,PHONE,SOCIAL_MEDIA,Customer_001575,1,,SYNTHETIC,1.3.0,42,
C001576,WS0008,INDIVIDUAL,2021-10-28,Gaziantep,Güneydoğu Anadolu,0,PHONE,SOCIAL_MEDIA,Customer_001576,1,,SYNTHETIC,1.3.0,42,
C001577,WS0005,INDIVIDUAL,2021-04-23,Antalya,Akdeniz,0,WHATSAPP,ORGANIC,Customer_001577,1,,SYNTHETIC,1.3.0,42,
C001578,WS0008,INDIVIDUAL,2023-01-29,Gaziantep,Güneydoğu Anadolu,0,WHATSAPP,ORGANIC,Customer_001578,1,,SYNTHETIC,1.3.0,42,
C001579,WS0004,INDIVIDUAL,2026-02-28,Bursa,Marmara,0,SMS,REFERRAL,Customer_001579,1,,SYNTHETIC,1.3.0,42,
C001580,WS0004,INDIVIDUAL,2025-05-16,Bursa,Marmara,0,WHATSAPP,ORGANIC,Customer_001580,1,,SYNTHETIC,1.3.0,42,
C001581,WS0006,INDIVIDUAL,2022-06-02,Konya,İç Anadolu,0,WHATSAPP,REFERRAL,Customer_001581,1,,SYNTHETIC,1.3.0,42,
C001582,WS0002,COMMERCIAL,2021-04-06,Ankara,İç Anadolu,0,PHONE,DIRECT_SALES,Customer_001582,1,,SYNTHETIC,1.3.0,42,
C001583,WS0002,INDIVIDUAL,2023-11-28,Ankara,İç Anadolu,0,PHONE,REFERRAL,Customer_001583,1,,SYNTHETIC,1.3.0,42,
C001584,WS0003,INDIVIDUAL,2021-05-11,İzmir,Ege,0,WHATSAPP,SOCIAL_MEDIA,Customer_001584,1,,SYNTHETIC,1.3.0,42,
C001585,WS0001,INDIVIDUAL,2025-04-27,İstanbul,Marmara,0,SMS,WALK_IN,Customer_001585,0,2026-07-06,SYNTHETIC,1.3.0,42,
C001586,WS0002,INDIVIDUAL,2026-02-01,Ankara,İç Anadolu,0,PHONE,ORGANIC,Customer_001586,1,,SYNTHETIC,1.3.0,42,
C001587,WS0004,INDIVIDUAL,2026-06-05,Bursa,Marmara,0,EMAIL,REFERRAL,Customer_001587,1,,SYNTHETIC,1.3.0,42,
C001588,WS0004,INDIVIDUAL,2023-08-24,Bursa,Marmara,0,EMAIL,REFERRAL,Customer_001588,1,,SYNTHETIC,1.3.0,42,
C001589,WS0003,INDIVIDUAL,2021-07-31,İzmir,Ege,0,WHATSAPP,ORGANIC,Customer_001589,1,,SYNTHETIC,1.3.0,42,
C001590,WS0002,INDIVIDUAL,2023-07-15,Ankara,İç Anadolu,0,WHATSAPP,REFERRAL,Customer_001590,1,,SYNTHETIC,1.3.0,42,
C001591,WS0001,INDIVIDUAL,2022-12-19,İstanbul,Marmara,0,WHATSAPP,GOOGLE_MAPS,Customer_001591,1,,SYNTHETIC,1.3.0,42,
C001592,WS0007,COMMERCIAL,2022-08-02,Adana,Akdeniz,0,EMAIL,DIRECT_SALES,Customer_001592,1,,SYNTHETIC,1.3.0,42,
C001593,WS0005,INDIVIDUAL,2023-01-01,Antalya,Akdeniz,0,WHATSAPP,ORGANIC,Customer_001593,1,,SYNTHETIC,1.3.0,42,
C001594,WS0004,INDIVIDUAL,2022-12-23,Bursa,Marmara,0,WHATSAPP,ORGANIC,Customer_001594,0,2024-01-14,SYNTHETIC,1.3.0,42,
C001595,WS0010,INDIVIDUAL,2022-03-07,Eskişehir,İç Anadolu,0,PHONE,REFERRAL,Customer_001595,1,,SYNTHETIC,1.3.0,42,
C001596,WS0007,COMMERCIAL,2024-03-22,Adana,Akdeniz,0,EMAIL,FLEET_PARTNERSHIP,Customer_001596,1,,SYNTHETIC,1.3.0,42,
C001597,WS0009,INDIVIDUAL,2023-08-11,Samsun,Karadeniz,0,EMAIL,GOOGLE_MAPS,Customer_001597,1,,SYNTHETIC,1.3.0,42,
C001598,WS0008,INDIVIDUAL,2022-01-06,Gaziantep,Güneydoğu Anadolu,0,WHATSAPP,ORGANIC,Customer_001598,1,,SYNTHETIC,1.3.0,42,
C001599,WS0004,INDIVIDUAL,2022-08-12,Bursa,Marmara,0,PHONE,ORGANIC,Customer_001599,1,,SYNTHETIC,1.3.0,42,
C001600,WS0004,INDIVIDUAL,2021-05-09,Bursa,Marmara,0,WHATSAPP,ORGANIC,Customer_001600,1,,SYNTHETIC,1.3.0,42,
C001601,WS0008,COMMERCIAL,2022-08-08,Gaziantep,Güneydoğu Anadolu,0,PHONE,REFERRAL,Customer_001601,1,,SYNTHETIC,1.3.0,42,
C001602,WS0002,COMMERCIAL,2024-11-12,Ankara,İç Anadolu,0,EMAIL,DIRECT_SALES,Customer_001602,1,,SYNTHETIC,1.3.0,42,
C001603,WS0001,COMMERCIAL,2021-12-06,İstanbul,Marmara,0,EMAIL,DIRECT_SALES,Customer_001603,1,,SYNTHETIC,1.3.0,42,
C001604,WS0002,INDIVIDUAL,2023-07-22,Ankara,İç Anadolu,0,WHATSAPP,WALK_IN,Customer_001604,1,,SYNTHETIC,1.3.0,42,
C001605,WS0001,INDIVIDUAL,2025-09-23,İstanbul,Marmara,0,WHATSAPP,ORGANIC,Customer_001605,1,,SYNTHETIC,1.3.0,42,
C001606,WS0005,INDIVIDUAL,2025-02-11,Antalya,Akdeniz,0,SMS,WALK_IN,Customer_001606,1,,SYNTHETIC,1.3.0,42,
C001607,WS0008,COMMERCIAL,2022-01-07,Gaziantep,Güneydoğu Anadolu,0,EMAIL,FLEET_PARTNERSHIP,Customer_001607,0,2023-01-05,SYNTHETIC,1.3.0,42,
C001608,WS0006,INDIVIDUAL,2025-03-13,Konya,İç Anadolu,0,WHATSAPP,ORGANIC,Customer_001608,1,,SYNTHETIC,1.3.0,42,
C001609,WS0010,INDIVIDUAL,2025-04-12,Eskişehir,İç Anadolu,0,EMAIL,GOOGLE_MAPS,Customer_001609,1,,SYNTHETIC,1.3.0,42,
C001610,WS0004,INDIVIDUAL,2022-09-03,Bursa,Marmara,0,SMS,GOOGLE_MAPS,Customer_001610,1,,SYNTHETIC,1.3.0,42,
C001611,WS0003,INDIVIDUAL,2022-05-28,İzmir,Ege,0,PHONE,REFERRAL,Customer_001611,1,,SYNTHETIC,1.3.0,42,
C001612,WS0004,INDIVIDUAL,2021-07-06,Bursa,Marmara,0,SMS,REFERRAL,Customer_001612,1,,SYNTHETIC,1.3.0,42,
C001613,WS0007,INDIVIDUAL,2025-02-15,Adana,Akdeniz,0,WHATSAPP,WALK_IN,Customer_001613,1,,SYNTHETIC,1.3.0,42,
C001614,WS0010,INDIVIDUAL,2021-01-24,Eskişehir,İç Anadolu,0,WHATSAPP,WALK_IN,Customer_001614,0,2023-04-22,SYNTHETIC,1.3.0,42,
C001615,WS0007,INDIVIDUAL,2021-09-15,Adana,Akdeniz,0,PHONE,GOOGLE_MAPS,Customer_001615,1,,SYNTHETIC,1.3.0,42,
C001616,WS0001,INDIVIDUAL,2021-09-09,İstanbul,Marmara,0,WHATSAPP,ORGANIC,Customer_001616,1,,SYNTHETIC,1.3.0,42,
C001617,WS0004,INDIVIDUAL,2021-07-25,Bursa,Marmara,0,WHATSAPP,ORGANIC,Customer_001617,1,,SYNTHETIC,1.3.0,42,
C001618,WS0004,INDIVIDUAL,2023-12-06,Bursa,Marmara,0,WHATSAPP,GOOGLE_MAPS,Customer_001618,1,,SYNTHETIC,1.3.0,42,
C001619,WS0007,INDIVIDUAL,2022-02-26,Adana,Akdeniz,0,WHATSAPP,WALK_IN,Customer_001619,1,,SYNTHETIC,1.3.0,42,
C001620,WS0001,COMMERCIAL,2024-02-19,İstanbul,Marmara,0,WHATSAPP,DIRECT_SALES,Customer_001620,1,,SYNTHETIC,1.3.0,42,
C001621,WS0005,INDIVIDUAL,2021-07-06,Antalya,Akdeniz,0,EMAIL,GOOGLE_MAPS,Customer_001621,1,,SYNTHETIC,1.3.0,42,
C001622,WS0004,COMMERCIAL,2025-06-21,Bursa,Marmara,0,EMAIL,FLEET_PARTNERSHIP,Customer_001622,1,,SYNTHETIC,1.3.0,42,
C001623,WS0004,COMMERCIAL,2025-03-13,Bursa,Marmara,0,EMAIL,REFERRAL,Customer_001623,1,,SYNTHETIC,1.3.0,42,
C001624,WS0003,INDIVIDUAL,2025-10-02,İzmir,Ege,0,PHONE,ORGANIC,Customer_001624,1,,SYNTHETIC,1.3.0,42,
C001625,WS0009,INDIVIDUAL,2024-03-02,Samsun,Karadeniz,0,WHATSAPP,SOCIAL_MEDIA,Customer_001625,0,2026-01-30,SYNTHETIC,1.3.0,42,
C001626,WS0006,INDIVIDUAL,2024-10-12,Konya,İç Anadolu,0,WHATSAPP,ORGANIC,Customer_001626,0,2025-05-25,SYNTHETIC,1.3.0,42,
C001627,WS0003,INDIVIDUAL,2023-01-27,İzmir,Ege,0,WHATSAPP,GOOGLE_MAPS,Customer_001627,1,,SYNTHETIC,1.3.0,42,
C001628,WS0005,INDIVIDUAL,2026-02-17,Antalya,Akdeniz,0,PHONE,REFERRAL,Customer_001628,1,,SYNTHETIC,1.3.0,42,
C001629,WS0001,INDIVIDUAL,2025-04-28,İstanbul,Marmara,0,WHATSAPP,SOCIAL_MEDIA,Customer_001629,1,,SYNTHETIC,1.3.0,42,
C001630,WS0006,COMMERCIAL,2024-08-19,Konya,İç Anadolu,0,EMAIL,DIRECT_SALES,Customer_001630,1,,SYNTHETIC,1.3.0,42,
C001631,WS0002,INDIVIDUAL,2022-10-20,Ankara,İç Anadolu,0,SMS,REFERRAL,Customer_001631,1,,SYNTHETIC,1.3.0,42,
C001632,WS0003,INDIVIDUAL,2023-09-29,İzmir,Ege,0,WHATSAPP,WALK_IN,Customer_001632,1,,SYNTHETIC,1.3.0,42,
C001633,WS0008,COMMERCIAL,2023-09-24,Gaziantep,Güneydoğu Anadolu,0,PHONE,DIRECT_SALES,Customer_001633,1,,SYNTHETIC,1.3.0,42,
C001634,WS0003,INDIVIDUAL,2022-05-03,İzmir,Ege,0,PHONE,ORGANIC,Customer_001634,1,,SYNTHETIC,1.3.0,42,
C001635,WS0010,INDIVIDUAL,2022-06-04,Eskişehir,İç Anadolu,0,PHONE,ORGANIC,Customer_001635,1,,SYNTHETIC,1.3.0,42,
C001636,WS0010,INDIVIDUAL,2023-12-08,Eskişehir,İç Anadolu,0,WHATSAPP,WALK_IN,Customer_001636,1,,SYNTHETIC,1.3.0,42,
C001637,WS0009,INDIVIDUAL,2025-10-03,Samsun,Karadeniz,0,WHATSAPP,GOOGLE_MAPS,Customer_001637,1,,SYNTHETIC,1.3.0,42,
C001638,WS0001,INDIVIDUAL,2023-12-06,İstanbul,Marmara,0,WHATSAPP,ORGANIC,Customer_001638,1,,SYNTHETIC,1.3.0,42,
C001639,WS0007,INDIVIDUAL,2021-01-31,Adana,Akdeniz,0,SMS,WALK_IN,Customer_001639,1,,SYNTHETIC,1.3.0,42,
C001640,WS0005,INDIVIDUAL,2024-04-25,Antalya,Akdeniz,0,PHONE,GOOGLE_MAPS,Customer_001640,1,,SYNTHETIC,1.3.0,42,
C001641,WS0008,INDIVIDUAL,2023-06-15,Gaziantep,Güneydoğu Anadolu,0,WHATSAPP,REFERRAL,Customer_001641,1,,SYNTHETIC,1.3.0,42,
C001642,WS0005,COMMERCIAL,2023-04-14,Antalya,Akdeniz,0,WHATSAPP,DIRECT_SALES,Customer_001642,1,,SYNTHETIC,1.3.0,42,
C001643,WS0007,INDIVIDUAL,2026-01-29,Adana,Akdeniz,0,WHATSAPP,GOOGLE_MAPS,Customer_001643,0,2026-05-21,SYNTHETIC,1.3.0,42,
C001644,WS0004,INDIVIDUAL,2021-10-08,Bursa,Marmara,0,WHATSAPP,GOOGLE_MAPS,Customer_001644,1,,SYNTHETIC,1.3.0,42,
C001645,WS0009,INDIVIDUAL,2021-04-20,Samsun,Karadeniz,0,PHONE,WALK_IN,Customer_001645,1,,SYNTHETIC,1.3.0,42,
C001646,WS0008,INDIVIDUAL,2026-07-20,Gaziantep,Güneydoğu Anadolu,0,WHATSAPP,REFERRAL,Customer_001646,1,,SYNTHETIC,1.3.0,42,
C001647,WS0008,COMMERCIAL,2023-06-16,Gaziantep,Güneydoğu Anadolu,0,EMAIL,REFERRAL,Customer_001647,1,,SYNTHETIC,1.3.0,42,
C001648,WS0003,INDIVIDUAL,2026-01-21,İzmir,Ege,0,WHATSAPP,WALK_IN,Customer_001648,1,,SYNTHETIC,1.3.0,42,
C001649,WS0009,INDIVIDUAL,2024-12-16,Samsun,Karadeniz,0,WHATSAPP,WALK_IN,Customer_001649,1,,SYNTHETIC,1.3.0,42,
C001650,WS0005,INDIVIDUAL,2022-09-11,Antalya,Akdeniz,0,WHATSAPP,WALK_IN,Customer_001650,1,,SYNTHETIC,1.3.0,42,
C001651,WS0009,INDIVIDUAL,2023-01-12,Samsun,Karadeniz,0,WHATSAPP,WALK_IN,Customer_001651,1,,SYNTHETIC,1.3.0,42,
C001652,WS0002,INDIVIDUAL,2021-08-17,Ankara,İç Anadolu,0,WHATSAPP,SOCIAL_MEDIA,Customer_001652,1,,SYNTHETIC,1.3.0,42,
C001653,WS0010,INDIVIDUAL,2022-03-21,Eskişehir,İç Anadolu,0,SMS,REFERRAL,Customer_001653,1,,SYNTHETIC,1.3.0,42,
C001654,WS0010,INDIVIDUAL,2022-10-07,Eskişehir,İç Anadolu,0,WHATSAPP,SOCIAL_MEDIA,Customer_001654,1,,SYNTHETIC,1.3.0,42,
C001655,WS0003,COMMERCIAL,2025-09-16,İzmir,Ege,0,EMAIL,REFERRAL,Customer_001655,1,,SYNTHETIC,1.3.0,42,
C001656,WS0006,INDIVIDUAL,2023-08-27,Konya,İç Anadolu,0,SMS,GOOGLE_MAPS,Customer_001656,1,,SYNTHETIC,1.3.0,42,
C001657,WS0010,INDIVIDUAL,2024-08-10,Eskişehir,İç Anadolu,0,PHONE,REFERRAL,Customer_001657,1,,SYNTHETIC,1.3.0,42,
C001658,WS0005,INDIVIDUAL,2021-05-02,Antalya,Akdeniz,0,WHATSAPP,REFERRAL,Customer_001658,1,,SYNTHETIC,1.3.0,42,
C001659,WS0004,INDIVIDUAL,2021-06-27,Bursa,Marmara,0,PHONE,GOOGLE_MAPS,Customer_001659,1,,SYNTHETIC,1.3.0,42,
C001660,WS0009,INDIVIDUAL,2022-01-11,Samsun,Karadeniz,0,PHONE,ORGANIC,Customer_001660,1,,SYNTHETIC,1.3.0,42,
C001661,WS0001,INDIVIDUAL,2022-02-17,İstanbul,Marmara,0,WHATSAPP,REFERRAL,Customer_001661,1,,SYNTHETIC,1.3.0,42,
C001662,WS0009,INDIVIDUAL,2023-02-24,Samsun,Karadeniz,0,WHATSAPP,GOOGLE_MAPS,Customer_001662,1,,SYNTHETIC,1.3.0,42,
C001663,WS0006,INDIVIDUAL,2021-11-23,Konya,İç Anadolu,0,PHONE,WALK_IN,Customer_001663,1,,SYNTHETIC,1.3.0,42,
C001664,WS0001,INDIVIDUAL,2022-08-01,İstanbul,Marmara,0,WHATSAPP,ORGANIC,Customer_001664,1,,SYNTHETIC,1.3.0,42,
C001665,WS0007,INDIVIDUAL,2024-08-25,Adana,Akdeniz,0,PHONE,GOOGLE_MAPS,Customer_001665,1,,SYNTHETIC,1.3.0,42,
C001666,WS0002,INDIVIDUAL,2025-02-18,Ankara,İç Anadolu,0,PHONE,WALK_IN,Customer_001666,1,,SYNTHETIC,1.3.0,42,
C001667,WS0003,INDIVIDUAL,2024-03-30,İzmir,Ege,0,WHATSAPP,REFERRAL,Customer_001667,1,,SYNTHETIC,1.3.0,42,
C001668,WS0008,COMMERCIAL,2021-03-07,Gaziantep,Güneydoğu Anadolu,0,WHATSAPP,FLEET_PARTNERSHIP,Customer_001668,1,,SYNTHETIC,1.3.0,42,
C001669,WS0008,INDIVIDUAL,2021-02-08,Gaziantep,Güneydoğu Anadolu,0,WHATSAPP,WALK_IN,Customer_001669,1,,SYNTHETIC,1.3.0,42,
C001670,WS0002,INDIVIDUAL,2023-12-30,Ankara,İç Anadolu,0,WHATSAPP,WALK_IN,Customer_001670,1,,SYNTHETIC,1.3.0,42,
C001671,WS0010,INDIVIDUAL,2023-07-19,Eskişehir,İç Anadolu,0,PHONE,GOOGLE_MAPS,Customer_001671,0,2024-03-05,SYNTHETIC,1.3.0,42,
C001672,WS0003,INDIVIDUAL,2026-07-08,İzmir,Ege,0,WHATSAPP,GOOGLE_MAPS,Customer_001672,1,,SYNTHETIC,1.3.0,42,
C001673,WS0009,INDIVIDUAL,2025-06-29,Samsun,Karadeniz,0,PHONE,SOCIAL_MEDIA,Customer_001673,1,,SYNTHETIC,1.3.0,42,
C001674,WS0006,INDIVIDUAL,2022-03-24,Konya,İç Anadolu,0,WHATSAPP,WALK_IN,Customer_001674,1,,SYNTHETIC,1.3.0,42,
C001675,WS0004,INDIVIDUAL,2021-08-21,Bursa,Marmara,0,PHONE,GOOGLE_MAPS,Customer_001675,1,,SYNTHETIC,1.3.0,42,
C001676,WS0008,INDIVIDUAL,2023-02-22,Gaziantep,Güneydoğu Anadolu,0,PHONE,GOOGLE_MAPS,Customer_001676,1,,SYNTHETIC,1.3.0,42,
C001677,WS0006,COMMERCIAL,2024-06-20,Konya,İç Anadolu,0,EMAIL,DIRECT_SALES,Customer_001677,1,,SYNTHETIC,1.3.0,42,
C001678,WS0009,INDIVIDUAL,2025-03-19,Samsun,Karadeniz,0,EMAIL,SOCIAL_MEDIA,Customer_001678,1,,SYNTHETIC,1.3.0,42,
C001679,WS0008,FLEET,2024-09-07,Gaziantep,Güneydoğu Anadolu,1,WHATSAPP,DIRECT_SALES,Customer_001679,1,,SYNTHETIC,1.3.0,42,
C001680,WS0005,INDIVIDUAL,2024-03-26,Antalya,Akdeniz,0,PHONE,REFERRAL,Customer_001680,1,,SYNTHETIC,1.3.0,42,
C001681,WS0008,INDIVIDUAL,2026-07-22,Gaziantep,Güneydoğu Anadolu,0,SMS,SOCIAL_MEDIA,Customer_001681,0,2026-08-25,SYNTHETIC,1.3.0,42,
C001682,WS0003,INDIVIDUAL,2021-05-16,İzmir,Ege,0,SMS,GOOGLE_MAPS,Customer_001682,1,,SYNTHETIC,1.3.0,42,
C001683,WS0002,INDIVIDUAL,2021-10-17,Ankara,İç Anadolu,0,WHATSAPP,WALK_IN,Customer_001683,1,,SYNTHETIC,1.3.0,42,
C001684,WS0001,INDIVIDUAL,2025-12-31,İstanbul,Marmara,0,SMS,ORGANIC,Customer_001684,1,,SYNTHETIC,1.3.0,42,
C001685,WS0004,INDIVIDUAL,2023-03-31,Bursa,Marmara,0,PHONE,ORGANIC,Customer_001685,1,,SYNTHETIC,1.3.0,42,
C001686,WS0008,INDIVIDUAL,2023-03-15,Gaziantep,Güneydoğu Anadolu,0,PHONE,ORGANIC,Customer_001686,1,,SYNTHETIC,1.3.0,42,
C001687,WS0009,INDIVIDUAL,2021-12-23,Samsun,Karadeniz,0,WHATSAPP,REFERRAL,Customer_001687,1,,SYNTHETIC,1.3.0,42,
C001688,WS0008,INDIVIDUAL,2025-08-17,Gaziantep,Güneydoğu Anadolu,0,WHATSAPP,ORGANIC,Customer_001688,1,,SYNTHETIC,1.3.0,42,
C001689,WS0001,COMMERCIAL,2021-12-21,İstanbul,Marmara,0,EMAIL,REFERRAL,Customer_001689,1,,SYNTHETIC,1.3.0,42,
C001690,WS0010,INDIVIDUAL,2025-11-07,Eskişehir,İç Anadolu,0,PHONE,SOCIAL_MEDIA,Customer_001690,1,,SYNTHETIC,1.3.0,42,
C001691,WS0004,COMMERCIAL,2022-12-27,Bursa,Marmara,0,WHATSAPP,DIRECT_SALES,Customer_001691,1,,SYNTHETIC,1.3.0,42,
C001692,WS0003,INDIVIDUAL,2023-07-11,İzmir,Ege,0,PHONE,REFERRAL,Customer_001692,1,,SYNTHETIC,1.3.0,42,
C001693,WS0010,INDIVIDUAL,2022-02-19,Eskişehir,İç Anadolu,0,WHATSAPP,GOOGLE_MAPS,Customer_001693,1,,SYNTHETIC,1.3.0,42,
C001694,WS0005,INDIVIDUAL,2025-12-08,Antalya,Akdeniz,0,WHATSAPP,ORGANIC,Customer_001694,1,,SYNTHETIC,1.3.0,42,
C001695,WS0001,COMMERCIAL,2024-08-29,İstanbul,Marmara,0,EMAIL,FLEET_PARTNERSHIP,Customer_001695,1,,SYNTHETIC,1.3.0,42,
C001696,WS0006,INDIVIDUAL,2025-05-16,Konya,İç Anadolu,0,PHONE,REFERRAL,Customer_001696,1,,SYNTHETIC,1.3.0,42,
C001697,WS0007,INDIVIDUAL,2026-01-22,Adana,Akdeniz,0,PHONE,SOCIAL_MEDIA,Customer_001697,1,,SYNTHETIC,1.3.0,42,
C001698,WS0009,INDIVIDUAL,2024-01-18,Samsun,Karadeniz,0,WHATSAPP,GOOGLE_MAPS,Customer_001698,0,2025-07-06,SYNTHETIC,1.3.0,42,
C001699,WS0006,INDIVIDUAL,2023-02-14,Konya,İç Anadolu,0,SMS,REFERRAL,Customer_001699,0,2023-12-04,SYNTHETIC,1.3.0,42,
C001700,WS0008,INDIVIDUAL,2023-10-04,Gaziantep,Güneydoğu Anadolu,0,PHONE,ORGANIC,Customer_001700,1,,SYNTHETIC,1.3.0,42,
C001701,WS0001,INDIVIDUAL,2023-10-31,İstanbul,Marmara,0,WHATSAPP,REFERRAL,Customer_001701,0,2025-09-16,SYNTHETIC,1.3.0,42,
C001702,WS0001,INDIVIDUAL,2025-11-28,İstanbul,Marmara,0,WHATSAPP,GOOGLE_MAPS,Customer_001702,1,,SYNTHETIC,1.3.0,42,
C001703,WS0008,INDIVIDUAL,2022-01-25,Gaziantep,Güneydoğu Anadolu,0,SMS,ORGANIC,Customer_001703,1,,SYNTHETIC,1.3.0,42,
C001704,WS0009,INDIVIDUAL,2025-04-15,Samsun,Karadeniz,0,WHATSAPP,ORGANIC,Customer_001704,1,,SYNTHETIC,1.3.0,42,
C001705,WS0008,COMMERCIAL,2021-03-17,Gaziantep,Güneydoğu Anadolu,0,PHONE,REFERRAL,Customer_001705,1,,SYNTHETIC,1.3.0,42,
C001706,WS0009,INDIVIDUAL,2021-06-12,Samsun,Karadeniz,0,WHATSAPP,REFERRAL,Customer_001706,1,,SYNTHETIC,1.3.0,42,
C001707,WS0003,FLEET,2022-09-07,İzmir,Ege,1,EMAIL,DIRECT_SALES,Customer_001707,1,,SYNTHETIC,1.3.0,42,
C001708,WS0010,INDIVIDUAL,2025-09-29,Eskişehir,İç Anadolu,0,WHATSAPP,GOOGLE_MAPS,Customer_001708,1,,SYNTHETIC,1.3.0,42,
C001709,WS0001,INDIVIDUAL,2022-05-17,İstanbul,Marmara,0,EMAIL,WALK_IN,Customer_001709,1,,SYNTHETIC,1.3.0,42,
C001710,WS0004,INDIVIDUAL,2025-10-08,Bursa,Marmara,0,PHONE,ORGANIC,Customer_001710,1,,SYNTHETIC,1.3.0,42,
C001711,WS0006,INDIVIDUAL,2022-04-02,Konya,İç Anadolu,0,WHATSAPP,REFERRAL,Customer_001711,0,2022-10-22,SYNTHETIC,1.3.0,42,
C001712,WS0002,COMMERCIAL,2022-05-26,Ankara,İç Anadolu,0,EMAIL,FLEET_PARTNERSHIP,Customer_001712,1,,SYNTHETIC,1.3.0,42,
C001713,WS0008,INDIVIDUAL,2022-08-24,Gaziantep,Güneydoğu Anadolu,0,WHATSAPP,ORGANIC,Customer_001713,1,,SYNTHETIC,1.3.0,42,
C001714,WS0009,INDIVIDUAL,2023-11-23,Samsun,Karadeniz,0,WHATSAPP,REFERRAL,Customer_001714,1,,SYNTHETIC,1.3.0,42,
C001715,WS0010,INDIVIDUAL,2023-04-30,Eskişehir,İç Anadolu,0,SMS,SOCIAL_MEDIA,Customer_001715,1,,SYNTHETIC,1.3.0,42,
C001716,WS0007,INDIVIDUAL,2022-12-13,Adana,Akdeniz,0,WHATSAPP,GOOGLE_MAPS,Customer_001716,1,,SYNTHETIC,1.3.0,42,
C001717,WS0002,INDIVIDUAL,2021-07-10,Ankara,İç Anadolu,0,WHATSAPP,WALK_IN,Customer_001717,1,,SYNTHETIC,1.3.0,42,
C001718,WS0007,INDIVIDUAL,2025-08-03,Adana,Akdeniz,0,WHATSAPP,SOCIAL_MEDIA,Customer_001718,1,,SYNTHETIC,1.3.0,42,
C001719,WS0002,INDIVIDUAL,2025-12-04,Ankara,İç Anadolu,0,WHATSAPP,GOOGLE_MAPS,Customer_001719,1,,SYNTHETIC,1.3.0,42,
C001720,WS0006,INDIVIDUAL,2024-10-06,Konya,İç Anadolu,0,EMAIL,REFERRAL,Customer_001720,1,,SYNTHETIC,1.3.0,42,
C001721,WS0002,INDIVIDUAL,2022-10-23,Ankara,İç Anadolu,0,WHATSAPP,REFERRAL,Customer_001721,1,,SYNTHETIC,1.3.0,42,
C001722,WS0003,INDIVIDUAL,2026-03-26,İzmir,Ege,0,WHATSAPP,ORGANIC,Customer_001722,0,2026-07-02,SYNTHETIC,1.3.0,42,
C001723,WS0006,INDIVIDUAL,2023-03-21,Konya,İç Anadolu,0,EMAIL,ORGANIC,Customer_001723,0,2024-12-05,SYNTHETIC,1.3.0,42,
C001724,WS0006,COMMERCIAL,2022-03-04,Konya,İç Anadolu,0,EMAIL,DIRECT_SALES,Customer_001724,1,,SYNTHETIC,1.3.0,42,
C001725,WS0006,INDIVIDUAL,2025-07-12,Konya,İç Anadolu,0,WHATSAPP,REFERRAL,Customer_001725,1,,SYNTHETIC,1.3.0,42,
C001726,WS0003,COMMERCIAL,2023-04-18,İzmir,Ege,0,PHONE,DIRECT_SALES,Customer_001726,1,,SYNTHETIC,1.3.0,42,
C001727,WS0008,INDIVIDUAL,2025-06-24,Gaziantep,Güneydoğu Anadolu,0,WHATSAPP,SOCIAL_MEDIA,Customer_001727,1,,SYNTHETIC,1.3.0,42,
C001728,WS0001,INDIVIDUAL,2023-03-13,İstanbul,Marmara,0,PHONE,ORGANIC,Customer_001728,1,,SYNTHETIC,1.3.0,42,
C001729,WS0004,INDIVIDUAL,2025-05-09,Bursa,Marmara,0,WHATSAPP,WALK_IN,Customer_001729,1,,SYNTHETIC,1.3.0,42,
C001730,WS0003,INDIVIDUAL,2025-10-21,İzmir,Ege,0,WHATSAPP,GOOGLE_MAPS,Customer_001730,1,,SYNTHETIC,1.3.0,42,
C001731,WS0007,FLEET,2025-09-15,Adana,Akdeniz,1,EMAIL,FLEET_PARTNERSHIP,Customer_001731,1,,SYNTHETIC,1.3.0,42,
C001732,WS0010,INDIVIDUAL,2022-10-16,Eskişehir,İç Anadolu,0,PHONE,GOOGLE_MAPS,Customer_001732,1,,SYNTHETIC,1.3.0,42,
C001733,WS0008,INDIVIDUAL,2022-01-22,Gaziantep,Güneydoğu Anadolu,0,PHONE,GOOGLE_MAPS,Customer_001733,1,,SYNTHETIC,1.3.0,42,
C001734,WS0004,COMMERCIAL,2024-11-30,Bursa,Marmara,0,PHONE,FLEET_PARTNERSHIP,Customer_001734,1,,SYNTHETIC,1.3.0,42,
C001735,WS0007,INDIVIDUAL,2026-02-02,Adana,Akdeniz,0,PHONE,GOOGLE_MAPS,Customer_001735,1,,SYNTHETIC,1.3.0,42,
C001736,WS0001,INDIVIDUAL,2022-03-09,İstanbul,Marmara,0,WHATSAPP,REFERRAL,Customer_001736,0,2023-02-23,SYNTHETIC,1.3.0,42,
C001737,WS0003,INDIVIDUAL,2021-09-02,İzmir,Ege,0,SMS,ORGANIC,Customer_001737,1,,SYNTHETIC,1.3.0,42,
C001738,WS0004,COMMERCIAL,2021-04-15,Bursa,Marmara,0,WHATSAPP,REFERRAL,Customer_001738,1,,SYNTHETIC,1.3.0,42,
C001739,WS0006,INDIVIDUAL,2022-11-10,Konya,İç Anadolu,0,SMS,ORGANIC,Customer_001739,1,,SYNTHETIC,1.3.0,42,
C001740,WS0004,INDIVIDUAL,2021-04-09,Bursa,Marmara,0,WHATSAPP,ORGANIC,Customer_001740,1,,SYNTHETIC,1.3.0,42,
C001741,WS0002,INDIVIDUAL,2024-11-05,Ankara,İç Anadolu,0,WHATSAPP,WALK_IN,Customer_001741,1,,SYNTHETIC,1.3.0,42,
C001742,WS0009,INDIVIDUAL,2025-08-31,Samsun,Karadeniz,0,WHATSAPP,REFERRAL,Customer_001742,1,,SYNTHETIC,1.3.0,42,
C001743,WS0001,COMMERCIAL,2023-03-10,İstanbul,Marmara,0,PHONE,REFERRAL,Customer_001743,1,,SYNTHETIC,1.3.0,42,
C001744,WS0009,INDIVIDUAL,2026-04-28,Samsun,Karadeniz,0,PHONE,WALK_IN,Customer_001744,1,,SYNTHETIC,1.3.0,42,
C001745,WS0002,INDIVIDUAL,2025-02-18,Ankara,İç Anadolu,0,WHATSAPP,ORGANIC,Customer_001745,1,,SYNTHETIC,1.3.0,42,
C001746,WS0010,INDIVIDUAL,2025-02-13,Eskişehir,İç Anadolu,0,SMS,SOCIAL_MEDIA,Customer_001746,1,,SYNTHETIC,1.3.0,42,
C001747,WS0004,INDIVIDUAL,2021-01-17,Bursa,Marmara,0,WHATSAPP,ORGANIC,Customer_001747,1,,SYNTHETIC,1.3.0,42,
C001748,WS0010,INDIVIDUAL,2022-09-28,Eskişehir,İç Anadolu,0,PHONE,GOOGLE_MAPS,Customer_001748,1,,SYNTHETIC,1.3.0,42,
C001749,WS0008,INDIVIDUAL,2021-11-25,Gaziantep,Güneydoğu Anadolu,0,PHONE,GOOGLE_MAPS,Customer_001749,1,,SYNTHETIC,1.3.0,42,
C001750,WS0007,INDIVIDUAL,2023-03-21,Adana,Akdeniz,0,WHATSAPP,WALK_IN,Customer_001750,1,,SYNTHETIC,1.3.0,42,
C001751,WS0001,INDIVIDUAL,2024-05-27,İstanbul,Marmara,0,WHATSAPP,WALK_IN,Customer_001751,1,,SYNTHETIC,1.3.0,42,
C001752,WS0003,INDIVIDUAL,2025-07-12,İzmir,Ege,0,SMS,GOOGLE_MAPS,Customer_001752,1,,SYNTHETIC,1.3.0,42,
C001753,WS0002,INDIVIDUAL,2023-08-13,Ankara,İç Anadolu,0,WHATSAPP,REFERRAL,Customer_001753,1,,SYNTHETIC,1.3.0,42,
C001754,WS0004,INDIVIDUAL,2021-08-06,Bursa,Marmara,0,WHATSAPP,WALK_IN,Customer_001754,1,,SYNTHETIC,1.3.0,42,
C001755,WS0007,INDIVIDUAL,2023-12-01,Adana,Akdeniz,0,PHONE,WALK_IN,Customer_001755,1,,SYNTHETIC,1.3.0,42,
C001756,WS0004,INDIVIDUAL,2025-01-19,Bursa,Marmara,0,SMS,GOOGLE_MAPS,Customer_001756,1,,SYNTHETIC,1.3.0,42,
C001757,WS0009,INDIVIDUAL,2022-02-07,Samsun,Karadeniz,0,WHATSAPP,SOCIAL_MEDIA,Customer_001757,1,,SYNTHETIC,1.3.0,42,
C001758,WS0005,INDIVIDUAL,2024-12-20,Antalya,Akdeniz,0,PHONE,WALK_IN,Customer_001758,1,,SYNTHETIC,1.3.0,42,
C001759,WS0007,INDIVIDUAL,2022-12-10,Adana,Akdeniz,0,WHATSAPP,GOOGLE_MAPS,Customer_001759,1,,SYNTHETIC,1.3.0,42,
C001760,WS0005,INDIVIDUAL,2022-05-02,Antalya,Akdeniz,0,WHATSAPP,SOCIAL_MEDIA,Customer_001760,1,,SYNTHETIC,1.3.0,42,
C001761,WS0004,INDIVIDUAL,2022-10-09,Bursa,Marmara,0,PHONE,WALK_IN,Customer_001761,1,,SYNTHETIC,1.3.0,42,
C001762,WS0009,INDIVIDUAL,2023-11-04,Samsun,Karadeniz,0,WHATSAPP,ORGANIC,Customer_001762,1,,SYNTHETIC,1.3.0,42,
C001763,WS0006,COMMERCIAL,2022-05-12,Konya,İç Anadolu,0,WHATSAPP,REFERRAL,Customer_001763,1,,SYNTHETIC,1.3.0,42,
C001764,WS0007,INDIVIDUAL,2023-01-07,Adana,Akdeniz,0,WHATSAPP,WALK_IN,Customer_001764,1,,SYNTHETIC,1.3.0,42,
C001765,WS0006,INDIVIDUAL,2025-12-09,Konya,İç Anadolu,0,WHATSAPP,REFERRAL,Customer_001765,1,,SYNTHETIC,1.3.0,42,
C001766,WS0008,INDIVIDUAL,2025-04-12,Gaziantep,Güneydoğu Anadolu,0,WHATSAPP,ORGANIC,Customer_001766,1,,SYNTHETIC,1.3.0,42,
C001767,WS0001,COMMERCIAL,2022-01-10,İstanbul,Marmara,0,PHONE,DIRECT_SALES,Customer_001767,1,,SYNTHETIC,1.3.0,42,
C001768,WS0009,INDIVIDUAL,2023-09-13,Samsun,Karadeniz,0,WHATSAPP,ORGANIC,Customer_001768,1,,SYNTHETIC,1.3.0,42,
C001769,WS0004,INDIVIDUAL,2025-04-22,Bursa,Marmara,0,SMS,ORGANIC,Customer_001769,0,2026-06-23,SYNTHETIC,1.3.0,42,
C001770,WS0007,INDIVIDUAL,2023-12-14,Adana,Akdeniz,0,PHONE,REFERRAL,Customer_001770,1,,SYNTHETIC,1.3.0,42,
C001771,WS0003,INDIVIDUAL,2024-06-01,İzmir,Ege,0,SMS,ORGANIC,Customer_001771,1,,SYNTHETIC,1.3.0,42,
C001772,WS0008,INDIVIDUAL,2021-12-07,Gaziantep,Güneydoğu Anadolu,0,WHATSAPP,ORGANIC,Customer_001772,1,,SYNTHETIC,1.3.0,42,
C001773,WS0004,INDIVIDUAL,2024-12-01,Bursa,Marmara,0,WHATSAPP,WALK_IN,Customer_001773,1,,SYNTHETIC,1.3.0,42,
C001774,WS0010,INDIVIDUAL,2022-01-27,Eskişehir,İç Anadolu,0,PHONE,GOOGLE_MAPS,Customer_001774,1,,SYNTHETIC,1.3.0,42,
C001775,WS0007,INDIVIDUAL,2021-11-16,Adana,Akdeniz,0,WHATSAPP,GOOGLE_MAPS,Customer_001775,1,,SYNTHETIC,1.3.0,42,
C001776,WS0006,INDIVIDUAL,2021-05-05,Konya,İç Anadolu,0,PHONE,REFERRAL,Customer_001776,1,,SYNTHETIC,1.3.0,42,
C001777,WS0004,INDIVIDUAL,2025-04-15,Bursa,Marmara,0,WHATSAPP,GOOGLE_MAPS,Customer_001777,1,,SYNTHETIC,1.3.0,42,
C001778,WS0008,INDIVIDUAL,2024-06-23,Gaziantep,Güneydoğu Anadolu,0,WHATSAPP,GOOGLE_MAPS,Customer_001778,1,,SYNTHETIC,1.3.0,42,
C001779,WS0004,INDIVIDUAL,2025-09-02,Bursa,Marmara,0,WHATSAPP,REFERRAL,Customer_001779,1,,SYNTHETIC,1.3.0,42,
C001780,WS0003,INDIVIDUAL,2022-04-20,İzmir,Ege,0,WHATSAPP,GOOGLE_MAPS,Customer_001780,0,2026-06-26,SYNTHETIC,1.3.0,42,
C001781,WS0008,INDIVIDUAL,2022-08-20,Gaziantep,Güneydoğu Anadolu,0,PHONE,GOOGLE_MAPS,Customer_001781,1,,SYNTHETIC,1.3.0,42,
C001782,WS0004,INDIVIDUAL,2021-02-16,Bursa,Marmara,0,WHATSAPP,REFERRAL,Customer_001782,0,2024-11-17,SYNTHETIC,1.3.0,42,
C001783,WS0001,INDIVIDUAL,2026-02-01,İstanbul,Marmara,0,SMS,REFERRAL,Customer_001783,1,,SYNTHETIC,1.3.0,42,
C001784,WS0010,INDIVIDUAL,2021-10-26,Eskişehir,İç Anadolu,0,WHATSAPP,WALK_IN,Customer_001784,1,,SYNTHETIC,1.3.0,42,
C001785,WS0001,INDIVIDUAL,2021-10-01,İstanbul,Marmara,0,WHATSAPP,WALK_IN,Customer_001785,1,,SYNTHETIC,1.3.0,42,
C001786,WS0010,INDIVIDUAL,2023-07-02,Eskişehir,İç Anadolu,0,PHONE,REFERRAL,Customer_001786,1,,SYNTHETIC,1.3.0,42,
C001787,WS0004,INDIVIDUAL,2023-01-18,Bursa,Marmara,0,PHONE,REFERRAL,Customer_001787,1,,SYNTHETIC,1.3.0,42,
C001788,WS0010,COMMERCIAL,2023-03-23,Eskişehir,İç Anadolu,0,PHONE,FLEET_PARTNERSHIP,Customer_001788,0,2023-12-24,SYNTHETIC,1.3.0,42,
C001789,WS0007,INDIVIDUAL,2021-05-27,Adana,Akdeniz,0,PHONE,GOOGLE_MAPS,Customer_001789,1,,SYNTHETIC,1.3.0,42,
C001790,WS0007,INDIVIDUAL,2022-09-02,Adana,Akdeniz,0,WHATSAPP,WALK_IN,Customer_001790,1,,SYNTHETIC,1.3.0,42,
C001791,WS0007,COMMERCIAL,2023-12-02,Adana,Akdeniz,0,WHATSAPP,FLEET_PARTNERSHIP,Customer_001791,1,,SYNTHETIC,1.3.0,42,
C001792,WS0002,INDIVIDUAL,2021-07-02,Ankara,İç Anadolu,0,SMS,SOCIAL_MEDIA,Customer_001792,1,,SYNTHETIC,1.3.0,42,
C001793,WS0003,INDIVIDUAL,2024-08-26,İzmir,Ege,0,SMS,REFERRAL,Customer_001793,1,,SYNTHETIC,1.3.0,42,
C001794,WS0007,INDIVIDUAL,2025-11-10,Adana,Akdeniz,0,EMAIL,GOOGLE_MAPS,Customer_001794,1,,SYNTHETIC,1.3.0,42,
C001795,WS0010,INDIVIDUAL,2023-07-30,Eskişehir,İç Anadolu,0,WHATSAPP,SOCIAL_MEDIA,Customer_001795,1,,SYNTHETIC,1.3.0,42,
C001796,WS0001,INDIVIDUAL,2021-07-15,İstanbul,Marmara,0,WHATSAPP,ORGANIC,Customer_001796,1,,SYNTHETIC,1.3.0,42,
C001797,WS0006,INDIVIDUAL,2024-08-04,Konya,İç Anadolu,0,WHATSAPP,ORGANIC,Customer_001797,0,2024-12-03,SYNTHETIC,1.3.0,42,
C001798,WS0007,COMMERCIAL,2022-12-26,Adana,Akdeniz,0,PHONE,ORGANIC,Customer_001798,1,,SYNTHETIC,1.3.0,42,
C001799,WS0006,COMMERCIAL,2023-07-04,Konya,İç Anadolu,0,EMAIL,DIRECT_SALES,Customer_001799,1,,SYNTHETIC,1.3.0,42,
C001800,WS0006,INDIVIDUAL,2023-11-03,Konya,İç Anadolu,0,WHATSAPP,ORGANIC,Customer_001800,1,,SYNTHETIC,1.3.0,42,
C001801,WS0001,INDIVIDUAL,2025-09-11,İstanbul,Marmara,0,PHONE,GOOGLE_MAPS,Customer_001801,1,,SYNTHETIC,1.3.0,42,
C001802,WS0004,INDIVIDUAL,2023-12-12,Bursa,Marmara,0,SMS,ORGANIC,Customer_001802,1,,SYNTHETIC,1.3.0,42,
C001803,WS0010,INDIVIDUAL,2022-11-01,Eskişehir,İç Anadolu,0,WHATSAPP,GOOGLE_MAPS,Customer_001803,0,2025-07-20,SYNTHETIC,1.3.0,42,
C001804,WS0009,INDIVIDUAL,2021-11-04,Samsun,Karadeniz,0,PHONE,REFERRAL,Customer_001804,1,,SYNTHETIC,1.3.0,42,
C001805,WS0007,COMMERCIAL,2025-11-23,Adana,Akdeniz,0,WHATSAPP,DIRECT_SALES,Customer_001805,1,,SYNTHETIC,1.3.0,42,
C001806,WS0003,INDIVIDUAL,2022-02-10,İzmir,Ege,0,PHONE,ORGANIC,Customer_001806,1,,SYNTHETIC,1.3.0,42,
C001807,WS0009,INDIVIDUAL,2023-08-14,Samsun,Karadeniz,0,PHONE,ORGANIC,Customer_001807,1,,SYNTHETIC,1.3.0,42,
C001808,WS0010,COMMERCIAL,2025-04-11,Eskişehir,İç Anadolu,0,WHATSAPP,REFERRAL,Customer_001808,1,,SYNTHETIC,1.3.0,42,
C001809,WS0008,INDIVIDUAL,2026-01-12,Gaziantep,Güneydoğu Anadolu,0,WHATSAPP,ORGANIC,Customer_001809,1,,SYNTHETIC,1.3.0,42,
C001810,WS0002,INDIVIDUAL,2026-03-01,Ankara,İç Anadolu,0,WHATSAPP,GOOGLE_MAPS,Customer_001810,1,,SYNTHETIC,1.3.0,42,
C001811,WS0008,INDIVIDUAL,2022-10-29,Gaziantep,Güneydoğu Anadolu,0,EMAIL,REFERRAL,Customer_001811,1,,SYNTHETIC,1.3.0,42,
C001812,WS0001,INDIVIDUAL,2025-06-27,İstanbul,Marmara,0,WHATSAPP,ORGANIC,Customer_001812,1,,SYNTHETIC,1.3.0,42,
C001813,WS0001,INDIVIDUAL,2023-10-27,İstanbul,Marmara,0,WHATSAPP,ORGANIC,Customer_001813,1,,SYNTHETIC,1.3.0,42,
C001814,WS0003,INDIVIDUAL,2022-04-01,İzmir,Ege,0,PHONE,WALK_IN,Customer_001814,1,,SYNTHETIC,1.3.0,42,
C001815,WS0005,INDIVIDUAL,2024-07-19,Antalya,Akdeniz,0,WHATSAPP,ORGANIC,Customer_001815,1,,SYNTHETIC,1.3.0,42,
C001816,WS0003,INDIVIDUAL,2025-09-23,İzmir,Ege,0,WHATSAPP,SOCIAL_MEDIA,Customer_001816,1,,SYNTHETIC,1.3.0,42,
C001817,WS0007,INDIVIDUAL,2022-03-16,Adana,Akdeniz,0,WHATSAPP,ORGANIC,Customer_001817,1,,SYNTHETIC,1.3.0,42,
C001818,WS0006,INDIVIDUAL,2026-05-22,Konya,İç Anadolu,0,WHATSAPP,ORGANIC,Customer_001818,1,,SYNTHETIC,1.3.0,42,
C001819,WS0006,INDIVIDUAL,2026-07-19,Konya,İç Anadolu,0,PHONE,ORGANIC,Customer_001819,1,,SYNTHETIC,1.3.0,42,
C001820,WS0007,FLEET,2022-07-21,Adana,Akdeniz,1,PHONE,FLEET_PARTNERSHIP,Customer_001820,1,,SYNTHETIC,1.3.0,42,
C001821,WS0002,INDIVIDUAL,2025-03-11,Ankara,İç Anadolu,0,WHATSAPP,GOOGLE_MAPS,Customer_001821,1,,SYNTHETIC,1.3.0,42,
C001822,WS0001,INDIVIDUAL,2025-09-18,İstanbul,Marmara,0,SMS,SOCIAL_MEDIA,Customer_001822,0,2026-01-08,SYNTHETIC,1.3.0,42,
C001823,WS0003,INDIVIDUAL,2025-01-20,İzmir,Ege,0,WHATSAPP,GOOGLE_MAPS,Customer_001823,1,,SYNTHETIC,1.3.0,42,
C001824,WS0008,INDIVIDUAL,2025-01-28,Gaziantep,Güneydoğu Anadolu,0,EMAIL,GOOGLE_MAPS,Customer_001824,1,,SYNTHETIC,1.3.0,42,
C001825,WS0010,INDIVIDUAL,2025-01-17,Eskişehir,İç Anadolu,0,WHATSAPP,SOCIAL_MEDIA,Customer_001825,1,,SYNTHETIC,1.3.0,42,
C001826,WS0001,INDIVIDUAL,2021-05-03,İstanbul,Marmara,0,SMS,ORGANIC,Customer_001826,1,,SYNTHETIC,1.3.0,42,
C001827,WS0005,INDIVIDUAL,2021-11-17,Antalya,Akdeniz,0,PHONE,GOOGLE_MAPS,Customer_001827,1,,SYNTHETIC,1.3.0,42,
C001828,WS0003,INDIVIDUAL,2024-05-02,İzmir,Ege,0,PHONE,REFERRAL,Customer_001828,1,,SYNTHETIC,1.3.0,42,
C001829,WS0006,INDIVIDUAL,2021-04-03,Konya,İç Anadolu,0,PHONE,ORGANIC,Customer_001829,1,,SYNTHETIC,1.3.0,42,
C001830,WS0007,COMMERCIAL,2024-05-25,Adana,Akdeniz,0,PHONE,DIRECT_SALES,Customer_001830,1,,SYNTHETIC,1.3.0,42,
C001831,WS0001,INDIVIDUAL,2023-08-08,İstanbul,Marmara,0,PHONE,SOCIAL_MEDIA,Customer_001831,1,,SYNTHETIC,1.3.0,42,
C001832,WS0010,INDIVIDUAL,2021-06-16,Eskişehir,İç Anadolu,0,WHATSAPP,ORGANIC,Customer_001832,1,,SYNTHETIC,1.3.0,42,
C001833,WS0008,INDIVIDUAL,2021-11-19,Gaziantep,Güneydoğu Anadolu,0,PHONE,ORGANIC,Customer_001833,1,,SYNTHETIC,1.3.0,42,
C001834,WS0006,INDIVIDUAL,2026-07-20,Konya,İç Anadolu,0,PHONE,WALK_IN,Customer_001834,1,,SYNTHETIC,1.3.0,42,
C001835,WS0010,INDIVIDUAL,2026-03-29,Eskişehir,İç Anadolu,0,PHONE,ORGANIC,Customer_001835,1,,SYNTHETIC,1.3.0,42,
C001836,WS0008,INDIVIDUAL,2021-09-18,Gaziantep,Güneydoğu Anadolu,0,WHATSAPP,ORGANIC,Customer_001836,0,2024-12-23,SYNTHETIC,1.3.0,42,
C001837,WS0006,INDIVIDUAL,2026-01-13,Konya,İç Anadolu,0,EMAIL,REFERRAL,Customer_001837,1,,SYNTHETIC,1.3.0,42,
C001838,WS0008,INDIVIDUAL,2023-05-19,Gaziantep,Güneydoğu Anadolu,0,WHATSAPP,REFERRAL,Customer_001838,1,,SYNTHETIC,1.3.0,42,
C001839,WS0010,INDIVIDUAL,2021-10-17,Eskişehir,İç Anadolu,0,WHATSAPP,ORGANIC,Customer_001839,1,,SYNTHETIC,1.3.0,42,
C001840,WS0004,INDIVIDUAL,2023-09-25,Bursa,Marmara,0,WHATSAPP,REFERRAL,Customer_001840,1,,SYNTHETIC,1.3.0,42,
C001841,WS0006,INDIVIDUAL,2022-09-16,Konya,İç Anadolu,0,WHATSAPP,ORGANIC,Customer_001841,1,,SYNTHETIC,1.3.0,42,
C001842,WS0009,INDIVIDUAL,2021-05-29,Samsun,Karadeniz,0,SMS,WALK_IN,Customer_001842,1,,SYNTHETIC,1.3.0,42,
C001843,WS0009,INDIVIDUAL,2024-03-04,Samsun,Karadeniz,0,PHONE,REFERRAL,Customer_001843,1,,SYNTHETIC,1.3.0,42,
C001844,WS0003,INDIVIDUAL,2021-08-13,İzmir,Ege,0,WHATSAPP,ORGANIC,Customer_001844,0,2022-04-30,SYNTHETIC,1.3.0,42,
C001845,WS0005,INDIVIDUAL,2024-02-22,Antalya,Akdeniz,0,PHONE,REFERRAL,Customer_001845,1,,SYNTHETIC,1.3.0,42,
C001846,WS0001,INDIVIDUAL,2021-02-17,İstanbul,Marmara,0,WHATSAPP,GOOGLE_MAPS,Customer_001846,0,2025-12-05,SYNTHETIC,1.3.0,42,
C001847,WS0005,INDIVIDUAL,2022-08-05,Antalya,Akdeniz,0,EMAIL,ORGANIC,Customer_001847,1,,SYNTHETIC,1.3.0,42,
C001848,WS0009,INDIVIDUAL,2021-06-26,Samsun,Karadeniz,0,WHATSAPP,ORGANIC,Customer_001848,1,,SYNTHETIC,1.3.0,42,
C001849,WS0002,INDIVIDUAL,2026-07-11,Ankara,İç Anadolu,0,PHONE,REFERRAL,Customer_001849,1,,SYNTHETIC,1.3.0,42,
C001850,WS0002,INDIVIDUAL,2024-11-20,Ankara,İç Anadolu,0,WHATSAPP,SOCIAL_MEDIA,Customer_001850,1,,SYNTHETIC,1.3.0,42,
C001851,WS0004,INDIVIDUAL,2023-06-06,Bursa,Marmara,0,PHONE,GOOGLE_MAPS,Customer_001851,1,,SYNTHETIC,1.3.0,42,
C001852,WS0005,INDIVIDUAL,2026-07-06,Antalya,Akdeniz,0,WHATSAPP,ORGANIC,Customer_001852,1,,SYNTHETIC,1.3.0,42,
C001853,WS0009,INDIVIDUAL,2022-08-15,Samsun,Karadeniz,0,PHONE,WALK_IN,Customer_001853,1,,SYNTHETIC,1.3.0,42,
C001854,WS0005,INDIVIDUAL,2023-09-10,Antalya,Akdeniz,0,WHATSAPP,ORGANIC,Customer_001854,1,,SYNTHETIC,1.3.0,42,
C001855,WS0007,INDIVIDUAL,2023-06-24,Adana,Akdeniz,0,WHATSAPP,REFERRAL,Customer_001855,1,,SYNTHETIC,1.3.0,42,
C001856,WS0004,INDIVIDUAL,2023-04-16,Bursa,Marmara,0,WHATSAPP,ORGANIC,Customer_001856,1,,SYNTHETIC,1.3.0,42,
C001857,WS0007,INDIVIDUAL,2022-07-18,Adana,Akdeniz,0,SMS,ORGANIC,Customer_001857,1,,SYNTHETIC,1.3.0,42,
C001858,WS0004,INDIVIDUAL,2023-02-15,Bursa,Marmara,0,WHATSAPP,GOOGLE_MAPS,Customer_001858,0,2024-08-17,SYNTHETIC,1.3.0,42,
C001859,WS0006,INDIVIDUAL,2021-05-18,Konya,İç Anadolu,0,WHATSAPP,REFERRAL,Customer_001859,1,,SYNTHETIC,1.3.0,42,
C001860,WS0010,INDIVIDUAL,2026-02-27,Eskişehir,İç Anadolu,0,PHONE,ORGANIC,Customer_001860,1,,SYNTHETIC,1.3.0,42,
C001861,WS0009,INDIVIDUAL,2026-07-03,Samsun,Karadeniz,0,SMS,WALK_IN,Customer_001861,1,,SYNTHETIC,1.3.0,42,
C001862,WS0004,INDIVIDUAL,2022-12-16,Bursa,Marmara,0,PHONE,SOCIAL_MEDIA,Customer_001862,1,,SYNTHETIC,1.3.0,42,
C001863,WS0010,INDIVIDUAL,2021-07-12,Eskişehir,İç Anadolu,0,PHONE,SOCIAL_MEDIA,Customer_001863,1,,SYNTHETIC,1.3.0,42,
C001864,WS0003,COMMERCIAL,2024-08-05,İzmir,Ege,0,EMAIL,ORGANIC,Customer_001864,1,,SYNTHETIC,1.3.0,42,
C001865,WS0006,INDIVIDUAL,2023-02-15,Konya,İç Anadolu,0,SMS,GOOGLE_MAPS,Customer_001865,1,,SYNTHETIC,1.3.0,42,
C001866,WS0006,INDIVIDUAL,2026-06-28,Konya,İç Anadolu,0,PHONE,ORGANIC,Customer_001866,1,,SYNTHETIC,1.3.0,42,
C001867,WS0007,INDIVIDUAL,2025-09-03,Adana,Akdeniz,0,PHONE,REFERRAL,Customer_001867,1,,SYNTHETIC,1.3.0,42,
C001868,WS0005,INDIVIDUAL,2023-05-07,Antalya,Akdeniz,0,SMS,GOOGLE_MAPS,Customer_001868,1,,SYNTHETIC,1.3.0,42,
C001869,WS0005,INDIVIDUAL,2022-02-12,Antalya,Akdeniz,0,SMS,SOCIAL_MEDIA,Customer_001869,1,,SYNTHETIC,1.3.0,42,
C001870,WS0007,COMMERCIAL,2023-08-01,Adana,Akdeniz,0,WHATSAPP,REFERRAL,Customer_001870,1,,SYNTHETIC,1.3.0,42,
C001871,WS0004,INDIVIDUAL,2022-11-22,Bursa,Marmara,0,PHONE,SOCIAL_MEDIA,Customer_001871,1,,SYNTHETIC,1.3.0,42,
C001872,WS0008,INDIVIDUAL,2022-12-24,Gaziantep,Güneydoğu Anadolu,0,WHATSAPP,REFERRAL,Customer_001872,1,,SYNTHETIC,1.3.0,42,
C001873,WS0001,COMMERCIAL,2025-02-17,İstanbul,Marmara,0,EMAIL,REFERRAL,Customer_001873,1,,SYNTHETIC,1.3.0,42,
C001874,WS0006,INDIVIDUAL,2021-03-15,Konya,İç Anadolu,0,WHATSAPP,ORGANIC,Customer_001874,0,2023-12-24,SYNTHETIC,1.3.0,42,
C001875,WS0005,INDIVIDUAL,2021-03-08,Antalya,Akdeniz,0,WHATSAPP,REFERRAL,Customer_001875,1,,SYNTHETIC,1.3.0,42,
C001876,WS0008,INDIVIDUAL,2021-11-19,Gaziantep,Güneydoğu Anadolu,0,PHONE,WALK_IN,Customer_001876,0,2023-01-23,SYNTHETIC,1.3.0,42,
C001877,WS0003,INDIVIDUAL,2026-07-03,İzmir,Ege,0,WHATSAPP,REFERRAL,Customer_001877,1,,SYNTHETIC,1.3.0,42,
C001878,WS0006,INDIVIDUAL,2024-04-19,Konya,İç Anadolu,0,SMS,GOOGLE_MAPS,Customer_001878,1,,SYNTHETIC,1.3.0,42,
C001879,WS0009,INDIVIDUAL,2023-12-19,Samsun,Karadeniz,0,SMS,REFERRAL,Customer_001879,1,,SYNTHETIC,1.3.0,42,
C001880,WS0003,INDIVIDUAL,2024-05-16,İzmir,Ege,0,WHATSAPP,SOCIAL_MEDIA,Customer_001880,1,,SYNTHETIC,1.3.0,42,
C001881,WS0010,INDIVIDUAL,2021-09-06,Eskişehir,İç Anadolu,0,WHATSAPP,SOCIAL_MEDIA,Customer_001881,1,,SYNTHETIC,1.3.0,42,
C001882,WS0004,COMMERCIAL,2021-08-03,Bursa,Marmara,0,EMAIL,ORGANIC,Customer_001882,1,,SYNTHETIC,1.3.0,42,
C001883,WS0005,INDIVIDUAL,2024-04-02,Antalya,Akdeniz,0,PHONE,WALK_IN,Customer_001883,0,2026-01-02,SYNTHETIC,1.3.0,42,
C001884,WS0006,INDIVIDUAL,2023-01-30,Konya,İç Anadolu,0,EMAIL,REFERRAL,Customer_001884,1,,SYNTHETIC,1.3.0,42,
C001885,WS0007,INDIVIDUAL,2025-06-14,Adana,Akdeniz,0,WHATSAPP,REFERRAL,Customer_001885,1,,SYNTHETIC,1.3.0,42,
C001886,WS0002,INDIVIDUAL,2024-04-23,Ankara,İç Anadolu,0,WHATSAPP,REFERRAL,Customer_001886,1,,SYNTHETIC,1.3.0,42,
C001887,WS0003,INDIVIDUAL,2024-04-18,İzmir,Ege,0,WHATSAPP,GOOGLE_MAPS,Customer_001887,1,,SYNTHETIC,1.3.0,42,
C001888,WS0004,INDIVIDUAL,2024-11-29,Bursa,Marmara,0,WHATSAPP,REFERRAL,Customer_001888,1,,SYNTHETIC,1.3.0,42,
C001889,WS0001,INDIVIDUAL,2023-06-04,İstanbul,Marmara,0,WHATSAPP,REFERRAL,Customer_001889,1,,SYNTHETIC,1.3.0,42,
C001890,WS0003,INDIVIDUAL,2024-08-26,İzmir,Ege,0,PHONE,GOOGLE_MAPS,Customer_001890,1,,SYNTHETIC,1.3.0,42,
C001891,WS0002,INDIVIDUAL,2023-05-05,Ankara,İç Anadolu,0,PHONE,ORGANIC,Customer_001891,1,,SYNTHETIC,1.3.0,42,
C001892,WS0008,COMMERCIAL,2024-02-06,Gaziantep,Güneydoğu Anadolu,0,PHONE,DIRECT_SALES,Customer_001892,1,,SYNTHETIC,1.3.0,42,
C001893,WS0005,INDIVIDUAL,2025-12-21,Antalya,Akdeniz,0,SMS,ORGANIC,Customer_001893,1,,SYNTHETIC,1.3.0,42,
C001894,WS0002,INDIVIDUAL,2021-05-13,Ankara,İç Anadolu,0,WHATSAPP,REFERRAL,Customer_001894,1,,SYNTHETIC,1.3.0,42,
C001895,WS0001,INDIVIDUAL,2021-10-16,İstanbul,Marmara,0,WHATSAPP,WALK_IN,Customer_001895,1,,SYNTHETIC,1.3.0,42,
C001896,WS0002,FLEET,2025-07-19,Ankara,İç Anadolu,1,WHATSAPP,ORGANIC,Customer_001896,1,,SYNTHETIC,1.3.0,42,
C001897,WS0003,INDIVIDUAL,2023-08-22,İzmir,Ege,0,WHATSAPP,ORGANIC,Customer_001897,1,,SYNTHETIC,1.3.0,42,
C001898,WS0001,INDIVIDUAL,2023-01-28,İstanbul,Marmara,0,WHATSAPP,SOCIAL_MEDIA,Customer_001898,1,,SYNTHETIC,1.3.0,42,
C001899,WS0002,INDIVIDUAL,2025-08-19,Ankara,İç Anadolu,0,WHATSAPP,REFERRAL,Customer_001899,1,,SYNTHETIC,1.3.0,42,
C001900,WS0002,INDIVIDUAL,2023-09-10,Ankara,İç Anadolu,0,WHATSAPP,GOOGLE_MAPS,Customer_001900,1,,SYNTHETIC,1.3.0,42,
C001901,WS0009,INDIVIDUAL,2024-04-16,Samsun,Karadeniz,0,WHATSAPP,SOCIAL_MEDIA,Customer_001901,1,,SYNTHETIC,1.3.0,42,
C001902,WS0007,INDIVIDUAL,2021-11-07,Adana,Akdeniz,0,WHATSAPP,REFERRAL,Customer_001902,1,,SYNTHETIC,1.3.0,42,
C001903,WS0005,INDIVIDUAL,2022-06-11,Antalya,Akdeniz,0,WHATSAPP,REFERRAL,Customer_001903,1,,SYNTHETIC,1.3.0,42,
C001904,WS0002,INDIVIDUAL,2026-05-25,Ankara,İç Anadolu,0,PHONE,ORGANIC,Customer_001904,1,,SYNTHETIC,1.3.0,42,
C001905,WS0006,INDIVIDUAL,2022-01-17,Konya,İç Anadolu,0,WHATSAPP,REFERRAL,Customer_001905,1,,SYNTHETIC,1.3.0,42,
C001906,WS0001,INDIVIDUAL,2024-08-07,İstanbul,Marmara,0,WHATSAPP,WALK_IN,Customer_001906,0,2025-01-01,SYNTHETIC,1.3.0,42,
C001907,WS0003,INDIVIDUAL,2026-04-13,İzmir,Ege,0,SMS,WALK_IN,Customer_001907,0,2026-07-16,SYNTHETIC,1.3.0,42,
C001908,WS0005,INDIVIDUAL,2022-12-08,Antalya,Akdeniz,0,PHONE,ORGANIC,Customer_001908,0,2026-01-30,SYNTHETIC,1.3.0,42,
C001909,WS0008,INDIVIDUAL,2025-03-07,Gaziantep,Güneydoğu Anadolu,0,WHATSAPP,REFERRAL,Customer_001909,0,2026-01-25,SYNTHETIC,1.3.0,42,
C001910,WS0005,INDIVIDUAL,2024-02-03,Antalya,Akdeniz,0,WHATSAPP,GOOGLE_MAPS,Customer_001910,1,,SYNTHETIC,1.3.0,42,
C001911,WS0004,INDIVIDUAL,2023-08-28,Bursa,Marmara,0,PHONE,WALK_IN,Customer_001911,1,,SYNTHETIC,1.3.0,42,
C001912,WS0007,INDIVIDUAL,2023-03-26,Adana,Akdeniz,0,EMAIL,SOCIAL_MEDIA,Customer_001912,1,,SYNTHETIC,1.3.0,42,
C001913,WS0008,COMMERCIAL,2023-08-03,Gaziantep,Güneydoğu Anadolu,0,EMAIL,DIRECT_SALES,Customer_001913,1,,SYNTHETIC,1.3.0,42,
C001914,WS0009,INDIVIDUAL,2021-09-18,Samsun,Karadeniz,0,WHATSAPP,GOOGLE_MAPS,Customer_001914,1,,SYNTHETIC,1.3.0,42,
C001915,WS0001,INDIVIDUAL,2026-04-12,İstanbul,Marmara,0,WHATSAPP,REFERRAL,Customer_001915,1,,SYNTHETIC,1.3.0,42,
C001916,WS0010,INDIVIDUAL,2024-06-27,Eskişehir,İç Anadolu,0,WHATSAPP,REFERRAL,Customer_001916,1,,SYNTHETIC,1.3.0,42,
C001917,WS0004,INDIVIDUAL,2025-01-18,Bursa,Marmara,0,PHONE,WALK_IN,Customer_001917,1,,SYNTHETIC,1.3.0,42,
C001918,WS0008,INDIVIDUAL,2023-04-26,Gaziantep,Güneydoğu Anadolu,0,WHATSAPP,WALK_IN,Customer_001918,1,,SYNTHETIC,1.3.0,42,
C001919,WS0004,INDIVIDUAL,2026-06-11,Bursa,Marmara,0,PHONE,REFERRAL,Customer_001919,1,,SYNTHETIC,1.3.0,42,
C001920,WS0003,INDIVIDUAL,2023-10-09,İzmir,Ege,0,WHATSAPP,REFERRAL,Customer_001920,1,,SYNTHETIC,1.3.0,42,
C001921,WS0007,INDIVIDUAL,2023-04-26,Adana,Akdeniz,0,WHATSAPP,REFERRAL,Customer_001921,1,,SYNTHETIC,1.3.0,42,
C001922,WS0001,INDIVIDUAL,2023-05-02,İstanbul,Marmara,0,WHATSAPP,SOCIAL_MEDIA,Customer_001922,1,,SYNTHETIC,1.3.0,42,
C001923,WS0006,INDIVIDUAL,2024-08-12,Konya,İç Anadolu,0,WHATSAPP,ORGANIC,Customer_001923,1,,SYNTHETIC,1.3.0,42,
C001924,WS0002,INDIVIDUAL,2026-07-15,Ankara,İç Anadolu,0,PHONE,REFERRAL,Customer_001924,1,,SYNTHETIC,1.3.0,42,
C001925,WS0008,INDIVIDUAL,2025-12-12,Gaziantep,Güneydoğu Anadolu,0,WHATSAPP,REFERRAL,Customer_001925,1,,SYNTHETIC,1.3.0,42,
C001926,WS0001,INDIVIDUAL,2024-05-17,İstanbul,Marmara,0,PHONE,ORGANIC,Customer_001926,1,,SYNTHETIC,1.3.0,42,
C001927,WS0007,INDIVIDUAL,2026-07-24,Adana,Akdeniz,0,PHONE,GOOGLE_MAPS,Customer_001927,1,,SYNTHETIC,1.3.0,42,
C001928,WS0004,INDIVIDUAL,2025-02-28,Bursa,Marmara,0,SMS,REFERRAL,Customer_001928,1,,SYNTHETIC,1.3.0,42,
C001929,WS0007,INDIVIDUAL,2023-11-03,Adana,Akdeniz,0,PHONE,REFERRAL,Customer_001929,1,,SYNTHETIC,1.3.0,42,
C001930,WS0003,INDIVIDUAL,2021-01-01,İzmir,Ege,0,SMS,GOOGLE_MAPS,Customer_001930,1,,SYNTHETIC,1.3.0,42,
C001931,WS0003,INDIVIDUAL,2022-10-29,İzmir,Ege,0,EMAIL,ORGANIC,Customer_001931,0,2025-02-25,SYNTHETIC,1.3.0,42,
C001932,WS0005,INDIVIDUAL,2024-11-11,Antalya,Akdeniz,0,WHATSAPP,REFERRAL,Customer_001932,1,,SYNTHETIC,1.3.0,42,
C001933,WS0003,INDIVIDUAL,2026-07-06,İzmir,Ege,0,SMS,ORGANIC,Customer_001933,0,2026-08-25,SYNTHETIC,1.3.0,42,
C001934,WS0002,INDIVIDUAL,2022-05-06,Ankara,İç Anadolu,0,WHATSAPP,GOOGLE_MAPS,Customer_001934,1,,SYNTHETIC,1.3.0,42,
C001935,WS0009,INDIVIDUAL,2022-08-15,Samsun,Karadeniz,0,WHATSAPP,SOCIAL_MEDIA,Customer_001935,1,,SYNTHETIC,1.3.0,42,
C001936,WS0010,INDIVIDUAL,2021-10-06,Eskişehir,İç Anadolu,0,SMS,ORGANIC,Customer_001936,1,,SYNTHETIC,1.3.0,42,
C001937,WS0006,INDIVIDUAL,2022-10-11,Konya,İç Anadolu,0,SMS,WALK_IN,Customer_001937,1,,SYNTHETIC,1.3.0,42,
C001938,WS0008,INDIVIDUAL,2025-09-01,Gaziantep,Güneydoğu Anadolu,0,PHONE,ORGANIC,Customer_001938,1,,SYNTHETIC,1.3.0,42,
C001939,WS0010,INDIVIDUAL,2024-03-19,Eskişehir,İç Anadolu,0,WHATSAPP,ORGANIC,Customer_001939,1,,SYNTHETIC,1.3.0,42,
C001940,WS0009,COMMERCIAL,2022-07-26,Samsun,Karadeniz,0,EMAIL,DIRECT_SALES,Customer_001940,1,,SYNTHETIC,1.3.0,42,
C001941,WS0009,INDIVIDUAL,2024-03-17,Samsun,Karadeniz,0,WHATSAPP,GOOGLE_MAPS,Customer_001941,1,,SYNTHETIC,1.3.0,42,
C001942,WS0006,INDIVIDUAL,2022-04-28,Konya,İç Anadolu,0,WHATSAPP,WALK_IN,Customer_001942,1,,SYNTHETIC,1.3.0,42,
C001943,WS0010,INDIVIDUAL,2026-04-03,Eskişehir,İç Anadolu,0,WHATSAPP,SOCIAL_MEDIA,Customer_001943,1,,SYNTHETIC,1.3.0,42,
C001944,WS0009,INDIVIDUAL,2023-01-21,Samsun,Karadeniz,0,SMS,SOCIAL_MEDIA,Customer_001944,1,,SYNTHETIC,1.3.0,42,
C001945,WS0006,INDIVIDUAL,2025-03-28,Konya,İç Anadolu,0,EMAIL,SOCIAL_MEDIA,Customer_001945,1,,SYNTHETIC,1.3.0,42,
C001946,WS0006,INDIVIDUAL,2025-09-24,Konya,İç Anadolu,0,WHATSAPP,WALK_IN,Customer_001946,1,,SYNTHETIC,1.3.0,42,
C001947,WS0009,INDIVIDUAL,2021-11-04,Samsun,Karadeniz,0,WHATSAPP,ORGANIC,Customer_001947,1,,SYNTHETIC,1.3.0,42,
C001948,WS0008,INDIVIDUAL,2021-06-11,Gaziantep,Güneydoğu Anadolu,0,WHATSAPP,GOOGLE_MAPS,Customer_001948,1,,SYNTHETIC,1.3.0,42,
C001949,WS0009,INDIVIDUAL,2023-09-03,Samsun,Karadeniz,0,PHONE,REFERRAL,Customer_001949,0,2024-04-26,SYNTHETIC,1.3.0,42,
C001950,WS0008,INDIVIDUAL,2021-03-07,Gaziantep,Güneydoğu Anadolu,0,PHONE,SOCIAL_MEDIA,Customer_001950,1,,SYNTHETIC,1.3.0,42,
C001951,WS0006,INDIVIDUAL,2022-07-26,Konya,İç Anadolu,0,PHONE,WALK_IN,Customer_001951,1,,SYNTHETIC,1.3.0,42,
C001952,WS0007,INDIVIDUAL,2023-06-05,Adana,Akdeniz,0,PHONE,SOCIAL_MEDIA,Customer_001952,1,,SYNTHETIC,1.3.0,42,
C001953,WS0003,INDIVIDUAL,2026-07-14,İzmir,Ege,0,WHATSAPP,GOOGLE_MAPS,Customer_001953,1,,SYNTHETIC,1.3.0,42,
C001954,WS0005,INDIVIDUAL,2024-05-25,Antalya,Akdeniz,0,WHATSAPP,ORGANIC,Customer_001954,1,,SYNTHETIC,1.3.0,42,
C001955,WS0001,INDIVIDUAL,2026-07-16,İstanbul,Marmara,0,WHATSAPP,REFERRAL,Customer_001955,1,,SYNTHETIC,1.3.0,42,
C001956,WS0001,INDIVIDUAL,2025-06-02,İstanbul,Marmara,0,WHATSAPP,WALK_IN,Customer_001956,1,,SYNTHETIC,1.3.0,42,
C001957,WS0003,INDIVIDUAL,2022-01-24,İzmir,Ege,0,WHATSAPP,GOOGLE_MAPS,Customer_001957,1,,SYNTHETIC,1.3.0,42,
C001958,WS0005,INDIVIDUAL,2023-11-25,Antalya,Akdeniz,0,SMS,ORGANIC,Customer_001958,0,2025-08-07,SYNTHETIC,1.3.0,42,
C001959,WS0004,INDIVIDUAL,2023-11-22,Bursa,Marmara,0,PHONE,ORGANIC,Customer_001959,0,2025-12-20,SYNTHETIC,1.3.0,42,
C001960,WS0003,INDIVIDUAL,2026-01-08,İzmir,Ege,0,WHATSAPP,ORGANIC,Customer_001960,1,,SYNTHETIC,1.3.0,42,
C001961,WS0005,INDIVIDUAL,2026-01-22,Antalya,Akdeniz,0,PHONE,ORGANIC,Customer_001961,1,,SYNTHETIC,1.3.0,42,
C001962,WS0004,INDIVIDUAL,2024-05-15,Bursa,Marmara,0,SMS,REFERRAL,Customer_001962,1,,SYNTHETIC,1.3.0,42,
C001963,WS0006,INDIVIDUAL,2025-02-05,Konya,İç Anadolu,0,WHATSAPP,ORGANIC,Customer_001963,1,,SYNTHETIC,1.3.0,42,
C001964,WS0005,INDIVIDUAL,2021-06-26,Antalya,Akdeniz,0,PHONE,ORGANIC,Customer_001964,1,,SYNTHETIC,1.3.0,42,
C001965,WS0006,INDIVIDUAL,2025-11-19,Konya,İç Anadolu,0,WHATSAPP,GOOGLE_MAPS,Customer_001965,1,,SYNTHETIC,1.3.0,42,
C001966,WS0005,INDIVIDUAL,2022-01-25,Antalya,Akdeniz,0,WHATSAPP,ORGANIC,Customer_001966,1,,SYNTHETIC,1.3.0,42,
C001967,WS0003,INDIVIDUAL,2022-09-19,İzmir,Ege,0,EMAIL,ORGANIC,Customer_001967,1,,SYNTHETIC,1.3.0,42,
C001968,WS0007,COMMERCIAL,2022-04-15,Adana,Akdeniz,0,WHATSAPP,ORGANIC,Customer_001968,1,,SYNTHETIC,1.3.0,42,
C001969,WS0010,INDIVIDUAL,2024-09-17,Eskişehir,İç Anadolu,0,PHONE,REFERRAL,Customer_001969,1,,SYNTHETIC,1.3.0,42,
C001970,WS0008,INDIVIDUAL,2026-03-01,Gaziantep,Güneydoğu Anadolu,0,PHONE,REFERRAL,Customer_001970,1,,SYNTHETIC,1.3.0,42,
C001971,WS0003,INDIVIDUAL,2023-10-08,İzmir,Ege,0,PHONE,ORGANIC,Customer_001971,1,,SYNTHETIC,1.3.0,42,
C001972,WS0001,COMMERCIAL,2024-12-09,İstanbul,Marmara,0,EMAIL,REFERRAL,Customer_001972,1,,SYNTHETIC,1.3.0,42,
C001973,WS0008,INDIVIDUAL,2025-07-06,Gaziantep,Güneydoğu Anadolu,0,WHATSAPP,GOOGLE_MAPS,Customer_001973,1,,SYNTHETIC,1.3.0,42,
C001974,WS0001,COMMERCIAL,2021-12-18,İstanbul,Marmara,0,PHONE,DIRECT_SALES,Customer_001974,1,,SYNTHETIC,1.3.0,42,
C001975,WS0008,INDIVIDUAL,2021-02-17,Gaziantep,Güneydoğu Anadolu,0,PHONE,ORGANIC,Customer_001975,1,,SYNTHETIC,1.3.0,42,
C001976,WS0005,INDIVIDUAL,2022-10-08,Antalya,Akdeniz,0,WHATSAPP,ORGANIC,Customer_001976,1,,SYNTHETIC,1.3.0,42,
C001977,WS0002,INDIVIDUAL,2024-02-23,Ankara,İç Anadolu,0,PHONE,ORGANIC,Customer_001977,1,,SYNTHETIC,1.3.0,42,
C001978,WS0002,COMMERCIAL,2026-01-02,Ankara,İç Anadolu,0,PHONE,REFERRAL,Customer_001978,1,,SYNTHETIC,1.3.0,42,
C001979,WS0010,INDIVIDUAL,2026-03-01,Eskişehir,İç Anadolu,0,PHONE,GOOGLE_MAPS,Customer_001979,1,,SYNTHETIC,1.3.0,42,
C001980,WS0006,INDIVIDUAL,2022-12-29,Konya,İç Anadolu,0,WHATSAPP,ORGANIC,Customer_001980,1,,SYNTHETIC,1.3.0,42,
C001981,WS0008,INDIVIDUAL,2024-06-05,Gaziantep,Güneydoğu Anadolu,0,PHONE,SOCIAL_MEDIA,Customer_001981,1,,SYNTHETIC,1.3.0,42,
C001982,WS0010,COMMERCIAL,2023-01-01,Eskişehir,İç Anadolu,0,EMAIL,REFERRAL,Customer_001982,1,,SYNTHETIC,1.3.0,42,
C001983,WS0008,INDIVIDUAL,2023-10-25,Gaziantep,Güneydoğu Anadolu,0,SMS,WALK_IN,Customer_001983,1,,SYNTHETIC,1.3.0,42,
C001984,WS0004,INDIVIDUAL,2021-10-06,Bursa,Marmara,0,WHATSAPP,WALK_IN,Customer_001984,0,2025-12-28,SYNTHETIC,1.3.0,42,
C001985,WS0003,INDIVIDUAL,2026-02-24,İzmir,Ege,0,WHATSAPP,WALK_IN,Customer_001985,1,,SYNTHETIC,1.3.0,42,
C001986,WS0002,INDIVIDUAL,2023-03-15,Ankara,İç Anadolu,0,PHONE,ORGANIC,Customer_001986,1,,SYNTHETIC,1.3.0,42,
C001987,WS0002,INDIVIDUAL,2025-09-11,Ankara,İç Anadolu,0,WHATSAPP,GOOGLE_MAPS,Customer_001987,1,,SYNTHETIC,1.3.0,42,
C001988,WS0008,COMMERCIAL,2025-05-28,Gaziantep,Güneydoğu Anadolu,0,WHATSAPP,FLEET_PARTNERSHIP,Customer_001988,1,,SYNTHETIC,1.3.0,42,
C001989,WS0001,INDIVIDUAL,2022-09-01,İstanbul,Marmara,0,SMS,ORGANIC,Customer_001989,0,2024-07-19,SYNTHETIC,1.3.0,42,
C001990,WS0008,INDIVIDUAL,2022-05-20,Gaziantep,Güneydoğu Anadolu,0,SMS,WALK_IN,Customer_001990,1,,SYNTHETIC,1.3.0,42,
C001991,WS0002,INDIVIDUAL,2024-09-15,Ankara,İç Anadolu,0,WHATSAPP,REFERRAL,Customer_001991,1,,SYNTHETIC,1.3.0,42,
C001992,WS0003,COMMERCIAL,2022-04-03,İzmir,Ege,0,WHATSAPP,FLEET_PARTNERSHIP,Customer_001992,1,,SYNTHETIC,1.3.0,42,
C001993,WS0002,INDIVIDUAL,2026-02-04,Ankara,İç Anadolu,0,WHATSAPP,SOCIAL_MEDIA,Customer_001993,1,,SYNTHETIC,1.3.0,42,
C001994,WS0006,COMMERCIAL,2024-08-19,Konya,İç Anadolu,0,EMAIL,FLEET_PARTNERSHIP,Customer_001994,1,,SYNTHETIC,1.3.0,42,
C001995,WS0004,INDIVIDUAL,2025-09-23,Bursa,Marmara,0,WHATSAPP,GOOGLE_MAPS,Customer_001995,1,,SYNTHETIC,1.3.0,42,
C001996,WS0004,INDIVIDUAL,2022-04-15,Bursa,Marmara,0,WHATSAPP,ORGANIC,Customer_001996,1,,SYNTHETIC,1.3.0,42,
C001997,WS0007,INDIVIDUAL,2026-07-28,Adana,Akdeniz,0,WHATSAPP,REFERRAL,Customer_001997,1,,SYNTHETIC,1.3.0,42,
C001998,WS0001,INDIVIDUAL,2023-11-29,İstanbul,Marmara,0,EMAIL,GOOGLE_MAPS,Customer_001998,1,,SYNTHETIC,1.3.0,42,
C001999,WS0010,INDIVIDUAL,2022-10-09,Eskişehir,İç Anadolu,0,PHONE,SOCIAL_MEDIA,Customer_001999,1,,SYNTHETIC,1.3.0,42,
C002000,WS0007,INDIVIDUAL,2024-02-05,Adana,Akdeniz,0,PHONE,REFERRAL,Customer_002000,1,,SYNTHETIC,1.3.0,42,
C002001,WS0005,INDIVIDUAL,2025-03-25,Antalya,Akdeniz,0,EMAIL,REFERRAL,Customer_002001,1,,SYNTHETIC,1.3.0,42,
C002002,WS0003,INDIVIDUAL,2022-09-11,İzmir,Ege,0,WHATSAPP,GOOGLE_MAPS,Customer_002002,1,,SYNTHETIC,1.3.0,42,
C002003,WS0006,INDIVIDUAL,2022-11-19,Konya,İç Anadolu,0,WHATSAPP,SOCIAL_MEDIA,Customer_002003,1,,SYNTHETIC,1.3.0,42,
C002004,WS0005,INDIVIDUAL,2024-08-21,Antalya,Akdeniz,0,PHONE,REFERRAL,Customer_002004,0,2025-03-19,SYNTHETIC,1.3.0,42,
C002005,WS0005,INDIVIDUAL,2021-02-18,Antalya,Akdeniz,0,WHATSAPP,GOOGLE_MAPS,Customer_002005,1,,SYNTHETIC,1.3.0,42,
C002006,WS0005,INDIVIDUAL,2022-03-20,Antalya,Akdeniz,0,WHATSAPP,WALK_IN,Customer_002006,1,,SYNTHETIC,1.3.0,42,
C002007,WS0003,INDIVIDUAL,2024-08-31,İzmir,Ege,0,WHATSAPP,ORGANIC,Customer_002007,1,,SYNTHETIC,1.3.0,42,
C002008,WS0003,INDIVIDUAL,2022-10-13,İzmir,Ege,0,WHATSAPP,ORGANIC,Customer_002008,1,,SYNTHETIC,1.3.0,42,
C002009,WS0008,INDIVIDUAL,2022-07-28,Gaziantep,Güneydoğu Anadolu,0,PHONE,WALK_IN,Customer_002009,0,2025-12-26,SYNTHETIC,1.3.0,42,
C002010,WS0003,INDIVIDUAL,2023-06-27,İzmir,Ege,0,PHONE,SOCIAL_MEDIA,Customer_002010,1,,SYNTHETIC,1.3.0,42,
C002011,WS0007,INDIVIDUAL,2025-06-08,Adana,Akdeniz,0,SMS,SOCIAL_MEDIA,Customer_002011,1,,SYNTHETIC,1.3.0,42,
C002012,WS0001,INDIVIDUAL,2024-08-31,İstanbul,Marmara,0,SMS,WALK_IN,Customer_002012,1,,SYNTHETIC,1.3.0,42,
C002013,WS0004,INDIVIDUAL,2024-07-20,Bursa,Marmara,0,SMS,REFERRAL,Customer_002013,1,,SYNTHETIC,1.3.0,42,
C002014,WS0006,INDIVIDUAL,2024-01-21,Konya,İç Anadolu,0,WHATSAPP,REFERRAL,Customer_002014,1,,SYNTHETIC,1.3.0,42,
C002015,WS0003,INDIVIDUAL,2023-11-07,İzmir,Ege,0,SMS,GOOGLE_MAPS,Customer_002015,1,,SYNTHETIC,1.3.0,42,
C002016,WS0005,INDIVIDUAL,2023-03-31,Antalya,Akdeniz,0,WHATSAPP,ORGANIC,Customer_002016,1,,SYNTHETIC,1.3.0,42,
C002017,WS0001,INDIVIDUAL,2023-11-25,İstanbul,Marmara,0,PHONE,WALK_IN,Customer_002017,1,,SYNTHETIC,1.3.0,42,
C002018,WS0010,INDIVIDUAL,2021-04-22,Eskişehir,İç Anadolu,0,PHONE,REFERRAL,Customer_002018,1,,SYNTHETIC,1.3.0,42,
C002019,WS0006,INDIVIDUAL,2026-01-03,Konya,İç Anadolu,0,EMAIL,REFERRAL,Customer_002019,1,,SYNTHETIC,1.3.0,42,
C002020,WS0004,INDIVIDUAL,2021-09-21,Bursa,Marmara,0,EMAIL,SOCIAL_MEDIA,Customer_002020,1,,SYNTHETIC,1.3.0,42,
C002021,WS0007,INDIVIDUAL,2022-12-07,Adana,Akdeniz,0,WHATSAPP,ORGANIC,Customer_002021,1,,SYNTHETIC,1.3.0,42,
C002022,WS0003,FLEET,2024-01-07,İzmir,Ege,1,PHONE,FLEET_PARTNERSHIP,Customer_002022,1,,SYNTHETIC,1.3.0,42,
C002023,WS0009,INDIVIDUAL,2023-03-24,Samsun,Karadeniz,0,WHATSAPP,SOCIAL_MEDIA,Customer_002023,1,,SYNTHETIC,1.3.0,42,
C002024,WS0008,INDIVIDUAL,2023-01-02,Gaziantep,Güneydoğu Anadolu,0,WHATSAPP,SOCIAL_MEDIA,Customer_002024,1,,SYNTHETIC,1.3.0,42,
C002025,WS0001,INDIVIDUAL,2023-10-29,İstanbul,Marmara,0,WHATSAPP,GOOGLE_MAPS,Customer_002025,1,,SYNTHETIC,1.3.0,42,
C002026,WS0010,COMMERCIAL,2021-12-31,Eskişehir,İç Anadolu,0,WHATSAPP,REFERRAL,Customer_002026,1,,SYNTHETIC,1.3.0,42,
C002027,WS0002,INDIVIDUAL,2023-03-26,Ankara,İç Anadolu,0,PHONE,REFERRAL,Customer_002027,1,,SYNTHETIC,1.3.0,42,
C002028,WS0007,INDIVIDUAL,2024-10-17,Adana,Akdeniz,0,WHATSAPP,ORGANIC,Customer_002028,1,,SYNTHETIC,1.3.0,42,
C002029,WS0008,INDIVIDUAL,2023-12-07,Gaziantep,Güneydoğu Anadolu,0,WHATSAPP,ORGANIC,Customer_002029,1,,SYNTHETIC,1.3.0,42,
C002030,WS0008,COMMERCIAL,2024-07-11,Gaziantep,Güneydoğu Anadolu,0,EMAIL,REFERRAL,Customer_002030,1,,SYNTHETIC,1.3.0,42,
C002031,WS0006,INDIVIDUAL,2021-10-19,Konya,İç Anadolu,0,SMS,REFERRAL,Customer_002031,1,,SYNTHETIC,1.3.0,42,
C002032,WS0007,INDIVIDUAL,2026-06-23,Adana,Akdeniz,0,SMS,ORGANIC,Customer_002032,1,,SYNTHETIC,1.3.0,42,
C002033,WS0007,INDIVIDUAL,2023-10-31,Adana,Akdeniz,0,SMS,ORGANIC,Customer_002033,1,,SYNTHETIC,1.3.0,42,
C002034,WS0002,INDIVIDUAL,2023-05-17,Ankara,İç Anadolu,0,PHONE,ORGANIC,Customer_002034,1,,SYNTHETIC,1.3.0,42,
C002035,WS0006,INDIVIDUAL,2024-06-09,Konya,İç Anadolu,0,WHATSAPP,ORGANIC,Customer_002035,1,,SYNTHETIC,1.3.0,42,
C002036,WS0008,INDIVIDUAL,2024-11-02,Gaziantep,Güneydoğu Anadolu,0,PHONE,REFERRAL,Customer_002036,1,,SYNTHETIC,1.3.0,42,
C002037,WS0001,INDIVIDUAL,2022-02-04,İstanbul,Marmara,0,SMS,ORGANIC,Customer_002037,0,2025-04-08,SYNTHETIC,1.3.0,42,
C002038,WS0006,INDIVIDUAL,2025-10-22,Konya,İç Anadolu,0,WHATSAPP,SOCIAL_MEDIA,Customer_002038,1,,SYNTHETIC,1.3.0,42,
C002039,WS0004,INDIVIDUAL,2021-03-03,Bursa,Marmara,0,EMAIL,ORGANIC,Customer_002039,1,,SYNTHETIC,1.3.0,42,
C002040,WS0001,INDIVIDUAL,2021-04-17,İstanbul,Marmara,0,PHONE,ORGANIC,Customer_002040,1,,SYNTHETIC,1.3.0,42,
C002041,WS0004,COMMERCIAL,2021-12-30,Bursa,Marmara,0,WHATSAPP,REFERRAL,Customer_002041,1,,SYNTHETIC,1.3.0,42,
C002042,WS0006,INDIVIDUAL,2023-03-07,Konya,İç Anadolu,0,WHATSAPP,REFERRAL,Customer_002042,1,,SYNTHETIC,1.3.0,42,
C002043,WS0005,INDIVIDUAL,2023-05-15,Antalya,Akdeniz,0,EMAIL,GOOGLE_MAPS,Customer_002043,1,,SYNTHETIC,1.3.0,42,
C002044,WS0005,INDIVIDUAL,2026-01-26,Antalya,Akdeniz,0,WHATSAPP,REFERRAL,Customer_002044,1,,SYNTHETIC,1.3.0,42,
C002045,WS0010,INDIVIDUAL,2021-03-20,Eskişehir,İç Anadolu,0,WHATSAPP,GOOGLE_MAPS,Customer_002045,1,,SYNTHETIC,1.3.0,42,
C002046,WS0001,INDIVIDUAL,2023-06-05,İstanbul,Marmara,0,PHONE,GOOGLE_MAPS,Customer_002046,1,,SYNTHETIC,1.3.0,42,
C002047,WS0010,INDIVIDUAL,2023-03-08,Eskişehir,İç Anadolu,0,WHATSAPP,ORGANIC,Customer_002047,1,,SYNTHETIC,1.3.0,42,
C002048,WS0001,INDIVIDUAL,2023-01-12,İstanbul,Marmara,0,WHATSAPP,REFERRAL,Customer_002048,1,,SYNTHETIC,1.3.0,42,
C002049,WS0006,INDIVIDUAL,2021-06-25,Konya,İç Anadolu,0,SMS,SOCIAL_MEDIA,Customer_002049,1,,SYNTHETIC,1.3.0,42,
C002050,WS0002,INDIVIDUAL,2022-06-21,Ankara,İç Anadolu,0,PHONE,ORGANIC,Customer_002050,1,,SYNTHETIC,1.3.0,42,
C002051,WS0007,INDIVIDUAL,2026-01-26,Adana,Akdeniz,0,WHATSAPP,ORGANIC,Customer_002051,1,,SYNTHETIC,1.3.0,42,
C002052,WS0009,INDIVIDUAL,2024-05-02,Samsun,Karadeniz,0,WHATSAPP,ORGANIC,Customer_002052,1,,SYNTHETIC,1.3.0,42,
C002053,WS0001,INDIVIDUAL,2021-07-06,İstanbul,Marmara,0,WHATSAPP,GOOGLE_MAPS,Customer_002053,1,,SYNTHETIC,1.3.0,42,
C002054,WS0008,COMMERCIAL,2023-04-30,Gaziantep,Güneydoğu Anadolu,0,PHONE,ORGANIC,Customer_002054,1,,SYNTHETIC,1.3.0,42,
C002055,WS0003,INDIVIDUAL,2022-01-03,İzmir,Ege,0,WHATSAPP,ORGANIC,Customer_002055,1,,SYNTHETIC,1.3.0,42,
C002056,WS0002,INDIVIDUAL,2021-07-26,Ankara,İç Anadolu,0,SMS,SOCIAL_MEDIA,Customer_002056,1,,SYNTHETIC,1.3.0,42,
C002057,WS0004,COMMERCIAL,2024-07-10,Bursa,Marmara,0,WHATSAPP,FLEET_PARTNERSHIP,Customer_002057,1,,SYNTHETIC,1.3.0,42,
C002058,WS0002,COMMERCIAL,2024-07-19,Ankara,İç Anadolu,0,EMAIL,REFERRAL,Customer_002058,1,,SYNTHETIC,1.3.0,42,
C002059,WS0004,INDIVIDUAL,2022-04-20,Bursa,Marmara,0,WHATSAPP,ORGANIC,Customer_002059,1,,SYNTHETIC,1.3.0,42,
C002060,WS0001,INDIVIDUAL,2021-12-04,İstanbul,Marmara,0,WHATSAPP,ORGANIC,Customer_002060,1,,SYNTHETIC,1.3.0,42,
C002061,WS0009,INDIVIDUAL,2024-03-12,Samsun,Karadeniz,0,PHONE,GOOGLE_MAPS,Customer_002061,1,,SYNTHETIC,1.3.0,42,
C002062,WS0006,INDIVIDUAL,2023-12-31,Konya,İç Anadolu,0,WHATSAPP,GOOGLE_MAPS,Customer_002062,1,,SYNTHETIC,1.3.0,42,
C002063,WS0001,INDIVIDUAL,2025-01-30,İstanbul,Marmara,0,SMS,ORGANIC,Customer_002063,1,,SYNTHETIC,1.3.0,42,
C002064,WS0005,INDIVIDUAL,2023-06-08,Antalya,Akdeniz,0,WHATSAPP,GOOGLE_MAPS,Customer_002064,1,,SYNTHETIC,1.3.0,42,
C002065,WS0004,INDIVIDUAL,2026-06-10,Bursa,Marmara,0,WHATSAPP,ORGANIC,Customer_002065,1,,SYNTHETIC,1.3.0,42,
C002066,WS0002,INDIVIDUAL,2023-12-01,Ankara,İç Anadolu,0,PHONE,WALK_IN,Customer_002066,1,,SYNTHETIC,1.3.0,42,
C002067,WS0003,COMMERCIAL,2024-07-21,İzmir,Ege,0,PHONE,FLEET_PARTNERSHIP,Customer_002067,1,,SYNTHETIC,1.3.0,42,
C002068,WS0004,INDIVIDUAL,2023-05-05,Bursa,Marmara,0,WHATSAPP,SOCIAL_MEDIA,Customer_002068,1,,SYNTHETIC,1.3.0,42,
C002069,WS0008,INDIVIDUAL,2023-05-26,Gaziantep,Güneydoğu Anadolu,0,PHONE,WALK_IN,Customer_002069,1,,SYNTHETIC,1.3.0,42,
C002070,WS0007,INDIVIDUAL,2024-02-04,Adana,Akdeniz,0,WHATSAPP,WALK_IN,Customer_002070,1,,SYNTHETIC,1.3.0,42,
C002071,WS0002,INDIVIDUAL,2022-08-25,Ankara,İç Anadolu,0,EMAIL,GOOGLE_MAPS,Customer_002071,1,,SYNTHETIC,1.3.0,42,
C002072,WS0009,INDIVIDUAL,2022-12-09,Samsun,Karadeniz,0,PHONE,REFERRAL,Customer_002072,1,,SYNTHETIC,1.3.0,42,
C002073,WS0006,COMMERCIAL,2022-09-01,Konya,İç Anadolu,0,EMAIL,DIRECT_SALES,Customer_002073,1,,SYNTHETIC,1.3.0,42,
C002074,WS0003,INDIVIDUAL,2024-10-04,İzmir,Ege,0,EMAIL,ORGANIC,Customer_002074,1,,SYNTHETIC,1.3.0,42,
C002075,WS0007,INDIVIDUAL,2024-04-19,Adana,Akdeniz,0,SMS,SOCIAL_MEDIA,Customer_002075,1,,SYNTHETIC,1.3.0,42,
C002076,WS0009,INDIVIDUAL,2021-06-26,Samsun,Karadeniz,0,SMS,SOCIAL_MEDIA,Customer_002076,1,,SYNTHETIC,1.3.0,42,
C002077,WS0007,INDIVIDUAL,2025-11-28,Adana,Akdeniz,0,SMS,WALK_IN,Customer_002077,1,,SYNTHETIC,1.3.0,42,
C002078,WS0010,INDIVIDUAL,2023-10-12,Eskişehir,İç Anadolu,0,PHONE,SOCIAL_MEDIA,Customer_002078,0,2024-04-25,SYNTHETIC,1.3.0,42,
C002079,WS0010,COMMERCIAL,2025-09-04,Eskişehir,İç Anadolu,0,EMAIL,DIRECT_SALES,Customer_002079,1,,SYNTHETIC,1.3.0,42,
C002080,WS0005,INDIVIDUAL,2021-01-13,Antalya,Akdeniz,0,PHONE,ORGANIC,Customer_002080,1,,SYNTHETIC,1.3.0,42,
C002081,WS0003,COMMERCIAL,2022-01-04,İzmir,Ege,0,PHONE,FLEET_PARTNERSHIP,Customer_002081,1,,SYNTHETIC,1.3.0,42,
C002082,WS0004,INDIVIDUAL,2022-12-09,Bursa,Marmara,0,WHATSAPP,ORGANIC,Customer_002082,1,,SYNTHETIC,1.3.0,42,
C002083,WS0007,INDIVIDUAL,2021-07-12,Adana,Akdeniz,0,SMS,REFERRAL,Customer_002083,1,,SYNTHETIC,1.3.0,42,
C002084,WS0009,INDIVIDUAL,2022-05-29,Samsun,Karadeniz,0,WHATSAPP,REFERRAL,Customer_002084,1,,SYNTHETIC,1.3.0,42,
C002085,WS0007,INDIVIDUAL,2025-05-27,Adana,Akdeniz,0,PHONE,SOCIAL_MEDIA,Customer_002085,1,,SYNTHETIC,1.3.0,42,
C002086,WS0001,INDIVIDUAL,2021-11-03,İstanbul,Marmara,0,WHATSAPP,GOOGLE_MAPS,Customer_002086,1,,SYNTHETIC,1.3.0,42,
C002087,WS0002,INDIVIDUAL,2022-05-21,Ankara,İç Anadolu,0,PHONE,ORGANIC,Customer_002087,1,,SYNTHETIC,1.3.0,42,
C002088,WS0009,INDIVIDUAL,2022-07-23,Samsun,Karadeniz,0,SMS,ORGANIC,Customer_002088,1,,SYNTHETIC,1.3.0,42,
C002089,WS0005,INDIVIDUAL,2022-04-23,Antalya,Akdeniz,0,SMS,ORGANIC,Customer_002089,1,,SYNTHETIC,1.3.0,42,
C002090,WS0008,INDIVIDUAL,2021-04-11,Gaziantep,Güneydoğu Anadolu,0,WHATSAPP,SOCIAL_MEDIA,Customer_002090,1,,SYNTHETIC,1.3.0,42,
C002091,WS0001,INDIVIDUAL,2024-02-21,İstanbul,Marmara,0,WHATSAPP,GOOGLE_MAPS,Customer_002091,1,,SYNTHETIC,1.3.0,42,
C002092,WS0001,INDIVIDUAL,2025-09-11,İstanbul,Marmara,0,WHATSAPP,ORGANIC,Customer_002092,1,,SYNTHETIC,1.3.0,42,
C002093,WS0001,INDIVIDUAL,2023-11-28,İstanbul,Marmara,0,WHATSAPP,ORGANIC,Customer_002093,1,,SYNTHETIC,1.3.0,42,
C002094,WS0007,INDIVIDUAL,2024-08-23,Adana,Akdeniz,0,WHATSAPP,ORGANIC,Customer_002094,1,,SYNTHETIC,1.3.0,42,
C002095,WS0001,INDIVIDUAL,2022-08-19,İstanbul,Marmara,0,WHATSAPP,WALK_IN,Customer_002095,1,,SYNTHETIC,1.3.0,42,
C002096,WS0001,INDIVIDUAL,2022-11-26,İstanbul,Marmara,0,WHATSAPP,REFERRAL,Customer_002096,1,,SYNTHETIC,1.3.0,42,
C002097,WS0004,INDIVIDUAL,2024-09-09,Bursa,Marmara,0,WHATSAPP,GOOGLE_MAPS,Customer_002097,0,2026-04-10,SYNTHETIC,1.3.0,42,
C002098,WS0007,INDIVIDUAL,2026-04-24,Adana,Akdeniz,0,WHATSAPP,GOOGLE_MAPS,Customer_002098,1,,SYNTHETIC,1.3.0,42,
C002099,WS0004,INDIVIDUAL,2022-12-26,Bursa,Marmara,0,WHATSAPP,REFERRAL,Customer_002099,1,,SYNTHETIC,1.3.0,42,
C002100,WS0007,INDIVIDUAL,2024-09-09,Adana,Akdeniz,0,PHONE,SOCIAL_MEDIA,Customer_002100,1,,SYNTHETIC,1.3.0,42,
C002101,WS0008,INDIVIDUAL,2023-05-05,Gaziantep,Güneydoğu Anadolu,0,SMS,ORGANIC,Customer_002101,1,,SYNTHETIC,1.3.0,42,
C002102,WS0002,INDIVIDUAL,2026-04-22,Ankara,İç Anadolu,0,WHATSAPP,ORGANIC,Customer_002102,1,,SYNTHETIC,1.3.0,42,
C002103,WS0010,INDIVIDUAL,2023-01-17,Eskişehir,İç Anadolu,0,EMAIL,REFERRAL,Customer_002103,1,,SYNTHETIC,1.3.0,42,
C002104,WS0007,COMMERCIAL,2022-07-17,Adana,Akdeniz,0,WHATSAPP,REFERRAL,Customer_002104,1,,SYNTHETIC,1.3.0,42,
C002105,WS0007,INDIVIDUAL,2021-04-14,Adana,Akdeniz,0,PHONE,WALK_IN,Customer_002105,1,,SYNTHETIC,1.3.0,42,
C002106,WS0004,COMMERCIAL,2026-02-20,Bursa,Marmara,0,WHATSAPP,DIRECT_SALES,Customer_002106,1,,SYNTHETIC,1.3.0,42,
C002107,WS0007,INDIVIDUAL,2022-04-01,Adana,Akdeniz,0,SMS,REFERRAL,Customer_002107,1,,SYNTHETIC,1.3.0,42,
C002108,WS0002,INDIVIDUAL,2021-08-13,Ankara,İç Anadolu,0,WHATSAPP,WALK_IN,Customer_002108,1,,SYNTHETIC,1.3.0,42,
C002109,WS0007,INDIVIDUAL,2023-11-22,Adana,Akdeniz,0,WHATSAPP,REFERRAL,Customer_002109,1,,SYNTHETIC,1.3.0,42,
C002110,WS0005,INDIVIDUAL,2023-06-23,Antalya,Akdeniz,0,SMS,ORGANIC,Customer_002110,1,,SYNTHETIC,1.3.0,42,
C002111,WS0003,INDIVIDUAL,2021-11-13,İzmir,Ege,0,PHONE,SOCIAL_MEDIA,Customer_002111,0,2023-12-22,SYNTHETIC,1.3.0,42,
C002112,WS0001,INDIVIDUAL,2023-04-02,İstanbul,Marmara,0,WHATSAPP,REFERRAL,Customer_002112,1,,SYNTHETIC,1.3.0,42,
C002113,WS0010,INDIVIDUAL,2024-02-13,Eskişehir,İç Anadolu,0,WHATSAPP,REFERRAL,Customer_002113,1,,SYNTHETIC,1.3.0,42,
C002114,WS0006,COMMERCIAL,2022-01-30,Konya,İç Anadolu,0,EMAIL,DIRECT_SALES,Customer_002114,1,,SYNTHETIC,1.3.0,42,
C002115,WS0008,INDIVIDUAL,2022-10-27,Gaziantep,Güneydoğu Anadolu,0,WHATSAPP,WALK_IN,Customer_002115,1,,SYNTHETIC,1.3.0,42,
C002116,WS0008,INDIVIDUAL,2023-11-11,Gaziantep,Güneydoğu Anadolu,0,WHATSAPP,ORGANIC,Customer_002116,1,,SYNTHETIC,1.3.0,42,
C002117,WS0005,INDIVIDUAL,2023-01-15,Antalya,Akdeniz,0,WHATSAPP,ORGANIC,Customer_002117,1,,SYNTHETIC,1.3.0,42,
C002118,WS0001,INDIVIDUAL,2023-06-02,İstanbul,Marmara,0,PHONE,REFERRAL,Customer_002118,0,2026-03-10,SYNTHETIC,1.3.0,42,
C002119,WS0005,INDIVIDUAL,2023-06-30,Antalya,Akdeniz,0,WHATSAPP,ORGANIC,Customer_002119,1,,SYNTHETIC,1.3.0,42,
C002120,WS0002,INDIVIDUAL,2025-09-08,Ankara,İç Anadolu,0,WHATSAPP,GOOGLE_MAPS,Customer_002120,1,,SYNTHETIC,1.3.0,42,
C002121,WS0006,INDIVIDUAL,2021-11-14,Konya,İç Anadolu,0,WHATSAPP,ORGANIC,Customer_002121,0,2024-03-19,SYNTHETIC,1.3.0,42,
C002122,WS0006,INDIVIDUAL,2024-10-21,Konya,İç Anadolu,0,PHONE,SOCIAL_MEDIA,Customer_002122,1,,SYNTHETIC,1.3.0,42,
C002123,WS0005,INDIVIDUAL,2025-04-30,Antalya,Akdeniz,0,WHATSAPP,WALK_IN,Customer_002123,1,,SYNTHETIC,1.3.0,42,
C002124,WS0006,INDIVIDUAL,2023-08-26,Konya,İç Anadolu,0,PHONE,SOCIAL_MEDIA,Customer_002124,1,,SYNTHETIC,1.3.0,42,
C002125,WS0010,INDIVIDUAL,2023-09-28,Eskişehir,İç Anadolu,0,WHATSAPP,REFERRAL,Customer_002125,1,,SYNTHETIC,1.3.0,42,
C002126,WS0009,INDIVIDUAL,2022-11-25,Samsun,Karadeniz,0,SMS,WALK_IN,Customer_002126,1,,SYNTHETIC,1.3.0,42,
C002127,WS0005,INDIVIDUAL,2022-03-13,Antalya,Akdeniz,0,WHATSAPP,ORGANIC,Customer_002127,1,,SYNTHETIC,1.3.0,42,
C002128,WS0004,INDIVIDUAL,2026-01-20,Bursa,Marmara,0,SMS,REFERRAL,Customer_002128,1,,SYNTHETIC,1.3.0,42,
C002129,WS0006,INDIVIDUAL,2022-12-16,Konya,İç Anadolu,0,WHATSAPP,ORGANIC,Customer_002129,1,,SYNTHETIC,1.3.0,42,
C002130,WS0006,INDIVIDUAL,2024-02-27,Konya,İç Anadolu,0,PHONE,REFERRAL,Customer_002130,0,2026-04-06,SYNTHETIC,1.3.0,42,
C002131,WS0003,INDIVIDUAL,2022-04-19,İzmir,Ege,0,WHATSAPP,GOOGLE_MAPS,Customer_002131,1,,SYNTHETIC,1.3.0,42,
C002132,WS0004,INDIVIDUAL,2025-02-22,Bursa,Marmara,0,SMS,WALK_IN,Customer_002132,1,,SYNTHETIC,1.3.0,42,
C002133,WS0003,INDIVIDUAL,2021-04-05,İzmir,Ege,0,WHATSAPP,REFERRAL,Customer_002133,1,,SYNTHETIC,1.3.0,42,
C002134,WS0009,INDIVIDUAL,2024-09-14,Samsun,Karadeniz,0,EMAIL,REFERRAL,Customer_002134,1,,SYNTHETIC,1.3.0,42,
C002135,WS0008,INDIVIDUAL,2023-12-24,Gaziantep,Güneydoğu Anadolu,0,WHATSAPP,SOCIAL_MEDIA,Customer_002135,1,,SYNTHETIC,1.3.0,42,
C002136,WS0003,INDIVIDUAL,2023-12-30,İzmir,Ege,0,EMAIL,REFERRAL,Customer_002136,1,,SYNTHETIC,1.3.0,42,
C002137,WS0003,INDIVIDUAL,2024-08-17,İzmir,Ege,0,EMAIL,ORGANIC,Customer_002137,1,,SYNTHETIC,1.3.0,42,
C002138,WS0010,COMMERCIAL,2022-11-14,Eskişehir,İç Anadolu,0,EMAIL,ORGANIC,Customer_002138,1,,SYNTHETIC,1.3.0,42,
C002139,WS0008,INDIVIDUAL,2021-11-27,Gaziantep,Güneydoğu Anadolu,0,WHATSAPP,ORGANIC,Customer_002139,1,,SYNTHETIC,1.3.0,42,
C002140,WS0004,INDIVIDUAL,2025-06-20,Bursa,Marmara,0,EMAIL,GOOGLE_MAPS,Customer_002140,1,,SYNTHETIC,1.3.0,42,
C002141,WS0004,INDIVIDUAL,2024-03-11,Bursa,Marmara,0,PHONE,WALK_IN,Customer_002141,1,,SYNTHETIC,1.3.0,42,
C002142,WS0004,INDIVIDUAL,2023-06-09,Bursa,Marmara,0,PHONE,GOOGLE_MAPS,Customer_002142,1,,SYNTHETIC,1.3.0,42,
C002143,WS0005,INDIVIDUAL,2023-01-08,Antalya,Akdeniz,0,WHATSAPP,ORGANIC,Customer_002143,1,,SYNTHETIC,1.3.0,42,
C002144,WS0004,INDIVIDUAL,2024-05-11,Bursa,Marmara,0,WHATSAPP,REFERRAL,Customer_002144,1,,SYNTHETIC,1.3.0,42,
C002145,WS0004,INDIVIDUAL,2022-09-17,Bursa,Marmara,0,SMS,ORGANIC,Customer_002145,1,,SYNTHETIC,1.3.0,42,
C002146,WS0003,INDIVIDUAL,2021-04-02,İzmir,Ege,0,WHATSAPP,WALK_IN,Customer_002146,1,,SYNTHETIC,1.3.0,42,
C002147,WS0002,INDIVIDUAL,2021-04-10,Ankara,İç Anadolu,0,SMS,SOCIAL_MEDIA,Customer_002147,1,,SYNTHETIC,1.3.0,42,
C002148,WS0001,INDIVIDUAL,2024-07-07,İstanbul,Marmara,0,WHATSAPP,SOCIAL_MEDIA,Customer_002148,0,2025-12-12,SYNTHETIC,1.3.0,42,
C002149,WS0004,INDIVIDUAL,2024-10-24,Bursa,Marmara,0,WHATSAPP,ORGANIC,Customer_002149,1,,SYNTHETIC,1.3.0,42,
C002150,WS0004,INDIVIDUAL,2024-09-11,Bursa,Marmara,0,WHATSAPP,REFERRAL,Customer_002150,0,2026-01-25,SYNTHETIC,1.3.0,42,
C002151,WS0003,INDIVIDUAL,2022-02-26,İzmir,Ege,0,WHATSAPP,ORGANIC,Customer_002151,1,,SYNTHETIC,1.3.0,42,
C002152,WS0009,INDIVIDUAL,2026-01-03,Samsun,Karadeniz,0,WHATSAPP,SOCIAL_MEDIA,Customer_002152,1,,SYNTHETIC,1.3.0,42,
C002153,WS0007,INDIVIDUAL,2023-08-05,Adana,Akdeniz,0,SMS,REFERRAL,Customer_002153,0,2024-09-21,SYNTHETIC,1.3.0,42,
C002154,WS0003,INDIVIDUAL,2021-10-29,İzmir,Ege,0,PHONE,GOOGLE_MAPS,Customer_002154,1,,SYNTHETIC,1.3.0,42,
C002155,WS0008,INDIVIDUAL,2022-12-07,Gaziantep,Güneydoğu Anadolu,0,WHATSAPP,GOOGLE_MAPS,Customer_002155,1,,SYNTHETIC,1.3.0,42,
C002156,WS0002,INDIVIDUAL,2024-08-26,Ankara,İç Anadolu,0,WHATSAPP,WALK_IN,Customer_002156,1,,SYNTHETIC,1.3.0,42,
C002157,WS0003,INDIVIDUAL,2024-12-09,İzmir,Ege,0,WHATSAPP,ORGANIC,Customer_002157,1,,SYNTHETIC,1.3.0,42,
C002158,WS0006,INDIVIDUAL,2024-11-24,Konya,İç Anadolu,0,PHONE,GOOGLE_MAPS,Customer_002158,0,2025-10-28,SYNTHETIC,1.3.0,42,
C002159,WS0004,INDIVIDUAL,2026-06-12,Bursa,Marmara,0,WHATSAPP,SOCIAL_MEDIA,Customer_002159,1,,SYNTHETIC,1.3.0,42,
C002160,WS0010,INDIVIDUAL,2023-03-24,Eskişehir,İç Anadolu,0,PHONE,ORGANIC,Customer_002160,1,,SYNTHETIC,1.3.0,42,
C002161,WS0009,INDIVIDUAL,2024-12-05,Samsun,Karadeniz,0,WHATSAPP,SOCIAL_MEDIA,Customer_002161,1,,SYNTHETIC,1.3.0,42,
C002162,WS0010,INDIVIDUAL,2023-11-09,Eskişehir,İç Anadolu,0,WHATSAPP,ORGANIC,Customer_002162,1,,SYNTHETIC,1.3.0,42,
C002163,WS0009,INDIVIDUAL,2021-11-24,Samsun,Karadeniz,0,SMS,ORGANIC,Customer_002163,1,,SYNTHETIC,1.3.0,42,
C002164,WS0001,INDIVIDUAL,2024-10-15,İstanbul,Marmara,0,WHATSAPP,REFERRAL,Customer_002164,1,,SYNTHETIC,1.3.0,42,
C002165,WS0003,INDIVIDUAL,2025-12-30,İzmir,Ege,0,WHATSAPP,GOOGLE_MAPS,Customer_002165,1,,SYNTHETIC,1.3.0,42,
C002166,WS0002,INDIVIDUAL,2026-01-08,Ankara,İç Anadolu,0,WHATSAPP,WALK_IN,Customer_002166,1,,SYNTHETIC,1.3.0,42,
C002167,WS0010,INDIVIDUAL,2021-10-26,Eskişehir,İç Anadolu,0,PHONE,GOOGLE_MAPS,Customer_002167,1,,SYNTHETIC,1.3.0,42,
C002168,WS0006,FLEET,2025-12-22,Konya,İç Anadolu,1,WHATSAPP,ORGANIC,Customer_002168,1,,SYNTHETIC,1.3.0,42,
C002169,WS0001,INDIVIDUAL,2021-08-03,İstanbul,Marmara,0,WHATSAPP,SOCIAL_MEDIA,Customer_002169,1,,SYNTHETIC,1.3.0,42,
C002170,WS0007,INDIVIDUAL,2023-06-13,Adana,Akdeniz,0,WHATSAPP,REFERRAL,Customer_002170,1,,SYNTHETIC,1.3.0,42,
C002171,WS0003,INDIVIDUAL,2025-12-29,İzmir,Ege,0,PHONE,SOCIAL_MEDIA,Customer_002171,1,,SYNTHETIC,1.3.0,42,
C002172,WS0008,INDIVIDUAL,2022-11-17,Gaziantep,Güneydoğu Anadolu,0,SMS,REFERRAL,Customer_002172,1,,SYNTHETIC,1.3.0,42,
C002173,WS0010,INDIVIDUAL,2022-04-29,Eskişehir,İç Anadolu,0,PHONE,WALK_IN,Customer_002173,1,,SYNTHETIC,1.3.0,42,
C002174,WS0004,INDIVIDUAL,2021-02-03,Bursa,Marmara,0,PHONE,ORGANIC,Customer_002174,1,,SYNTHETIC,1.3.0,42,
C002175,WS0008,INDIVIDUAL,2022-05-12,Gaziantep,Güneydoğu Anadolu,0,PHONE,WALK_IN,Customer_002175,1,,SYNTHETIC,1.3.0,42,
C002176,WS0001,INDIVIDUAL,2023-10-28,İstanbul,Marmara,0,WHATSAPP,REFERRAL,Customer_002176,1,,SYNTHETIC,1.3.0,42,
C002177,WS0007,INDIVIDUAL,2022-01-04,Adana,Akdeniz,0,WHATSAPP,GOOGLE_MAPS,Customer_002177,1,,SYNTHETIC,1.3.0,42,
C002178,WS0006,INDIVIDUAL,2022-12-01,Konya,İç Anadolu,0,EMAIL,ORGANIC,Customer_002178,1,,SYNTHETIC,1.3.0,42,
C002179,WS0008,INDIVIDUAL,2022-11-17,Gaziantep,Güneydoğu Anadolu,0,EMAIL,REFERRAL,Customer_002179,1,,SYNTHETIC,1.3.0,42,
C002180,WS0001,INDIVIDUAL,2021-07-20,İstanbul,Marmara,0,WHATSAPP,REFERRAL,Customer_002180,1,,SYNTHETIC,1.3.0,42,
C002181,WS0008,INDIVIDUAL,2021-06-28,Gaziantep,Güneydoğu Anadolu,0,EMAIL,WALK_IN,Customer_002181,1,,SYNTHETIC,1.3.0,42,
C002182,WS0003,COMMERCIAL,2026-05-02,İzmir,Ege,0,EMAIL,DIRECT_SALES,Customer_002182,0,2026-07-31,SYNTHETIC,1.3.0,42,
C002183,WS0006,INDIVIDUAL,2022-11-19,Konya,İç Anadolu,0,SMS,ORGANIC,Customer_002183,1,,SYNTHETIC,1.3.0,42,
C002184,WS0007,INDIVIDUAL,2023-11-26,Adana,Akdeniz,0,WHATSAPP,WALK_IN,Customer_002184,1,,SYNTHETIC,1.3.0,42,
C002185,WS0009,INDIVIDUAL,2022-07-24,Samsun,Karadeniz,0,WHATSAPP,ORGANIC,Customer_002185,1,,SYNTHETIC,1.3.0,42,
C002186,WS0007,INDIVIDUAL,2024-09-18,Adana,Akdeniz,0,PHONE,SOCIAL_MEDIA,Customer_002186,1,,SYNTHETIC,1.3.0,42,
C002187,WS0009,INDIVIDUAL,2024-11-01,Samsun,Karadeniz,0,SMS,GOOGLE_MAPS,Customer_002187,1,,SYNTHETIC,1.3.0,42,
C002188,WS0003,INDIVIDUAL,2024-01-03,İzmir,Ege,0,SMS,WALK_IN,Customer_002188,1,,SYNTHETIC,1.3.0,42,
C002189,WS0002,INDIVIDUAL,2023-01-28,Ankara,İç Anadolu,0,WHATSAPP,REFERRAL,Customer_002189,1,,SYNTHETIC,1.3.0,42,
C002190,WS0010,INDIVIDUAL,2022-08-20,Eskişehir,İç Anadolu,0,PHONE,ORGANIC,Customer_002190,1,,SYNTHETIC,1.3.0,42,
C002191,WS0009,INDIVIDUAL,2024-05-11,Samsun,Karadeniz,0,EMAIL,ORGANIC,Customer_002191,1,,SYNTHETIC,1.3.0,42,
C002192,WS0005,INDIVIDUAL,2025-04-20,Antalya,Akdeniz,0,WHATSAPP,REFERRAL,Customer_002192,1,,SYNTHETIC,1.3.0,42,
C002193,WS0005,INDIVIDUAL,2024-06-23,Antalya,Akdeniz,0,PHONE,SOCIAL_MEDIA,Customer_002193,1,,SYNTHETIC,1.3.0,42,
C002194,WS0005,INDIVIDUAL,2021-06-15,Antalya,Akdeniz,0,WHATSAPP,REFERRAL,Customer_002194,1,,SYNTHETIC,1.3.0,42,
C002195,WS0008,INDIVIDUAL,2022-03-30,Gaziantep,Güneydoğu Anadolu,0,PHONE,REFERRAL,Customer_002195,0,2023-09-25,SYNTHETIC,1.3.0,42,
C002196,WS0005,INDIVIDUAL,2021-06-03,Antalya,Akdeniz,0,SMS,WALK_IN,Customer_002196,1,,SYNTHETIC,1.3.0,42,
C002197,WS0003,INDIVIDUAL,2021-10-08,İzmir,Ege,0,WHATSAPP,ORGANIC,Customer_002197,1,,SYNTHETIC,1.3.0,42,
C002198,WS0008,INDIVIDUAL,2022-09-27,Gaziantep,Güneydoğu Anadolu,0,SMS,REFERRAL,Customer_002198,1,,SYNTHETIC,1.3.0,42,
C002199,WS0006,INDIVIDUAL,2023-10-11,Konya,İç Anadolu,0,SMS,REFERRAL,Customer_002199,1,,SYNTHETIC,1.3.0,42,
C002200,WS0001,INDIVIDUAL,2023-08-17,İstanbul,Marmara,0,WHATSAPP,ORGANIC,Customer_002200,1,,SYNTHETIC,1.3.0,42,
C002201,WS0003,INDIVIDUAL,2026-04-08,İzmir,Ege,0,WHATSAPP,ORGANIC,Customer_002201,1,,SYNTHETIC,1.3.0,42,
C002202,WS0005,INDIVIDUAL,2023-07-28,Antalya,Akdeniz,0,WHATSAPP,SOCIAL_MEDIA,Customer_002202,1,,SYNTHETIC,1.3.0,42,
C002203,WS0007,INDIVIDUAL,2025-08-08,Adana,Akdeniz,0,EMAIL,ORGANIC,Customer_002203,1,,SYNTHETIC,1.3.0,42,
C002204,WS0004,COMMERCIAL,2024-07-17,Bursa,Marmara,0,PHONE,FLEET_PARTNERSHIP,Customer_002204,1,,SYNTHETIC,1.3.0,42,
C002205,WS0001,INDIVIDUAL,2022-03-31,İstanbul,Marmara,0,WHATSAPP,REFERRAL,Customer_002205,1,,SYNTHETIC,1.3.0,42,
C002206,WS0007,INDIVIDUAL,2023-04-09,Adana,Akdeniz,0,SMS,GOOGLE_MAPS,Customer_002206,1,,SYNTHETIC,1.3.0,42,
C002207,WS0006,INDIVIDUAL,2025-01-22,Konya,İç Anadolu,0,WHATSAPP,GOOGLE_MAPS,Customer_002207,1,,SYNTHETIC,1.3.0,42,
C002208,WS0001,INDIVIDUAL,2021-10-16,İstanbul,Marmara,0,SMS,SOCIAL_MEDIA,Customer_002208,0,2025-02-20,SYNTHETIC,1.3.0,42,
C002209,WS0001,INDIVIDUAL,2022-05-25,İstanbul,Marmara,0,WHATSAPP,WALK_IN,Customer_002209,1,,SYNTHETIC,1.3.0,42,
C002210,WS0003,INDIVIDUAL,2025-03-22,İzmir,Ege,0,WHATSAPP,REFERRAL,Customer_002210,0,2025-09-22,SYNTHETIC,1.3.0,42,
C002211,WS0004,INDIVIDUAL,2023-05-10,Bursa,Marmara,0,WHATSAPP,WALK_IN,Customer_002211,1,,SYNTHETIC,1.3.0,42,
C002212,WS0008,INDIVIDUAL,2025-10-19,Gaziantep,Güneydoğu Anadolu,0,PHONE,ORGANIC,Customer_002212,1,,SYNTHETIC,1.3.0,42,
C002213,WS0002,INDIVIDUAL,2021-04-10,Ankara,İç Anadolu,0,SMS,REFERRAL,Customer_002213,0,2021-10-29,SYNTHETIC,1.3.0,42,
C002214,WS0003,COMMERCIAL,2025-08-30,İzmir,Ege,0,WHATSAPP,REFERRAL,Customer_002214,1,,SYNTHETIC,1.3.0,42,
C002215,WS0009,INDIVIDUAL,2025-05-23,Samsun,Karadeniz,0,WHATSAPP,ORGANIC,Customer_002215,1,,SYNTHETIC,1.3.0,42,
C002216,WS0009,COMMERCIAL,2023-08-21,Samsun,Karadeniz,0,EMAIL,FLEET_PARTNERSHIP,Customer_002216,1,,SYNTHETIC,1.3.0,42,
C002217,WS0009,INDIVIDUAL,2021-05-15,Samsun,Karadeniz,0,WHATSAPP,ORGANIC,Customer_002217,1,,SYNTHETIC,1.3.0,42,
C002218,WS0005,INDIVIDUAL,2026-05-20,Antalya,Akdeniz,0,WHATSAPP,REFERRAL,Customer_002218,1,,SYNTHETIC,1.3.0,42,
C002219,WS0002,INDIVIDUAL,2024-02-08,Ankara,İç Anadolu,0,WHATSAPP,REFERRAL,Customer_002219,1,,SYNTHETIC,1.3.0,42,
C002220,WS0006,INDIVIDUAL,2024-12-01,Konya,İç Anadolu,0,PHONE,ORGANIC,Customer_002220,1,,SYNTHETIC,1.3.0,42,
C002221,WS0009,INDIVIDUAL,2023-02-02,Samsun,Karadeniz,0,PHONE,GOOGLE_MAPS,Customer_002221,1,,SYNTHETIC,1.3.0,42,
C002222,WS0005,INDIVIDUAL,2024-05-25,Antalya,Akdeniz,0,WHATSAPP,WALK_IN,Customer_002222,1,,SYNTHETIC,1.3.0,42,
C002223,WS0002,INDIVIDUAL,2022-07-11,Ankara,İç Anadolu,0,SMS,ORGANIC,Customer_002223,1,,SYNTHETIC,1.3.0,42,
C002224,WS0001,INDIVIDUAL,2022-01-14,İstanbul,Marmara,0,PHONE,WALK_IN,Customer_002224,1,,SYNTHETIC,1.3.0,42,
C002225,WS0008,INDIVIDUAL,2026-03-03,Gaziantep,Güneydoğu Anadolu,0,EMAIL,GOOGLE_MAPS,Customer_002225,0,2026-06-17,SYNTHETIC,1.3.0,42,
C002226,WS0003,INDIVIDUAL,2024-06-25,İzmir,Ege,0,WHATSAPP,WALK_IN,Customer_002226,1,,SYNTHETIC,1.3.0,42,
C002227,WS0006,INDIVIDUAL,2021-08-31,Konya,İç Anadolu,0,PHONE,SOCIAL_MEDIA,Customer_002227,1,,SYNTHETIC,1.3.0,42,
C002228,WS0010,INDIVIDUAL,2022-06-21,Eskişehir,İç Anadolu,0,WHATSAPP,WALK_IN,Customer_002228,1,,SYNTHETIC,1.3.0,42,
C002229,WS0001,INDIVIDUAL,2025-12-29,İstanbul,Marmara,0,WHATSAPP,SOCIAL_MEDIA,Customer_002229,1,,SYNTHETIC,1.3.0,42,
C002230,WS0003,INDIVIDUAL,2024-08-18,İzmir,Ege,0,PHONE,GOOGLE_MAPS,Customer_002230,1,,SYNTHETIC,1.3.0,42,
C002231,WS0004,INDIVIDUAL,2022-05-20,Bursa,Marmara,0,PHONE,WALK_IN,Customer_002231,1,,SYNTHETIC,1.3.0,42,
C002232,WS0006,INDIVIDUAL,2022-01-17,Konya,İç Anadolu,0,EMAIL,REFERRAL,Customer_002232,1,,SYNTHETIC,1.3.0,42,
C002233,WS0005,INDIVIDUAL,2025-01-17,Antalya,Akdeniz,0,WHATSAPP,SOCIAL_MEDIA,Customer_002233,1,,SYNTHETIC,1.3.0,42,
C002234,WS0008,INDIVIDUAL,2024-11-19,Gaziantep,Güneydoğu Anadolu,0,WHATSAPP,SOCIAL_MEDIA,Customer_002234,1,,SYNTHETIC,1.3.0,42,
C002235,WS0002,INDIVIDUAL,2024-03-12,Ankara,İç Anadolu,0,WHATSAPP,WALK_IN,Customer_002235,1,,SYNTHETIC,1.3.0,42,
C002236,WS0002,INDIVIDUAL,2023-03-09,Ankara,İç Anadolu,0,PHONE,WALK_IN,Customer_002236,1,,SYNTHETIC,1.3.0,42,
C002237,WS0006,INDIVIDUAL,2021-04-27,Konya,İç Anadolu,0,PHONE,GOOGLE_MAPS,Customer_002237,1,,SYNTHETIC,1.3.0,42,
C002238,WS0009,INDIVIDUAL,2023-11-16,Samsun,Karadeniz,0,WHATSAPP,ORGANIC,Customer_002238,1,,SYNTHETIC,1.3.0,42,
C002239,WS0010,INDIVIDUAL,2021-11-22,Eskişehir,İç Anadolu,0,WHATSAPP,GOOGLE_MAPS,Customer_002239,1,,SYNTHETIC,1.3.0,42,
C002240,WS0008,INDIVIDUAL,2021-12-07,Gaziantep,Güneydoğu Anadolu,0,WHATSAPP,SOCIAL_MEDIA,Customer_002240,1,,SYNTHETIC,1.3.0,42,
C002241,WS0002,COMMERCIAL,2024-05-16,Ankara,İç Anadolu,0,PHONE,DIRECT_SALES,Customer_002241,1,,SYNTHETIC,1.3.0,42,
C002242,WS0001,INDIVIDUAL,2025-05-17,İstanbul,Marmara,0,WHATSAPP,REFERRAL,Customer_002242,0,2025-10-28,SYNTHETIC,1.3.0,42,
C002243,WS0005,INDIVIDUAL,2024-08-08,Antalya,Akdeniz,0,SMS,ORGANIC,Customer_002243,1,,SYNTHETIC,1.3.0,42,
C002244,WS0005,INDIVIDUAL,2025-02-03,Antalya,Akdeniz,0,WHATSAPP,WALK_IN,Customer_002244,1,,SYNTHETIC,1.3.0,42,
C002245,WS0010,INDIVIDUAL,2023-11-19,Eskişehir,İç Anadolu,0,WHATSAPP,ORGANIC,Customer_002245,1,,SYNTHETIC,1.3.0,42,
C002246,WS0006,INDIVIDUAL,2024-08-25,Konya,İç Anadolu,0,WHATSAPP,REFERRAL,Customer_002246,1,,SYNTHETIC,1.3.0,42,
C002247,WS0001,INDIVIDUAL,2022-07-01,İstanbul,Marmara,0,WHATSAPP,ORGANIC,Customer_002247,1,,SYNTHETIC,1.3.0,42,
C002248,WS0005,INDIVIDUAL,2023-11-14,Antalya,Akdeniz,0,PHONE,REFERRAL,Customer_002248,1,,SYNTHETIC,1.3.0,42,
C002249,WS0002,INDIVIDUAL,2021-05-23,Ankara,İç Anadolu,0,PHONE,GOOGLE_MAPS,Customer_002249,0,2024-11-22,SYNTHETIC,1.3.0,42,
C002250,WS0007,FLEET,2024-06-15,Adana,Akdeniz,1,WHATSAPP,ORGANIC,Customer_002250,1,,SYNTHETIC,1.3.0,42,
C002251,WS0004,INDIVIDUAL,2022-04-03,Bursa,Marmara,0,WHATSAPP,WALK_IN,Customer_002251,1,,SYNTHETIC,1.3.0,42,
C002252,WS0005,INDIVIDUAL,2024-04-16,Antalya,Akdeniz,0,WHATSAPP,ORGANIC,Customer_002252,1,,SYNTHETIC,1.3.0,42,
C002253,WS0004,INDIVIDUAL,2024-02-16,Bursa,Marmara,0,SMS,REFERRAL,Customer_002253,1,,SYNTHETIC,1.3.0,42,
C002254,WS0002,INDIVIDUAL,2023-07-02,Ankara,İç Anadolu,0,WHATSAPP,ORGANIC,Customer_002254,1,,SYNTHETIC,1.3.0,42,
C002255,WS0004,INDIVIDUAL,2024-12-14,Bursa,Marmara,0,SMS,WALK_IN,Customer_002255,1,,SYNTHETIC,1.3.0,42,
C002256,WS0010,INDIVIDUAL,2024-08-23,Eskişehir,İç Anadolu,0,WHATSAPP,ORGANIC,Customer_002256,1,,SYNTHETIC,1.3.0,42,
C002257,WS0008,INDIVIDUAL,2024-10-09,Gaziantep,Güneydoğu Anadolu,0,WHATSAPP,GOOGLE_MAPS,Customer_002257,1,,SYNTHETIC,1.3.0,42,
C002258,WS0001,INDIVIDUAL,2022-03-07,İstanbul,Marmara,0,SMS,GOOGLE_MAPS,Customer_002258,1,,SYNTHETIC,1.3.0,42,
C002259,WS0004,INDIVIDUAL,2021-02-01,Bursa,Marmara,0,WHATSAPP,WALK_IN,Customer_002259,1,,SYNTHETIC,1.3.0,42,
C002260,WS0009,INDIVIDUAL,2021-12-27,Samsun,Karadeniz,0,PHONE,GOOGLE_MAPS,Customer_002260,1,,SYNTHETIC,1.3.0,42,
C002261,WS0006,INDIVIDUAL,2025-01-05,Konya,İç Anadolu,0,SMS,ORGANIC,Customer_002261,1,,SYNTHETIC,1.3.0,42,
C002262,WS0010,INDIVIDUAL,2021-01-06,Eskişehir,İç Anadolu,0,WHATSAPP,GOOGLE_MAPS,Customer_002262,1,,SYNTHETIC,1.3.0,42,
C002263,WS0002,INDIVIDUAL,2025-02-17,Ankara,İç Anadolu,0,WHATSAPP,GOOGLE_MAPS,Customer_002263,1,,SYNTHETIC,1.3.0,42,
C002264,WS0002,INDIVIDUAL,2024-01-06,Ankara,İç Anadolu,0,EMAIL,ORGANIC,Customer_002264,1,,SYNTHETIC,1.3.0,42,
C002265,WS0006,INDIVIDUAL,2023-09-23,Konya,İç Anadolu,0,WHATSAPP,WALK_IN,Customer_002265,1,,SYNTHETIC,1.3.0,42,
C002266,WS0004,COMMERCIAL,2021-08-19,Bursa,Marmara,0,PHONE,DIRECT_SALES,Customer_002266,1,,SYNTHETIC,1.3.0,42,
C002267,WS0003,INDIVIDUAL,2026-04-21,İzmir,Ege,0,WHATSAPP,REFERRAL,Customer_002267,1,,SYNTHETIC,1.3.0,42,
C002268,WS0006,INDIVIDUAL,2023-04-01,Konya,İç Anadolu,0,PHONE,WALK_IN,Customer_002268,1,,SYNTHETIC,1.3.0,42,
C002269,WS0008,INDIVIDUAL,2024-06-15,Gaziantep,Güneydoğu Anadolu,0,EMAIL,WALK_IN,Customer_002269,1,,SYNTHETIC,1.3.0,42,
C002270,WS0010,INDIVIDUAL,2024-04-15,Eskişehir,İç Anadolu,0,EMAIL,REFERRAL,Customer_002270,1,,SYNTHETIC,1.3.0,42,
C002271,WS0004,INDIVIDUAL,2024-03-24,Bursa,Marmara,0,WHATSAPP,REFERRAL,Customer_002271,1,,SYNTHETIC,1.3.0,42,
C002272,WS0002,INDIVIDUAL,2026-05-21,Ankara,İç Anadolu,0,SMS,ORGANIC,Customer_002272,1,,SYNTHETIC,1.3.0,42,
C002273,WS0009,INDIVIDUAL,2022-08-02,Samsun,Karadeniz,0,SMS,ORGANIC,Customer_002273,1,,SYNTHETIC,1.3.0,42,
C002274,WS0002,INDIVIDUAL,2024-09-23,Ankara,İç Anadolu,0,SMS,REFERRAL,Customer_002274,1,,SYNTHETIC,1.3.0,42,
C002275,WS0001,INDIVIDUAL,2025-06-23,İstanbul,Marmara,0,WHATSAPP,ORGANIC,Customer_002275,1,,SYNTHETIC,1.3.0,42,
C002276,WS0008,INDIVIDUAL,2023-07-14,Gaziantep,Güneydoğu Anadolu,0,EMAIL,GOOGLE_MAPS,Customer_002276,1,,SYNTHETIC,1.3.0,42,
C002277,WS0004,INDIVIDUAL,2021-02-26,Bursa,Marmara,0,SMS,REFERRAL,Customer_002277,1,,SYNTHETIC,1.3.0,42,
C002278,WS0002,INDIVIDUAL,2023-06-19,Ankara,İç Anadolu,0,WHATSAPP,WALK_IN,Customer_002278,1,,SYNTHETIC,1.3.0,42,
C002279,WS0006,INDIVIDUAL,2022-06-16,Konya,İç Anadolu,0,WHATSAPP,ORGANIC,Customer_002279,1,,SYNTHETIC,1.3.0,42,
C002280,WS0005,INDIVIDUAL,2024-04-25,Antalya,Akdeniz,0,PHONE,ORGANIC,Customer_002280,1,,SYNTHETIC,1.3.0,42,
C002281,WS0007,INDIVIDUAL,2025-03-23,Adana,Akdeniz,0,EMAIL,GOOGLE_MAPS,Customer_002281,0,2026-07-11,SYNTHETIC,1.3.0,42,
C002282,WS0005,INDIVIDUAL,2022-05-26,Antalya,Akdeniz,0,PHONE,REFERRAL,Customer_002282,1,,SYNTHETIC,1.3.0,42,
C002283,WS0009,INDIVIDUAL,2025-01-08,Samsun,Karadeniz,0,WHATSAPP,ORGANIC,Customer_002283,1,,SYNTHETIC,1.3.0,42,
C002284,WS0008,FLEET,2025-01-05,Gaziantep,Güneydoğu Anadolu,1,PHONE,FLEET_PARTNERSHIP,Customer_002284,1,,SYNTHETIC,1.3.0,42,
C002285,WS0001,INDIVIDUAL,2023-09-16,İstanbul,Marmara,0,SMS,ORGANIC,Customer_002285,1,,SYNTHETIC,1.3.0,42,
C002286,WS0005,INDIVIDUAL,2026-06-01,Antalya,Akdeniz,0,WHATSAPP,WALK_IN,Customer_002286,1,,SYNTHETIC,1.3.0,42,
C002287,WS0001,INDIVIDUAL,2024-03-16,İstanbul,Marmara,0,SMS,REFERRAL,Customer_002287,1,,SYNTHETIC,1.3.0,42,
C002288,WS0007,INDIVIDUAL,2021-04-16,Adana,Akdeniz,0,PHONE,GOOGLE_MAPS,Customer_002288,1,,SYNTHETIC,1.3.0,42,
C002289,WS0005,INDIVIDUAL,2024-01-03,Antalya,Akdeniz,0,WHATSAPP,REFERRAL,Customer_002289,0,2024-07-07,SYNTHETIC,1.3.0,42,
C002290,WS0004,INDIVIDUAL,2021-09-05,Bursa,Marmara,0,SMS,ORGANIC,Customer_002290,0,2023-10-10,SYNTHETIC,1.3.0,42,
C002291,WS0008,INDIVIDUAL,2026-03-15,Gaziantep,Güneydoğu Anadolu,0,WHATSAPP,WALK_IN,Customer_002291,1,,SYNTHETIC,1.3.0,42,
C002292,WS0005,INDIVIDUAL,2023-05-01,Antalya,Akdeniz,0,PHONE,GOOGLE_MAPS,Customer_002292,1,,SYNTHETIC,1.3.0,42,
C002293,WS0007,FLEET,2022-05-17,Adana,Akdeniz,1,PHONE,FLEET_PARTNERSHIP,Customer_002293,1,,SYNTHETIC,1.3.0,42,
C002294,WS0001,INDIVIDUAL,2026-06-04,İstanbul,Marmara,0,SMS,WALK_IN,Customer_002294,1,,SYNTHETIC,1.3.0,42,
C002295,WS0002,INDIVIDUAL,2024-12-05,Ankara,İç Anadolu,0,WHATSAPP,REFERRAL,Customer_002295,0,2026-06-29,SYNTHETIC,1.3.0,42,
C002296,WS0002,INDIVIDUAL,2021-07-20,Ankara,İç Anadolu,0,WHATSAPP,ORGANIC,Customer_002296,1,,SYNTHETIC,1.3.0,42,
C002297,WS0001,INDIVIDUAL,2025-12-27,İstanbul,Marmara,0,EMAIL,REFERRAL,Customer_002297,1,,SYNTHETIC,1.3.0,42,
C002298,WS0006,INDIVIDUAL,2022-04-17,Konya,İç Anadolu,0,SMS,REFERRAL,Customer_002298,1,,SYNTHETIC,1.3.0,42,
C002299,WS0007,COMMERCIAL,2025-01-01,Adana,Akdeniz,0,WHATSAPP,ORGANIC,Customer_002299,1,,SYNTHETIC,1.3.0,42,
C002300,WS0009,INDIVIDUAL,2025-11-27,Samsun,Karadeniz,0,WHATSAPP,REFERRAL,Customer_002300,0,2026-07-13,SYNTHETIC,1.3.0,42,
C002301,WS0005,INDIVIDUAL,2023-01-15,Antalya,Akdeniz,0,PHONE,ORGANIC,Customer_002301,1,,SYNTHETIC,1.3.0,42,
C002302,WS0004,INDIVIDUAL,2022-12-04,Bursa,Marmara,0,WHATSAPP,ORGANIC,Customer_002302,1,,SYNTHETIC,1.3.0,42,
C002303,WS0003,INDIVIDUAL,2023-07-04,İzmir,Ege,0,PHONE,REFERRAL,Customer_002303,0,2024-04-24,SYNTHETIC,1.3.0,42,
C002304,WS0006,INDIVIDUAL,2022-10-01,Konya,İç Anadolu,0,WHATSAPP,ORGANIC,Customer_002304,1,,SYNTHETIC,1.3.0,42,
C002305,WS0010,INDIVIDUAL,2022-02-01,Eskişehir,İç Anadolu,0,SMS,WALK_IN,Customer_002305,1,,SYNTHETIC,1.3.0,42,
C002306,WS0004,INDIVIDUAL,2023-01-13,Bursa,Marmara,0,EMAIL,ORGANIC,Customer_002306,1,,SYNTHETIC,1.3.0,42,
C002307,WS0010,INDIVIDUAL,2023-11-27,Eskişehir,İç Anadolu,0,EMAIL,WALK_IN,Customer_002307,1,,SYNTHETIC,1.3.0,42,
C002308,WS0004,INDIVIDUAL,2025-03-14,Bursa,Marmara,0,SMS,GOOGLE_MAPS,Customer_002308,1,,SYNTHETIC,1.3.0,42,
C002309,WS0010,INDIVIDUAL,2021-06-11,Eskişehir,İç Anadolu,0,WHATSAPP,REFERRAL,Customer_002309,1,,SYNTHETIC,1.3.0,42,
C002310,WS0010,INDIVIDUAL,2022-10-14,Eskişehir,İç Anadolu,0,EMAIL,ORGANIC,Customer_002310,1,,SYNTHETIC,1.3.0,42,
C002311,WS0004,INDIVIDUAL,2026-02-26,Bursa,Marmara,0,SMS,REFERRAL,Customer_002311,1,,SYNTHETIC,1.3.0,42,
C002312,WS0003,INDIVIDUAL,2021-09-17,İzmir,Ege,0,WHATSAPP,REFERRAL,Customer_002312,0,2025-08-23,SYNTHETIC,1.3.0,42,
C002313,WS0003,COMMERCIAL,2022-06-01,İzmir,Ege,0,WHATSAPP,FLEET_PARTNERSHIP,Customer_002313,1,,SYNTHETIC,1.3.0,42,
C002314,WS0001,INDIVIDUAL,2026-06-22,İstanbul,Marmara,0,WHATSAPP,WALK_IN,Customer_002314,1,,SYNTHETIC,1.3.0,42,
C002315,WS0005,INDIVIDUAL,2022-10-31,Antalya,Akdeniz,0,EMAIL,WALK_IN,Customer_002315,1,,SYNTHETIC,1.3.0,42,
C002316,WS0002,INDIVIDUAL,2023-11-25,Ankara,İç Anadolu,0,PHONE,WALK_IN,Customer_002316,1,,SYNTHETIC,1.3.0,42,
C002317,WS0001,INDIVIDUAL,2022-02-08,İstanbul,Marmara,0,SMS,ORGANIC,Customer_002317,1,,SYNTHETIC,1.3.0,42,
C002318,WS0003,INDIVIDUAL,2026-03-20,İzmir,Ege,0,SMS,REFERRAL,Customer_002318,1,,SYNTHETIC,1.3.0,42,
C002319,WS0008,INDIVIDUAL,2024-06-08,Gaziantep,Güneydoğu Anadolu,0,PHONE,GOOGLE_MAPS,Customer_002319,1,,SYNTHETIC,1.3.0,42,
C002320,WS0008,COMMERCIAL,2022-02-22,Gaziantep,Güneydoğu Anadolu,0,PHONE,ORGANIC,Customer_002320,1,,SYNTHETIC,1.3.0,42,
C002321,WS0005,INDIVIDUAL,2026-03-21,Antalya,Akdeniz,0,EMAIL,WALK_IN,Customer_002321,1,,SYNTHETIC,1.3.0,42,
C002322,WS0007,INDIVIDUAL,2025-04-29,Adana,Akdeniz,0,SMS,GOOGLE_MAPS,Customer_002322,1,,SYNTHETIC,1.3.0,42,
C002323,WS0005,INDIVIDUAL,2021-09-28,Antalya,Akdeniz,0,WHATSAPP,GOOGLE_MAPS,Customer_002323,1,,SYNTHETIC,1.3.0,42,
C002324,WS0004,INDIVIDUAL,2025-07-08,Bursa,Marmara,0,WHATSAPP,WALK_IN,Customer_002324,1,,SYNTHETIC,1.3.0,42,
C002325,WS0005,INDIVIDUAL,2021-01-18,Antalya,Akdeniz,0,EMAIL,GOOGLE_MAPS,Customer_002325,1,,SYNTHETIC,1.3.0,42,
C002326,WS0003,INDIVIDUAL,2023-11-28,İzmir,Ege,0,WHATSAPP,WALK_IN,Customer_002326,1,,SYNTHETIC,1.3.0,42,
C002327,WS0002,INDIVIDUAL,2025-11-11,Ankara,İç Anadolu,0,WHATSAPP,SOCIAL_MEDIA,Customer_002327,1,,SYNTHETIC,1.3.0,42,
C002328,WS0002,INDIVIDUAL,2021-05-12,Ankara,İç Anadolu,0,WHATSAPP,ORGANIC,Customer_002328,1,,SYNTHETIC,1.3.0,42,
C002329,WS0001,INDIVIDUAL,2024-04-18,İstanbul,Marmara,0,WHATSAPP,GOOGLE_MAPS,Customer_002329,1,,SYNTHETIC,1.3.0,42,
C002330,WS0002,INDIVIDUAL,2023-01-18,Ankara,İç Anadolu,0,PHONE,WALK_IN,Customer_002330,1,,SYNTHETIC,1.3.0,42,
C002331,WS0003,INDIVIDUAL,2023-05-19,İzmir,Ege,0,SMS,ORGANIC,Customer_002331,0,2025-11-03,SYNTHETIC,1.3.0,42,
C002332,WS0002,INDIVIDUAL,2023-11-13,Ankara,İç Anadolu,0,WHATSAPP,GOOGLE_MAPS,Customer_002332,1,,SYNTHETIC,1.3.0,42,
C002333,WS0010,COMMERCIAL,2025-11-11,Eskişehir,İç Anadolu,0,EMAIL,REFERRAL,Customer_002333,1,,SYNTHETIC,1.3.0,42,
C002334,WS0006,COMMERCIAL,2022-09-04,Konya,İç Anadolu,0,EMAIL,ORGANIC,Customer_002334,1,,SYNTHETIC,1.3.0,42,
C002335,WS0001,INDIVIDUAL,2025-08-05,İstanbul,Marmara,0,WHATSAPP,WALK_IN,Customer_002335,1,,SYNTHETIC,1.3.0,42,
C002336,WS0002,COMMERCIAL,2022-05-04,Ankara,İç Anadolu,0,WHATSAPP,DIRECT_SALES,Customer_002336,1,,SYNTHETIC,1.3.0,42,
C002337,WS0008,COMMERCIAL,2025-09-19,Gaziantep,Güneydoğu Anadolu,0,EMAIL,FLEET_PARTNERSHIP,Customer_002337,1,,SYNTHETIC,1.3.0,42,
C002338,WS0004,INDIVIDUAL,2021-05-31,Bursa,Marmara,0,PHONE,WALK_IN,Customer_002338,1,,SYNTHETIC,1.3.0,42,
C002339,WS0002,INDIVIDUAL,2023-08-12,Ankara,İç Anadolu,0,PHONE,ORGANIC,Customer_002339,1,,SYNTHETIC,1.3.0,42,
C002340,WS0010,INDIVIDUAL,2021-03-20,Eskişehir,İç Anadolu,0,WHATSAPP,WALK_IN,Customer_002340,1,,SYNTHETIC,1.3.0,42,
C002341,WS0010,INDIVIDUAL,2021-06-17,Eskişehir,İç Anadolu,0,SMS,REFERRAL,Customer_002341,1,,SYNTHETIC,1.3.0,42,
C002342,WS0005,INDIVIDUAL,2021-09-16,Antalya,Akdeniz,0,PHONE,WALK_IN,Customer_002342,1,,SYNTHETIC,1.3.0,42,
C002343,WS0007,INDIVIDUAL,2023-09-26,Adana,Akdeniz,0,WHATSAPP,GOOGLE_MAPS,Customer_002343,1,,SYNTHETIC,1.3.0,42,
C002344,WS0003,INDIVIDUAL,2021-07-24,İzmir,Ege,0,WHATSAPP,ORGANIC,Customer_002344,1,,SYNTHETIC,1.3.0,42,
C002345,WS0008,COMMERCIAL,2025-03-23,Gaziantep,Güneydoğu Anadolu,0,WHATSAPP,DIRECT_SALES,Customer_002345,1,,SYNTHETIC,1.3.0,42,
C002346,WS0003,INDIVIDUAL,2022-10-25,İzmir,Ege,0,WHATSAPP,SOCIAL_MEDIA,Customer_002346,1,,SYNTHETIC,1.3.0,42,
C002347,WS0007,INDIVIDUAL,2023-02-03,Adana,Akdeniz,0,PHONE,REFERRAL,Customer_002347,1,,SYNTHETIC,1.3.0,42,
C002348,WS0005,INDIVIDUAL,2025-12-25,Antalya,Akdeniz,0,WHATSAPP,REFERRAL,Customer_002348,1,,SYNTHETIC,1.3.0,42,
C002349,WS0005,INDIVIDUAL,2024-08-14,Antalya,Akdeniz,0,EMAIL,REFERRAL,Customer_002349,1,,SYNTHETIC,1.3.0,42,
C002350,WS0006,INDIVIDUAL,2022-09-07,Konya,İç Anadolu,0,WHATSAPP,SOCIAL_MEDIA,Customer_002350,1,,SYNTHETIC,1.3.0,42,
C002351,WS0007,COMMERCIAL,2026-03-19,Adana,Akdeniz,0,PHONE,FLEET_PARTNERSHIP,Customer_002351,1,,SYNTHETIC,1.3.0,42,
C002352,WS0001,COMMERCIAL,2024-03-21,İstanbul,Marmara,0,PHONE,DIRECT_SALES,Customer_002352,1,,SYNTHETIC,1.3.0,42,
C002353,WS0004,INDIVIDUAL,2025-09-25,Bursa,Marmara,0,SMS,GOOGLE_MAPS,Customer_002353,1,,SYNTHETIC,1.3.0,42,
C002354,WS0005,INDIVIDUAL,2025-08-18,Antalya,Akdeniz,0,SMS,REFERRAL,Customer_002354,1,,SYNTHETIC,1.3.0,42,
C002355,WS0007,INDIVIDUAL,2026-05-02,Adana,Akdeniz,0,PHONE,GOOGLE_MAPS,Customer_002355,1,,SYNTHETIC,1.3.0,42,
C002356,WS0003,INDIVIDUAL,2022-03-13,İzmir,Ege,0,WHATSAPP,WALK_IN,Customer_002356,0,2022-11-18,SYNTHETIC,1.3.0,42,
C002357,WS0010,INDIVIDUAL,2025-07-30,Eskişehir,İç Anadolu,0,SMS,ORGANIC,Customer_002357,1,,SYNTHETIC,1.3.0,42,
C002358,WS0009,COMMERCIAL,2026-05-04,Samsun,Karadeniz,0,EMAIL,REFERRAL,Customer_002358,1,,SYNTHETIC,1.3.0,42,
C002359,WS0004,INDIVIDUAL,2022-10-09,Bursa,Marmara,0,SMS,SOCIAL_MEDIA,Customer_002359,0,2024-10-27,SYNTHETIC,1.3.0,42,
C002360,WS0003,INDIVIDUAL,2021-05-28,İzmir,Ege,0,PHONE,REFERRAL,Customer_002360,1,,SYNTHETIC,1.3.0,42,
C002361,WS0002,INDIVIDUAL,2022-07-17,Ankara,İç Anadolu,0,WHATSAPP,REFERRAL,Customer_002361,0,2022-11-16,SYNTHETIC,1.3.0,42,
C002362,WS0010,INDIVIDUAL,2021-06-26,Eskişehir,İç Anadolu,0,SMS,REFERRAL,Customer_002362,1,,SYNTHETIC,1.3.0,42,
C002363,WS0007,INDIVIDUAL,2022-06-03,Adana,Akdeniz,0,WHATSAPP,ORGANIC,Customer_002363,1,,SYNTHETIC,1.3.0,42,
C002364,WS0009,INDIVIDUAL,2021-02-18,Samsun,Karadeniz,0,WHATSAPP,ORGANIC,Customer_002364,1,,SYNTHETIC,1.3.0,42,
C002365,WS0004,INDIVIDUAL,2021-08-11,Bursa,Marmara,0,WHATSAPP,GOOGLE_MAPS,Customer_002365,1,,SYNTHETIC,1.3.0,42,
C002366,WS0002,INDIVIDUAL,2025-10-15,Ankara,İç Anadolu,0,WHATSAPP,REFERRAL,Customer_002366,1,,SYNTHETIC,1.3.0,42,
C002367,WS0002,INDIVIDUAL,2025-09-04,Ankara,İç Anadolu,0,SMS,REFERRAL,Customer_002367,0,2026-02-19,SYNTHETIC,1.3.0,42,
C002368,WS0001,INDIVIDUAL,2022-10-02,İstanbul,Marmara,0,PHONE,ORGANIC,Customer_002368,1,,SYNTHETIC,1.3.0,42,
C002369,WS0007,INDIVIDUAL,2024-05-18,Adana,Akdeniz,0,SMS,GOOGLE_MAPS,Customer_002369,1,,SYNTHETIC,1.3.0,42,
C002370,WS0008,COMMERCIAL,2026-05-21,Gaziantep,Güneydoğu Anadolu,0,EMAIL,ORGANIC,Customer_002370,0,2026-08-25,SYNTHETIC,1.3.0,42,
C002371,WS0003,INDIVIDUAL,2022-04-25,İzmir,Ege,0,WHATSAPP,ORGANIC,Customer_002371,1,,SYNTHETIC,1.3.0,42,
C002372,WS0004,INDIVIDUAL,2021-09-14,Bursa,Marmara,0,WHATSAPP,WALK_IN,Customer_002372,1,,SYNTHETIC,1.3.0,42,
C002373,WS0003,INDIVIDUAL,2022-08-01,İzmir,Ege,0,WHATSAPP,ORGANIC,Customer_002373,1,,SYNTHETIC,1.3.0,42,
C002374,WS0003,INDIVIDUAL,2021-02-26,İzmir,Ege,0,WHATSAPP,REFERRAL,Customer_002374,1,,SYNTHETIC,1.3.0,42,
C002375,WS0004,COMMERCIAL,2022-02-03,Bursa,Marmara,0,WHATSAPP,FLEET_PARTNERSHIP,Customer_002375,1,,SYNTHETIC,1.3.0,42,
C002376,WS0010,INDIVIDUAL,2024-10-07,Eskişehir,İç Anadolu,0,PHONE,WALK_IN,Customer_002376,1,,SYNTHETIC,1.3.0,42,
C002377,WS0006,INDIVIDUAL,2022-06-18,Konya,İç Anadolu,0,EMAIL,ORGANIC,Customer_002377,1,,SYNTHETIC,1.3.0,42,
C002378,WS0009,INDIVIDUAL,2021-07-19,Samsun,Karadeniz,0,SMS,REFERRAL,Customer_002378,0,2023-11-11,SYNTHETIC,1.3.0,42,
C002379,WS0002,INDIVIDUAL,2025-10-10,Ankara,İç Anadolu,0,SMS,REFERRAL,Customer_002379,1,,SYNTHETIC,1.3.0,42,
C002380,WS0006,INDIVIDUAL,2021-09-26,Konya,İç Anadolu,0,WHATSAPP,WALK_IN,Customer_002380,1,,SYNTHETIC,1.3.0,42,
C002381,WS0004,INDIVIDUAL,2021-06-25,Bursa,Marmara,0,WHATSAPP,ORGANIC,Customer_002381,0,2025-06-08,SYNTHETIC,1.3.0,42,
C002382,WS0003,INDIVIDUAL,2022-08-27,İzmir,Ege,0,PHONE,SOCIAL_MEDIA,Customer_002382,1,,SYNTHETIC,1.3.0,42,
C002383,WS0002,INDIVIDUAL,2022-05-02,Ankara,İç Anadolu,0,WHATSAPP,REFERRAL,Customer_002383,1,,SYNTHETIC,1.3.0,42,
C002384,WS0009,INDIVIDUAL,2021-02-09,Samsun,Karadeniz,0,WHATSAPP,GOOGLE_MAPS,Customer_002384,1,,SYNTHETIC,1.3.0,42,
C002385,WS0008,COMMERCIAL,2025-01-27,Gaziantep,Güneydoğu Anadolu,0,PHONE,ORGANIC,Customer_002385,1,,SYNTHETIC,1.3.0,42,
C002386,WS0003,INDIVIDUAL,2026-06-12,İzmir,Ege,0,WHATSAPP,REFERRAL,Customer_002386,1,,SYNTHETIC,1.3.0,42,
C002387,WS0002,INDIVIDUAL,2024-02-01,Ankara,İç Anadolu,0,WHATSAPP,ORGANIC,Customer_002387,1,,SYNTHETIC,1.3.0,42,
C002388,WS0002,INDIVIDUAL,2023-04-29,Ankara,İç Anadolu,0,WHATSAPP,REFERRAL,Customer_002388,1,,SYNTHETIC,1.3.0,42,
C002389,WS0008,INDIVIDUAL,2021-03-05,Gaziantep,Güneydoğu Anadolu,0,PHONE,WALK_IN,Customer_002389,1,,SYNTHETIC,1.3.0,42,
C002390,WS0008,INDIVIDUAL,2025-11-20,Gaziantep,Güneydoğu Anadolu,0,PHONE,GOOGLE_MAPS,Customer_002390,0,2026-07-13,SYNTHETIC,1.3.0,42,
C002391,WS0007,INDIVIDUAL,2021-08-10,Adana,Akdeniz,0,WHATSAPP,WALK_IN,Customer_002391,1,,SYNTHETIC,1.3.0,42,
C002392,WS0001,INDIVIDUAL,2025-12-02,İstanbul,Marmara,0,WHATSAPP,ORGANIC,Customer_002392,1,,SYNTHETIC,1.3.0,42,
C002393,WS0006,INDIVIDUAL,2023-03-25,Konya,İç Anadolu,0,WHATSAPP,REFERRAL,Customer_002393,1,,SYNTHETIC,1.3.0,42,
C002394,WS0009,INDIVIDUAL,2024-07-04,Samsun,Karadeniz,0,WHATSAPP,ORGANIC,Customer_002394,1,,SYNTHETIC,1.3.0,42,
C002395,WS0010,INDIVIDUAL,2022-03-26,Eskişehir,İç Anadolu,0,WHATSAPP,ORGANIC,Customer_002395,0,2024-03-18,SYNTHETIC,1.3.0,42,
C002396,WS0009,INDIVIDUAL,2021-01-08,Samsun,Karadeniz,0,SMS,WALK_IN,Customer_002396,1,,SYNTHETIC,1.3.0,42,
C002397,WS0009,INDIVIDUAL,2025-09-24,Samsun,Karadeniz,0,PHONE,ORGANIC,Customer_002397,1,,SYNTHETIC,1.3.0,42,
C002398,WS0001,INDIVIDUAL,2023-05-06,İstanbul,Marmara,0,PHONE,ORGANIC,Customer_002398,1,,SYNTHETIC,1.3.0,42,
C002399,WS0008,COMMERCIAL,2024-02-20,Gaziantep,Güneydoğu Anadolu,0,EMAIL,REFERRAL,Customer_002399,1,,SYNTHETIC,1.3.0,42,
C002400,WS0010,INDIVIDUAL,2021-11-08,Eskişehir,İç Anadolu,0,EMAIL,GOOGLE_MAPS,Customer_002400,1,,SYNTHETIC,1.3.0,42,
C002401,WS0009,INDIVIDUAL,2025-03-19,Samsun,Karadeniz,0,WHATSAPP,GOOGLE_MAPS,Customer_002401,0,2025-08-30,SYNTHETIC,1.3.0,42,
C002402,WS0005,INDIVIDUAL,2024-11-15,Antalya,Akdeniz,0,SMS,GOOGLE_MAPS,Customer_002402,1,,SYNTHETIC,1.3.0,42,
C002403,WS0004,INDIVIDUAL,2023-05-13,Bursa,Marmara,0,SMS,REFERRAL,Customer_002403,1,,SYNTHETIC,1.3.0,42,
C002404,WS0004,INDIVIDUAL,2022-04-02,Bursa,Marmara,0,WHATSAPP,ORGANIC,Customer_002404,1,,SYNTHETIC,1.3.0,42,
C002405,WS0008,COMMERCIAL,2021-07-14,Gaziantep,Güneydoğu Anadolu,0,WHATSAPP,DIRECT_SALES,Customer_002405,1,,SYNTHETIC,1.3.0,42,
C002406,WS0007,INDIVIDUAL,2025-02-05,Adana,Akdeniz,0,EMAIL,REFERRAL,Customer_002406,1,,SYNTHETIC,1.3.0,42,
C002407,WS0008,INDIVIDUAL,2026-04-05,Gaziantep,Güneydoğu Anadolu,0,SMS,ORGANIC,Customer_002407,1,,SYNTHETIC,1.3.0,42,
C002408,WS0001,INDIVIDUAL,2021-01-28,İstanbul,Marmara,0,WHATSAPP,ORGANIC,Customer_002408,1,,SYNTHETIC,1.3.0,42,
C002409,WS0006,INDIVIDUAL,2025-06-06,Konya,İç Anadolu,0,PHONE,REFERRAL,Customer_002409,1,,SYNTHETIC,1.3.0,42,
C002410,WS0002,INDIVIDUAL,2024-03-14,Ankara,İç Anadolu,0,WHATSAPP,WALK_IN,Customer_002410,1,,SYNTHETIC,1.3.0,42,
C002411,WS0003,INDIVIDUAL,2023-06-01,İzmir,Ege,0,PHONE,WALK_IN,Customer_002411,1,,SYNTHETIC,1.3.0,42,
C002412,WS0007,INDIVIDUAL,2025-07-23,Adana,Akdeniz,0,PHONE,GOOGLE_MAPS,Customer_002412,1,,SYNTHETIC,1.3.0,42,
C002413,WS0010,INDIVIDUAL,2022-10-21,Eskişehir,İç Anadolu,0,WHATSAPP,GOOGLE_MAPS,Customer_002413,1,,SYNTHETIC,1.3.0,42,
C002414,WS0005,COMMERCIAL,2021-06-17,Antalya,Akdeniz,0,WHATSAPP,REFERRAL,Customer_002414,1,,SYNTHETIC,1.3.0,42,
C002415,WS0003,INDIVIDUAL,2024-07-17,İzmir,Ege,0,WHATSAPP,GOOGLE_MAPS,Customer_002415,1,,SYNTHETIC,1.3.0,42,
C002416,WS0003,INDIVIDUAL,2023-10-28,İzmir,Ege,0,PHONE,WALK_IN,Customer_002416,1,,SYNTHETIC,1.3.0,42,
C002417,WS0008,INDIVIDUAL,2024-07-07,Gaziantep,Güneydoğu Anadolu,0,WHATSAPP,ORGANIC,Customer_002417,1,,SYNTHETIC,1.3.0,42,
C002418,WS0002,INDIVIDUAL,2022-06-09,Ankara,İç Anadolu,0,PHONE,SOCIAL_MEDIA,Customer_002418,1,,SYNTHETIC,1.3.0,42,
C002419,WS0009,COMMERCIAL,2024-05-27,Samsun,Karadeniz,0,WHATSAPP,ORGANIC,Customer_002419,1,,SYNTHETIC,1.3.0,42,
C002420,WS0001,INDIVIDUAL,2021-11-27,İstanbul,Marmara,0,PHONE,SOCIAL_MEDIA,Customer_002420,1,,SYNTHETIC,1.3.0,42,
C002421,WS0002,INDIVIDUAL,2021-12-12,Ankara,İç Anadolu,0,WHATSAPP,WALK_IN,Customer_002421,1,,SYNTHETIC,1.3.0,42,
C002422,WS0004,INDIVIDUAL,2026-05-04,Bursa,Marmara,0,PHONE,ORGANIC,Customer_002422,1,,SYNTHETIC,1.3.0,42,
C002423,WS0008,INDIVIDUAL,2026-03-10,Gaziantep,Güneydoğu Anadolu,0,WHATSAPP,GOOGLE_MAPS,Customer_002423,0,2026-07-25,SYNTHETIC,1.3.0,42,
C002424,WS0004,FLEET,2021-05-31,Bursa,Marmara,1,EMAIL,DIRECT_SALES,Customer_002424,1,,SYNTHETIC,1.3.0,42,
C002425,WS0003,COMMERCIAL,2023-09-25,İzmir,Ege,0,PHONE,FLEET_PARTNERSHIP,Customer_002425,1,,SYNTHETIC,1.3.0,42,
C002426,WS0004,INDIVIDUAL,2023-09-16,Bursa,Marmara,0,EMAIL,GOOGLE_MAPS,Customer_002426,1,,SYNTHETIC,1.3.0,42,
C002427,WS0001,INDIVIDUAL,2024-06-21,İstanbul,Marmara,0,WHATSAPP,SOCIAL_MEDIA,Customer_002427,1,,SYNTHETIC,1.3.0,42,
C002428,WS0001,INDIVIDUAL,2023-07-29,İstanbul,Marmara,0,PHONE,WALK_IN,Customer_002428,1,,SYNTHETIC,1.3.0,42,
C002429,WS0001,INDIVIDUAL,2024-01-16,İstanbul,Marmara,0,PHONE,WALK_IN,Customer_002429,1,,SYNTHETIC,1.3.0,42,
C002430,WS0004,COMMERCIAL,2026-06-25,Bursa,Marmara,0,WHATSAPP,REFERRAL,Customer_002430,1,,SYNTHETIC,1.3.0,42,
C002431,WS0001,INDIVIDUAL,2026-03-18,İstanbul,Marmara,0,EMAIL,SOCIAL_MEDIA,Customer_002431,0,2026-07-21,SYNTHETIC,1.3.0,42,
C002432,WS0009,INDIVIDUAL,2023-08-26,Samsun,Karadeniz,0,WHATSAPP,REFERRAL,Customer_002432,1,,SYNTHETIC,1.3.0,42,
C002433,WS0003,INDIVIDUAL,2022-09-09,İzmir,Ege,0,PHONE,ORGANIC,Customer_002433,1,,SYNTHETIC,1.3.0,42,
C002434,WS0003,INDIVIDUAL,2022-06-26,İzmir,Ege,0,EMAIL,ORGANIC,Customer_002434,1,,SYNTHETIC,1.3.0,42,
C002435,WS0007,INDIVIDUAL,2022-10-25,Adana,Akdeniz,0,PHONE,ORGANIC,Customer_002435,1,,SYNTHETIC,1.3.0,42,
C002436,WS0007,INDIVIDUAL,2022-11-02,Adana,Akdeniz,0,WHATSAPP,REFERRAL,Customer_002436,1,,SYNTHETIC,1.3.0,42,
C002437,WS0001,INDIVIDUAL,2026-04-20,İstanbul,Marmara,0,WHATSAPP,ORGANIC,Customer_002437,1,,SYNTHETIC,1.3.0,42,
C002438,WS0001,INDIVIDUAL,2024-01-21,İstanbul,Marmara,0,WHATSAPP,ORGANIC,Customer_002438,1,,SYNTHETIC,1.3.0,42,
C002439,WS0002,INDIVIDUAL,2023-05-21,Ankara,İç Anadolu,0,PHONE,REFERRAL,Customer_002439,1,,SYNTHETIC,1.3.0,42,
C002440,WS0001,INDIVIDUAL,2025-08-01,İstanbul,Marmara,0,WHATSAPP,ORGANIC,Customer_002440,1,,SYNTHETIC,1.3.0,42,
C002441,WS0005,INDIVIDUAL,2023-05-07,Antalya,Akdeniz,0,PHONE,REFERRAL,Customer_002441,1,,SYNTHETIC,1.3.0,42,
C002442,WS0004,INDIVIDUAL,2023-11-12,Bursa,Marmara,0,PHONE,ORGANIC,Customer_002442,1,,SYNTHETIC,1.3.0,42,
C002443,WS0009,INDIVIDUAL,2024-11-25,Samsun,Karadeniz,0,SMS,WALK_IN,Customer_002443,1,,SYNTHETIC,1.3.0,42,
C002444,WS0003,INDIVIDUAL,2023-08-10,İzmir,Ege,0,WHATSAPP,REFERRAL,Customer_002444,1,,SYNTHETIC,1.3.0,42,
C002445,WS0007,INDIVIDUAL,2023-05-02,Adana,Akdeniz,0,SMS,ORGANIC,Customer_002445,1,,SYNTHETIC,1.3.0,42,
C002446,WS0002,COMMERCIAL,2023-04-07,Ankara,İç Anadolu,0,WHATSAPP,ORGANIC,Customer_002446,1,,SYNTHETIC,1.3.0,42,
C002447,WS0006,INDIVIDUAL,2023-05-07,Konya,İç Anadolu,0,PHONE,WALK_IN,Customer_002447,1,,SYNTHETIC,1.3.0,42,
C002448,WS0007,COMMERCIAL,2022-09-02,Adana,Akdeniz,0,WHATSAPP,REFERRAL,Customer_002448,0,2023-12-14,SYNTHETIC,1.3.0,42,
C002449,WS0008,INDIVIDUAL,2024-12-26,Gaziantep,Güneydoğu Anadolu,0,SMS,ORGANIC,Customer_002449,1,,SYNTHETIC,1.3.0,42,
C002450,WS0008,INDIVIDUAL,2023-06-25,Gaziantep,Güneydoğu Anadolu,0,PHONE,WALK_IN,Customer_002450,1,,SYNTHETIC,1.3.0,42,
C002451,WS0005,INDIVIDUAL,2025-10-23,Antalya,Akdeniz,0,PHONE,WALK_IN,Customer_002451,1,,SYNTHETIC,1.3.0,42,
C002452,WS0010,INDIVIDUAL,2026-02-04,Eskişehir,İç Anadolu,0,EMAIL,ORGANIC,Customer_002452,0,2026-06-08,SYNTHETIC,1.3.0,42,
C002453,WS0007,INDIVIDUAL,2022-02-21,Adana,Akdeniz,0,SMS,GOOGLE_MAPS,Customer_002453,1,,SYNTHETIC,1.3.0,42,
C002454,WS0002,INDIVIDUAL,2021-10-20,Ankara,İç Anadolu,0,PHONE,ORGANIC,Customer_002454,1,,SYNTHETIC,1.3.0,42,
C002455,WS0006,INDIVIDUAL,2024-03-04,Konya,İç Anadolu,0,PHONE,REFERRAL,Customer_002455,1,,SYNTHETIC,1.3.0,42,
C002456,WS0001,INDIVIDUAL,2024-12-06,İstanbul,Marmara,0,WHATSAPP,GOOGLE_MAPS,Customer_002456,1,,SYNTHETIC,1.3.0,42,
C002457,WS0005,INDIVIDUAL,2021-10-25,Antalya,Akdeniz,0,SMS,SOCIAL_MEDIA,Customer_002457,1,,SYNTHETIC,1.3.0,42,
C002458,WS0005,INDIVIDUAL,2024-03-22,Antalya,Akdeniz,0,SMS,SOCIAL_MEDIA,Customer_002458,1,,SYNTHETIC,1.3.0,42,
C002459,WS0007,INDIVIDUAL,2022-06-26,Adana,Akdeniz,0,WHATSAPP,GOOGLE_MAPS,Customer_002459,1,,SYNTHETIC,1.3.0,42,
C002460,WS0001,COMMERCIAL,2023-08-11,İstanbul,Marmara,0,PHONE,DIRECT_SALES,Customer_002460,1,,SYNTHETIC,1.3.0,42,
C002461,WS0002,INDIVIDUAL,2023-10-27,Ankara,İç Anadolu,0,WHATSAPP,ORGANIC,Customer_002461,1,,SYNTHETIC,1.3.0,42,
C002462,WS0009,INDIVIDUAL,2025-01-17,Samsun,Karadeniz,0,SMS,GOOGLE_MAPS,Customer_002462,0,2025-10-11,SYNTHETIC,1.3.0,42,
C002463,WS0009,INDIVIDUAL,2024-09-01,Samsun,Karadeniz,0,WHATSAPP,REFERRAL,Customer_002463,1,,SYNTHETIC,1.3.0,42,
C002464,WS0008,INDIVIDUAL,2022-03-27,Gaziantep,Güneydoğu Anadolu,0,WHATSAPP,ORGANIC,Customer_002464,1,,SYNTHETIC,1.3.0,42,
C002465,WS0003,INDIVIDUAL,2025-03-14,İzmir,Ege,0,WHATSAPP,REFERRAL,Customer_002465,1,,SYNTHETIC,1.3.0,42,
C002466,WS0002,INDIVIDUAL,2025-05-27,Ankara,İç Anadolu,0,EMAIL,ORGANIC,Customer_002466,1,,SYNTHETIC,1.3.0,42,
C002467,WS0008,INDIVIDUAL,2023-08-21,Gaziantep,Güneydoğu Anadolu,0,WHATSAPP,GOOGLE_MAPS,Customer_002467,1,,SYNTHETIC,1.3.0,42,
C002468,WS0004,INDIVIDUAL,2025-05-10,Bursa,Marmara,0,SMS,REFERRAL,Customer_002468,1,,SYNTHETIC,1.3.0,42,
C002469,WS0007,INDIVIDUAL,2023-10-30,Adana,Akdeniz,0,WHATSAPP,REFERRAL,Customer_002469,1,,SYNTHETIC,1.3.0,42,
C002470,WS0007,INDIVIDUAL,2021-03-05,Adana,Akdeniz,0,WHATSAPP,ORGANIC,Customer_002470,1,,SYNTHETIC,1.3.0,42,
C002471,WS0002,INDIVIDUAL,2025-09-12,Ankara,İç Anadolu,0,EMAIL,WALK_IN,Customer_002471,1,,SYNTHETIC,1.3.0,42,
C002472,WS0005,INDIVIDUAL,2026-06-04,Antalya,Akdeniz,0,EMAIL,GOOGLE_MAPS,Customer_002472,1,,SYNTHETIC,1.3.0,42,
C002473,WS0005,INDIVIDUAL,2025-07-23,Antalya,Akdeniz,0,WHATSAPP,SOCIAL_MEDIA,Customer_002473,1,,SYNTHETIC,1.3.0,42,
C002474,WS0005,INDIVIDUAL,2026-07-28,Antalya,Akdeniz,0,SMS,REFERRAL,Customer_002474,1,,SYNTHETIC,1.3.0,42,
C002475,WS0006,INDIVIDUAL,2023-06-01,Konya,İç Anadolu,0,WHATSAPP,WALK_IN,Customer_002475,0,2025-11-30,SYNTHETIC,1.3.0,42,
C002476,WS0007,INDIVIDUAL,2024-08-05,Adana,Akdeniz,0,WHATSAPP,ORGANIC,Customer_002476,1,,SYNTHETIC,1.3.0,42,
C002477,WS0001,INDIVIDUAL,2025-12-13,İstanbul,Marmara,0,WHATSAPP,ORGANIC,Customer_002477,0,2026-05-01,SYNTHETIC,1.3.0,42,
C002478,WS0006,INDIVIDUAL,2026-01-03,Konya,İç Anadolu,0,WHATSAPP,SOCIAL_MEDIA,Customer_002478,1,,SYNTHETIC,1.3.0,42,
C002479,WS0007,COMMERCIAL,2022-11-18,Adana,Akdeniz,0,EMAIL,FLEET_PARTNERSHIP,Customer_002479,1,,SYNTHETIC,1.3.0,42,
C002480,WS0008,INDIVIDUAL,2025-04-21,Gaziantep,Güneydoğu Anadolu,0,WHATSAPP,REFERRAL,Customer_002480,1,,SYNTHETIC,1.3.0,42,
C002481,WS0006,INDIVIDUAL,2024-11-26,Konya,İç Anadolu,0,SMS,GOOGLE_MAPS,Customer_002481,1,,SYNTHETIC,1.3.0,42,
C002482,WS0006,INDIVIDUAL,2025-03-12,Konya,İç Anadolu,0,WHATSAPP,ORGANIC,Customer_002482,1,,SYNTHETIC,1.3.0,42,
C002483,WS0005,INDIVIDUAL,2022-03-07,Antalya,Akdeniz,0,PHONE,WALK_IN,Customer_002483,1,,SYNTHETIC,1.3.0,42,
C002484,WS0007,INDIVIDUAL,2023-03-29,Adana,Akdeniz,0,WHATSAPP,REFERRAL,Customer_002484,1,,SYNTHETIC,1.3.0,42,
C002485,WS0002,INDIVIDUAL,2023-03-11,Ankara,İç Anadolu,0,SMS,REFERRAL,Customer_002485,1,,SYNTHETIC,1.3.0,42,
C002486,WS0006,INDIVIDUAL,2024-04-07,Konya,İç Anadolu,0,WHATSAPP,WALK_IN,Customer_002486,1,,SYNTHETIC,1.3.0,42,
C002487,WS0005,INDIVIDUAL,2024-04-15,Antalya,Akdeniz,0,SMS,GOOGLE_MAPS,Customer_002487,1,,SYNTHETIC,1.3.0,42,
C002488,WS0005,INDIVIDUAL,2022-09-20,Antalya,Akdeniz,0,WHATSAPP,REFERRAL,Customer_002488,0,2024-02-26,SYNTHETIC,1.3.0,42,
C002489,WS0003,INDIVIDUAL,2022-02-26,İzmir,Ege,0,EMAIL,WALK_IN,Customer_002489,1,,SYNTHETIC,1.3.0,42,
C002490,WS0002,INDIVIDUAL,2025-11-20,Ankara,İç Anadolu,0,WHATSAPP,SOCIAL_MEDIA,Customer_002490,1,,SYNTHETIC,1.3.0,42,
C002491,WS0008,INDIVIDUAL,2024-09-15,Gaziantep,Güneydoğu Anadolu,0,WHATSAPP,SOCIAL_MEDIA,Customer_002491,1,,SYNTHETIC,1.3.0,42,
C002492,WS0005,INDIVIDUAL,2024-10-21,Antalya,Akdeniz,0,PHONE,GOOGLE_MAPS,Customer_002492,1,,SYNTHETIC,1.3.0,42,
C002493,WS0008,INDIVIDUAL,2024-03-06,Gaziantep,Güneydoğu Anadolu,0,PHONE,SOCIAL_MEDIA,Customer_002493,1,,SYNTHETIC,1.3.0,42,
C002494,WS0002,INDIVIDUAL,2024-02-11,Ankara,İç Anadolu,0,WHATSAPP,SOCIAL_MEDIA,Customer_002494,1,,SYNTHETIC,1.3.0,42,
C002495,WS0009,INDIVIDUAL,2026-05-04,Samsun,Karadeniz,0,PHONE,REFERRAL,Customer_002495,1,,SYNTHETIC,1.3.0,42,
C002496,WS0003,COMMERCIAL,2024-02-02,İzmir,Ege,0,EMAIL,ORGANIC,Customer_002496,1,,SYNTHETIC,1.3.0,42,
C002497,WS0004,INDIVIDUAL,2025-10-01,Bursa,Marmara,0,WHATSAPP,WALK_IN,Customer_002497,0,2026-04-14,SYNTHETIC,1.3.0,42,
C002498,WS0006,INDIVIDUAL,2021-05-07,Konya,İç Anadolu,0,WHATSAPP,REFERRAL,Customer_002498,0,2023-08-19,SYNTHETIC,1.3.0,42,
C002499,WS0004,INDIVIDUAL,2024-09-03,Bursa,Marmara,0,SMS,REFERRAL,Customer_002499,1,,SYNTHETIC,1.3.0,42,
C002500,WS0009,INDIVIDUAL,2021-03-06,Samsun,Karadeniz,0,PHONE,WALK_IN,Customer_002500,1,,SYNTHETIC,1.3.0,42,
C002501,WS0006,INDIVIDUAL,2021-02-04,Konya,İç Anadolu,0,WHATSAPP,ORGANIC,Customer_002501,0,2025-06-05,SYNTHETIC,1.3.0,42,
C002502,WS0009,INDIVIDUAL,2022-11-22,Samsun,Karadeniz,0,WHATSAPP,REFERRAL,Customer_002502,1,,SYNTHETIC,1.3.0,42,
C002503,WS0005,INDIVIDUAL,2026-03-04,Antalya,Akdeniz,0,PHONE,ORGANIC,Customer_002503,1,,SYNTHETIC,1.3.0,42,
C002504,WS0003,INDIVIDUAL,2023-05-09,İzmir,Ege,0,SMS,WALK_IN,Customer_002504,1,,SYNTHETIC,1.3.0,42,
C002505,WS0008,INDIVIDUAL,2025-04-09,Gaziantep,Güneydoğu Anadolu,0,WHATSAPP,SOCIAL_MEDIA,Customer_002505,1,,SYNTHETIC,1.3.0,42,
C002506,WS0007,INDIVIDUAL,2021-11-08,Adana,Akdeniz,0,WHATSAPP,WALK_IN,Customer_002506,1,,SYNTHETIC,1.3.0,42,
C002507,WS0010,INDIVIDUAL,2024-10-03,Eskişehir,İç Anadolu,0,WHATSAPP,REFERRAL,Customer_002507,1,,SYNTHETIC,1.3.0,42,
C002508,WS0002,COMMERCIAL,2022-06-16,Ankara,İç Anadolu,0,WHATSAPP,REFERRAL,Customer_002508,1,,SYNTHETIC,1.3.0,42,
C002509,WS0010,INDIVIDUAL,2023-04-08,Eskişehir,İç Anadolu,0,SMS,SOCIAL_MEDIA,Customer_002509,1,,SYNTHETIC,1.3.0,42,
C002510,WS0001,INDIVIDUAL,2022-01-20,İstanbul,Marmara,0,WHATSAPP,WALK_IN,Customer_002510,1,,SYNTHETIC,1.3.0,42,
C002511,WS0003,INDIVIDUAL,2024-07-11,İzmir,Ege,0,PHONE,ORGANIC,Customer_002511,1,,SYNTHETIC,1.3.0,42,
C002512,WS0001,COMMERCIAL,2022-05-19,İstanbul,Marmara,0,EMAIL,FLEET_PARTNERSHIP,Customer_002512,1,,SYNTHETIC,1.3.0,42,
C002513,WS0002,INDIVIDUAL,2023-03-18,Ankara,İç Anadolu,0,WHATSAPP,ORGANIC,Customer_002513,1,,SYNTHETIC,1.3.0,42,
C002514,WS0002,INDIVIDUAL,2022-08-04,Ankara,İç Anadolu,0,PHONE,GOOGLE_MAPS,Customer_002514,1,,SYNTHETIC,1.3.0,42,
C002515,WS0010,INDIVIDUAL,2021-12-08,Eskişehir,İç Anadolu,0,WHATSAPP,REFERRAL,Customer_002515,1,,SYNTHETIC,1.3.0,42,
C002516,WS0004,INDIVIDUAL,2024-06-04,Bursa,Marmara,0,WHATSAPP,REFERRAL,Customer_002516,1,,SYNTHETIC,1.3.0,42,
C002517,WS0001,FLEET,2025-06-20,İstanbul,Marmara,1,WHATSAPP,REFERRAL,Customer_002517,1,,SYNTHETIC,1.3.0,42,
C002518,WS0008,INDIVIDUAL,2021-10-14,Gaziantep,Güneydoğu Anadolu,0,EMAIL,WALK_IN,Customer_002518,1,,SYNTHETIC,1.3.0,42,
C002519,WS0005,INDIVIDUAL,2023-09-03,Antalya,Akdeniz,0,PHONE,ORGANIC,Customer_002519,0,2026-06-28,SYNTHETIC,1.3.0,42,
C002520,WS0009,INDIVIDUAL,2022-01-27,Samsun,Karadeniz,0,PHONE,ORGANIC,Customer_002520,1,,SYNTHETIC,1.3.0,42,
C002521,WS0008,INDIVIDUAL,2022-12-13,Gaziantep,Güneydoğu Anadolu,0,SMS,WALK_IN,Customer_002521,1,,SYNTHETIC,1.3.0,42,
C002522,WS0007,INDIVIDUAL,2025-05-03,Adana,Akdeniz,0,WHATSAPP,GOOGLE_MAPS,Customer_002522,1,,SYNTHETIC,1.3.0,42,
C002523,WS0002,INDIVIDUAL,2022-02-14,Ankara,İç Anadolu,0,SMS,REFERRAL,Customer_002523,1,,SYNTHETIC,1.3.0,42,
C002524,WS0003,INDIVIDUAL,2023-07-29,İzmir,Ege,0,EMAIL,WALK_IN,Customer_002524,1,,SYNTHETIC,1.3.0,42,
C002525,WS0007,INDIVIDUAL,2024-01-09,Adana,Akdeniz,0,PHONE,ORGANIC,Customer_002525,1,,SYNTHETIC,1.3.0,42,
C002526,WS0002,INDIVIDUAL,2024-07-13,Ankara,İç Anadolu,0,WHATSAPP,ORGANIC,Customer_002526,0,2026-04-09,SYNTHETIC,1.3.0,42,
C002527,WS0007,INDIVIDUAL,2021-06-09,Adana,Akdeniz,0,WHATSAPP,WALK_IN,Customer_002527,1,,SYNTHETIC,1.3.0,42,
C002528,WS0002,INDIVIDUAL,2021-04-03,Ankara,İç Anadolu,0,PHONE,GOOGLE_MAPS,Customer_002528,1,,SYNTHETIC,1.3.0,42,
C002529,WS0001,INDIVIDUAL,2023-12-17,İstanbul,Marmara,0,PHONE,SOCIAL_MEDIA,Customer_002529,1,,SYNTHETIC,1.3.0,42,
C002530,WS0007,INDIVIDUAL,2022-07-05,Adana,Akdeniz,0,PHONE,ORGANIC,Customer_002530,1,,SYNTHETIC,1.3.0,42,
C002531,WS0007,INDIVIDUAL,2024-05-08,Adana,Akdeniz,0,WHATSAPP,ORGANIC,Customer_002531,1,,SYNTHETIC,1.3.0,42,
C002532,WS0001,INDIVIDUAL,2026-02-28,İstanbul,Marmara,0,WHATSAPP,WALK_IN,Customer_002532,1,,SYNTHETIC,1.3.0,42,
C002533,WS0004,COMMERCIAL,2022-07-31,Bursa,Marmara,0,EMAIL,REFERRAL,Customer_002533,0,2026-01-26,SYNTHETIC,1.3.0,42,
C002534,WS0002,FLEET,2022-09-29,Ankara,İç Anadolu,1,PHONE,FLEET_PARTNERSHIP,Customer_002534,1,,SYNTHETIC,1.3.0,42,
C002535,WS0009,INDIVIDUAL,2026-07-22,Samsun,Karadeniz,0,WHATSAPP,ORGANIC,Customer_002535,1,,SYNTHETIC,1.3.0,42,
C002536,WS0006,INDIVIDUAL,2023-01-08,Konya,İç Anadolu,0,WHATSAPP,WALK_IN,Customer_002536,1,,SYNTHETIC,1.3.0,42,
C002537,WS0003,INDIVIDUAL,2024-10-31,İzmir,Ege,0,WHATSAPP,REFERRAL,Customer_002537,1,,SYNTHETIC,1.3.0,42,
C002538,WS0007,COMMERCIAL,2025-02-14,Adana,Akdeniz,0,WHATSAPP,FLEET_PARTNERSHIP,Customer_002538,1,,SYNTHETIC,1.3.0,42,
C002539,WS0009,INDIVIDUAL,2024-07-30,Samsun,Karadeniz,0,WHATSAPP,GOOGLE_MAPS,Customer_002539,0,2026-07-31,SYNTHETIC,1.3.0,42,
C002540,WS0008,INDIVIDUAL,2022-09-02,Gaziantep,Güneydoğu Anadolu,0,WHATSAPP,WALK_IN,Customer_002540,1,,SYNTHETIC,1.3.0,42,
C002541,WS0007,INDIVIDUAL,2025-01-23,Adana,Akdeniz,0,EMAIL,WALK_IN,Customer_002541,1,,SYNTHETIC,1.3.0,42,
C002542,WS0007,INDIVIDUAL,2022-07-19,Adana,Akdeniz,0,WHATSAPP,ORGANIC,Customer_002542,1,,SYNTHETIC,1.3.0,42,
C002543,WS0008,INDIVIDUAL,2022-10-11,Gaziantep,Güneydoğu Anadolu,0,EMAIL,WALK_IN,Customer_002543,1,,SYNTHETIC,1.3.0,42,
C002544,WS0005,INDIVIDUAL,2024-10-16,Antalya,Akdeniz,0,WHATSAPP,WALK_IN,Customer_002544,1,,SYNTHETIC,1.3.0,42,
C002545,WS0002,INDIVIDUAL,2023-11-22,Ankara,İç Anadolu,0,WHATSAPP,GOOGLE_MAPS,Customer_002545,1,,SYNTHETIC,1.3.0,42,
C002546,WS0009,INDIVIDUAL,2023-07-04,Samsun,Karadeniz,0,EMAIL,ORGANIC,Customer_002546,0,2025-01-09,SYNTHETIC,1.3.0,42,
C002547,WS0001,INDIVIDUAL,2022-07-10,İstanbul,Marmara,0,WHATSAPP,SOCIAL_MEDIA,Customer_002547,1,,SYNTHETIC,1.3.0,42,
C002548,WS0001,INDIVIDUAL,2024-04-18,İstanbul,Marmara,0,WHATSAPP,ORGANIC,Customer_002548,1,,SYNTHETIC,1.3.0,42,
C002549,WS0001,INDIVIDUAL,2022-02-27,İstanbul,Marmara,0,WHATSAPP,REFERRAL,Customer_002549,0,2022-12-23,SYNTHETIC,1.3.0,42,
C002550,WS0010,INDIVIDUAL,2024-05-07,Eskişehir,İç Anadolu,0,WHATSAPP,GOOGLE_MAPS,Customer_002550,1,,SYNTHETIC,1.3.0,42,
C002551,WS0009,INDIVIDUAL,2021-07-21,Samsun,Karadeniz,0,WHATSAPP,REFERRAL,Customer_002551,1,,SYNTHETIC,1.3.0,42,
C002552,WS0002,INDIVIDUAL,2023-03-16,Ankara,İç Anadolu,0,SMS,WALK_IN,Customer_002552,1,,SYNTHETIC,1.3.0,42,
C002553,WS0006,INDIVIDUAL,2022-12-26,Konya,İç Anadolu,0,WHATSAPP,WALK_IN,Customer_002553,1,,SYNTHETIC,1.3.0,42,
C002554,WS0005,INDIVIDUAL,2022-06-06,Antalya,Akdeniz,0,WHATSAPP,REFERRAL,Customer_002554,1,,SYNTHETIC,1.3.0,42,
C002555,WS0005,INDIVIDUAL,2022-04-08,Antalya,Akdeniz,0,SMS,SOCIAL_MEDIA,Customer_002555,1,,SYNTHETIC,1.3.0,42,
C002556,WS0006,INDIVIDUAL,2022-03-31,Konya,İç Anadolu,0,PHONE,REFERRAL,Customer_002556,1,,SYNTHETIC,1.3.0,42,
C002557,WS0003,INDIVIDUAL,2026-01-21,İzmir,Ege,0,PHONE,WALK_IN,Customer_002557,1,,SYNTHETIC,1.3.0,42,
C002558,WS0003,INDIVIDUAL,2025-05-19,İzmir,Ege,0,PHONE,GOOGLE_MAPS,Customer_002558,1,,SYNTHETIC,1.3.0,42,
C002559,WS0005,COMMERCIAL,2021-06-12,Antalya,Akdeniz,0,PHONE,FLEET_PARTNERSHIP,Customer_002559,1,,SYNTHETIC,1.3.0,42,
C002560,WS0004,COMMERCIAL,2022-12-07,Bursa,Marmara,0,EMAIL,FLEET_PARTNERSHIP,Customer_002560,1,,SYNTHETIC,1.3.0,42,
C002561,WS0008,INDIVIDUAL,2021-01-17,Gaziantep,Güneydoğu Anadolu,0,WHATSAPP,REFERRAL,Customer_002561,1,,SYNTHETIC,1.3.0,42,
C002562,WS0007,INDIVIDUAL,2025-04-19,Adana,Akdeniz,0,WHATSAPP,GOOGLE_MAPS,Customer_002562,0,2025-12-26,SYNTHETIC,1.3.0,42,
C002563,WS0001,INDIVIDUAL,2025-01-02,İstanbul,Marmara,0,SMS,ORGANIC,Customer_002563,1,,SYNTHETIC,1.3.0,42,
C002564,WS0002,INDIVIDUAL,2021-03-04,Ankara,İç Anadolu,0,PHONE,ORGANIC,Customer_002564,1,,SYNTHETIC,1.3.0,42,
C002565,WS0005,INDIVIDUAL,2023-08-20,Antalya,Akdeniz,0,PHONE,ORGANIC,Customer_002565,1,,SYNTHETIC,1.3.0,42,
C002566,WS0008,INDIVIDUAL,2022-02-14,Gaziantep,Güneydoğu Anadolu,0,SMS,WALK_IN,Customer_002566,1,,SYNTHETIC,1.3.0,42,
C002567,WS0001,INDIVIDUAL,2023-01-14,İstanbul,Marmara,0,EMAIL,GOOGLE_MAPS,Customer_002567,1,,SYNTHETIC,1.3.0,42,
C002568,WS0008,INDIVIDUAL,2023-07-29,Gaziantep,Güneydoğu Anadolu,0,SMS,ORGANIC,Customer_002568,1,,SYNTHETIC,1.3.0,42,
C002569,WS0006,INDIVIDUAL,2024-05-17,Konya,İç Anadolu,0,WHATSAPP,GOOGLE_MAPS,Customer_002569,1,,SYNTHETIC,1.3.0,42,
C002570,WS0006,INDIVIDUAL,2023-07-18,Konya,İç Anadolu,0,EMAIL,WALK_IN,Customer_002570,1,,SYNTHETIC,1.3.0,42,
C002571,WS0005,INDIVIDUAL,2021-10-24,Antalya,Akdeniz,0,SMS,SOCIAL_MEDIA,Customer_002571,1,,SYNTHETIC,1.3.0,42,
C002572,WS0006,INDIVIDUAL,2021-05-25,Konya,İç Anadolu,0,WHATSAPP,ORGANIC,Customer_002572,1,,SYNTHETIC,1.3.0,42,
C002573,WS0008,INDIVIDUAL,2022-02-17,Gaziantep,Güneydoğu Anadolu,0,PHONE,REFERRAL,Customer_002573,1,,SYNTHETIC,1.3.0,42,
C002574,WS0005,INDIVIDUAL,2022-01-21,Antalya,Akdeniz,0,WHATSAPP,SOCIAL_MEDIA,Customer_002574,1,,SYNTHETIC,1.3.0,42,
C002575,WS0001,INDIVIDUAL,2022-09-14,İstanbul,Marmara,0,WHATSAPP,GOOGLE_MAPS,Customer_002575,1,,SYNTHETIC,1.3.0,42,
C002576,WS0007,INDIVIDUAL,2025-11-02,Adana,Akdeniz,0,PHONE,GOOGLE_MAPS,Customer_002576,1,,SYNTHETIC,1.3.0,42,
C002577,WS0010,INDIVIDUAL,2024-01-03,Eskişehir,İç Anadolu,0,PHONE,GOOGLE_MAPS,Customer_002577,1,,SYNTHETIC,1.3.0,42,
C002578,WS0004,INDIVIDUAL,2026-03-10,Bursa,Marmara,0,WHATSAPP,REFERRAL,Customer_002578,1,,SYNTHETIC,1.3.0,42,
C002579,WS0008,INDIVIDUAL,2026-03-26,Gaziantep,Güneydoğu Anadolu,0,WHATSAPP,WALK_IN,Customer_002579,1,,SYNTHETIC,1.3.0,42,
C002580,WS0003,INDIVIDUAL,2023-08-26,İzmir,Ege,0,WHATSAPP,REFERRAL,Customer_002580,1,,SYNTHETIC,1.3.0,42,
C002581,WS0007,INDIVIDUAL,2026-04-08,Adana,Akdeniz,0,WHATSAPP,REFERRAL,Customer_002581,1,,SYNTHETIC,1.3.0,42,
C002582,WS0003,COMMERCIAL,2024-07-08,İzmir,Ege,0,EMAIL,REFERRAL,Customer_002582,1,,SYNTHETIC,1.3.0,42,
C002583,WS0003,INDIVIDUAL,2021-12-30,İzmir,Ege,0,WHATSAPP,GOOGLE_MAPS,Customer_002583,1,,SYNTHETIC,1.3.0,42,
C002584,WS0006,INDIVIDUAL,2023-02-25,Konya,İç Anadolu,0,PHONE,GOOGLE_MAPS,Customer_002584,1,,SYNTHETIC,1.3.0,42,
C002585,WS0005,INDIVIDUAL,2024-02-26,Antalya,Akdeniz,0,PHONE,REFERRAL,Customer_002585,1,,SYNTHETIC,1.3.0,42,
C002586,WS0004,INDIVIDUAL,2022-06-04,Bursa,Marmara,0,EMAIL,GOOGLE_MAPS,Customer_002586,1,,SYNTHETIC,1.3.0,42,
C002587,WS0004,INDIVIDUAL,2021-09-20,Bursa,Marmara,0,PHONE,GOOGLE_MAPS,Customer_002587,1,,SYNTHETIC,1.3.0,42,
C002588,WS0006,INDIVIDUAL,2021-11-20,Konya,İç Anadolu,0,WHATSAPP,WALK_IN,Customer_002588,1,,SYNTHETIC,1.3.0,42,
C002589,WS0003,INDIVIDUAL,2025-01-14,İzmir,Ege,0,SMS,WALK_IN,Customer_002589,1,,SYNTHETIC,1.3.0,42,
C002590,WS0007,COMMERCIAL,2023-01-23,Adana,Akdeniz,0,WHATSAPP,REFERRAL,Customer_002590,1,,SYNTHETIC,1.3.0,42,
C002591,WS0005,INDIVIDUAL,2021-09-19,Antalya,Akdeniz,0,WHATSAPP,REFERRAL,Customer_002591,0,2022-04-07,SYNTHETIC,1.3.0,42,
C002592,WS0009,INDIVIDUAL,2023-06-14,Samsun,Karadeniz,0,WHATSAPP,ORGANIC,Customer_002592,0,2023-12-10,SYNTHETIC,1.3.0,42,
C002593,WS0008,INDIVIDUAL,2026-04-15,Gaziantep,Güneydoğu Anadolu,0,WHATSAPP,SOCIAL_MEDIA,Customer_002593,1,,SYNTHETIC,1.3.0,42,
C002594,WS0005,INDIVIDUAL,2021-06-07,Antalya,Akdeniz,0,WHATSAPP,ORGANIC,Customer_002594,1,,SYNTHETIC,1.3.0,42,
C002595,WS0006,INDIVIDUAL,2026-03-29,Konya,İç Anadolu,0,WHATSAPP,REFERRAL,Customer_002595,1,,SYNTHETIC,1.3.0,42,
C002596,WS0003,INDIVIDUAL,2026-03-07,İzmir,Ege,0,SMS,WALK_IN,Customer_002596,1,,SYNTHETIC,1.3.0,42,
C002597,WS0006,INDIVIDUAL,2026-04-01,Konya,İç Anadolu,0,PHONE,REFERRAL,Customer_002597,1,,SYNTHETIC,1.3.0,42,
C002598,WS0001,INDIVIDUAL,2022-01-18,İstanbul,Marmara,0,PHONE,REFERRAL,Customer_002598,1,,SYNTHETIC,1.3.0,42,
C002599,WS0003,INDIVIDUAL,2022-07-07,İzmir,Ege,0,WHATSAPP,WALK_IN,Customer_002599,1,,SYNTHETIC,1.3.0,42,
C002600,WS0005,INDIVIDUAL,2025-06-23,Antalya,Akdeniz,0,PHONE,WALK_IN,Customer_002600,1,,SYNTHETIC,1.3.0,42,
C002601,WS0008,COMMERCIAL,2025-02-02,Gaziantep,Güneydoğu Anadolu,0,WHATSAPP,FLEET_PARTNERSHIP,Customer_002601,1,,SYNTHETIC,1.3.0,42,
C002602,WS0001,INDIVIDUAL,2023-10-06,İstanbul,Marmara,0,WHATSAPP,ORGANIC,Customer_002602,1,,SYNTHETIC,1.3.0,42,
C002603,WS0003,INDIVIDUAL,2023-07-02,İzmir,Ege,0,EMAIL,WALK_IN,Customer_002603,1,,SYNTHETIC,1.3.0,42,
C002604,WS0010,COMMERCIAL,2022-06-12,Eskişehir,İç Anadolu,0,WHATSAPP,REFERRAL,Customer_002604,1,,SYNTHETIC,1.3.0,42,
C002605,WS0010,INDIVIDUAL,2022-05-15,Eskişehir,İç Anadolu,0,WHATSAPP,WALK_IN,Customer_002605,1,,SYNTHETIC,1.3.0,42,
C002606,WS0008,INDIVIDUAL,2026-07-09,Gaziantep,Güneydoğu Anadolu,0,SMS,WALK_IN,Customer_002606,1,,SYNTHETIC,1.3.0,42,
C002607,WS0006,INDIVIDUAL,2022-12-16,Konya,İç Anadolu,0,WHATSAPP,REFERRAL,Customer_002607,1,,SYNTHETIC,1.3.0,42,
C002608,WS0006,INDIVIDUAL,2026-03-13,Konya,İç Anadolu,0,PHONE,WALK_IN,Customer_002608,1,,SYNTHETIC,1.3.0,42,
C002609,WS0004,INDIVIDUAL,2026-05-15,Bursa,Marmara,0,WHATSAPP,ORGANIC,Customer_002609,1,,SYNTHETIC,1.3.0,42,
C002610,WS0002,INDIVIDUAL,2025-10-03,Ankara,İç Anadolu,0,WHATSAPP,WALK_IN,Customer_002610,1,,SYNTHETIC,1.3.0,42,
C002611,WS0003,COMMERCIAL,2024-06-25,İzmir,Ege,0,PHONE,REFERRAL,Customer_002611,1,,SYNTHETIC,1.3.0,42,
C002612,WS0003,INDIVIDUAL,2026-03-30,İzmir,Ege,0,PHONE,GOOGLE_MAPS,Customer_002612,0,2026-07-01,SYNTHETIC,1.3.0,42,
C002613,WS0007,INDIVIDUAL,2023-08-05,Adana,Akdeniz,0,WHATSAPP,REFERRAL,Customer_002613,1,,SYNTHETIC,1.3.0,42,
C002614,WS0004,COMMERCIAL,2023-05-24,Bursa,Marmara,0,EMAIL,DIRECT_SALES,Customer_002614,1,,SYNTHETIC,1.3.0,42,
C002615,WS0008,INDIVIDUAL,2023-07-23,Gaziantep,Güneydoğu Anadolu,0,WHATSAPP,GOOGLE_MAPS,Customer_002615,1,,SYNTHETIC,1.3.0,42,
C002616,WS0005,INDIVIDUAL,2021-10-26,Antalya,Akdeniz,0,WHATSAPP,ORGANIC,Customer_002616,1,,SYNTHETIC,1.3.0,42,
C002617,WS0001,FLEET,2022-09-14,İstanbul,Marmara,1,WHATSAPP,FLEET_PARTNERSHIP,Customer_002617,1,,SYNTHETIC,1.3.0,42,
C002618,WS0002,INDIVIDUAL,2024-01-12,Ankara,İç Anadolu,0,WHATSAPP,SOCIAL_MEDIA,Customer_002618,0,2025-02-13,SYNTHETIC,1.3.0,42,
C002619,WS0002,INDIVIDUAL,2021-11-03,Ankara,İç Anadolu,0,PHONE,REFERRAL,Customer_002619,1,,SYNTHETIC,1.3.0,42,
C002620,WS0004,INDIVIDUAL,2022-01-11,Bursa,Marmara,0,EMAIL,ORGANIC,Customer_002620,1,,SYNTHETIC,1.3.0,42,
C002621,WS0003,FLEET,2023-10-11,İzmir,Ege,1,WHATSAPP,ORGANIC,Customer_002621,1,,SYNTHETIC,1.3.0,42,
C002622,WS0006,INDIVIDUAL,2025-02-20,Konya,İç Anadolu,0,WHATSAPP,SOCIAL_MEDIA,Customer_002622,1,,SYNTHETIC,1.3.0,42,
C002623,WS0001,INDIVIDUAL,2024-09-10,İstanbul,Marmara,0,WHATSAPP,GOOGLE_MAPS,Customer_002623,0,2025-06-22,SYNTHETIC,1.3.0,42,
C002624,WS0004,INDIVIDUAL,2022-11-27,Bursa,Marmara,0,SMS,REFERRAL,Customer_002624,1,,SYNTHETIC,1.3.0,42,
C002625,WS0006,COMMERCIAL,2023-04-18,Konya,İç Anadolu,0,EMAIL,REFERRAL,Customer_002625,1,,SYNTHETIC,1.3.0,42,
C002626,WS0006,INDIVIDUAL,2022-12-16,Konya,İç Anadolu,0,EMAIL,ORGANIC,Customer_002626,1,,SYNTHETIC,1.3.0,42,
C002627,WS0006,COMMERCIAL,2023-09-06,Konya,İç Anadolu,0,EMAIL,FLEET_PARTNERSHIP,Customer_002627,1,,SYNTHETIC,1.3.0,42,
C002628,WS0006,INDIVIDUAL,2025-05-11,Konya,İç Anadolu,0,WHATSAPP,WALK_IN,Customer_002628,1,,SYNTHETIC,1.3.0,42,
C002629,WS0009,INDIVIDUAL,2022-12-02,Samsun,Karadeniz,0,WHATSAPP,SOCIAL_MEDIA,Customer_002629,1,,SYNTHETIC,1.3.0,42,
C002630,WS0008,INDIVIDUAL,2025-10-19,Gaziantep,Güneydoğu Anadolu,0,WHATSAPP,WALK_IN,Customer_002630,1,,SYNTHETIC,1.3.0,42,
C002631,WS0004,INDIVIDUAL,2023-06-29,Bursa,Marmara,0,WHATSAPP,ORGANIC,Customer_002631,1,,SYNTHETIC,1.3.0,42,
C002632,WS0008,INDIVIDUAL,2021-11-28,Gaziantep,Güneydoğu Anadolu,0,WHATSAPP,WALK_IN,Customer_002632,0,2026-04-01,SYNTHETIC,1.3.0,42,
C002633,WS0007,INDIVIDUAL,2022-12-17,Adana,Akdeniz,0,SMS,REFERRAL,Customer_002633,1,,SYNTHETIC,1.3.0,42,
C002634,WS0006,INDIVIDUAL,2025-07-12,Konya,İç Anadolu,0,EMAIL,REFERRAL,Customer_002634,1,,SYNTHETIC,1.3.0,42,
C002635,WS0003,INDIVIDUAL,2024-09-06,İzmir,Ege,0,WHATSAPP,WALK_IN,Customer_002635,1,,SYNTHETIC,1.3.0,42,
C002636,WS0006,INDIVIDUAL,2025-09-18,Konya,İç Anadolu,0,WHATSAPP,ORGANIC,Customer_002636,1,,SYNTHETIC,1.3.0,42,
C002637,WS0005,INDIVIDUAL,2026-02-07,Antalya,Akdeniz,0,WHATSAPP,REFERRAL,Customer_002637,1,,SYNTHETIC,1.3.0,42,
C002638,WS0002,INDIVIDUAL,2022-07-06,Ankara,İç Anadolu,0,WHATSAPP,WALK_IN,Customer_002638,0,2025-02-02,SYNTHETIC,1.3.0,42,
C002639,WS0002,COMMERCIAL,2023-08-03,Ankara,İç Anadolu,0,WHATSAPP,DIRECT_SALES,Customer_002639,1,,SYNTHETIC,1.3.0,42,
C002640,WS0008,INDIVIDUAL,2023-06-30,Gaziantep,Güneydoğu Anadolu,0,WHATSAPP,WALK_IN,Customer_002640,1,,SYNTHETIC,1.3.0,42,
C002641,WS0001,INDIVIDUAL,2021-04-07,İstanbul,Marmara,0,PHONE,REFERRAL,Customer_002641,1,,SYNTHETIC,1.3.0,42,
C002642,WS0001,INDIVIDUAL,2023-02-02,İstanbul,Marmara,0,WHATSAPP,REFERRAL,Customer_002642,1,,SYNTHETIC,1.3.0,42,
C002643,WS0007,INDIVIDUAL,2021-01-09,Adana,Akdeniz,0,WHATSAPP,ORGANIC,Customer_002643,1,,SYNTHETIC,1.3.0,42,
C002644,WS0009,INDIVIDUAL,2025-11-17,Samsun,Karadeniz,0,WHATSAPP,SOCIAL_MEDIA,Customer_002644,1,,SYNTHETIC,1.3.0,42,
C002645,WS0001,INDIVIDUAL,2023-09-04,İstanbul,Marmara,0,WHATSAPP,SOCIAL_MEDIA,Customer_002645,1,,SYNTHETIC,1.3.0,42,
C002646,WS0005,INDIVIDUAL,2022-06-26,Antalya,Akdeniz,0,PHONE,REFERRAL,Customer_002646,1,,SYNTHETIC,1.3.0,42,
C002647,WS0001,INDIVIDUAL,2026-01-19,İstanbul,Marmara,0,PHONE,ORGANIC,Customer_002647,1,,SYNTHETIC,1.3.0,42,
C002648,WS0008,INDIVIDUAL,2026-01-03,Gaziantep,Güneydoğu Anadolu,0,PHONE,ORGANIC,Customer_002648,1,,SYNTHETIC,1.3.0,42,
C002649,WS0010,INDIVIDUAL,2023-07-10,Eskişehir,İç Anadolu,0,SMS,ORGANIC,Customer_002649,1,,SYNTHETIC,1.3.0,42,
C002650,WS0007,INDIVIDUAL,2026-01-05,Adana,Akdeniz,0,WHATSAPP,GOOGLE_MAPS,Customer_002650,1,,SYNTHETIC,1.3.0,42,
C002651,WS0004,INDIVIDUAL,2023-08-05,Bursa,Marmara,0,WHATSAPP,GOOGLE_MAPS,Customer_002651,0,2024-06-27,SYNTHETIC,1.3.0,42,
C002652,WS0009,INDIVIDUAL,2021-04-03,Samsun,Karadeniz,0,PHONE,ORGANIC,Customer_002652,1,,SYNTHETIC,1.3.0,42,
C002653,WS0005,COMMERCIAL,2021-10-18,Antalya,Akdeniz,0,EMAIL,DIRECT_SALES,Customer_002653,1,,SYNTHETIC,1.3.0,42,
C002654,WS0006,INDIVIDUAL,2023-12-05,Konya,İç Anadolu,0,SMS,ORGANIC,Customer_002654,0,2024-05-09,SYNTHETIC,1.3.0,42,
C002655,WS0009,INDIVIDUAL,2024-10-05,Samsun,Karadeniz,0,PHONE,ORGANIC,Customer_002655,1,,SYNTHETIC,1.3.0,42,
C002656,WS0010,INDIVIDUAL,2023-09-12,Eskişehir,İç Anadolu,0,SMS,ORGANIC,Customer_002656,1,,SYNTHETIC,1.3.0,42,
C002657,WS0003,INDIVIDUAL,2022-01-31,İzmir,Ege,0,SMS,REFERRAL,Customer_002657,1,,SYNTHETIC,1.3.0,42,
C002658,WS0003,INDIVIDUAL,2023-08-14,İzmir,Ege,0,SMS,WALK_IN,Customer_002658,1,,SYNTHETIC,1.3.0,42,
C002659,WS0007,INDIVIDUAL,2022-08-08,Adana,Akdeniz,0,SMS,GOOGLE_MAPS,Customer_002659,1,,SYNTHETIC,1.3.0,42,
C002660,WS0007,FLEET,2023-06-07,Adana,Akdeniz,1,PHONE,REFERRAL,Customer_002660,1,,SYNTHETIC,1.3.0,42,
C002661,WS0001,INDIVIDUAL,2022-08-21,İstanbul,Marmara,0,WHATSAPP,WALK_IN,Customer_002661,1,,SYNTHETIC,1.3.0,42,
C002662,WS0004,INDIVIDUAL,2022-06-23,Bursa,Marmara,0,SMS,GOOGLE_MAPS,Customer_002662,1,,SYNTHETIC,1.3.0,42,
C002663,WS0005,INDIVIDUAL,2022-03-19,Antalya,Akdeniz,0,WHATSAPP,SOCIAL_MEDIA,Customer_002663,0,2023-06-15,SYNTHETIC,1.3.0,42,
C002664,WS0009,INDIVIDUAL,2024-09-03,Samsun,Karadeniz,0,PHONE,ORGANIC,Customer_002664,1,,SYNTHETIC,1.3.0,42,
C002665,WS0003,INDIVIDUAL,2022-09-02,İzmir,Ege,0,SMS,GOOGLE_MAPS,Customer_002665,1,,SYNTHETIC,1.3.0,42,
C002666,WS0005,INDIVIDUAL,2021-04-04,Antalya,Akdeniz,0,EMAIL,GOOGLE_MAPS,Customer_002666,1,,SYNTHETIC,1.3.0,42,
C002667,WS0002,INDIVIDUAL,2024-04-02,Ankara,İç Anadolu,0,SMS,ORGANIC,Customer_002667,1,,SYNTHETIC,1.3.0,42,
C002668,WS0003,INDIVIDUAL,2021-02-02,İzmir,Ege,0,WHATSAPP,ORGANIC,Customer_002668,1,,SYNTHETIC,1.3.0,42,
C002669,WS0007,INDIVIDUAL,2026-01-28,Adana,Akdeniz,0,WHATSAPP,REFERRAL,Customer_002669,1,,SYNTHETIC,1.3.0,42,
C002670,WS0001,INDIVIDUAL,2022-12-07,İstanbul,Marmara,0,WHATSAPP,ORGANIC,Customer_002670,1,,SYNTHETIC,1.3.0,42,
C002671,WS0001,INDIVIDUAL,2025-03-03,İstanbul,Marmara,0,PHONE,REFERRAL,Customer_002671,1,,SYNTHETIC,1.3.0,42,
C002672,WS0010,INDIVIDUAL,2022-01-08,Eskişehir,İç Anadolu,0,WHATSAPP,REFERRAL,Customer_002672,1,,SYNTHETIC,1.3.0,42,
C002673,WS0007,COMMERCIAL,2021-02-05,Adana,Akdeniz,0,PHONE,FLEET_PARTNERSHIP,Customer_002673,1,,SYNTHETIC,1.3.0,42,
C002674,WS0001,COMMERCIAL,2025-06-05,İstanbul,Marmara,0,EMAIL,ORGANIC,Customer_002674,1,,SYNTHETIC,1.3.0,42,
C002675,WS0009,INDIVIDUAL,2021-08-14,Samsun,Karadeniz,0,PHONE,ORGANIC,Customer_002675,1,,SYNTHETIC,1.3.0,42,
C002676,WS0004,INDIVIDUAL,2022-09-13,Bursa,Marmara,0,EMAIL,ORGANIC,Customer_002676,1,,SYNTHETIC,1.3.0,42,
C002677,WS0010,INDIVIDUAL,2022-05-28,Eskişehir,İç Anadolu,0,WHATSAPP,GOOGLE_MAPS,Customer_002677,1,,SYNTHETIC,1.3.0,42,
C002678,WS0006,INDIVIDUAL,2021-09-12,Konya,İç Anadolu,0,EMAIL,REFERRAL,Customer_002678,1,,SYNTHETIC,1.3.0,42,
C002679,WS0003,INDIVIDUAL,2024-06-29,İzmir,Ege,0,PHONE,SOCIAL_MEDIA,Customer_002679,1,,SYNTHETIC,1.3.0,42,
C002680,WS0003,INDIVIDUAL,2024-09-17,İzmir,Ege,0,WHATSAPP,SOCIAL_MEDIA,Customer_002680,1,,SYNTHETIC,1.3.0,42,
C002681,WS0004,INDIVIDUAL,2021-10-01,Bursa,Marmara,0,WHATSAPP,ORGANIC,Customer_002681,1,,SYNTHETIC,1.3.0,42,
C002682,WS0007,INDIVIDUAL,2026-05-08,Adana,Akdeniz,0,WHATSAPP,REFERRAL,Customer_002682,0,2026-07-01,SYNTHETIC,1.3.0,42,
C002683,WS0009,INDIVIDUAL,2023-02-24,Samsun,Karadeniz,0,WHATSAPP,REFERRAL,Customer_002683,1,,SYNTHETIC,1.3.0,42,
C002684,WS0007,INDIVIDUAL,2025-05-07,Adana,Akdeniz,0,WHATSAPP,GOOGLE_MAPS,Customer_002684,1,,SYNTHETIC,1.3.0,42,
C002685,WS0008,FLEET,2021-12-10,Gaziantep,Güneydoğu Anadolu,1,WHATSAPP,DIRECT_SALES,Customer_002685,1,,SYNTHETIC,1.3.0,42,
C002686,WS0001,INDIVIDUAL,2026-07-04,İstanbul,Marmara,0,WHATSAPP,GOOGLE_MAPS,Customer_002686,1,,SYNTHETIC,1.3.0,42,
C002687,WS0007,INDIVIDUAL,2025-03-29,Adana,Akdeniz,0,SMS,WALK_IN,Customer_002687,1,,SYNTHETIC,1.3.0,42,
C002688,WS0006,INDIVIDUAL,2024-08-08,Konya,İç Anadolu,0,WHATSAPP,REFERRAL,Customer_002688,1,,SYNTHETIC,1.3.0,42,
C002689,WS0007,INDIVIDUAL,2022-08-24,Adana,Akdeniz,0,WHATSAPP,SOCIAL_MEDIA,Customer_002689,1,,SYNTHETIC,1.3.0,42,
C002690,WS0006,INDIVIDUAL,2023-11-20,Konya,İç Anadolu,0,WHATSAPP,GOOGLE_MAPS,Customer_002690,1,,SYNTHETIC,1.3.0,42,
C002691,WS0003,INDIVIDUAL,2022-12-27,İzmir,Ege,0,EMAIL,WALK_IN,Customer_002691,1,,SYNTHETIC,1.3.0,42,
C002692,WS0003,INDIVIDUAL,2023-03-02,İzmir,Ege,0,PHONE,GOOGLE_MAPS,Customer_002692,1,,SYNTHETIC,1.3.0,42,
C002693,WS0009,INDIVIDUAL,2021-10-04,Samsun,Karadeniz,0,EMAIL,ORGANIC,Customer_002693,1,,SYNTHETIC,1.3.0,42,
C002694,WS0005,INDIVIDUAL,2021-02-21,Antalya,Akdeniz,0,WHATSAPP,ORGANIC,Customer_002694,1,,SYNTHETIC,1.3.0,42,
C002695,WS0002,INDIVIDUAL,2024-03-31,Ankara,İç Anadolu,0,SMS,ORGANIC,Customer_002695,1,,SYNTHETIC,1.3.0,42,
C002696,WS0007,INDIVIDUAL,2025-08-31,Adana,Akdeniz,0,WHATSAPP,SOCIAL_MEDIA,Customer_002696,1,,SYNTHETIC,1.3.0,42,
C002697,WS0005,COMMERCIAL,2025-04-08,Antalya,Akdeniz,0,PHONE,DIRECT_SALES,Customer_002697,1,,SYNTHETIC,1.3.0,42,
C002698,WS0010,INDIVIDUAL,2026-01-29,Eskişehir,İç Anadolu,0,SMS,SOCIAL_MEDIA,Customer_002698,0,2026-06-08,SYNTHETIC,1.3.0,42,
C002699,WS0009,INDIVIDUAL,2021-02-26,Samsun,Karadeniz,0,WHATSAPP,ORGANIC,Customer_002699,1,,SYNTHETIC,1.3.0,42,
C002700,WS0004,INDIVIDUAL,2026-07-08,Bursa,Marmara,0,EMAIL,WALK_IN,Customer_002700,1,,SYNTHETIC,1.3.0,42,
C002701,WS0001,INDIVIDUAL,2022-08-12,İstanbul,Marmara,0,SMS,GOOGLE_MAPS,Customer_002701,0,2024-08-04,SYNTHETIC,1.3.0,42,
C002702,WS0005,INDIVIDUAL,2026-06-18,Antalya,Akdeniz,0,WHATSAPP,WALK_IN,Customer_002702,1,,SYNTHETIC,1.3.0,42,
C002703,WS0002,INDIVIDUAL,2026-02-07,Ankara,İç Anadolu,0,PHONE,REFERRAL,Customer_002703,1,,SYNTHETIC,1.3.0,42,
C002704,WS0005,INDIVIDUAL,2024-07-23,Antalya,Akdeniz,0,WHATSAPP,WALK_IN,Customer_002704,1,,SYNTHETIC,1.3.0,42,
C002705,WS0007,INDIVIDUAL,2021-05-15,Adana,Akdeniz,0,WHATSAPP,WALK_IN,Customer_002705,1,,SYNTHETIC,1.3.0,42,
C002706,WS0001,COMMERCIAL,2024-06-29,İstanbul,Marmara,0,WHATSAPP,FLEET_PARTNERSHIP,Customer_002706,1,,SYNTHETIC,1.3.0,42,
C002707,WS0006,INDIVIDUAL,2025-05-08,Konya,İç Anadolu,0,WHATSAPP,REFERRAL,Customer_002707,1,,SYNTHETIC,1.3.0,42,
C002708,WS0002,INDIVIDUAL,2024-01-24,Ankara,İç Anadolu,0,WHATSAPP,ORGANIC,Customer_002708,1,,SYNTHETIC,1.3.0,42,
C002709,WS0001,INDIVIDUAL,2022-09-29,İstanbul,Marmara,0,PHONE,ORGANIC,Customer_002709,1,,SYNTHETIC,1.3.0,42,
C002710,WS0002,INDIVIDUAL,2022-03-16,Ankara,İç Anadolu,0,WHATSAPP,ORGANIC,Customer_002710,0,2023-01-29,SYNTHETIC,1.3.0,42,
C002711,WS0002,INDIVIDUAL,2024-01-25,Ankara,İç Anadolu,0,WHATSAPP,SOCIAL_MEDIA,Customer_002711,1,,SYNTHETIC,1.3.0,42,
C002712,WS0010,COMMERCIAL,2022-12-23,Eskişehir,İç Anadolu,0,EMAIL,FLEET_PARTNERSHIP,Customer_002712,1,,SYNTHETIC,1.3.0,42,
C002713,WS0001,INDIVIDUAL,2022-01-12,İstanbul,Marmara,0,PHONE,REFERRAL,Customer_002713,1,,SYNTHETIC,1.3.0,42,
C002714,WS0001,INDIVIDUAL,2023-07-31,İstanbul,Marmara,0,WHATSAPP,ORGANIC,Customer_002714,1,,SYNTHETIC,1.3.0,42,
C002715,WS0004,INDIVIDUAL,2025-01-23,Bursa,Marmara,0,WHATSAPP,WALK_IN,Customer_002715,1,,SYNTHETIC,1.3.0,42,
C002716,WS0001,COMMERCIAL,2023-07-16,İstanbul,Marmara,0,EMAIL,DIRECT_SALES,Customer_002716,1,,SYNTHETIC,1.3.0,42,
C002717,WS0007,INDIVIDUAL,2022-09-19,Adana,Akdeniz,0,EMAIL,GOOGLE_MAPS,Customer_002717,1,,SYNTHETIC,1.3.0,42,
C002718,WS0008,FLEET,2026-04-10,Gaziantep,Güneydoğu Anadolu,1,WHATSAPP,ORGANIC,Customer_002718,1,,SYNTHETIC,1.3.0,42,
C002719,WS0006,FLEET,2022-05-21,Konya,İç Anadolu,1,EMAIL,ORGANIC,Customer_002719,1,,SYNTHETIC,1.3.0,42,
C002720,WS0007,INDIVIDUAL,2023-07-21,Adana,Akdeniz,0,PHONE,GOOGLE_MAPS,Customer_002720,1,,SYNTHETIC,1.3.0,42,
C002721,WS0003,INDIVIDUAL,2022-05-26,İzmir,Ege,0,WHATSAPP,ORGANIC,Customer_002721,1,,SYNTHETIC,1.3.0,42,
C002722,WS0008,INDIVIDUAL,2023-07-10,Gaziantep,Güneydoğu Anadolu,0,WHATSAPP,REFERRAL,Customer_002722,1,,SYNTHETIC,1.3.0,42,
C002723,WS0006,INDIVIDUAL,2022-03-12,Konya,İç Anadolu,0,WHATSAPP,SOCIAL_MEDIA,Customer_002723,1,,SYNTHETIC,1.3.0,42,
C002724,WS0005,INDIVIDUAL,2021-11-08,Antalya,Akdeniz,0,WHATSAPP,GOOGLE_MAPS,Customer_002724,1,,SYNTHETIC,1.3.0,42,
C002725,WS0006,FLEET,2021-08-10,Konya,İç Anadolu,1,EMAIL,FLEET_PARTNERSHIP,Customer_002725,1,,SYNTHETIC,1.3.0,42,
C002726,WS0005,INDIVIDUAL,2024-06-05,Antalya,Akdeniz,0,WHATSAPP,GOOGLE_MAPS,Customer_002726,1,,SYNTHETIC,1.3.0,42,
C002727,WS0004,INDIVIDUAL,2021-10-03,Bursa,Marmara,0,WHATSAPP,SOCIAL_MEDIA,Customer_002727,1,,SYNTHETIC,1.3.0,42,
C002728,WS0007,INDIVIDUAL,2023-09-27,Adana,Akdeniz,0,WHATSAPP,WALK_IN,Customer_002728,1,,SYNTHETIC,1.3.0,42,
C002729,WS0009,INDIVIDUAL,2022-08-19,Samsun,Karadeniz,0,WHATSAPP,SOCIAL_MEDIA,Customer_002729,1,,SYNTHETIC,1.3.0,42,
C002730,WS0002,INDIVIDUAL,2026-04-26,Ankara,İç Anadolu,0,PHONE,GOOGLE_MAPS,Customer_002730,0,2026-07-28,SYNTHETIC,1.3.0,42,
C002731,WS0003,INDIVIDUAL,2023-04-30,İzmir,Ege,0,WHATSAPP,REFERRAL,Customer_002731,1,,SYNTHETIC,1.3.0,42,
C002732,WS0003,INDIVIDUAL,2021-09-07,İzmir,Ege,0,WHATSAPP,WALK_IN,Customer_002732,1,,SYNTHETIC,1.3.0,42,
C002733,WS0004,COMMERCIAL,2021-11-10,Bursa,Marmara,0,WHATSAPP,DIRECT_SALES,Customer_002733,1,,SYNTHETIC,1.3.0,42,
C002734,WS0009,INDIVIDUAL,2025-05-01,Samsun,Karadeniz,0,WHATSAPP,REFERRAL,Customer_002734,1,,SYNTHETIC,1.3.0,42,
C002735,WS0004,INDIVIDUAL,2021-11-17,Bursa,Marmara,0,WHATSAPP,ORGANIC,Customer_002735,1,,SYNTHETIC,1.3.0,42,
C002736,WS0002,INDIVIDUAL,2024-12-28,Ankara,İç Anadolu,0,WHATSAPP,ORGANIC,Customer_002736,1,,SYNTHETIC,1.3.0,42,
C002737,WS0004,INDIVIDUAL,2023-07-30,Bursa,Marmara,0,WHATSAPP,ORGANIC,Customer_002737,1,,SYNTHETIC,1.3.0,42,
C002738,WS0010,INDIVIDUAL,2021-01-16,Eskişehir,İç Anadolu,0,PHONE,REFERRAL,Customer_002738,1,,SYNTHETIC,1.3.0,42,
C002739,WS0007,INDIVIDUAL,2022-10-30,Adana,Akdeniz,0,PHONE,ORGANIC,Customer_002739,1,,SYNTHETIC,1.3.0,42,
C002740,WS0001,INDIVIDUAL,2025-03-31,İstanbul,Marmara,0,WHATSAPP,SOCIAL_MEDIA,Customer_002740,1,,SYNTHETIC,1.3.0,42,
C002741,WS0005,COMMERCIAL,2025-03-18,Antalya,Akdeniz,0,WHATSAPP,REFERRAL,Customer_002741,1,,SYNTHETIC,1.3.0,42,
C002742,WS0009,INDIVIDUAL,2023-04-28,Samsun,Karadeniz,0,PHONE,GOOGLE_MAPS,Customer_002742,1,,SYNTHETIC,1.3.0,42,
C002743,WS0002,COMMERCIAL,2025-12-15,Ankara,İç Anadolu,0,WHATSAPP,REFERRAL,Customer_002743,1,,SYNTHETIC,1.3.0,42,
C002744,WS0003,COMMERCIAL,2022-02-14,İzmir,Ege,0,PHONE,ORGANIC,Customer_002744,1,,SYNTHETIC,1.3.0,42,
C002745,WS0009,INDIVIDUAL,2024-04-27,Samsun,Karadeniz,0,WHATSAPP,ORGANIC,Customer_002745,1,,SYNTHETIC,1.3.0,42,
C002746,WS0008,INDIVIDUAL,2024-08-17,Gaziantep,Güneydoğu Anadolu,0,WHATSAPP,GOOGLE_MAPS,Customer_002746,1,,SYNTHETIC,1.3.0,42,
C002747,WS0007,INDIVIDUAL,2026-03-01,Adana,Akdeniz,0,EMAIL,REFERRAL,Customer_002747,0,2026-06-17,SYNTHETIC,1.3.0,42,
C002748,WS0010,INDIVIDUAL,2025-06-01,Eskişehir,İç Anadolu,0,WHATSAPP,REFERRAL,Customer_002748,1,,SYNTHETIC,1.3.0,42,
C002749,WS0008,COMMERCIAL,2022-12-05,Gaziantep,Güneydoğu Anadolu,0,WHATSAPP,DIRECT_SALES,Customer_002749,1,,SYNTHETIC,1.3.0,42,
C002750,WS0010,INDIVIDUAL,2023-12-05,Eskişehir,İç Anadolu,0,SMS,ORGANIC,Customer_002750,1,,SYNTHETIC,1.3.0,42,
C002751,WS0001,INDIVIDUAL,2023-05-10,İstanbul,Marmara,0,WHATSAPP,REFERRAL,Customer_002751,0,2025-02-20,SYNTHETIC,1.3.0,42,
C002752,WS0003,COMMERCIAL,2022-10-08,İzmir,Ege,0,EMAIL,FLEET_PARTNERSHIP,Customer_002752,1,,SYNTHETIC,1.3.0,42,
C002753,WS0009,INDIVIDUAL,2022-08-26,Samsun,Karadeniz,0,SMS,REFERRAL,Customer_002753,1,,SYNTHETIC,1.3.0,42,
C002754,WS0003,INDIVIDUAL,2021-11-22,İzmir,Ege,0,PHONE,ORGANIC,Customer_002754,1,,SYNTHETIC,1.3.0,42,
C002755,WS0003,INDIVIDUAL,2022-09-21,İzmir,Ege,0,WHATSAPP,WALK_IN,Customer_002755,1,,SYNTHETIC,1.3.0,42,
C002756,WS0010,COMMERCIAL,2021-02-14,Eskişehir,İç Anadolu,0,EMAIL,REFERRAL,Customer_002756,1,,SYNTHETIC,1.3.0,42,
C002757,WS0010,COMMERCIAL,2022-09-19,Eskişehir,İç Anadolu,0,WHATSAPP,ORGANIC,Customer_002757,1,,SYNTHETIC,1.3.0,42,
C002758,WS0009,INDIVIDUAL,2024-10-28,Samsun,Karadeniz,0,WHATSAPP,ORGANIC,Customer_002758,1,,SYNTHETIC,1.3.0,42,
C002759,WS0003,INDIVIDUAL,2023-01-22,İzmir,Ege,0,PHONE,WALK_IN,Customer_002759,1,,SYNTHETIC,1.3.0,42,
C002760,WS0005,INDIVIDUAL,2021-03-10,Antalya,Akdeniz,0,WHATSAPP,ORGANIC,Customer_002760,1,,SYNTHETIC,1.3.0,42,
C002761,WS0009,INDIVIDUAL,2024-10-28,Samsun,Karadeniz,0,SMS,REFERRAL,Customer_002761,0,2025-06-19,SYNTHETIC,1.3.0,42,
C002762,WS0009,INDIVIDUAL,2024-08-23,Samsun,Karadeniz,0,WHATSAPP,WALK_IN,Customer_002762,1,,SYNTHETIC,1.3.0,42,
C002763,WS0005,INDIVIDUAL,2025-02-27,Antalya,Akdeniz,0,WHATSAPP,WALK_IN,Customer_002763,1,,SYNTHETIC,1.3.0,42,
C002764,WS0002,INDIVIDUAL,2023-12-28,Ankara,İç Anadolu,0,WHATSAPP,WALK_IN,Customer_002764,1,,SYNTHETIC,1.3.0,42,
C002765,WS0005,INDIVIDUAL,2022-04-22,Antalya,Akdeniz,0,WHATSAPP,WALK_IN,Customer_002765,0,2023-12-26,SYNTHETIC,1.3.0,42,
C002766,WS0010,INDIVIDUAL,2022-11-15,Eskişehir,İç Anadolu,0,PHONE,ORGANIC,Customer_002766,1,,SYNTHETIC,1.3.0,42,
C002767,WS0002,INDIVIDUAL,2025-03-13,Ankara,İç Anadolu,0,WHATSAPP,WALK_IN,Customer_002767,1,,SYNTHETIC,1.3.0,42,
C002768,WS0002,INDIVIDUAL,2024-07-13,Ankara,İç Anadolu,0,PHONE,WALK_IN,Customer_002768,1,,SYNTHETIC,1.3.0,42,
C002769,WS0001,INDIVIDUAL,2021-11-29,İstanbul,Marmara,0,WHATSAPP,WALK_IN,Customer_002769,0,2023-09-23,SYNTHETIC,1.3.0,42,
C002770,WS0010,INDIVIDUAL,2024-07-09,Eskişehir,İç Anadolu,0,PHONE,WALK_IN,Customer_002770,1,,SYNTHETIC,1.3.0,42,
C002771,WS0001,INDIVIDUAL,2026-04-25,İstanbul,Marmara,0,WHATSAPP,REFERRAL,Customer_002771,1,,SYNTHETIC,1.3.0,42,
C002772,WS0005,INDIVIDUAL,2022-01-23,Antalya,Akdeniz,0,WHATSAPP,WALK_IN,Customer_002772,1,,SYNTHETIC,1.3.0,42,
C002773,WS0001,INDIVIDUAL,2023-03-29,İstanbul,Marmara,0,WHATSAPP,REFERRAL,Customer_002773,1,,SYNTHETIC,1.3.0,42,
C002774,WS0001,FLEET,2023-04-18,İstanbul,Marmara,1,WHATSAPP,REFERRAL,Customer_002774,1,,SYNTHETIC,1.3.0,42,
C002775,WS0010,INDIVIDUAL,2026-06-08,Eskişehir,İç Anadolu,0,WHATSAPP,ORGANIC,Customer_002775,1,,SYNTHETIC,1.3.0,42,
C002776,WS0008,INDIVIDUAL,2024-02-21,Gaziantep,Güneydoğu Anadolu,0,WHATSAPP,WALK_IN,Customer_002776,1,,SYNTHETIC,1.3.0,42,
C002777,WS0003,COMMERCIAL,2024-05-16,İzmir,Ege,0,WHATSAPP,DIRECT_SALES,Customer_002777,1,,SYNTHETIC,1.3.0,42,
C002778,WS0006,INDIVIDUAL,2023-10-12,Konya,İç Anadolu,0,PHONE,GOOGLE_MAPS,Customer_002778,1,,SYNTHETIC,1.3.0,42,
C002779,WS0001,INDIVIDUAL,2021-04-04,İstanbul,Marmara,0,EMAIL,SOCIAL_MEDIA,Customer_002779,1,,SYNTHETIC,1.3.0,42,
C002780,WS0008,INDIVIDUAL,2023-08-27,Gaziantep,Güneydoğu Anadolu,0,WHATSAPP,ORGANIC,Customer_002780,1,,SYNTHETIC,1.3.0,42,
C002781,WS0001,INDIVIDUAL,2024-08-07,İstanbul,Marmara,0,PHONE,WALK_IN,Customer_002781,1,,SYNTHETIC,1.3.0,42,
C002782,WS0008,INDIVIDUAL,2023-11-04,Gaziantep,Güneydoğu Anadolu,0,SMS,SOCIAL_MEDIA,Customer_002782,1,,SYNTHETIC,1.3.0,42,
C002783,WS0002,INDIVIDUAL,2025-08-21,Ankara,İç Anadolu,0,WHATSAPP,GOOGLE_MAPS,Customer_002783,1,,SYNTHETIC,1.3.0,42,
C002784,WS0001,INDIVIDUAL,2023-01-25,İstanbul,Marmara,0,WHATSAPP,SOCIAL_MEDIA,Customer_002784,1,,SYNTHETIC,1.3.0,42,
C002785,WS0006,INDIVIDUAL,2024-03-19,Konya,İç Anadolu,0,PHONE,ORGANIC,Customer_002785,1,,SYNTHETIC,1.3.0,42,
C002786,WS0004,INDIVIDUAL,2023-05-17,Bursa,Marmara,0,SMS,WALK_IN,Customer_002786,1,,SYNTHETIC,1.3.0,42,
C002787,WS0007,INDIVIDUAL,2024-12-20,Adana,Akdeniz,0,EMAIL,ORGANIC,Customer_002787,1,,SYNTHETIC,1.3.0,42,
C002788,WS0006,FLEET,2025-05-16,Konya,İç Anadolu,1,EMAIL,DIRECT_SALES,Customer_002788,1,,SYNTHETIC,1.3.0,42,
C002789,WS0005,INDIVIDUAL,2023-01-28,Antalya,Akdeniz,0,SMS,WALK_IN,Customer_002789,0,2023-10-04,SYNTHETIC,1.3.0,42,
C002790,WS0001,INDIVIDUAL,2025-12-04,İstanbul,Marmara,0,PHONE,REFERRAL,Customer_002790,1,,SYNTHETIC,1.3.0,42,
C002791,WS0005,INDIVIDUAL,2024-07-09,Antalya,Akdeniz,0,WHATSAPP,GOOGLE_MAPS,Customer_002791,1,,SYNTHETIC,1.3.0,42,
C002792,WS0003,INDIVIDUAL,2023-03-14,İzmir,Ege,0,PHONE,WALK_IN,Customer_002792,1,,SYNTHETIC,1.3.0,42,
C002793,WS0005,INDIVIDUAL,2023-11-22,Antalya,Akdeniz,0,SMS,SOCIAL_MEDIA,Customer_002793,1,,SYNTHETIC,1.3.0,42,
C002794,WS0008,INDIVIDUAL,2021-04-23,Gaziantep,Güneydoğu Anadolu,0,SMS,WALK_IN,Customer_002794,1,,SYNTHETIC,1.3.0,42,
C002795,WS0002,INDIVIDUAL,2021-07-05,Ankara,İç Anadolu,0,SMS,ORGANIC,Customer_002795,1,,SYNTHETIC,1.3.0,42,
C002796,WS0008,INDIVIDUAL,2024-11-25,Gaziantep,Güneydoğu Anadolu,0,WHATSAPP,ORGANIC,Customer_002796,1,,SYNTHETIC,1.3.0,42,
C002797,WS0009,INDIVIDUAL,2023-10-09,Samsun,Karadeniz,0,PHONE,ORGANIC,Customer_002797,1,,SYNTHETIC,1.3.0,42,
C002798,WS0004,INDIVIDUAL,2023-04-20,Bursa,Marmara,0,WHATSAPP,WALK_IN,Customer_002798,1,,SYNTHETIC,1.3.0,42,
C002799,WS0007,INDIVIDUAL,2023-10-29,Adana,Akdeniz,0,PHONE,ORGANIC,Customer_002799,1,,SYNTHETIC,1.3.0,42,
C002800,WS0007,INDIVIDUAL,2022-06-20,Adana,Akdeniz,0,PHONE,REFERRAL,Customer_002800,1,,SYNTHETIC,1.3.0,42,
C002801,WS0010,INDIVIDUAL,2023-08-30,Eskişehir,İç Anadolu,0,SMS,WALK_IN,Customer_002801,1,,SYNTHETIC,1.3.0,42,
C002802,WS0008,INDIVIDUAL,2023-03-28,Gaziantep,Güneydoğu Anadolu,0,EMAIL,ORGANIC,Customer_002802,1,,SYNTHETIC,1.3.0,42,
C002803,WS0005,INDIVIDUAL,2023-06-07,Antalya,Akdeniz,0,WHATSAPP,WALK_IN,Customer_002803,1,,SYNTHETIC,1.3.0,42,
C002804,WS0003,INDIVIDUAL,2022-12-10,İzmir,Ege,0,WHATSAPP,REFERRAL,Customer_002804,1,,SYNTHETIC,1.3.0,42,
C002805,WS0003,INDIVIDUAL,2021-10-21,İzmir,Ege,0,SMS,WALK_IN,Customer_002805,1,,SYNTHETIC,1.3.0,42,
C002806,WS0003,INDIVIDUAL,2021-03-21,İzmir,Ege,0,WHATSAPP,REFERRAL,Customer_002806,1,,SYNTHETIC,1.3.0,42,
C002807,WS0007,COMMERCIAL,2023-07-03,Adana,Akdeniz,0,EMAIL,DIRECT_SALES,Customer_002807,1,,SYNTHETIC,1.3.0,42,
C002808,WS0006,INDIVIDUAL,2021-02-22,Konya,İç Anadolu,0,PHONE,WALK_IN,Customer_002808,1,,SYNTHETIC,1.3.0,42,
C002809,WS0009,INDIVIDUAL,2021-09-22,Samsun,Karadeniz,0,PHONE,REFERRAL,Customer_002809,1,,SYNTHETIC,1.3.0,42,
C002810,WS0004,INDIVIDUAL,2023-04-07,Bursa,Marmara,0,WHATSAPP,GOOGLE_MAPS,Customer_002810,1,,SYNTHETIC,1.3.0,42,
C002811,WS0009,INDIVIDUAL,2021-02-20,Samsun,Karadeniz,0,PHONE,ORGANIC,Customer_002811,1,,SYNTHETIC,1.3.0,42,
C002812,WS0010,INDIVIDUAL,2023-10-14,Eskişehir,İç Anadolu,0,PHONE,ORGANIC,Customer_002812,1,,SYNTHETIC,1.3.0,42,
C002813,WS0008,INDIVIDUAL,2025-02-02,Gaziantep,Güneydoğu Anadolu,0,SMS,GOOGLE_MAPS,Customer_002813,1,,SYNTHETIC,1.3.0,42,
C002814,WS0002,INDIVIDUAL,2025-08-24,Ankara,İç Anadolu,0,WHATSAPP,SOCIAL_MEDIA,Customer_002814,1,,SYNTHETIC,1.3.0,42,
C002815,WS0005,INDIVIDUAL,2021-01-20,Antalya,Akdeniz,0,PHONE,SOCIAL_MEDIA,Customer_002815,1,,SYNTHETIC,1.3.0,42,
C002816,WS0007,INDIVIDUAL,2023-12-18,Adana,Akdeniz,0,WHATSAPP,GOOGLE_MAPS,Customer_002816,1,,SYNTHETIC,1.3.0,42,
C002817,WS0002,INDIVIDUAL,2025-05-03,Ankara,İç Anadolu,0,WHATSAPP,SOCIAL_MEDIA,Customer_002817,1,,SYNTHETIC,1.3.0,42,
C002818,WS0001,INDIVIDUAL,2023-01-25,İstanbul,Marmara,0,WHATSAPP,REFERRAL,Customer_002818,1,,SYNTHETIC,1.3.0,42,
C002819,WS0010,INDIVIDUAL,2021-02-13,Eskişehir,İç Anadolu,0,PHONE,ORGANIC,Customer_002819,1,,SYNTHETIC,1.3.0,42,
C002820,WS0008,INDIVIDUAL,2025-04-12,Gaziantep,Güneydoğu Anadolu,0,WHATSAPP,WALK_IN,Customer_002820,1,,SYNTHETIC,1.3.0,42,
C002821,WS0001,INDIVIDUAL,2022-02-18,İstanbul,Marmara,0,WHATSAPP,REFERRAL,Customer_002821,1,,SYNTHETIC,1.3.0,42,
C002822,WS0002,INDIVIDUAL,2025-09-02,Ankara,İç Anadolu,0,EMAIL,GOOGLE_MAPS,Customer_002822,1,,SYNTHETIC,1.3.0,42,
C002823,WS0004,INDIVIDUAL,2025-02-22,Bursa,Marmara,0,WHATSAPP,WALK_IN,Customer_002823,1,,SYNTHETIC,1.3.0,42,
C002824,WS0010,INDIVIDUAL,2026-06-08,Eskişehir,İç Anadolu,0,WHATSAPP,ORGANIC,Customer_002824,1,,SYNTHETIC,1.3.0,42,
C002825,WS0004,INDIVIDUAL,2021-11-13,Bursa,Marmara,0,SMS,REFERRAL,Customer_002825,1,,SYNTHETIC,1.3.0,42,
C002826,WS0006,INDIVIDUAL,2024-12-19,Konya,İç Anadolu,0,PHONE,GOOGLE_MAPS,Customer_002826,1,,SYNTHETIC,1.3.0,42,
C002827,WS0001,INDIVIDUAL,2023-06-23,İstanbul,Marmara,0,EMAIL,ORGANIC,Customer_002827,1,,SYNTHETIC,1.3.0,42,
C002828,WS0007,COMMERCIAL,2022-06-28,Adana,Akdeniz,0,WHATSAPP,ORGANIC,Customer_002828,1,,SYNTHETIC,1.3.0,42,
C002829,WS0001,INDIVIDUAL,2024-09-09,İstanbul,Marmara,0,SMS,SOCIAL_MEDIA,Customer_002829,1,,SYNTHETIC,1.3.0,42,
C002830,WS0010,INDIVIDUAL,2022-08-30,Eskişehir,İç Anadolu,0,WHATSAPP,ORGANIC,Customer_002830,1,,SYNTHETIC,1.3.0,42,
C002831,WS0001,INDIVIDUAL,2025-02-19,İstanbul,Marmara,0,PHONE,ORGANIC,Customer_002831,1,,SYNTHETIC,1.3.0,42,
C002832,WS0001,COMMERCIAL,2022-01-14,İstanbul,Marmara,0,WHATSAPP,REFERRAL,Customer_002832,1,,SYNTHETIC,1.3.0,42,
C002833,WS0009,INDIVIDUAL,2025-10-07,Samsun,Karadeniz,0,EMAIL,GOOGLE_MAPS,Customer_002833,1,,SYNTHETIC,1.3.0,42,
C002834,WS0006,INDIVIDUAL,2022-08-30,Konya,İç Anadolu,0,EMAIL,ORGANIC,Customer_002834,1,,SYNTHETIC,1.3.0,42,
C002835,WS0004,INDIVIDUAL,2024-04-22,Bursa,Marmara,0,SMS,REFERRAL,Customer_002835,1,,SYNTHETIC,1.3.0,42,
C002836,WS0009,INDIVIDUAL,2025-06-16,Samsun,Karadeniz,0,WHATSAPP,GOOGLE_MAPS,Customer_002836,1,,SYNTHETIC,1.3.0,42,
C002837,WS0001,COMMERCIAL,2021-08-06,İstanbul,Marmara,0,WHATSAPP,ORGANIC,Customer_002837,1,,SYNTHETIC,1.3.0,42,
C002838,WS0007,COMMERCIAL,2023-05-06,Adana,Akdeniz,0,WHATSAPP,ORGANIC,Customer_002838,1,,SYNTHETIC,1.3.0,42,
C002839,WS0001,INDIVIDUAL,2025-04-20,İstanbul,Marmara,0,WHATSAPP,ORGANIC,Customer_002839,1,,SYNTHETIC,1.3.0,42,
C002840,WS0008,INDIVIDUAL,2023-08-25,Gaziantep,Güneydoğu Anadolu,0,PHONE,SOCIAL_MEDIA,Customer_002840,1,,SYNTHETIC,1.3.0,42,
C002841,WS0005,INDIVIDUAL,2021-11-30,Antalya,Akdeniz,0,EMAIL,ORGANIC,Customer_002841,1,,SYNTHETIC,1.3.0,42,
C002842,WS0010,INDIVIDUAL,2021-06-07,Eskişehir,İç Anadolu,0,WHATSAPP,GOOGLE_MAPS,Customer_002842,1,,SYNTHETIC,1.3.0,42,
C002843,WS0008,INDIVIDUAL,2024-08-12,Gaziantep,Güneydoğu Anadolu,0,SMS,ORGANIC,Customer_002843,1,,SYNTHETIC,1.3.0,42,
C002844,WS0007,INDIVIDUAL,2023-09-25,Adana,Akdeniz,0,PHONE,ORGANIC,Customer_002844,1,,SYNTHETIC,1.3.0,42,
C002845,WS0003,INDIVIDUAL,2025-12-06,İzmir,Ege,0,WHATSAPP,SOCIAL_MEDIA,Customer_002845,1,,SYNTHETIC,1.3.0,42,
C002846,WS0004,INDIVIDUAL,2024-06-02,Bursa,Marmara,0,SMS,WALK_IN,Customer_002846,1,,SYNTHETIC,1.3.0,42,
C002847,WS0003,INDIVIDUAL,2025-07-31,İzmir,Ege,0,SMS,ORGANIC,Customer_002847,1,,SYNTHETIC,1.3.0,42,
C002848,WS0010,INDIVIDUAL,2024-06-16,Eskişehir,İç Anadolu,0,WHATSAPP,GOOGLE_MAPS,Customer_002848,1,,SYNTHETIC,1.3.0,42,
C002849,WS0001,INDIVIDUAL,2022-10-09,İstanbul,Marmara,0,PHONE,SOCIAL_MEDIA,Customer_002849,1,,SYNTHETIC,1.3.0,42,
C002850,WS0009,COMMERCIAL,2021-03-02,Samsun,Karadeniz,0,WHATSAPP,DIRECT_SALES,Customer_002850,1,,SYNTHETIC,1.3.0,42,
C002851,WS0010,INDIVIDUAL,2021-06-02,Eskişehir,İç Anadolu,0,WHATSAPP,REFERRAL,Customer_002851,1,,SYNTHETIC,1.3.0,42,
C002852,WS0008,INDIVIDUAL,2024-07-07,Gaziantep,Güneydoğu Anadolu,0,SMS,SOCIAL_MEDIA,Customer_002852,1,,SYNTHETIC,1.3.0,42,
C002853,WS0007,INDIVIDUAL,2023-02-11,Adana,Akdeniz,0,PHONE,GOOGLE_MAPS,Customer_002853,1,,SYNTHETIC,1.3.0,42,
C002854,WS0003,INDIVIDUAL,2024-03-18,İzmir,Ege,0,WHATSAPP,SOCIAL_MEDIA,Customer_002854,1,,SYNTHETIC,1.3.0,42,
C002855,WS0007,INDIVIDUAL,2025-03-06,Adana,Akdeniz,0,WHATSAPP,WALK_IN,Customer_002855,1,,SYNTHETIC,1.3.0,42,
C002856,WS0003,INDIVIDUAL,2023-06-11,İzmir,Ege,0,WHATSAPP,WALK_IN,Customer_002856,1,,SYNTHETIC,1.3.0,42,
C002857,WS0003,INDIVIDUAL,2024-07-14,İzmir,Ege,0,EMAIL,GOOGLE_MAPS,Customer_002857,0,2026-02-24,SYNTHETIC,1.3.0,42,
C002858,WS0007,INDIVIDUAL,2023-11-25,Adana,Akdeniz,0,WHATSAPP,REFERRAL,Customer_002858,1,,SYNTHETIC,1.3.0,42,
C002859,WS0003,INDIVIDUAL,2021-04-13,İzmir,Ege,0,WHATSAPP,WALK_IN,Customer_002859,1,,SYNTHETIC,1.3.0,42,
C002860,WS0007,INDIVIDUAL,2023-09-26,Adana,Akdeniz,0,SMS,ORGANIC,Customer_002860,1,,SYNTHETIC,1.3.0,42,
C002861,WS0001,INDIVIDUAL,2025-07-11,İstanbul,Marmara,0,WHATSAPP,ORGANIC,Customer_002861,1,,SYNTHETIC,1.3.0,42,
C002862,WS0007,COMMERCIAL,2023-01-10,Adana,Akdeniz,0,EMAIL,ORGANIC,Customer_002862,1,,SYNTHETIC,1.3.0,42,
C002863,WS0004,INDIVIDUAL,2024-04-17,Bursa,Marmara,0,WHATSAPP,SOCIAL_MEDIA,Customer_002863,1,,SYNTHETIC,1.3.0,42,
C002864,WS0001,INDIVIDUAL,2021-02-05,İstanbul,Marmara,0,WHATSAPP,ORGANIC,Customer_002864,1,,SYNTHETIC,1.3.0,42,
C002865,WS0005,INDIVIDUAL,2023-09-20,Antalya,Akdeniz,0,WHATSAPP,REFERRAL,Customer_002865,1,,SYNTHETIC,1.3.0,42,
C002866,WS0003,INDIVIDUAL,2024-01-14,İzmir,Ege,0,WHATSAPP,SOCIAL_MEDIA,Customer_002866,1,,SYNTHETIC,1.3.0,42,
C002867,WS0010,INDIVIDUAL,2023-01-16,Eskişehir,İç Anadolu,0,WHATSAPP,GOOGLE_MAPS,Customer_002867,1,,SYNTHETIC,1.3.0,42,
C002868,WS0007,INDIVIDUAL,2025-04-25,Adana,Akdeniz,0,PHONE,ORGANIC,Customer_002868,0,2025-12-24,SYNTHETIC,1.3.0,42,
C002869,WS0003,INDIVIDUAL,2021-07-21,İzmir,Ege,0,WHATSAPP,ORGANIC,Customer_002869,1,,SYNTHETIC,1.3.0,42,
C002870,WS0003,INDIVIDUAL,2023-06-21,İzmir,Ege,0,WHATSAPP,REFERRAL,Customer_002870,1,,SYNTHETIC,1.3.0,42,
C002871,WS0002,COMMERCIAL,2025-12-27,Ankara,İç Anadolu,0,EMAIL,DIRECT_SALES,Customer_002871,0,2026-05-22,SYNTHETIC,1.3.0,42,
C002872,WS0009,INDIVIDUAL,2025-04-09,Samsun,Karadeniz,0,SMS,REFERRAL,Customer_002872,1,,SYNTHETIC,1.3.0,42,
C002873,WS0005,INDIVIDUAL,2022-04-24,Antalya,Akdeniz,0,PHONE,GOOGLE_MAPS,Customer_002873,1,,SYNTHETIC,1.3.0,42,
C002874,WS0006,INDIVIDUAL,2025-08-31,Konya,İç Anadolu,0,PHONE,SOCIAL_MEDIA,Customer_002874,1,,SYNTHETIC,1.3.0,42,
C002875,WS0003,INDIVIDUAL,2023-12-22,İzmir,Ege,0,WHATSAPP,WALK_IN,Customer_002875,0,2025-05-25,SYNTHETIC,1.3.0,42,
C002876,WS0010,INDIVIDUAL,2023-07-08,Eskişehir,İç Anadolu,0,SMS,REFERRAL,Customer_002876,1,,SYNTHETIC,1.3.0,42,
C002877,WS0005,INDIVIDUAL,2022-04-29,Antalya,Akdeniz,0,SMS,WALK_IN,Customer_002877,1,,SYNTHETIC,1.3.0,42,
C002878,WS0004,INDIVIDUAL,2022-11-11,Bursa,Marmara,0,EMAIL,REFERRAL,Customer_002878,1,,SYNTHETIC,1.3.0,42,
C002879,WS0005,INDIVIDUAL,2026-04-15,Antalya,Akdeniz,0,WHATSAPP,GOOGLE_MAPS,Customer_002879,1,,SYNTHETIC,1.3.0,42,
C002880,WS0001,INDIVIDUAL,2021-12-14,İstanbul,Marmara,0,WHATSAPP,ORGANIC,Customer_002880,1,,SYNTHETIC,1.3.0,42,
C002881,WS0006,INDIVIDUAL,2024-02-15,Konya,İç Anadolu,0,EMAIL,ORGANIC,Customer_002881,1,,SYNTHETIC,1.3.0,42,
C002882,WS0001,INDIVIDUAL,2023-10-09,İstanbul,Marmara,0,WHATSAPP,WALK_IN,Customer_002882,0,2025-04-15,SYNTHETIC,1.3.0,42,
C002883,WS0003,INDIVIDUAL,2021-05-14,İzmir,Ege,0,SMS,ORGANIC,Customer_002883,1,,SYNTHETIC,1.3.0,42,
C002884,WS0009,INDIVIDUAL,2022-03-10,Samsun,Karadeniz,0,SMS,SOCIAL_MEDIA,Customer_002884,1,,SYNTHETIC,1.3.0,42,
C002885,WS0008,INDIVIDUAL,2022-02-10,Gaziantep,Güneydoğu Anadolu,0,WHATSAPP,ORGANIC,Customer_002885,1,,SYNTHETIC,1.3.0,42,
C002886,WS0003,INDIVIDUAL,2022-12-20,İzmir,Ege,0,EMAIL,ORGANIC,Customer_002886,0,2024-09-23,SYNTHETIC,1.3.0,42,
C002887,WS0009,INDIVIDUAL,2025-04-07,Samsun,Karadeniz,0,WHATSAPP,REFERRAL,Customer_002887,1,,SYNTHETIC,1.3.0,42,
C002888,WS0002,COMMERCIAL,2022-11-11,Ankara,İç Anadolu,0,EMAIL,ORGANIC,Customer_002888,1,,SYNTHETIC,1.3.0,42,
C002889,WS0005,INDIVIDUAL,2023-10-22,Antalya,Akdeniz,0,PHONE,REFERRAL,Customer_002889,1,,SYNTHETIC,1.3.0,42,
C002890,WS0009,INDIVIDUAL,2021-01-19,Samsun,Karadeniz,0,PHONE,REFERRAL,Customer_002890,1,,SYNTHETIC,1.3.0,42,
C002891,WS0006,INDIVIDUAL,2022-05-29,Konya,İç Anadolu,0,WHATSAPP,REFERRAL,Customer_002891,0,2025-10-28,SYNTHETIC,1.3.0,42,
C002892,WS0010,COMMERCIAL,2024-09-06,Eskişehir,İç Anadolu,0,WHATSAPP,DIRECT_SALES,Customer_002892,1,,SYNTHETIC,1.3.0,42,
C002893,WS0002,INDIVIDUAL,2025-04-11,Ankara,İç Anadolu,0,PHONE,WALK_IN,Customer_002893,1,,SYNTHETIC,1.3.0,42,
C002894,WS0008,INDIVIDUAL,2022-08-01,Gaziantep,Güneydoğu Anadolu,0,SMS,GOOGLE_MAPS,Customer_002894,1,,SYNTHETIC,1.3.0,42,
C002895,WS0010,INDIVIDUAL,2021-05-22,Eskişehir,İç Anadolu,0,PHONE,ORGANIC,Customer_002895,0,2022-11-01,SYNTHETIC,1.3.0,42,
C002896,WS0005,INDIVIDUAL,2021-02-04,Antalya,Akdeniz,0,PHONE,ORGANIC,Customer_002896,1,,SYNTHETIC,1.3.0,42,
C002897,WS0001,INDIVIDUAL,2021-07-18,İstanbul,Marmara,0,WHATSAPP,REFERRAL,Customer_002897,1,,SYNTHETIC,1.3.0,42,
C002898,WS0003,INDIVIDUAL,2023-09-29,İzmir,Ege,0,WHATSAPP,WALK_IN,Customer_002898,0,2024-09-02,SYNTHETIC,1.3.0,42,
C002899,WS0008,INDIVIDUAL,2024-10-14,Gaziantep,Güneydoğu Anadolu,0,SMS,REFERRAL,Customer_002899,1,,SYNTHETIC,1.3.0,42,
C002900,WS0003,INDIVIDUAL,2024-09-11,İzmir,Ege,0,WHATSAPP,WALK_IN,Customer_002900,1,,SYNTHETIC,1.3.0,42,
C002901,WS0003,INDIVIDUAL,2022-03-20,İzmir,Ege,0,WHATSAPP,GOOGLE_MAPS,Customer_002901,1,,SYNTHETIC,1.3.0,42,
C002902,WS0001,INDIVIDUAL,2021-03-19,İstanbul,Marmara,0,PHONE,REFERRAL,Customer_002902,0,2024-02-11,SYNTHETIC,1.3.0,42,
C002903,WS0008,COMMERCIAL,2024-09-19,Gaziantep,Güneydoğu Anadolu,0,PHONE,DIRECT_SALES,Customer_002903,1,,SYNTHETIC,1.3.0,42,
C002904,WS0001,INDIVIDUAL,2021-06-02,İstanbul,Marmara,0,SMS,REFERRAL,Customer_002904,1,,SYNTHETIC,1.3.0,42,
C002905,WS0007,COMMERCIAL,2024-03-17,Adana,Akdeniz,0,EMAIL,DIRECT_SALES,Customer_002905,0,2025-04-04,SYNTHETIC,1.3.0,42,
C002906,WS0004,INDIVIDUAL,2025-10-03,Bursa,Marmara,0,WHATSAPP,WALK_IN,Customer_002906,1,,SYNTHETIC,1.3.0,42,
C002907,WS0010,INDIVIDUAL,2021-12-31,Eskişehir,İç Anadolu,0,WHATSAPP,ORGANIC,Customer_002907,1,,SYNTHETIC,1.3.0,42,
C002908,WS0001,INDIVIDUAL,2021-08-13,İstanbul,Marmara,0,WHATSAPP,WALK_IN,Customer_002908,1,,SYNTHETIC,1.3.0,42,
C002909,WS0002,INDIVIDUAL,2024-08-14,Ankara,İç Anadolu,0,PHONE,ORGANIC,Customer_002909,1,,SYNTHETIC,1.3.0,42,
C002910,WS0001,INDIVIDUAL,2022-07-06,İstanbul,Marmara,0,PHONE,WALK_IN,Customer_002910,1,,SYNTHETIC,1.3.0,42,
C002911,WS0003,INDIVIDUAL,2026-06-04,İzmir,Ege,0,WHATSAPP,ORGANIC,Customer_002911,1,,SYNTHETIC,1.3.0,42,
C002912,WS0005,INDIVIDUAL,2023-11-20,Antalya,Akdeniz,0,SMS,GOOGLE_MAPS,Customer_002912,1,,SYNTHETIC,1.3.0,42,
C002913,WS0008,INDIVIDUAL,2022-10-29,Gaziantep,Güneydoğu Anadolu,0,WHATSAPP,GOOGLE_MAPS,Customer_002913,1,,SYNTHETIC,1.3.0,42,
C002914,WS0009,INDIVIDUAL,2021-05-26,Samsun,Karadeniz,0,SMS,ORGANIC,Customer_002914,1,,SYNTHETIC,1.3.0,42,
C002915,WS0005,INDIVIDUAL,2023-03-30,Antalya,Akdeniz,0,EMAIL,SOCIAL_MEDIA,Customer_002915,1,,SYNTHETIC,1.3.0,42,
C002916,WS0001,INDIVIDUAL,2022-10-29,İstanbul,Marmara,0,PHONE,REFERRAL,Customer_002916,1,,SYNTHETIC,1.3.0,42,
C002917,WS0004,INDIVIDUAL,2022-02-22,Bursa,Marmara,0,WHATSAPP,REFERRAL,Customer_002917,1,,SYNTHETIC,1.3.0,42,
C002918,WS0007,INDIVIDUAL,2022-03-11,Adana,Akdeniz,0,SMS,ORGANIC,Customer_002918,1,,SYNTHETIC,1.3.0,42,
C002919,WS0009,INDIVIDUAL,2023-11-06,Samsun,Karadeniz,0,WHATSAPP,ORGANIC,Customer_002919,1,,SYNTHETIC,1.3.0,42,
C002920,WS0009,INDIVIDUAL,2022-06-15,Samsun,Karadeniz,0,PHONE,REFERRAL,Customer_002920,1,,SYNTHETIC,1.3.0,42,
C002921,WS0008,INDIVIDUAL,2022-08-16,Gaziantep,Güneydoğu Anadolu,0,SMS,ORGANIC,Customer_002921,1,,SYNTHETIC,1.3.0,42,
C002922,WS0007,INDIVIDUAL,2024-11-30,Adana,Akdeniz,0,SMS,REFERRAL,Customer_002922,1,,SYNTHETIC,1.3.0,42,
C002923,WS0005,COMMERCIAL,2022-04-06,Antalya,Akdeniz,0,PHONE,ORGANIC,Customer_002923,1,,SYNTHETIC,1.3.0,42,
C002924,WS0010,INDIVIDUAL,2025-02-22,Eskişehir,İç Anadolu,0,PHONE,REFERRAL,Customer_002924,1,,SYNTHETIC,1.3.0,42,
C002925,WS0002,COMMERCIAL,2023-03-16,Ankara,İç Anadolu,0,PHONE,DIRECT_SALES,Customer_002925,1,,SYNTHETIC,1.3.0,42,
C002926,WS0007,COMMERCIAL,2025-04-30,Adana,Akdeniz,0,WHATSAPP,ORGANIC,Customer_002926,1,,SYNTHETIC,1.3.0,42,
C002927,WS0001,COMMERCIAL,2023-07-19,İstanbul,Marmara,0,EMAIL,REFERRAL,Customer_002927,1,,SYNTHETIC,1.3.0,42,
C002928,WS0007,INDIVIDUAL,2022-05-11,Adana,Akdeniz,0,WHATSAPP,REFERRAL,Customer_002928,1,,SYNTHETIC,1.3.0,42,
C002929,WS0003,INDIVIDUAL,2022-03-26,İzmir,Ege,0,EMAIL,ORGANIC,Customer_002929,1,,SYNTHETIC,1.3.0,42,
C002930,WS0003,INDIVIDUAL,2022-05-21,İzmir,Ege,0,WHATSAPP,WALK_IN,Customer_002930,0,2023-12-20,SYNTHETIC,1.3.0,42,
C002931,WS0003,INDIVIDUAL,2021-06-22,İzmir,Ege,0,SMS,REFERRAL,Customer_002931,0,2024-08-21,SYNTHETIC,1.3.0,42,
C002932,WS0008,INDIVIDUAL,2025-10-15,Gaziantep,Güneydoğu Anadolu,0,WHATSAPP,ORGANIC,Customer_002932,1,,SYNTHETIC,1.3.0,42,
C002933,WS0005,INDIVIDUAL,2022-08-06,Antalya,Akdeniz,0,WHATSAPP,ORGANIC,Customer_002933,1,,SYNTHETIC,1.3.0,42,
C002934,WS0004,INDIVIDUAL,2022-06-14,Bursa,Marmara,0,PHONE,SOCIAL_MEDIA,Customer_002934,1,,SYNTHETIC,1.3.0,42,
C002935,WS0009,INDIVIDUAL,2021-01-11,Samsun,Karadeniz,0,EMAIL,WALK_IN,Customer_002935,1,,SYNTHETIC,1.3.0,42,
C002936,WS0004,INDIVIDUAL,2025-05-01,Bursa,Marmara,0,WHATSAPP,ORGANIC,Customer_002936,1,,SYNTHETIC,1.3.0,42,
C002937,WS0009,INDIVIDUAL,2022-03-20,Samsun,Karadeniz,0,PHONE,REFERRAL,Customer_002937,0,2024-05-09,SYNTHETIC,1.3.0,42,
C002938,WS0001,INDIVIDUAL,2022-12-05,İstanbul,Marmara,0,WHATSAPP,ORGANIC,Customer_002938,1,,SYNTHETIC,1.3.0,42,
C002939,WS0002,INDIVIDUAL,2025-04-29,Ankara,İç Anadolu,0,WHATSAPP,SOCIAL_MEDIA,Customer_002939,1,,SYNTHETIC,1.3.0,42,
C002940,WS0004,INDIVIDUAL,2022-11-19,Bursa,Marmara,0,WHATSAPP,SOCIAL_MEDIA,Customer_002940,1,,SYNTHETIC,1.3.0,42,
C002941,WS0002,INDIVIDUAL,2026-04-07,Ankara,İç Anadolu,0,PHONE,GOOGLE_MAPS,Customer_002941,1,,SYNTHETIC,1.3.0,42,
C002942,WS0001,INDIVIDUAL,2023-02-21,İstanbul,Marmara,0,WHATSAPP,REFERRAL,Customer_002942,0,2024-11-23,SYNTHETIC,1.3.0,42,
C002943,WS0005,INDIVIDUAL,2024-05-11,Antalya,Akdeniz,0,WHATSAPP,REFERRAL,Customer_002943,1,,SYNTHETIC,1.3.0,42,
C002944,WS0003,INDIVIDUAL,2023-04-15,İzmir,Ege,0,WHATSAPP,REFERRAL,Customer_002944,1,,SYNTHETIC,1.3.0,42,
C002945,WS0004,INDIVIDUAL,2022-07-20,Bursa,Marmara,0,WHATSAPP,REFERRAL,Customer_002945,1,,SYNTHETIC,1.3.0,42,
C002946,WS0001,INDIVIDUAL,2025-01-31,İstanbul,Marmara,0,PHONE,GOOGLE_MAPS,Customer_002946,1,,SYNTHETIC,1.3.0,42,
C002947,WS0007,INDIVIDUAL,2022-10-31,Adana,Akdeniz,0,PHONE,REFERRAL,Customer_002947,1,,SYNTHETIC,1.3.0,42,
C002948,WS0007,COMMERCIAL,2021-07-31,Adana,Akdeniz,0,EMAIL,REFERRAL,Customer_002948,1,,SYNTHETIC,1.3.0,42,
C002949,WS0004,INDIVIDUAL,2023-07-08,Bursa,Marmara,0,WHATSAPP,REFERRAL,Customer_002949,1,,SYNTHETIC,1.3.0,42,
C002950,WS0002,INDIVIDUAL,2024-12-08,Ankara,İç Anadolu,0,SMS,ORGANIC,Customer_002950,1,,SYNTHETIC,1.3.0,42,
C002951,WS0009,INDIVIDUAL,2024-02-28,Samsun,Karadeniz,0,EMAIL,GOOGLE_MAPS,Customer_002951,1,,SYNTHETIC,1.3.0,42,
C002952,WS0005,INDIVIDUAL,2025-05-30,Antalya,Akdeniz,0,WHATSAPP,WALK_IN,Customer_002952,1,,SYNTHETIC,1.3.0,42,
C002953,WS0001,INDIVIDUAL,2025-01-23,İstanbul,Marmara,0,PHONE,SOCIAL_MEDIA,Customer_002953,0,2025-05-16,SYNTHETIC,1.3.0,42,
C002954,WS0006,INDIVIDUAL,2021-01-08,Konya,İç Anadolu,0,SMS,WALK_IN,Customer_002954,1,,SYNTHETIC,1.3.0,42,
C002955,WS0008,COMMERCIAL,2021-03-25,Gaziantep,Güneydoğu Anadolu,0,WHATSAPP,DIRECT_SALES,Customer_002955,1,,SYNTHETIC,1.3.0,42,
C002956,WS0008,INDIVIDUAL,2025-07-05,Gaziantep,Güneydoğu Anadolu,0,WHATSAPP,GOOGLE_MAPS,Customer_002956,1,,SYNTHETIC,1.3.0,42,
C002957,WS0005,INDIVIDUAL,2024-04-30,Antalya,Akdeniz,0,SMS,REFERRAL,Customer_002957,1,,SYNTHETIC,1.3.0,42,
C002958,WS0005,INDIVIDUAL,2024-01-04,Antalya,Akdeniz,0,EMAIL,WALK_IN,Customer_002958,1,,SYNTHETIC,1.3.0,42,
C002959,WS0002,INDIVIDUAL,2025-03-25,Ankara,İç Anadolu,0,EMAIL,WALK_IN,Customer_002959,1,,SYNTHETIC,1.3.0,42,
C002960,WS0002,INDIVIDUAL,2026-01-08,Ankara,İç Anadolu,0,SMS,ORGANIC,Customer_002960,1,,SYNTHETIC,1.3.0,42,
C002961,WS0003,INDIVIDUAL,2026-05-30,İzmir,Ege,0,SMS,SOCIAL_MEDIA,Customer_002961,1,,SYNTHETIC,1.3.0,42,
C002962,WS0009,INDIVIDUAL,2025-12-12,Samsun,Karadeniz,0,WHATSAPP,WALK_IN,Customer_002962,1,,SYNTHETIC,1.3.0,42,
C002963,WS0001,COMMERCIAL,2025-05-12,İstanbul,Marmara,0,EMAIL,DIRECT_SALES,Customer_002963,0,2026-01-28,SYNTHETIC,1.3.0,42,
C002964,WS0004,INDIVIDUAL,2023-06-06,Bursa,Marmara,0,WHATSAPP,GOOGLE_MAPS,Customer_002964,1,,SYNTHETIC,1.3.0,42,
C002965,WS0009,COMMERCIAL,2025-09-17,Samsun,Karadeniz,0,WHATSAPP,REFERRAL,Customer_002965,1,,SYNTHETIC,1.3.0,42,
C002966,WS0007,INDIVIDUAL,2025-06-15,Adana,Akdeniz,0,PHONE,ORGANIC,Customer_002966,1,,SYNTHETIC,1.3.0,42,
C002967,WS0001,INDIVIDUAL,2023-03-27,İstanbul,Marmara,0,EMAIL,SOCIAL_MEDIA,Customer_002967,1,,SYNTHETIC,1.3.0,42,
C002968,WS0001,INDIVIDUAL,2022-09-25,İstanbul,Marmara,0,WHATSAPP,ORGANIC,Customer_002968,1,,SYNTHETIC,1.3.0,42,
C002969,WS0005,INDIVIDUAL,2021-01-13,Antalya,Akdeniz,0,SMS,REFERRAL,Customer_002969,1,,SYNTHETIC,1.3.0,42,
C002970,WS0002,INDIVIDUAL,2025-06-22,Ankara,İç Anadolu,0,SMS,REFERRAL,Customer_002970,1,,SYNTHETIC,1.3.0,42,
C002971,WS0002,INDIVIDUAL,2023-08-20,Ankara,İç Anadolu,0,WHATSAPP,SOCIAL_MEDIA,Customer_002971,1,,SYNTHETIC,1.3.0,42,
C002972,WS0001,INDIVIDUAL,2023-05-29,İstanbul,Marmara,0,SMS,REFERRAL,Customer_002972,1,,SYNTHETIC,1.3.0,42,
C002973,WS0006,INDIVIDUAL,2023-08-09,Konya,İç Anadolu,0,PHONE,REFERRAL,Customer_002973,1,,SYNTHETIC,1.3.0,42,
C002974,WS0002,INDIVIDUAL,2021-07-06,Ankara,İç Anadolu,0,SMS,WALK_IN,Customer_002974,1,,SYNTHETIC,1.3.0,42,
C002975,WS0006,INDIVIDUAL,2022-11-05,Konya,İç Anadolu,0,WHATSAPP,REFERRAL,Customer_002975,1,,SYNTHETIC,1.3.0,42,
C002976,WS0007,INDIVIDUAL,2021-12-11,Adana,Akdeniz,0,EMAIL,GOOGLE_MAPS,Customer_002976,1,,SYNTHETIC,1.3.0,42,
C002977,WS0007,INDIVIDUAL,2021-01-08,Adana,Akdeniz,0,WHATSAPP,REFERRAL,Customer_002977,1,,SYNTHETIC,1.3.0,42,
C002978,WS0010,INDIVIDUAL,2023-12-17,Eskişehir,İç Anadolu,0,WHATSAPP,REFERRAL,Customer_002978,1,,SYNTHETIC,1.3.0,42,
C002979,WS0007,INDIVIDUAL,2023-03-10,Adana,Akdeniz,0,WHATSAPP,REFERRAL,Customer_002979,1,,SYNTHETIC,1.3.0,42,
C002980,WS0009,INDIVIDUAL,2023-10-02,Samsun,Karadeniz,0,PHONE,SOCIAL_MEDIA,Customer_002980,1,,SYNTHETIC,1.3.0,42,
C002981,WS0002,INDIVIDUAL,2025-05-01,Ankara,İç Anadolu,0,WHATSAPP,REFERRAL,Customer_002981,1,,SYNTHETIC,1.3.0,42,
C002982,WS0001,INDIVIDUAL,2026-04-10,İstanbul,Marmara,0,WHATSAPP,GOOGLE_MAPS,Customer_002982,1,,SYNTHETIC,1.3.0,42,
C002983,WS0007,INDIVIDUAL,2023-07-01,Adana,Akdeniz,0,WHATSAPP,ORGANIC,Customer_002983,1,,SYNTHETIC,1.3.0,42,
C002984,WS0010,INDIVIDUAL,2023-10-23,Eskişehir,İç Anadolu,0,SMS,WALK_IN,Customer_002984,0,2024-04-09,SYNTHETIC,1.3.0,42,
C002985,WS0010,INDIVIDUAL,2021-11-15,Eskişehir,İç Anadolu,0,WHATSAPP,WALK_IN,Customer_002985,1,,SYNTHETIC,1.3.0,42,
C002986,WS0005,INDIVIDUAL,2024-08-26,Antalya,Akdeniz,0,WHATSAPP,ORGANIC,Customer_002986,1,,SYNTHETIC,1.3.0,42,
C002987,WS0005,INDIVIDUAL,2024-10-17,Antalya,Akdeniz,0,SMS,SOCIAL_MEDIA,Customer_002987,1,,SYNTHETIC,1.3.0,42,
C002988,WS0004,INDIVIDUAL,2024-04-12,Bursa,Marmara,0,WHATSAPP,GOOGLE_MAPS,Customer_002988,1,,SYNTHETIC,1.3.0,42,
C002989,WS0007,INDIVIDUAL,2026-03-31,Adana,Akdeniz,0,SMS,GOOGLE_MAPS,Customer_002989,0,2026-06-29,SYNTHETIC,1.3.0,42,
C002990,WS0006,INDIVIDUAL,2022-04-28,Konya,İç Anadolu,0,PHONE,ORGANIC,Customer_002990,1,,SYNTHETIC,1.3.0,42,
C002991,WS0002,INDIVIDUAL,2025-02-08,Ankara,İç Anadolu,0,WHATSAPP,ORGANIC,Customer_002991,1,,SYNTHETIC,1.3.0,42,
C002992,WS0003,INDIVIDUAL,2024-10-04,İzmir,Ege,0,WHATSAPP,WALK_IN,Customer_002992,1,,SYNTHETIC,1.3.0,42,
C002993,WS0008,INDIVIDUAL,2021-07-16,Gaziantep,Güneydoğu Anadolu,0,PHONE,ORGANIC,Customer_002993,0,2025-04-21,SYNTHETIC,1.3.0,42,
C002994,WS0010,INDIVIDUAL,2025-01-26,Eskişehir,İç Anadolu,0,WHATSAPP,SOCIAL_MEDIA,Customer_002994,1,,SYNTHETIC,1.3.0,42,
C002995,WS0004,INDIVIDUAL,2023-01-19,Bursa,Marmara,0,PHONE,ORGANIC,Customer_002995,1,,SYNTHETIC,1.3.0,42,
C002996,WS0010,INDIVIDUAL,2026-07-11,Eskişehir,İç Anadolu,0,PHONE,REFERRAL,Customer_002996,1,,SYNTHETIC,1.3.0,42,
C002997,WS0007,INDIVIDUAL,2022-10-04,Adana,Akdeniz,0,SMS,ORGANIC,Customer_002997,1,,SYNTHETIC,1.3.0,42,
C002998,WS0008,INDIVIDUAL,2025-11-18,Gaziantep,Güneydoğu Anadolu,0,PHONE,REFERRAL,Customer_002998,1,,SYNTHETIC,1.3.0,42,
C002999,WS0007,INDIVIDUAL,2025-02-26,Adana,Akdeniz,0,SMS,ORGANIC,Customer_002999,1,,SYNTHETIC,1.3.0,42,
C003000,WS0009,INDIVIDUAL,2021-07-22,Samsun,Karadeniz,0,WHATSAPP,WALK_IN,Customer_003000,1,,SYNTHETIC,1.3.0,42,
C003001,WS0001,INDIVIDUAL,2024-02-01,İstanbul,Marmara,0,PHONE,SOCIAL_MEDIA,Customer_003001,1,,SYNTHETIC,1.3.0,42,
C003002,WS0010,INDIVIDUAL,2021-02-11,Eskişehir,İç Anadolu,0,PHONE,REFERRAL,Customer_003002,1,,SYNTHETIC,1.3.0,42,
C003003,WS0006,INDIVIDUAL,2024-11-03,Konya,İç Anadolu,0,EMAIL,GOOGLE_MAPS,Customer_003003,1,,SYNTHETIC,1.3.0,42,
C003004,WS0002,INDIVIDUAL,2022-04-13,Ankara,İç Anadolu,0,WHATSAPP,ORGANIC,Customer_003004,0,2025-10-01,SYNTHETIC,1.3.0,42,
C003005,WS0009,INDIVIDUAL,2025-06-17,Samsun,Karadeniz,0,PHONE,WALK_IN,Customer_003005,1,,SYNTHETIC,1.3.0,42,
C003006,WS0007,INDIVIDUAL,2021-10-18,Adana,Akdeniz,0,SMS,SOCIAL_MEDIA,Customer_003006,1,,SYNTHETIC,1.3.0,42,
C003007,WS0003,COMMERCIAL,2025-05-28,İzmir,Ege,0,EMAIL,FLEET_PARTNERSHIP,Customer_003007,1,,SYNTHETIC,1.3.0,42,
C003008,WS0004,INDIVIDUAL,2022-01-04,Bursa,Marmara,0,WHATSAPP,GOOGLE_MAPS,Customer_003008,1,,SYNTHETIC,1.3.0,42,
C003009,WS0001,INDIVIDUAL,2021-11-23,İstanbul,Marmara,0,PHONE,ORGANIC,Customer_003009,1,,SYNTHETIC,1.3.0,42,
C003010,WS0005,INDIVIDUAL,2021-03-25,Antalya,Akdeniz,0,WHATSAPP,REFERRAL,Customer_003010,1,,SYNTHETIC,1.3.0,42,
C003011,WS0004,INDIVIDUAL,2023-06-15,Bursa,Marmara,0,EMAIL,ORGANIC,Customer_003011,1,,SYNTHETIC,1.3.0,42,
C003012,WS0006,INDIVIDUAL,2022-09-22,Konya,İç Anadolu,0,EMAIL,SOCIAL_MEDIA,Customer_003012,0,2026-05-02,SYNTHETIC,1.3.0,42,
C003013,WS0005,INDIVIDUAL,2024-08-04,Antalya,Akdeniz,0,WHATSAPP,WALK_IN,Customer_003013,1,,SYNTHETIC,1.3.0,42,
C003014,WS0002,INDIVIDUAL,2026-01-26,Ankara,İç Anadolu,0,WHATSAPP,ORGANIC,Customer_003014,1,,SYNTHETIC,1.3.0,42,
C003015,WS0009,INDIVIDUAL,2026-06-20,Samsun,Karadeniz,0,WHATSAPP,GOOGLE_MAPS,Customer_003015,1,,SYNTHETIC,1.3.0,42,
C003016,WS0004,INDIVIDUAL,2021-05-17,Bursa,Marmara,0,SMS,SOCIAL_MEDIA,Customer_003016,1,,SYNTHETIC,1.3.0,42,
C003017,WS0006,COMMERCIAL,2022-05-12,Konya,İç Anadolu,0,PHONE,FLEET_PARTNERSHIP,Customer_003017,1,,SYNTHETIC,1.3.0,42,
C003018,WS0008,INDIVIDUAL,2025-06-16,Gaziantep,Güneydoğu Anadolu,0,WHATSAPP,REFERRAL,Customer_003018,1,,SYNTHETIC,1.3.0,42,
C003019,WS0010,INDIVIDUAL,2024-10-10,Eskişehir,İç Anadolu,0,WHATSAPP,WALK_IN,Customer_003019,1,,SYNTHETIC,1.3.0,42,
C003020,WS0009,INDIVIDUAL,2021-01-31,Samsun,Karadeniz,0,WHATSAPP,REFERRAL,Customer_003020,1,,SYNTHETIC,1.3.0,42,
C003021,WS0010,INDIVIDUAL,2022-12-28,Eskişehir,İç Anadolu,0,WHATSAPP,WALK_IN,Customer_003021,0,2026-06-28,SYNTHETIC,1.3.0,42,
C003022,WS0010,INDIVIDUAL,2023-01-07,Eskişehir,İç Anadolu,0,WHATSAPP,ORGANIC,Customer_003022,1,,SYNTHETIC,1.3.0,42,
C003023,WS0002,INDIVIDUAL,2024-10-14,Ankara,İç Anadolu,0,PHONE,REFERRAL,Customer_003023,1,,SYNTHETIC,1.3.0,42,
C003024,WS0004,INDIVIDUAL,2022-06-09,Bursa,Marmara,0,WHATSAPP,ORGANIC,Customer_003024,1,,SYNTHETIC,1.3.0,42,
C003025,WS0002,INDIVIDUAL,2023-07-28,Ankara,İç Anadolu,0,WHATSAPP,SOCIAL_MEDIA,Customer_003025,1,,SYNTHETIC,1.3.0,42,
C003026,WS0007,INDIVIDUAL,2023-07-10,Adana,Akdeniz,0,SMS,GOOGLE_MAPS,Customer_003026,1,,SYNTHETIC,1.3.0,42,
C003027,WS0002,INDIVIDUAL,2025-11-17,Ankara,İç Anadolu,0,PHONE,REFERRAL,Customer_003027,1,,SYNTHETIC,1.3.0,42,
C003028,WS0007,INDIVIDUAL,2023-01-31,Adana,Akdeniz,0,PHONE,REFERRAL,Customer_003028,1,,SYNTHETIC,1.3.0,42,
C003029,WS0002,INDIVIDUAL,2022-09-06,Ankara,İç Anadolu,0,PHONE,GOOGLE_MAPS,Customer_003029,1,,SYNTHETIC,1.3.0,42,
C003030,WS0002,INDIVIDUAL,2025-05-27,Ankara,İç Anadolu,0,SMS,ORGANIC,Customer_003030,1,,SYNTHETIC,1.3.0,42,
C003031,WS0009,INDIVIDUAL,2023-10-20,Samsun,Karadeniz,0,EMAIL,REFERRAL,Customer_003031,1,,SYNTHETIC,1.3.0,42,
C003032,WS0004,INDIVIDUAL,2023-06-15,Bursa,Marmara,0,WHATSAPP,ORGANIC,Customer_003032,1,,SYNTHETIC,1.3.0,42,
C003033,WS0009,INDIVIDUAL,2025-03-09,Samsun,Karadeniz,0,WHATSAPP,REFERRAL,Customer_003033,1,,SYNTHETIC,1.3.0,42,
C003034,WS0009,INDIVIDUAL,2025-05-25,Samsun,Karadeniz,0,EMAIL,WALK_IN,Customer_003034,1,,SYNTHETIC,1.3.0,42,
C003035,WS0001,INDIVIDUAL,2026-05-11,İstanbul,Marmara,0,WHATSAPP,ORGANIC,Customer_003035,1,,SYNTHETIC,1.3.0,42,
C003036,WS0009,INDIVIDUAL,2022-08-27,Samsun,Karadeniz,0,SMS,GOOGLE_MAPS,Customer_003036,1,,SYNTHETIC,1.3.0,42,
C003037,WS0004,INDIVIDUAL,2021-03-20,Bursa,Marmara,0,PHONE,SOCIAL_MEDIA,Customer_003037,1,,SYNTHETIC,1.3.0,42,
C003038,WS0003,INDIVIDUAL,2025-01-26,İzmir,Ege,0,WHATSAPP,WALK_IN,Customer_003038,1,,SYNTHETIC,1.3.0,42,
C003039,WS0001,INDIVIDUAL,2022-09-08,İstanbul,Marmara,0,EMAIL,ORGANIC,Customer_003039,1,,SYNTHETIC,1.3.0,42,
C003040,WS0009,INDIVIDUAL,2024-03-07,Samsun,Karadeniz,0,WHATSAPP,WALK_IN,Customer_003040,1,,SYNTHETIC,1.3.0,42,
C003041,WS0001,INDIVIDUAL,2025-03-30,İstanbul,Marmara,0,EMAIL,REFERRAL,Customer_003041,0,2025-10-28,SYNTHETIC,1.3.0,42,
C003042,WS0008,INDIVIDUAL,2024-11-07,Gaziantep,Güneydoğu Anadolu,0,PHONE,REFERRAL,Customer_003042,1,,SYNTHETIC,1.3.0,42,
C003043,WS0001,COMMERCIAL,2024-06-17,İstanbul,Marmara,0,PHONE,REFERRAL,Customer_003043,1,,SYNTHETIC,1.3.0,42,
C003044,WS0004,INDIVIDUAL,2022-12-25,Bursa,Marmara,0,WHATSAPP,ORGANIC,Customer_003044,1,,SYNTHETIC,1.3.0,42,
C003045,WS0008,INDIVIDUAL,2025-01-15,Gaziantep,Güneydoğu Anadolu,0,WHATSAPP,REFERRAL,Customer_003045,1,,SYNTHETIC,1.3.0,42,
C003046,WS0005,INDIVIDUAL,2025-01-11,Antalya,Akdeniz,0,WHATSAPP,ORGANIC,Customer_003046,1,,SYNTHETIC,1.3.0,42,
C003047,WS0002,INDIVIDUAL,2025-04-05,Ankara,İç Anadolu,0,WHATSAPP,REFERRAL,Customer_003047,1,,SYNTHETIC,1.3.0,42,
C003048,WS0010,INDIVIDUAL,2024-08-04,Eskişehir,İç Anadolu,0,WHATSAPP,ORGANIC,Customer_003048,1,,SYNTHETIC,1.3.0,42,
C003049,WS0005,INDIVIDUAL,2023-06-15,Antalya,Akdeniz,0,WHATSAPP,REFERRAL,Customer_003049,1,,SYNTHETIC,1.3.0,42,
C003050,WS0004,INDIVIDUAL,2022-06-09,Bursa,Marmara,0,PHONE,REFERRAL,Customer_003050,1,,SYNTHETIC,1.3.0,42,
C003051,WS0001,INDIVIDUAL,2024-11-05,İstanbul,Marmara,0,PHONE,GOOGLE_MAPS,Customer_003051,1,,SYNTHETIC,1.3.0,42,
C003052,WS0001,INDIVIDUAL,2021-02-26,İstanbul,Marmara,0,WHATSAPP,GOOGLE_MAPS,Customer_003052,1,,SYNTHETIC,1.3.0,42,
C003053,WS0004,COMMERCIAL,2023-01-09,Bursa,Marmara,0,EMAIL,DIRECT_SALES,Customer_003053,1,,SYNTHETIC,1.3.0,42,
C003054,WS0002,INDIVIDUAL,2021-06-02,Ankara,İç Anadolu,0,WHATSAPP,REFERRAL,Customer_003054,1,,SYNTHETIC,1.3.0,42,
C003055,WS0008,INDIVIDUAL,2025-06-27,Gaziantep,Güneydoğu Anadolu,0,PHONE,WALK_IN,Customer_003055,1,,SYNTHETIC,1.3.0,42,
C003056,WS0002,COMMERCIAL,2024-06-08,Ankara,İç Anadolu,0,PHONE,DIRECT_SALES,Customer_003056,1,,SYNTHETIC,1.3.0,42,
C003057,WS0009,INDIVIDUAL,2023-05-01,Samsun,Karadeniz,0,SMS,ORGANIC,Customer_003057,0,2025-12-10,SYNTHETIC,1.3.0,42,
C003058,WS0002,INDIVIDUAL,2021-01-13,Ankara,İç Anadolu,0,EMAIL,ORGANIC,Customer_003058,1,,SYNTHETIC,1.3.0,42,
C003059,WS0003,INDIVIDUAL,2021-05-03,İzmir,Ege,0,WHATSAPP,REFERRAL,Customer_003059,1,,SYNTHETIC,1.3.0,42,
C003060,WS0001,INDIVIDUAL,2025-12-17,İstanbul,Marmara,0,WHATSAPP,SOCIAL_MEDIA,Customer_003060,0,2026-05-15,SYNTHETIC,1.3.0,42,
C003061,WS0006,INDIVIDUAL,2024-05-23,Konya,İç Anadolu,0,PHONE,WALK_IN,Customer_003061,1,,SYNTHETIC,1.3.0,42,
C003062,WS0007,INDIVIDUAL,2023-04-22,Adana,Akdeniz,0,SMS,SOCIAL_MEDIA,Customer_003062,1,,SYNTHETIC,1.3.0,42,
C003063,WS0010,INDIVIDUAL,2022-05-28,Eskişehir,İç Anadolu,0,SMS,ORGANIC,Customer_003063,1,,SYNTHETIC,1.3.0,42,
C003064,WS0006,INDIVIDUAL,2021-04-25,Konya,İç Anadolu,0,WHATSAPP,GOOGLE_MAPS,Customer_003064,1,,SYNTHETIC,1.3.0,42,
C003065,WS0009,INDIVIDUAL,2022-05-18,Samsun,Karadeniz,0,PHONE,GOOGLE_MAPS,Customer_003065,1,,SYNTHETIC,1.3.0,42,
C003066,WS0005,INDIVIDUAL,2021-09-27,Antalya,Akdeniz,0,PHONE,WALK_IN,Customer_003066,1,,SYNTHETIC,1.3.0,42,
C003067,WS0005,COMMERCIAL,2025-03-27,Antalya,Akdeniz,0,PHONE,REFERRAL,Customer_003067,1,,SYNTHETIC,1.3.0,42,
C003068,WS0006,INDIVIDUAL,2021-09-27,Konya,İç Anadolu,0,EMAIL,REFERRAL,Customer_003068,1,,SYNTHETIC,1.3.0,42,
C003069,WS0006,INDIVIDUAL,2023-02-11,Konya,İç Anadolu,0,EMAIL,REFERRAL,Customer_003069,1,,SYNTHETIC,1.3.0,42,
C003070,WS0010,INDIVIDUAL,2022-04-15,Eskişehir,İç Anadolu,0,WHATSAPP,GOOGLE_MAPS,Customer_003070,1,,SYNTHETIC,1.3.0,42,
C003071,WS0007,INDIVIDUAL,2023-06-17,Adana,Akdeniz,0,SMS,WALK_IN,Customer_003071,1,,SYNTHETIC,1.3.0,42,
C003072,WS0001,INDIVIDUAL,2024-05-12,İstanbul,Marmara,0,WHATSAPP,SOCIAL_MEDIA,Customer_003072,1,,SYNTHETIC,1.3.0,42,
C003073,WS0002,INDIVIDUAL,2023-11-08,Ankara,İç Anadolu,0,SMS,REFERRAL,Customer_003073,0,2024-04-13,SYNTHETIC,1.3.0,42,
C003074,WS0008,INDIVIDUAL,2026-07-17,Gaziantep,Güneydoğu Anadolu,0,PHONE,WALK_IN,Customer_003074,1,,SYNTHETIC,1.3.0,42,
C003075,WS0008,INDIVIDUAL,2024-09-12,Gaziantep,Güneydoğu Anadolu,0,SMS,WALK_IN,Customer_003075,1,,SYNTHETIC,1.3.0,42,
C003076,WS0010,INDIVIDUAL,2024-05-09,Eskişehir,İç Anadolu,0,PHONE,ORGANIC,Customer_003076,1,,SYNTHETIC,1.3.0,42,
C003077,WS0004,INDIVIDUAL,2022-05-02,Bursa,Marmara,0,SMS,REFERRAL,Customer_003077,1,,SYNTHETIC,1.3.0,42,
C003078,WS0003,INDIVIDUAL,2025-09-01,İzmir,Ege,0,WHATSAPP,WALK_IN,Customer_003078,1,,SYNTHETIC,1.3.0,42,
C003079,WS0008,INDIVIDUAL,2024-10-26,Gaziantep,Güneydoğu Anadolu,0,WHATSAPP,SOCIAL_MEDIA,Customer_003079,1,,SYNTHETIC,1.3.0,42,
C003080,WS0003,INDIVIDUAL,2022-01-25,İzmir,Ege,0,WHATSAPP,ORGANIC,Customer_003080,1,,SYNTHETIC,1.3.0,42,
C003081,WS0009,INDIVIDUAL,2026-05-21,Samsun,Karadeniz,0,WHATSAPP,SOCIAL_MEDIA,Customer_003081,1,,SYNTHETIC,1.3.0,42,
C003082,WS0001,INDIVIDUAL,2021-05-18,İstanbul,Marmara,0,SMS,WALK_IN,Customer_003082,1,,SYNTHETIC,1.3.0,42,
C003083,WS0001,INDIVIDUAL,2025-05-18,İstanbul,Marmara,0,WHATSAPP,WALK_IN,Customer_003083,1,,SYNTHETIC,1.3.0,42,
C003084,WS0010,INDIVIDUAL,2022-05-20,Eskişehir,İç Anadolu,0,SMS,ORGANIC,Customer_003084,1,,SYNTHETIC,1.3.0,42,
C003085,WS0003,INDIVIDUAL,2023-06-21,İzmir,Ege,0,PHONE,GOOGLE_MAPS,Customer_003085,1,,SYNTHETIC,1.3.0,42,
C003086,WS0007,INDIVIDUAL,2023-06-01,Adana,Akdeniz,0,WHATSAPP,SOCIAL_MEDIA,Customer_003086,1,,SYNTHETIC,1.3.0,42,
C003087,WS0009,INDIVIDUAL,2024-09-14,Samsun,Karadeniz,0,PHONE,WALK_IN,Customer_003087,1,,SYNTHETIC,1.3.0,42,
C003088,WS0007,INDIVIDUAL,2023-09-12,Adana,Akdeniz,0,SMS,ORGANIC,Customer_003088,1,,SYNTHETIC,1.3.0,42,
C003089,WS0002,INDIVIDUAL,2021-04-16,Ankara,İç Anadolu,0,PHONE,ORGANIC,Customer_003089,1,,SYNTHETIC,1.3.0,42,
C003090,WS0008,INDIVIDUAL,2025-01-17,Gaziantep,Güneydoğu Anadolu,0,WHATSAPP,REFERRAL,Customer_003090,0,2026-02-21,SYNTHETIC,1.3.0,42,
C003091,WS0004,INDIVIDUAL,2022-12-25,Bursa,Marmara,0,SMS,REFERRAL,Customer_003091,1,,SYNTHETIC,1.3.0,42,
C003092,WS0009,INDIVIDUAL,2024-02-01,Samsun,Karadeniz,0,WHATSAPP,ORGANIC,Customer_003092,1,,SYNTHETIC,1.3.0,42,
C003093,WS0010,INDIVIDUAL,2021-10-31,Eskişehir,İç Anadolu,0,WHATSAPP,WALK_IN,Customer_003093,1,,SYNTHETIC,1.3.0,42,
C003094,WS0001,INDIVIDUAL,2024-01-19,İstanbul,Marmara,0,SMS,REFERRAL,Customer_003094,1,,SYNTHETIC,1.3.0,42,
C003095,WS0001,INDIVIDUAL,2024-12-24,İstanbul,Marmara,0,WHATSAPP,WALK_IN,Customer_003095,1,,SYNTHETIC,1.3.0,42,
C003096,WS0008,INDIVIDUAL,2025-12-24,Gaziantep,Güneydoğu Anadolu,0,PHONE,WALK_IN,Customer_003096,1,,SYNTHETIC,1.3.0,42,
C003097,WS0008,INDIVIDUAL,2025-09-15,Gaziantep,Güneydoğu Anadolu,0,WHATSAPP,REFERRAL,Customer_003097,1,,SYNTHETIC,1.3.0,42,
C003098,WS0007,INDIVIDUAL,2022-09-24,Adana,Akdeniz,0,PHONE,SOCIAL_MEDIA,Customer_003098,1,,SYNTHETIC,1.3.0,42,
C003099,WS0010,INDIVIDUAL,2026-04-24,Eskişehir,İç Anadolu,0,WHATSAPP,GOOGLE_MAPS,Customer_003099,1,,SYNTHETIC,1.3.0,42,
C003100,WS0007,INDIVIDUAL,2026-06-27,Adana,Akdeniz,0,WHATSAPP,ORGANIC,Customer_003100,1,,SYNTHETIC,1.3.0,42,
C003101,WS0002,INDIVIDUAL,2026-06-07,Ankara,İç Anadolu,0,WHATSAPP,REFERRAL,Customer_003101,1,,SYNTHETIC,1.3.0,42,
C003102,WS0009,INDIVIDUAL,2025-07-12,Samsun,Karadeniz,0,PHONE,SOCIAL_MEDIA,Customer_003102,1,,SYNTHETIC,1.3.0,42,
C003103,WS0006,INDIVIDUAL,2023-10-18,Konya,İç Anadolu,0,EMAIL,ORGANIC,Customer_003103,1,,SYNTHETIC,1.3.0,42,
C003104,WS0007,INDIVIDUAL,2025-12-06,Adana,Akdeniz,0,EMAIL,ORGANIC,Customer_003104,1,,SYNTHETIC,1.3.0,42,
C003105,WS0008,INDIVIDUAL,2023-10-26,Gaziantep,Güneydoğu Anadolu,0,WHATSAPP,WALK_IN,Customer_003105,1,,SYNTHETIC,1.3.0,42,
C003106,WS0005,INDIVIDUAL,2022-10-24,Antalya,Akdeniz,0,WHATSAPP,ORGANIC,Customer_003106,0,2023-03-05,SYNTHETIC,1.3.0,42,
C003107,WS0007,INDIVIDUAL,2021-12-22,Adana,Akdeniz,0,SMS,REFERRAL,Customer_003107,1,,SYNTHETIC,1.3.0,42,
C003108,WS0007,INDIVIDUAL,2021-12-03,Adana,Akdeniz,0,SMS,REFERRAL,Customer_003108,0,2023-06-11,SYNTHETIC,1.3.0,42,
C003109,WS0008,INDIVIDUAL,2023-08-17,Gaziantep,Güneydoğu Anadolu,0,WHATSAPP,REFERRAL,Customer_003109,1,,SYNTHETIC,1.3.0,42,
C003110,WS0007,INDIVIDUAL,2021-12-24,Adana,Akdeniz,0,WHATSAPP,REFERRAL,Customer_003110,0,2026-03-12,SYNTHETIC,1.3.0,42,
C003111,WS0009,INDIVIDUAL,2025-06-09,Samsun,Karadeniz,0,SMS,REFERRAL,Customer_003111,1,,SYNTHETIC,1.3.0,42,
C003112,WS0009,INDIVIDUAL,2023-10-02,Samsun,Karadeniz,0,SMS,REFERRAL,Customer_003112,1,,SYNTHETIC,1.3.0,42,
C003113,WS0004,INDIVIDUAL,2023-11-08,Bursa,Marmara,0,WHATSAPP,SOCIAL_MEDIA,Customer_003113,1,,SYNTHETIC,1.3.0,42,
C003114,WS0005,INDIVIDUAL,2025-10-17,Antalya,Akdeniz,0,WHATSAPP,ORGANIC,Customer_003114,1,,SYNTHETIC,1.3.0,42,
C003115,WS0010,INDIVIDUAL,2023-01-23,Eskişehir,İç Anadolu,0,WHATSAPP,WALK_IN,Customer_003115,1,,SYNTHETIC,1.3.0,42,
C003116,WS0010,INDIVIDUAL,2026-01-18,Eskişehir,İç Anadolu,0,PHONE,WALK_IN,Customer_003116,1,,SYNTHETIC,1.3.0,42,
C003117,WS0009,INDIVIDUAL,2021-02-02,Samsun,Karadeniz,0,WHATSAPP,REFERRAL,Customer_003117,1,,SYNTHETIC,1.3.0,42,
C003118,WS0001,INDIVIDUAL,2023-05-02,İstanbul,Marmara,0,PHONE,ORGANIC,Customer_003118,1,,SYNTHETIC,1.3.0,42,
C003119,WS0001,INDIVIDUAL,2025-09-22,İstanbul,Marmara,0,WHATSAPP,WALK_IN,Customer_003119,1,,SYNTHETIC,1.3.0,42,
C003120,WS0008,INDIVIDUAL,2026-03-20,Gaziantep,Güneydoğu Anadolu,0,WHATSAPP,GOOGLE_MAPS,Customer_003120,0,2026-06-29,SYNTHETIC,1.3.0,42,
C003121,WS0010,INDIVIDUAL,2022-04-22,Eskişehir,İç Anadolu,0,WHATSAPP,REFERRAL,Customer_003121,1,,SYNTHETIC,1.3.0,42,
C003122,WS0001,INDIVIDUAL,2023-06-24,İstanbul,Marmara,0,WHATSAPP,REFERRAL,Customer_003122,1,,SYNTHETIC,1.3.0,42,
C003123,WS0007,INDIVIDUAL,2024-08-07,Adana,Akdeniz,0,PHONE,GOOGLE_MAPS,Customer_003123,1,,SYNTHETIC,1.3.0,42,
C003124,WS0006,INDIVIDUAL,2025-11-25,Konya,İç Anadolu,0,PHONE,SOCIAL_MEDIA,Customer_003124,1,,SYNTHETIC,1.3.0,42,
C003125,WS0005,INDIVIDUAL,2021-12-19,Antalya,Akdeniz,0,WHATSAPP,GOOGLE_MAPS,Customer_003125,1,,SYNTHETIC,1.3.0,42,
C003126,WS0009,INDIVIDUAL,2022-03-27,Samsun,Karadeniz,0,PHONE,SOCIAL_MEDIA,Customer_003126,1,,SYNTHETIC,1.3.0,42,
C003127,WS0004,INDIVIDUAL,2022-09-11,Bursa,Marmara,0,PHONE,ORGANIC,Customer_003127,1,,SYNTHETIC,1.3.0,42,
C003128,WS0009,INDIVIDUAL,2022-05-18,Samsun,Karadeniz,0,PHONE,GOOGLE_MAPS,Customer_003128,1,,SYNTHETIC,1.3.0,42,
C003129,WS0006,INDIVIDUAL,2021-05-03,Konya,İç Anadolu,0,EMAIL,SOCIAL_MEDIA,Customer_003129,1,,SYNTHETIC,1.3.0,42,
C003130,WS0007,INDIVIDUAL,2025-10-23,Adana,Akdeniz,0,SMS,SOCIAL_MEDIA,Customer_003130,1,,SYNTHETIC,1.3.0,42,
C003131,WS0004,INDIVIDUAL,2021-12-29,Bursa,Marmara,0,PHONE,SOCIAL_MEDIA,Customer_003131,1,,SYNTHETIC,1.3.0,42,
C003132,WS0007,INDIVIDUAL,2021-07-15,Adana,Akdeniz,0,WHATSAPP,SOCIAL_MEDIA,Customer_003132,1,,SYNTHETIC,1.3.0,42,
C003133,WS0002,INDIVIDUAL,2025-02-13,Ankara,İç Anadolu,0,PHONE,GOOGLE_MAPS,Customer_003133,1,,SYNTHETIC,1.3.0,42,
C003134,WS0007,FLEET,2026-05-11,Adana,Akdeniz,1,EMAIL,DIRECT_SALES,Customer_003134,1,,SYNTHETIC,1.3.0,42,
C003135,WS0002,INDIVIDUAL,2026-07-22,Ankara,İç Anadolu,0,PHONE,SOCIAL_MEDIA,Customer_003135,1,,SYNTHETIC,1.3.0,42,
C003136,WS0010,COMMERCIAL,2025-03-31,Eskişehir,İç Anadolu,0,PHONE,FLEET_PARTNERSHIP,Customer_003136,1,,SYNTHETIC,1.3.0,42,
C003137,WS0009,INDIVIDUAL,2022-02-06,Samsun,Karadeniz,0,EMAIL,REFERRAL,Customer_003137,1,,SYNTHETIC,1.3.0,42,
C003138,WS0009,INDIVIDUAL,2021-01-05,Samsun,Karadeniz,0,PHONE,SOCIAL_MEDIA,Customer_003138,1,,SYNTHETIC,1.3.0,42,
C003139,WS0007,INDIVIDUAL,2023-05-17,Adana,Akdeniz,0,WHATSAPP,REFERRAL,Customer_003139,1,,SYNTHETIC,1.3.0,42,
C003140,WS0008,INDIVIDUAL,2024-05-26,Gaziantep,Güneydoğu Anadolu,0,SMS,GOOGLE_MAPS,Customer_003140,1,,SYNTHETIC,1.3.0,42,
C003141,WS0007,INDIVIDUAL,2022-07-06,Adana,Akdeniz,0,WHATSAPP,REFERRAL,Customer_003141,1,,SYNTHETIC,1.3.0,42,
C003142,WS0002,INDIVIDUAL,2024-10-28,Ankara,İç Anadolu,0,WHATSAPP,GOOGLE_MAPS,Customer_003142,1,,SYNTHETIC,1.3.0,42,
C003143,WS0006,INDIVIDUAL,2021-11-18,Konya,İç Anadolu,0,EMAIL,GOOGLE_MAPS,Customer_003143,1,,SYNTHETIC,1.3.0,42,
C003144,WS0006,INDIVIDUAL,2026-03-15,Konya,İç Anadolu,0,EMAIL,REFERRAL,Customer_003144,1,,SYNTHETIC,1.3.0,42,
C003145,WS0003,INDIVIDUAL,2021-04-16,İzmir,Ege,0,PHONE,WALK_IN,Customer_003145,1,,SYNTHETIC,1.3.0,42,
C003146,WS0008,INDIVIDUAL,2026-04-24,Gaziantep,Güneydoğu Anadolu,0,SMS,WALK_IN,Customer_003146,1,,SYNTHETIC,1.3.0,42,
C003147,WS0003,INDIVIDUAL,2025-08-25,İzmir,Ege,0,WHATSAPP,ORGANIC,Customer_003147,1,,SYNTHETIC,1.3.0,42,
C003148,WS0004,INDIVIDUAL,2023-06-05,Bursa,Marmara,0,PHONE,ORGANIC,Customer_003148,1,,SYNTHETIC,1.3.0,42,
C003149,WS0009,INDIVIDUAL,2025-02-27,Samsun,Karadeniz,0,PHONE,GOOGLE_MAPS,Customer_003149,1,,SYNTHETIC,1.3.0,42,
C003150,WS0008,INDIVIDUAL,2025-03-24,Gaziantep,Güneydoğu Anadolu,0,WHATSAPP,ORGANIC,Customer_003150,0,2026-05-02,SYNTHETIC,1.3.0,42,
C003151,WS0005,INDIVIDUAL,2024-11-03,Antalya,Akdeniz,0,WHATSAPP,SOCIAL_MEDIA,Customer_003151,1,,SYNTHETIC,1.3.0,42,
C003152,WS0004,COMMERCIAL,2021-01-30,Bursa,Marmara,0,PHONE,ORGANIC,Customer_003152,1,,SYNTHETIC,1.3.0,42,
C003153,WS0004,INDIVIDUAL,2022-10-07,Bursa,Marmara,0,PHONE,SOCIAL_MEDIA,Customer_003153,1,,SYNTHETIC,1.3.0,42,
C003154,WS0001,INDIVIDUAL,2022-01-26,İstanbul,Marmara,0,WHATSAPP,ORGANIC,Customer_003154,1,,SYNTHETIC,1.3.0,42,
C003155,WS0005,INDIVIDUAL,2024-11-03,Antalya,Akdeniz,0,WHATSAPP,SOCIAL_MEDIA,Customer_003155,1,,SYNTHETIC,1.3.0,42,
C003156,WS0006,INDIVIDUAL,2022-02-24,Konya,İç Anadolu,0,WHATSAPP,GOOGLE_MAPS,Customer_003156,1,,SYNTHETIC,1.3.0,42,
C003157,WS0010,INDIVIDUAL,2022-02-12,Eskişehir,İç Anadolu,0,WHATSAPP,GOOGLE_MAPS,Customer_003157,1,,SYNTHETIC,1.3.0,42,
C003158,WS0001,INDIVIDUAL,2021-08-28,İstanbul,Marmara,0,WHATSAPP,REFERRAL,Customer_003158,1,,SYNTHETIC,1.3.0,42,
C003159,WS0010,INDIVIDUAL,2023-02-04,Eskişehir,İç Anadolu,0,SMS,ORGANIC,Customer_003159,1,,SYNTHETIC,1.3.0,42,
C003160,WS0008,INDIVIDUAL,2024-02-29,Gaziantep,Güneydoğu Anadolu,0,WHATSAPP,ORGANIC,Customer_003160,1,,SYNTHETIC,1.3.0,42,
C003161,WS0010,INDIVIDUAL,2026-01-23,Eskişehir,İç Anadolu,0,WHATSAPP,REFERRAL,Customer_003161,1,,SYNTHETIC,1.3.0,42,
C003162,WS0004,INDIVIDUAL,2025-08-03,Bursa,Marmara,0,WHATSAPP,WALK_IN,Customer_003162,1,,SYNTHETIC,1.3.0,42,
C003163,WS0009,COMMERCIAL,2023-04-08,Samsun,Karadeniz,0,EMAIL,DIRECT_SALES,Customer_003163,1,,SYNTHETIC,1.3.0,42,
C003164,WS0002,INDIVIDUAL,2023-10-08,Ankara,İç Anadolu,0,WHATSAPP,REFERRAL,Customer_003164,1,,SYNTHETIC,1.3.0,42,
C003165,WS0005,INDIVIDUAL,2023-05-08,Antalya,Akdeniz,0,WHATSAPP,REFERRAL,Customer_003165,1,,SYNTHETIC,1.3.0,42,
C003166,WS0009,INDIVIDUAL,2021-08-06,Samsun,Karadeniz,0,EMAIL,ORGANIC,Customer_003166,1,,SYNTHETIC,1.3.0,42,
C003167,WS0006,INDIVIDUAL,2022-04-20,Konya,İç Anadolu,0,PHONE,WALK_IN,Customer_003167,1,,SYNTHETIC,1.3.0,42,
C003168,WS0004,INDIVIDUAL,2022-11-29,Bursa,Marmara,0,WHATSAPP,WALK_IN,Customer_003168,1,,SYNTHETIC,1.3.0,42,
C003169,WS0003,INDIVIDUAL,2024-09-24,İzmir,Ege,0,PHONE,ORGANIC,Customer_003169,1,,SYNTHETIC,1.3.0,42,
C003170,WS0002,INDIVIDUAL,2024-11-30,Ankara,İç Anadolu,0,PHONE,SOCIAL_MEDIA,Customer_003170,1,,SYNTHETIC,1.3.0,42,
C003171,WS0008,INDIVIDUAL,2021-12-24,Gaziantep,Güneydoğu Anadolu,0,WHATSAPP,WALK_IN,Customer_003171,1,,SYNTHETIC,1.3.0,42,
C003172,WS0005,INDIVIDUAL,2021-02-21,Antalya,Akdeniz,0,SMS,GOOGLE_MAPS,Customer_003172,1,,SYNTHETIC,1.3.0,42,
C003173,WS0007,INDIVIDUAL,2024-02-10,Adana,Akdeniz,0,WHATSAPP,WALK_IN,Customer_003173,1,,SYNTHETIC,1.3.0,42,
C003174,WS0001,INDIVIDUAL,2023-03-26,İstanbul,Marmara,0,WHATSAPP,REFERRAL,Customer_003174,1,,SYNTHETIC,1.3.0,42,
C003175,WS0003,INDIVIDUAL,2023-05-04,İzmir,Ege,0,EMAIL,ORGANIC,Customer_003175,1,,SYNTHETIC,1.3.0,42,
C003176,WS0006,INDIVIDUAL,2021-09-23,Konya,İç Anadolu,0,PHONE,ORGANIC,Customer_003176,1,,SYNTHETIC,1.3.0,42,
C003177,WS0002,INDIVIDUAL,2021-06-24,Ankara,İç Anadolu,0,PHONE,ORGANIC,Customer_003177,1,,SYNTHETIC,1.3.0,42,
C003178,WS0004,INDIVIDUAL,2021-12-12,Bursa,Marmara,0,WHATSAPP,ORGANIC,Customer_003178,1,,SYNTHETIC,1.3.0,42,
C003179,WS0006,INDIVIDUAL,2022-04-16,Konya,İç Anadolu,0,SMS,REFERRAL,Customer_003179,0,2023-01-29,SYNTHETIC,1.3.0,42,
C003180,WS0008,INDIVIDUAL,2026-02-11,Gaziantep,Güneydoğu Anadolu,0,WHATSAPP,ORGANIC,Customer_003180,1,,SYNTHETIC,1.3.0,42,
C003181,WS0005,INDIVIDUAL,2024-05-17,Antalya,Akdeniz,0,SMS,WALK_IN,Customer_003181,1,,SYNTHETIC,1.3.0,42,
C003182,WS0006,INDIVIDUAL,2024-12-25,Konya,İç Anadolu,0,PHONE,WALK_IN,Customer_003182,1,,SYNTHETIC,1.3.0,42,
C003183,WS0003,INDIVIDUAL,2022-01-02,İzmir,Ege,0,PHONE,GOOGLE_MAPS,Customer_003183,1,,SYNTHETIC,1.3.0,42,
C003184,WS0001,INDIVIDUAL,2023-08-03,İstanbul,Marmara,0,EMAIL,GOOGLE_MAPS,Customer_003184,1,,SYNTHETIC,1.3.0,42,
C003185,WS0003,INDIVIDUAL,2023-01-16,İzmir,Ege,0,PHONE,ORGANIC,Customer_003185,1,,SYNTHETIC,1.3.0,42,
C003186,WS0004,INDIVIDUAL,2026-02-28,Bursa,Marmara,0,PHONE,SOCIAL_MEDIA,Customer_003186,0,2026-06-29,SYNTHETIC,1.3.0,42,
C003187,WS0003,INDIVIDUAL,2023-08-10,İzmir,Ege,0,SMS,REFERRAL,Customer_003187,0,2024-09-13,SYNTHETIC,1.3.0,42,
C003188,WS0006,INDIVIDUAL,2023-01-08,Konya,İç Anadolu,0,WHATSAPP,WALK_IN,Customer_003188,1,,SYNTHETIC,1.3.0,42,
C003189,WS0006,INDIVIDUAL,2024-07-04,Konya,İç Anadolu,0,WHATSAPP,ORGANIC,Customer_003189,1,,SYNTHETIC,1.3.0,42,
C003190,WS0001,INDIVIDUAL,2023-08-07,İstanbul,Marmara,0,EMAIL,ORGANIC,Customer_003190,1,,SYNTHETIC,1.3.0,42,
C003191,WS0005,INDIVIDUAL,2021-05-10,Antalya,Akdeniz,0,WHATSAPP,REFERRAL,Customer_003191,1,,SYNTHETIC,1.3.0,42,
C003192,WS0001,INDIVIDUAL,2023-08-30,İstanbul,Marmara,0,SMS,WALK_IN,Customer_003192,1,,SYNTHETIC,1.3.0,42,
C003193,WS0001,INDIVIDUAL,2022-05-09,İstanbul,Marmara,0,WHATSAPP,REFERRAL,Customer_003193,0,2024-12-11,SYNTHETIC,1.3.0,42,
C003194,WS0007,INDIVIDUAL,2024-05-03,Adana,Akdeniz,0,SMS,REFERRAL,Customer_003194,1,,SYNTHETIC,1.3.0,42,
C003195,WS0003,INDIVIDUAL,2025-04-17,İzmir,Ege,0,WHATSAPP,GOOGLE_MAPS,Customer_003195,1,,SYNTHETIC,1.3.0,42,
C003196,WS0010,INDIVIDUAL,2023-03-21,Eskişehir,İç Anadolu,0,WHATSAPP,WALK_IN,Customer_003196,1,,SYNTHETIC,1.3.0,42,
C003197,WS0002,INDIVIDUAL,2026-01-01,Ankara,İç Anadolu,0,WHATSAPP,REFERRAL,Customer_003197,1,,SYNTHETIC,1.3.0,42,
C003198,WS0003,INDIVIDUAL,2023-01-20,İzmir,Ege,0,WHATSAPP,GOOGLE_MAPS,Customer_003198,1,,SYNTHETIC,1.3.0,42,
C003199,WS0002,INDIVIDUAL,2024-03-13,Ankara,İç Anadolu,0,SMS,REFERRAL,Customer_003199,1,,SYNTHETIC,1.3.0,42,
C003200,WS0007,INDIVIDUAL,2024-08-14,Adana,Akdeniz,0,PHONE,REFERRAL,Customer_003200,1,,SYNTHETIC,1.3.0,42,
C003201,WS0004,INDIVIDUAL,2025-12-24,Bursa,Marmara,0,WHATSAPP,REFERRAL,Customer_003201,1,,SYNTHETIC,1.3.0,42,
C003202,WS0009,INDIVIDUAL,2025-06-21,Samsun,Karadeniz,0,PHONE,REFERRAL,Customer_003202,1,,SYNTHETIC,1.3.0,42,
C003203,WS0001,INDIVIDUAL,2025-09-18,İstanbul,Marmara,0,WHATSAPP,REFERRAL,Customer_003203,1,,SYNTHETIC,1.3.0,42,
C003204,WS0008,INDIVIDUAL,2024-08-25,Gaziantep,Güneydoğu Anadolu,0,SMS,ORGANIC,Customer_003204,1,,SYNTHETIC,1.3.0,42,
C003205,WS0008,COMMERCIAL,2022-03-24,Gaziantep,Güneydoğu Anadolu,0,WHATSAPP,REFERRAL,Customer_003205,1,,SYNTHETIC,1.3.0,42,
C003206,WS0001,INDIVIDUAL,2024-04-10,İstanbul,Marmara,0,EMAIL,WALK_IN,Customer_003206,1,,SYNTHETIC,1.3.0,42,
C003207,WS0005,INDIVIDUAL,2026-01-10,Antalya,Akdeniz,0,SMS,GOOGLE_MAPS,Customer_003207,0,2026-06-09,SYNTHETIC,1.3.0,42,
C003208,WS0010,INDIVIDUAL,2023-12-14,Eskişehir,İç Anadolu,0,PHONE,GOOGLE_MAPS,Customer_003208,1,,SYNTHETIC,1.3.0,42,
C003209,WS0003,INDIVIDUAL,2025-07-23,İzmir,Ege,0,WHATSAPP,GOOGLE_MAPS,Customer_003209,1,,SYNTHETIC,1.3.0,42,
C003210,WS0004,INDIVIDUAL,2022-11-29,Bursa,Marmara,0,EMAIL,SOCIAL_MEDIA,Customer_003210,1,,SYNTHETIC,1.3.0,42,
C003211,WS0008,COMMERCIAL,2024-03-25,Gaziantep,Güneydoğu Anadolu,0,EMAIL,DIRECT_SALES,Customer_003211,1,,SYNTHETIC,1.3.0,42,
C003212,WS0002,INDIVIDUAL,2026-06-26,Ankara,İç Anadolu,0,SMS,ORGANIC,Customer_003212,0,2026-08-24,SYNTHETIC,1.3.0,42,
C003213,WS0001,INDIVIDUAL,2023-08-16,İstanbul,Marmara,0,WHATSAPP,ORGANIC,Customer_003213,1,,SYNTHETIC,1.3.0,42,
C003214,WS0001,COMMERCIAL,2024-07-17,İstanbul,Marmara,0,EMAIL,DIRECT_SALES,Customer_003214,1,,SYNTHETIC,1.3.0,42,
C003215,WS0002,INDIVIDUAL,2024-01-27,Ankara,İç Anadolu,0,PHONE,GOOGLE_MAPS,Customer_003215,1,,SYNTHETIC,1.3.0,42,
C003216,WS0004,INDIVIDUAL,2022-11-07,Bursa,Marmara,0,WHATSAPP,WALK_IN,Customer_003216,1,,SYNTHETIC,1.3.0,42,
C003217,WS0005,INDIVIDUAL,2025-06-08,Antalya,Akdeniz,0,WHATSAPP,REFERRAL,Customer_003217,1,,SYNTHETIC,1.3.0,42,
C003218,WS0006,INDIVIDUAL,2025-02-10,Konya,İç Anadolu,0,WHATSAPP,ORGANIC,Customer_003218,1,,SYNTHETIC,1.3.0,42,
C003219,WS0005,INDIVIDUAL,2022-11-27,Antalya,Akdeniz,0,PHONE,SOCIAL_MEDIA,Customer_003219,1,,SYNTHETIC,1.3.0,42,
C003220,WS0007,INDIVIDUAL,2021-06-09,Adana,Akdeniz,0,PHONE,SOCIAL_MEDIA,Customer_003220,1,,SYNTHETIC,1.3.0,42,
C003221,WS0008,INDIVIDUAL,2021-10-28,Gaziantep,Güneydoğu Anadolu,0,WHATSAPP,REFERRAL,Customer_003221,1,,SYNTHETIC,1.3.0,42,
C003222,WS0005,INDIVIDUAL,2022-03-03,Antalya,Akdeniz,0,SMS,ORGANIC,Customer_003222,1,,SYNTHETIC,1.3.0,42,
C003223,WS0004,INDIVIDUAL,2023-11-16,Bursa,Marmara,0,PHONE,WALK_IN,Customer_003223,1,,SYNTHETIC,1.3.0,42,
C003224,WS0003,INDIVIDUAL,2025-03-20,İzmir,Ege,0,WHATSAPP,SOCIAL_MEDIA,Customer_003224,1,,SYNTHETIC,1.3.0,42,
C003225,WS0001,INDIVIDUAL,2023-08-28,İstanbul,Marmara,0,WHATSAPP,WALK_IN,Customer_003225,1,,SYNTHETIC,1.3.0,42,
C003226,WS0006,INDIVIDUAL,2025-03-06,Konya,İç Anadolu,0,EMAIL,ORGANIC,Customer_003226,1,,SYNTHETIC,1.3.0,42,
C003227,WS0005,INDIVIDUAL,2023-06-06,Antalya,Akdeniz,0,WHATSAPP,REFERRAL,Customer_003227,1,,SYNTHETIC,1.3.0,42,
C003228,WS0008,COMMERCIAL,2023-02-08,Gaziantep,Güneydoğu Anadolu,0,PHONE,DIRECT_SALES,Customer_003228,1,,SYNTHETIC,1.3.0,42,
C003229,WS0006,INDIVIDUAL,2021-11-28,Konya,İç Anadolu,0,WHATSAPP,GOOGLE_MAPS,Customer_003229,1,,SYNTHETIC,1.3.0,42,
C003230,WS0007,INDIVIDUAL,2025-06-16,Adana,Akdeniz,0,SMS,REFERRAL,Customer_003230,0,2025-12-14,SYNTHETIC,1.3.0,42,
C003231,WS0004,INDIVIDUAL,2023-01-29,Bursa,Marmara,0,WHATSAPP,GOOGLE_MAPS,Customer_003231,1,,SYNTHETIC,1.3.0,42,
C003232,WS0003,INDIVIDUAL,2024-07-09,İzmir,Ege,0,WHATSAPP,REFERRAL,Customer_003232,1,,SYNTHETIC,1.3.0,42,
C003233,WS0010,INDIVIDUAL,2025-03-19,Eskişehir,İç Anadolu,0,WHATSAPP,ORGANIC,Customer_003233,1,,SYNTHETIC,1.3.0,42,
C003234,WS0007,INDIVIDUAL,2025-01-17,Adana,Akdeniz,0,PHONE,SOCIAL_MEDIA,Customer_003234,0,2026-06-12,SYNTHETIC,1.3.0,42,
C003235,WS0005,COMMERCIAL,2024-06-06,Antalya,Akdeniz,0,EMAIL,FLEET_PARTNERSHIP,Customer_003235,1,,SYNTHETIC,1.3.0,42,
C003236,WS0006,INDIVIDUAL,2025-05-23,Konya,İç Anadolu,0,WHATSAPP,REFERRAL,Customer_003236,1,,SYNTHETIC,1.3.0,42,
C003237,WS0008,INDIVIDUAL,2022-11-16,Gaziantep,Güneydoğu Anadolu,0,PHONE,REFERRAL,Customer_003237,1,,SYNTHETIC,1.3.0,42,
C003238,WS0007,INDIVIDUAL,2025-10-04,Adana,Akdeniz,0,WHATSAPP,REFERRAL,Customer_003238,0,2026-06-08,SYNTHETIC,1.3.0,42,
C003239,WS0007,INDIVIDUAL,2024-06-01,Adana,Akdeniz,0,WHATSAPP,ORGANIC,Customer_003239,1,,SYNTHETIC,1.3.0,42,
C003240,WS0001,INDIVIDUAL,2024-05-14,İstanbul,Marmara,0,EMAIL,ORGANIC,Customer_003240,1,,SYNTHETIC,1.3.0,42,
C003241,WS0008,INDIVIDUAL,2021-03-28,Gaziantep,Güneydoğu Anadolu,0,PHONE,WALK_IN,Customer_003241,1,,SYNTHETIC,1.3.0,42,
C003242,WS0001,INDIVIDUAL,2021-01-01,İstanbul,Marmara,0,WHATSAPP,GOOGLE_MAPS,Customer_003242,0,2022-11-28,SYNTHETIC,1.3.0,42,
C003243,WS0005,COMMERCIAL,2022-08-02,Antalya,Akdeniz,0,PHONE,FLEET_PARTNERSHIP,Customer_003243,1,,SYNTHETIC,1.3.0,42,
C003244,WS0003,INDIVIDUAL,2025-03-08,İzmir,Ege,0,PHONE,REFERRAL,Customer_003244,1,,SYNTHETIC,1.3.0,42,
C003245,WS0001,INDIVIDUAL,2021-02-06,İstanbul,Marmara,0,PHONE,SOCIAL_MEDIA,Customer_003245,1,,SYNTHETIC,1.3.0,42,
C003246,WS0008,INDIVIDUAL,2022-12-12,Gaziantep,Güneydoğu Anadolu,0,WHATSAPP,GOOGLE_MAPS,Customer_003246,1,,SYNTHETIC,1.3.0,42,
C003247,WS0003,INDIVIDUAL,2022-08-03,İzmir,Ege,0,WHATSAPP,SOCIAL_MEDIA,Customer_003247,1,,SYNTHETIC,1.3.0,42,
C003248,WS0008,COMMERCIAL,2025-01-29,Gaziantep,Güneydoğu Anadolu,0,EMAIL,ORGANIC,Customer_003248,1,,SYNTHETIC,1.3.0,42,
C003249,WS0002,INDIVIDUAL,2024-02-05,Ankara,İç Anadolu,0,WHATSAPP,WALK_IN,Customer_003249,1,,SYNTHETIC,1.3.0,42,
C003250,WS0008,INDIVIDUAL,2024-02-10,Gaziantep,Güneydoğu Anadolu,0,WHATSAPP,ORGANIC,Customer_003250,1,,SYNTHETIC,1.3.0,42,
C003251,WS0003,COMMERCIAL,2024-09-12,İzmir,Ege,0,PHONE,ORGANIC,Customer_003251,1,,SYNTHETIC,1.3.0,42,
C003252,WS0008,FLEET,2025-03-01,Gaziantep,Güneydoğu Anadolu,1,EMAIL,ORGANIC,Customer_003252,1,,SYNTHETIC,1.3.0,42,
C003253,WS0003,INDIVIDUAL,2024-12-27,İzmir,Ege,0,WHATSAPP,REFERRAL,Customer_003253,1,,SYNTHETIC,1.3.0,42,
C003254,WS0003,INDIVIDUAL,2022-07-21,İzmir,Ege,0,WHATSAPP,WALK_IN,Customer_003254,1,,SYNTHETIC,1.3.0,42,
C003255,WS0001,INDIVIDUAL,2022-10-28,İstanbul,Marmara,0,WHATSAPP,ORGANIC,Customer_003255,1,,SYNTHETIC,1.3.0,42,
C003256,WS0002,INDIVIDUAL,2026-07-14,Ankara,İç Anadolu,0,WHATSAPP,GOOGLE_MAPS,Customer_003256,1,,SYNTHETIC,1.3.0,42,
C003257,WS0001,INDIVIDUAL,2024-09-25,İstanbul,Marmara,0,PHONE,GOOGLE_MAPS,Customer_003257,1,,SYNTHETIC,1.3.0,42,
C003258,WS0003,INDIVIDUAL,2024-05-18,İzmir,Ege,0,WHATSAPP,REFERRAL,Customer_003258,1,,SYNTHETIC,1.3.0,42,
C003259,WS0002,INDIVIDUAL,2023-09-27,Ankara,İç Anadolu,0,PHONE,WALK_IN,Customer_003259,1,,SYNTHETIC,1.3.0,42,
C003260,WS0001,INDIVIDUAL,2022-04-27,İstanbul,Marmara,0,SMS,SOCIAL_MEDIA,Customer_003260,1,,SYNTHETIC,1.3.0,42,
C003261,WS0001,COMMERCIAL,2024-05-20,İstanbul,Marmara,0,PHONE,DIRECT_SALES,Customer_003261,1,,SYNTHETIC,1.3.0,42,
C003262,WS0005,INDIVIDUAL,2024-11-07,Antalya,Akdeniz,0,WHATSAPP,ORGANIC,Customer_003262,1,,SYNTHETIC,1.3.0,42,
C003263,WS0006,INDIVIDUAL,2021-07-13,Konya,İç Anadolu,0,WHATSAPP,WALK_IN,Customer_003263,1,,SYNTHETIC,1.3.0,42,
C003264,WS0003,INDIVIDUAL,2025-10-04,İzmir,Ege,0,PHONE,REFERRAL,Customer_003264,1,,SYNTHETIC,1.3.0,42,
C003265,WS0009,INDIVIDUAL,2022-07-09,Samsun,Karadeniz,0,WHATSAPP,ORGANIC,Customer_003265,1,,SYNTHETIC,1.3.0,42,
C003266,WS0008,INDIVIDUAL,2024-05-01,Gaziantep,Güneydoğu Anadolu,0,EMAIL,WALK_IN,Customer_003266,0,2025-12-21,SYNTHETIC,1.3.0,42,
C003267,WS0009,INDIVIDUAL,2023-08-05,Samsun,Karadeniz,0,SMS,REFERRAL,Customer_003267,1,,SYNTHETIC,1.3.0,42,
C003268,WS0008,INDIVIDUAL,2023-04-27,Gaziantep,Güneydoğu Anadolu,0,WHATSAPP,WALK_IN,Customer_003268,1,,SYNTHETIC,1.3.0,42,
C003269,WS0005,INDIVIDUAL,2024-05-06,Antalya,Akdeniz,0,EMAIL,WALK_IN,Customer_003269,1,,SYNTHETIC,1.3.0,42,
C003270,WS0003,INDIVIDUAL,2022-02-09,İzmir,Ege,0,WHATSAPP,REFERRAL,Customer_003270,1,,SYNTHETIC,1.3.0,42,
C003271,WS0002,INDIVIDUAL,2023-09-27,Ankara,İç Anadolu,0,WHATSAPP,GOOGLE_MAPS,Customer_003271,1,,SYNTHETIC,1.3.0,42,
C003272,WS0005,INDIVIDUAL,2025-11-01,Antalya,Akdeniz,0,WHATSAPP,SOCIAL_MEDIA,Customer_003272,1,,SYNTHETIC,1.3.0,42,
C003273,WS0007,COMMERCIAL,2021-11-06,Adana,Akdeniz,0,PHONE,DIRECT_SALES,Customer_003273,1,,SYNTHETIC,1.3.0,42,
C003274,WS0001,INDIVIDUAL,2024-05-19,İstanbul,Marmara,0,WHATSAPP,ORGANIC,Customer_003274,1,,SYNTHETIC,1.3.0,42,
C003275,WS0008,INDIVIDUAL,2022-01-19,Gaziantep,Güneydoğu Anadolu,0,WHATSAPP,REFERRAL,Customer_003275,1,,SYNTHETIC,1.3.0,42,
C003276,WS0004,INDIVIDUAL,2025-01-27,Bursa,Marmara,0,WHATSAPP,ORGANIC,Customer_003276,1,,SYNTHETIC,1.3.0,42,
C003277,WS0002,COMMERCIAL,2025-02-25,Ankara,İç Anadolu,0,EMAIL,ORGANIC,Customer_003277,1,,SYNTHETIC,1.3.0,42,
C003278,WS0005,INDIVIDUAL,2021-06-23,Antalya,Akdeniz,0,WHATSAPP,GOOGLE_MAPS,Customer_003278,1,,SYNTHETIC,1.3.0,42,
C003279,WS0003,INDIVIDUAL,2022-12-07,İzmir,Ege,0,SMS,WALK_IN,Customer_003279,1,,SYNTHETIC,1.3.0,42,
C003280,WS0006,INDIVIDUAL,2025-08-24,Konya,İç Anadolu,0,WHATSAPP,REFERRAL,Customer_003280,1,,SYNTHETIC,1.3.0,42,
C003281,WS0002,INDIVIDUAL,2022-01-08,Ankara,İç Anadolu,0,WHATSAPP,SOCIAL_MEDIA,Customer_003281,1,,SYNTHETIC,1.3.0,42,
C003282,WS0002,INDIVIDUAL,2025-07-31,Ankara,İç Anadolu,0,PHONE,GOOGLE_MAPS,Customer_003282,1,,SYNTHETIC,1.3.0,42,
C003283,WS0007,INDIVIDUAL,2024-08-11,Adana,Akdeniz,0,PHONE,GOOGLE_MAPS,Customer_003283,1,,SYNTHETIC,1.3.0,42,
C003284,WS0007,INDIVIDUAL,2026-04-07,Adana,Akdeniz,0,PHONE,REFERRAL,Customer_003284,1,,SYNTHETIC,1.3.0,42,
C003285,WS0010,INDIVIDUAL,2025-12-17,Eskişehir,İç Anadolu,0,EMAIL,REFERRAL,Customer_003285,1,,SYNTHETIC,1.3.0,42,
C003286,WS0002,INDIVIDUAL,2021-05-26,Ankara,İç Anadolu,0,WHATSAPP,SOCIAL_MEDIA,Customer_003286,1,,SYNTHETIC,1.3.0,42,
C003287,WS0003,INDIVIDUAL,2026-02-04,İzmir,Ege,0,WHATSAPP,WALK_IN,Customer_003287,1,,SYNTHETIC,1.3.0,42,
C003288,WS0008,INDIVIDUAL,2022-09-30,Gaziantep,Güneydoğu Anadolu,0,WHATSAPP,WALK_IN,Customer_003288,1,,SYNTHETIC,1.3.0,42,
C003289,WS0002,INDIVIDUAL,2024-10-08,Ankara,İç Anadolu,0,WHATSAPP,ORGANIC,Customer_003289,1,,SYNTHETIC,1.3.0,42,
C003290,WS0006,INDIVIDUAL,2025-02-04,Konya,İç Anadolu,0,WHATSAPP,ORGANIC,Customer_003290,1,,SYNTHETIC,1.3.0,42,
C003291,WS0001,INDIVIDUAL,2022-07-16,İstanbul,Marmara,0,PHONE,REFERRAL,Customer_003291,1,,SYNTHETIC,1.3.0,42,
C003292,WS0008,INDIVIDUAL,2023-03-24,Gaziantep,Güneydoğu Anadolu,0,WHATSAPP,ORGANIC,Customer_003292,1,,SYNTHETIC,1.3.0,42,
C003293,WS0005,INDIVIDUAL,2025-08-05,Antalya,Akdeniz,0,EMAIL,REFERRAL,Customer_003293,1,,SYNTHETIC,1.3.0,42,
C003294,WS0009,INDIVIDUAL,2023-02-28,Samsun,Karadeniz,0,WHATSAPP,ORGANIC,Customer_003294,1,,SYNTHETIC,1.3.0,42,
C003295,WS0006,COMMERCIAL,2023-09-03,Konya,İç Anadolu,0,EMAIL,ORGANIC,Customer_003295,1,,SYNTHETIC,1.3.0,42,
C003296,WS0004,INDIVIDUAL,2021-07-24,Bursa,Marmara,0,WHATSAPP,REFERRAL,Customer_003296,1,,SYNTHETIC,1.3.0,42,
C003297,WS0004,INDIVIDUAL,2025-11-17,Bursa,Marmara,0,WHATSAPP,ORGANIC,Customer_003297,1,,SYNTHETIC,1.3.0,42,
C003298,WS0007,INDIVIDUAL,2024-03-16,Adana,Akdeniz,0,SMS,ORGANIC,Customer_003298,1,,SYNTHETIC,1.3.0,42,
C003299,WS0009,INDIVIDUAL,2026-06-25,Samsun,Karadeniz,0,WHATSAPP,ORGANIC,Customer_003299,1,,SYNTHETIC,1.3.0,42,
C003300,WS0002,INDIVIDUAL,2022-06-20,Ankara,İç Anadolu,0,PHONE,GOOGLE_MAPS,Customer_003300,0,2022-12-09,SYNTHETIC,1.3.0,42,
C003301,WS0008,FLEET,2025-03-05,Gaziantep,Güneydoğu Anadolu,1,EMAIL,FLEET_PARTNERSHIP,Customer_003301,1,,SYNTHETIC,1.3.0,42,
C003302,WS0002,INDIVIDUAL,2021-04-22,Ankara,İç Anadolu,0,WHATSAPP,WALK_IN,Customer_003302,1,,SYNTHETIC,1.3.0,42,
C003303,WS0001,INDIVIDUAL,2024-05-04,İstanbul,Marmara,0,WHATSAPP,SOCIAL_MEDIA,Customer_003303,1,,SYNTHETIC,1.3.0,42,
C003304,WS0003,INDIVIDUAL,2021-12-24,İzmir,Ege,0,EMAIL,GOOGLE_MAPS,Customer_003304,1,,SYNTHETIC,1.3.0,42,
C003305,WS0009,INDIVIDUAL,2022-07-14,Samsun,Karadeniz,0,WHATSAPP,SOCIAL_MEDIA,Customer_003305,1,,SYNTHETIC,1.3.0,42,
C003306,WS0003,INDIVIDUAL,2025-01-24,İzmir,Ege,0,PHONE,WALK_IN,Customer_003306,1,,SYNTHETIC,1.3.0,42,
C003307,WS0005,INDIVIDUAL,2022-07-08,Antalya,Akdeniz,0,SMS,SOCIAL_MEDIA,Customer_003307,1,,SYNTHETIC,1.3.0,42,
C003308,WS0004,INDIVIDUAL,2023-07-24,Bursa,Marmara,0,WHATSAPP,REFERRAL,Customer_003308,1,,SYNTHETIC,1.3.0,42,
C003309,WS0007,INDIVIDUAL,2023-02-19,Adana,Akdeniz,0,WHATSAPP,SOCIAL_MEDIA,Customer_003309,1,,SYNTHETIC,1.3.0,42,
C003310,WS0009,INDIVIDUAL,2023-10-14,Samsun,Karadeniz,0,PHONE,ORGANIC,Customer_003310,1,,SYNTHETIC,1.3.0,42,
C003311,WS0007,INDIVIDUAL,2025-12-03,Adana,Akdeniz,0,WHATSAPP,ORGANIC,Customer_003311,1,,SYNTHETIC,1.3.0,42,
C003312,WS0009,INDIVIDUAL,2025-10-04,Samsun,Karadeniz,0,WHATSAPP,WALK_IN,Customer_003312,1,,SYNTHETIC,1.3.0,42,
C003313,WS0003,INDIVIDUAL,2023-06-30,İzmir,Ege,0,PHONE,REFERRAL,Customer_003313,1,,SYNTHETIC,1.3.0,42,
C003314,WS0001,INDIVIDUAL,2023-12-29,İstanbul,Marmara,0,WHATSAPP,REFERRAL,Customer_003314,1,,SYNTHETIC,1.3.0,42,
C003315,WS0001,INDIVIDUAL,2022-05-24,İstanbul,Marmara,0,PHONE,WALK_IN,Customer_003315,1,,SYNTHETIC,1.3.0,42,
C003316,WS0007,INDIVIDUAL,2023-03-13,Adana,Akdeniz,0,SMS,SOCIAL_MEDIA,Customer_003316,1,,SYNTHETIC,1.3.0,42,
C003317,WS0007,INDIVIDUAL,2023-09-30,Adana,Akdeniz,0,WHATSAPP,ORGANIC,Customer_003317,1,,SYNTHETIC,1.3.0,42,
C003318,WS0001,INDIVIDUAL,2024-06-06,İstanbul,Marmara,0,WHATSAPP,GOOGLE_MAPS,Customer_003318,1,,SYNTHETIC,1.3.0,42,
C003319,WS0002,INDIVIDUAL,2022-03-01,Ankara,İç Anadolu,0,WHATSAPP,REFERRAL,Customer_003319,1,,SYNTHETIC,1.3.0,42,
C003320,WS0006,INDIVIDUAL,2025-09-03,Konya,İç Anadolu,0,WHATSAPP,REFERRAL,Customer_003320,1,,SYNTHETIC,1.3.0,42,
C003321,WS0009,COMMERCIAL,2021-07-29,Samsun,Karadeniz,0,WHATSAPP,DIRECT_SALES,Customer_003321,1,,SYNTHETIC,1.3.0,42,
C003322,WS0001,INDIVIDUAL,2022-02-25,İstanbul,Marmara,0,PHONE,SOCIAL_MEDIA,Customer_003322,1,,SYNTHETIC,1.3.0,42,
C003323,WS0007,INDIVIDUAL,2021-03-08,Adana,Akdeniz,0,WHATSAPP,WALK_IN,Customer_003323,1,,SYNTHETIC,1.3.0,42,
C003324,WS0002,INDIVIDUAL,2021-08-26,Ankara,İç Anadolu,0,EMAIL,REFERRAL,Customer_003324,1,,SYNTHETIC,1.3.0,42,
C003325,WS0003,INDIVIDUAL,2021-03-24,İzmir,Ege,0,WHATSAPP,SOCIAL_MEDIA,Customer_003325,0,2022-01-29,SYNTHETIC,1.3.0,42,
C003326,WS0008,INDIVIDUAL,2023-01-20,Gaziantep,Güneydoğu Anadolu,0,EMAIL,REFERRAL,Customer_003326,1,,SYNTHETIC,1.3.0,42,
C003327,WS0010,INDIVIDUAL,2023-01-01,Eskişehir,İç Anadolu,0,WHATSAPP,WALK_IN,Customer_003327,1,,SYNTHETIC,1.3.0,42,
C003328,WS0001,INDIVIDUAL,2021-08-05,İstanbul,Marmara,0,EMAIL,REFERRAL,Customer_003328,1,,SYNTHETIC,1.3.0,42,
C003329,WS0004,INDIVIDUAL,2021-07-26,Bursa,Marmara,0,WHATSAPP,GOOGLE_MAPS,Customer_003329,1,,SYNTHETIC,1.3.0,42,
C003330,WS0001,COMMERCIAL,2022-12-27,İstanbul,Marmara,0,EMAIL,FLEET_PARTNERSHIP,Customer_003330,1,,SYNTHETIC,1.3.0,42,
C003331,WS0007,INDIVIDUAL,2023-12-24,Adana,Akdeniz,0,EMAIL,ORGANIC,Customer_003331,1,,SYNTHETIC,1.3.0,42,
C003332,WS0005,INDIVIDUAL,2022-03-06,Antalya,Akdeniz,0,SMS,WALK_IN,Customer_003332,1,,SYNTHETIC,1.3.0,42,
C003333,WS0001,INDIVIDUAL,2023-12-25,İstanbul,Marmara,0,EMAIL,ORGANIC,Customer_003333,1,,SYNTHETIC,1.3.0,42,
C003334,WS0004,INDIVIDUAL,2024-07-19,Bursa,Marmara,0,WHATSAPP,ORGANIC,Customer_003334,1,,SYNTHETIC,1.3.0,42,
C003335,WS0008,INDIVIDUAL,2023-08-09,Gaziantep,Güneydoğu Anadolu,0,WHATSAPP,ORGANIC,Customer_003335,1,,SYNTHETIC,1.3.0,42,
C003336,WS0008,INDIVIDUAL,2024-04-25,Gaziantep,Güneydoğu Anadolu,0,SMS,SOCIAL_MEDIA,Customer_003336,1,,SYNTHETIC,1.3.0,42,
C003337,WS0004,INDIVIDUAL,2021-08-15,Bursa,Marmara,0,SMS,ORGANIC,Customer_003337,1,,SYNTHETIC,1.3.0,42,
C003338,WS0002,INDIVIDUAL,2025-12-24,Ankara,İç Anadolu,0,SMS,REFERRAL,Customer_003338,1,,SYNTHETIC,1.3.0,42,
C003339,WS0002,INDIVIDUAL,2023-02-17,Ankara,İç Anadolu,0,PHONE,ORGANIC,Customer_003339,1,,SYNTHETIC,1.3.0,42,
C003340,WS0010,INDIVIDUAL,2023-12-01,Eskişehir,İç Anadolu,0,WHATSAPP,ORGANIC,Customer_003340,1,,SYNTHETIC,1.3.0,42,
C003341,WS0005,INDIVIDUAL,2024-04-15,Antalya,Akdeniz,0,WHATSAPP,REFERRAL,Customer_003341,1,,SYNTHETIC,1.3.0,42,
C003342,WS0003,INDIVIDUAL,2021-11-17,İzmir,Ege,0,SMS,SOCIAL_MEDIA,Customer_003342,1,,SYNTHETIC,1.3.0,42,
C003343,WS0006,INDIVIDUAL,2022-10-17,Konya,İç Anadolu,0,SMS,WALK_IN,Customer_003343,0,2024-02-13,SYNTHETIC,1.3.0,42,
C003344,WS0003,INDIVIDUAL,2026-02-08,İzmir,Ege,0,PHONE,GOOGLE_MAPS,Customer_003344,1,,SYNTHETIC,1.3.0,42,
C003345,WS0001,INDIVIDUAL,2022-08-18,İstanbul,Marmara,0,WHATSAPP,ORGANIC,Customer_003345,1,,SYNTHETIC,1.3.0,42,
C003346,WS0009,INDIVIDUAL,2023-07-29,Samsun,Karadeniz,0,WHATSAPP,REFERRAL,Customer_003346,1,,SYNTHETIC,1.3.0,42,
C003347,WS0002,INDIVIDUAL,2026-04-25,Ankara,İç Anadolu,0,PHONE,SOCIAL_MEDIA,Customer_003347,1,,SYNTHETIC,1.3.0,42,
C003348,WS0007,INDIVIDUAL,2024-02-27,Adana,Akdeniz,0,SMS,REFERRAL,Customer_003348,1,,SYNTHETIC,1.3.0,42,
C003349,WS0002,INDIVIDUAL,2025-11-23,Ankara,İç Anadolu,0,WHATSAPP,REFERRAL,Customer_003349,1,,SYNTHETIC,1.3.0,42,
C003350,WS0001,INDIVIDUAL,2024-04-05,İstanbul,Marmara,0,WHATSAPP,GOOGLE_MAPS,Customer_003350,1,,SYNTHETIC,1.3.0,42,
C003351,WS0005,INDIVIDUAL,2023-06-25,Antalya,Akdeniz,0,WHATSAPP,WALK_IN,Customer_003351,1,,SYNTHETIC,1.3.0,42,
C003352,WS0002,INDIVIDUAL,2024-01-20,Ankara,İç Anadolu,0,WHATSAPP,ORGANIC,Customer_003352,1,,SYNTHETIC,1.3.0,42,
C003353,WS0002,INDIVIDUAL,2024-11-07,Ankara,İç Anadolu,0,WHATSAPP,WALK_IN,Customer_003353,1,,SYNTHETIC,1.3.0,42,
C003354,WS0004,INDIVIDUAL,2024-02-24,Bursa,Marmara,0,EMAIL,REFERRAL,Customer_003354,1,,SYNTHETIC,1.3.0,42,
C003355,WS0008,INDIVIDUAL,2021-07-14,Gaziantep,Güneydoğu Anadolu,0,WHATSAPP,WALK_IN,Customer_003355,1,,SYNTHETIC,1.3.0,42,
C003356,WS0005,INDIVIDUAL,2025-04-16,Antalya,Akdeniz,0,EMAIL,REFERRAL,Customer_003356,1,,SYNTHETIC,1.3.0,42,
C003357,WS0007,INDIVIDUAL,2023-11-10,Adana,Akdeniz,0,WHATSAPP,ORGANIC,Customer_003357,1,,SYNTHETIC,1.3.0,42,
C003358,WS0001,COMMERCIAL,2021-01-22,İstanbul,Marmara,0,WHATSAPP,REFERRAL,Customer_003358,1,,SYNTHETIC,1.3.0,42,
C003359,WS0010,INDIVIDUAL,2025-05-13,Eskişehir,İç Anadolu,0,SMS,WALK_IN,Customer_003359,1,,SYNTHETIC,1.3.0,42,
C003360,WS0001,COMMERCIAL,2024-03-20,İstanbul,Marmara,0,WHATSAPP,REFERRAL,Customer_003360,1,,SYNTHETIC,1.3.0,42,
C003361,WS0004,INDIVIDUAL,2022-10-24,Bursa,Marmara,0,WHATSAPP,GOOGLE_MAPS,Customer_003361,1,,SYNTHETIC,1.3.0,42,
C003362,WS0008,COMMERCIAL,2022-02-18,Gaziantep,Güneydoğu Anadolu,0,EMAIL,DIRECT_SALES,Customer_003362,1,,SYNTHETIC,1.3.0,42,
C003363,WS0010,INDIVIDUAL,2023-08-16,Eskişehir,İç Anadolu,0,PHONE,ORGANIC,Customer_003363,1,,SYNTHETIC,1.3.0,42,
C003364,WS0005,INDIVIDUAL,2024-01-26,Antalya,Akdeniz,0,WHATSAPP,ORGANIC,Customer_003364,0,2024-11-24,SYNTHETIC,1.3.0,42,
C003365,WS0001,INDIVIDUAL,2021-12-01,İstanbul,Marmara,0,WHATSAPP,GOOGLE_MAPS,Customer_003365,0,2024-05-03,SYNTHETIC,1.3.0,42,
C003366,WS0005,INDIVIDUAL,2021-10-13,Antalya,Akdeniz,0,WHATSAPP,WALK_IN,Customer_003366,1,,SYNTHETIC,1.3.0,42,
C003367,WS0005,INDIVIDUAL,2025-06-27,Antalya,Akdeniz,0,SMS,REFERRAL,Customer_003367,1,,SYNTHETIC,1.3.0,42,
C003368,WS0008,FLEET,2025-10-31,Gaziantep,Güneydoğu Anadolu,1,EMAIL,REFERRAL,Customer_003368,1,,SYNTHETIC,1.3.0,42,
C003369,WS0004,INDIVIDUAL,2021-12-24,Bursa,Marmara,0,WHATSAPP,ORGANIC,Customer_003369,1,,SYNTHETIC,1.3.0,42,
C003370,WS0002,INDIVIDUAL,2025-09-12,Ankara,İç Anadolu,0,SMS,SOCIAL_MEDIA,Customer_003370,1,,SYNTHETIC,1.3.0,42,
C003371,WS0003,INDIVIDUAL,2021-08-26,İzmir,Ege,0,PHONE,GOOGLE_MAPS,Customer_003371,1,,SYNTHETIC,1.3.0,42,
C003372,WS0010,INDIVIDUAL,2021-05-08,Eskişehir,İç Anadolu,0,WHATSAPP,GOOGLE_MAPS,Customer_003372,1,,SYNTHETIC,1.3.0,42,
C003373,WS0001,INDIVIDUAL,2025-09-29,İstanbul,Marmara,0,PHONE,ORGANIC,Customer_003373,1,,SYNTHETIC,1.3.0,42,
C003374,WS0009,INDIVIDUAL,2025-09-03,Samsun,Karadeniz,0,SMS,GOOGLE_MAPS,Customer_003374,1,,SYNTHETIC,1.3.0,42,
C003375,WS0002,INDIVIDUAL,2023-06-06,Ankara,İç Anadolu,0,WHATSAPP,ORGANIC,Customer_003375,1,,SYNTHETIC,1.3.0,42,
C003376,WS0004,INDIVIDUAL,2023-02-26,Bursa,Marmara,0,WHATSAPP,GOOGLE_MAPS,Customer_003376,1,,SYNTHETIC,1.3.0,42,
C003377,WS0001,INDIVIDUAL,2022-09-05,İstanbul,Marmara,0,PHONE,REFERRAL,Customer_003377,1,,SYNTHETIC,1.3.0,42,
C003378,WS0007,FLEET,2022-03-30,Adana,Akdeniz,1,WHATSAPP,FLEET_PARTNERSHIP,Customer_003378,1,,SYNTHETIC,1.3.0,42,
C003379,WS0002,INDIVIDUAL,2021-03-01,Ankara,İç Anadolu,0,WHATSAPP,GOOGLE_MAPS,Customer_003379,1,,SYNTHETIC,1.3.0,42,
C003380,WS0006,INDIVIDUAL,2023-09-09,Konya,İç Anadolu,0,EMAIL,ORGANIC,Customer_003380,1,,SYNTHETIC,1.3.0,42,
C003381,WS0006,INDIVIDUAL,2021-12-03,Konya,İç Anadolu,0,PHONE,WALK_IN,Customer_003381,0,2026-04-17,SYNTHETIC,1.3.0,42,
C003382,WS0005,INDIVIDUAL,2022-12-01,Antalya,Akdeniz,0,WHATSAPP,SOCIAL_MEDIA,Customer_003382,1,,SYNTHETIC,1.3.0,42,
C003383,WS0007,INDIVIDUAL,2022-11-15,Adana,Akdeniz,0,WHATSAPP,GOOGLE_MAPS,Customer_003383,1,,SYNTHETIC,1.3.0,42,
C003384,WS0003,INDIVIDUAL,2021-01-07,İzmir,Ege,0,WHATSAPP,ORGANIC,Customer_003384,1,,SYNTHETIC,1.3.0,42,
C003385,WS0009,INDIVIDUAL,2023-06-02,Samsun,Karadeniz,0,WHATSAPP,ORGANIC,Customer_003385,1,,SYNTHETIC,1.3.0,42,
C003386,WS0008,INDIVIDUAL,2025-01-14,Gaziantep,Güneydoğu Anadolu,0,WHATSAPP,WALK_IN,Customer_003386,1,,SYNTHETIC,1.3.0,42,
C003387,WS0005,INDIVIDUAL,2025-09-06,Antalya,Akdeniz,0,WHATSAPP,ORGANIC,Customer_003387,1,,SYNTHETIC,1.3.0,42,
C003388,WS0002,INDIVIDUAL,2022-02-19,Ankara,İç Anadolu,0,PHONE,REFERRAL,Customer_003388,1,,SYNTHETIC,1.3.0,42,
C003389,WS0003,INDIVIDUAL,2022-11-16,İzmir,Ege,0,WHATSAPP,WALK_IN,Customer_003389,1,,SYNTHETIC,1.3.0,42,
C003390,WS0007,INDIVIDUAL,2022-08-17,Adana,Akdeniz,0,WHATSAPP,GOOGLE_MAPS,Customer_003390,1,,SYNTHETIC,1.3.0,42,
C003391,WS0004,INDIVIDUAL,2022-07-03,Bursa,Marmara,0,SMS,ORGANIC,Customer_003391,1,,SYNTHETIC,1.3.0,42,
C003392,WS0007,INDIVIDUAL,2026-06-03,Adana,Akdeniz,0,WHATSAPP,WALK_IN,Customer_003392,1,,SYNTHETIC,1.3.0,42,
C003393,WS0002,INDIVIDUAL,2022-07-07,Ankara,İç Anadolu,0,WHATSAPP,WALK_IN,Customer_003393,1,,SYNTHETIC,1.3.0,42,
C003394,WS0007,INDIVIDUAL,2021-09-07,Adana,Akdeniz,0,PHONE,REFERRAL,Customer_003394,1,,SYNTHETIC,1.3.0,42,
C003395,WS0004,COMMERCIAL,2023-10-09,Bursa,Marmara,0,WHATSAPP,REFERRAL,Customer_003395,1,,SYNTHETIC,1.3.0,42,
C003396,WS0005,INDIVIDUAL,2025-10-17,Antalya,Akdeniz,0,WHATSAPP,ORGANIC,Customer_003396,1,,SYNTHETIC,1.3.0,42,
C003397,WS0007,INDIVIDUAL,2022-12-20,Adana,Akdeniz,0,EMAIL,GOOGLE_MAPS,Customer_003397,0,2024-09-19,SYNTHETIC,1.3.0,42,
C003398,WS0005,INDIVIDUAL,2023-12-16,Antalya,Akdeniz,0,WHATSAPP,GOOGLE_MAPS,Customer_003398,1,,SYNTHETIC,1.3.0,42,
C003399,WS0005,INDIVIDUAL,2024-07-22,Antalya,Akdeniz,0,PHONE,WALK_IN,Customer_003399,1,,SYNTHETIC,1.3.0,42,
C003400,WS0010,INDIVIDUAL,2021-07-21,Eskişehir,İç Anadolu,0,WHATSAPP,WALK_IN,Customer_003400,1,,SYNTHETIC,1.3.0,42,
C003401,WS0009,INDIVIDUAL,2023-02-23,Samsun,Karadeniz,0,PHONE,WALK_IN,Customer_003401,1,,SYNTHETIC,1.3.0,42,
C003402,WS0006,INDIVIDUAL,2023-05-26,Konya,İç Anadolu,0,PHONE,SOCIAL_MEDIA,Customer_003402,1,,SYNTHETIC,1.3.0,42,
C003403,WS0002,INDIVIDUAL,2025-08-13,Ankara,İç Anadolu,0,EMAIL,ORGANIC,Customer_003403,1,,SYNTHETIC,1.3.0,42,
C003404,WS0006,INDIVIDUAL,2022-06-08,Konya,İç Anadolu,0,WHATSAPP,REFERRAL,Customer_003404,0,2024-09-27,SYNTHETIC,1.3.0,42,
C003405,WS0006,COMMERCIAL,2022-03-21,Konya,İç Anadolu,0,EMAIL,DIRECT_SALES,Customer_003405,1,,SYNTHETIC,1.3.0,42,
C003406,WS0002,INDIVIDUAL,2023-06-10,Ankara,İç Anadolu,0,SMS,WALK_IN,Customer_003406,1,,SYNTHETIC,1.3.0,42,
C003407,WS0003,INDIVIDUAL,2023-08-25,İzmir,Ege,0,EMAIL,ORGANIC,Customer_003407,1,,SYNTHETIC,1.3.0,42,
C003408,WS0010,COMMERCIAL,2022-04-08,Eskişehir,İç Anadolu,0,PHONE,ORGANIC,Customer_003408,1,,SYNTHETIC,1.3.0,42,
C003409,WS0008,COMMERCIAL,2023-09-06,Gaziantep,Güneydoğu Anadolu,0,EMAIL,ORGANIC,Customer_003409,1,,SYNTHETIC,1.3.0,42,
C003410,WS0009,INDIVIDUAL,2025-02-06,Samsun,Karadeniz,0,WHATSAPP,REFERRAL,Customer_003410,1,,SYNTHETIC,1.3.0,42,
C003411,WS0006,INDIVIDUAL,2025-01-15,Konya,İç Anadolu,0,WHATSAPP,GOOGLE_MAPS,Customer_003411,1,,SYNTHETIC,1.3.0,42,
C003412,WS0010,INDIVIDUAL,2024-10-16,Eskişehir,İç Anadolu,0,WHATSAPP,GOOGLE_MAPS,Customer_003412,1,,SYNTHETIC,1.3.0,42,
C003413,WS0010,INDIVIDUAL,2022-10-02,Eskişehir,İç Anadolu,0,WHATSAPP,ORGANIC,Customer_003413,1,,SYNTHETIC,1.3.0,42,
C003414,WS0002,INDIVIDUAL,2023-06-26,Ankara,İç Anadolu,0,WHATSAPP,REFERRAL,Customer_003414,1,,SYNTHETIC,1.3.0,42,
C003415,WS0008,COMMERCIAL,2024-08-08,Gaziantep,Güneydoğu Anadolu,0,PHONE,REFERRAL,Customer_003415,1,,SYNTHETIC,1.3.0,42,
C003416,WS0002,INDIVIDUAL,2022-10-31,Ankara,İç Anadolu,0,WHATSAPP,GOOGLE_MAPS,Customer_003416,1,,SYNTHETIC,1.3.0,42,
C003417,WS0004,INDIVIDUAL,2023-09-07,Bursa,Marmara,0,PHONE,ORGANIC,Customer_003417,1,,SYNTHETIC,1.3.0,42,
C003418,WS0003,INDIVIDUAL,2024-06-28,İzmir,Ege,0,PHONE,REFERRAL,Customer_003418,1,,SYNTHETIC,1.3.0,42,
C003419,WS0006,INDIVIDUAL,2024-07-27,Konya,İç Anadolu,0,WHATSAPP,ORGANIC,Customer_003419,1,,SYNTHETIC,1.3.0,42,
C003420,WS0009,INDIVIDUAL,2022-12-13,Samsun,Karadeniz,0,WHATSAPP,WALK_IN,Customer_003420,1,,SYNTHETIC,1.3.0,42,
C003421,WS0010,INDIVIDUAL,2023-11-23,Eskişehir,İç Anadolu,0,WHATSAPP,REFERRAL,Customer_003421,1,,SYNTHETIC,1.3.0,42,
C003422,WS0004,INDIVIDUAL,2025-12-05,Bursa,Marmara,0,WHATSAPP,GOOGLE_MAPS,Customer_003422,1,,SYNTHETIC,1.3.0,42,
C003423,WS0006,INDIVIDUAL,2025-12-30,Konya,İç Anadolu,0,SMS,ORGANIC,Customer_003423,1,,SYNTHETIC,1.3.0,42,
C003424,WS0001,INDIVIDUAL,2024-04-30,İstanbul,Marmara,0,EMAIL,ORGANIC,Customer_003424,1,,SYNTHETIC,1.3.0,42,
C003425,WS0002,INDIVIDUAL,2023-08-14,Ankara,İç Anadolu,0,EMAIL,WALK_IN,Customer_003425,1,,SYNTHETIC,1.3.0,42,
C003426,WS0003,INDIVIDUAL,2024-05-24,İzmir,Ege,0,SMS,GOOGLE_MAPS,Customer_003426,0,2025-10-30,SYNTHETIC,1.3.0,42,
C003427,WS0010,INDIVIDUAL,2023-07-16,Eskişehir,İç Anadolu,0,WHATSAPP,REFERRAL,Customer_003427,1,,SYNTHETIC,1.3.0,42,
C003428,WS0001,INDIVIDUAL,2024-10-29,İstanbul,Marmara,0,PHONE,GOOGLE_MAPS,Customer_003428,0,2025-04-09,SYNTHETIC,1.3.0,42,
C003429,WS0008,FLEET,2021-04-24,Gaziantep,Güneydoğu Anadolu,1,WHATSAPP,DIRECT_SALES,Customer_003429,1,,SYNTHETIC,1.3.0,42,
C003430,WS0002,INDIVIDUAL,2022-03-22,Ankara,İç Anadolu,0,PHONE,GOOGLE_MAPS,Customer_003430,1,,SYNTHETIC,1.3.0,42,
C003431,WS0009,INDIVIDUAL,2024-03-25,Samsun,Karadeniz,0,SMS,SOCIAL_MEDIA,Customer_003431,0,2024-07-25,SYNTHETIC,1.3.0,42,
C003432,WS0010,INDIVIDUAL,2025-03-18,Eskişehir,İç Anadolu,0,WHATSAPP,REFERRAL,Customer_003432,1,,SYNTHETIC,1.3.0,42,
C003433,WS0001,COMMERCIAL,2024-10-05,İstanbul,Marmara,0,WHATSAPP,ORGANIC,Customer_003433,1,,SYNTHETIC,1.3.0,42,
C003434,WS0004,INDIVIDUAL,2022-07-17,Bursa,Marmara,0,PHONE,SOCIAL_MEDIA,Customer_003434,1,,SYNTHETIC,1.3.0,42,
C003435,WS0008,INDIVIDUAL,2021-07-07,Gaziantep,Güneydoğu Anadolu,0,SMS,ORGANIC,Customer_003435,1,,SYNTHETIC,1.3.0,42,
C003436,WS0001,INDIVIDUAL,2026-05-07,İstanbul,Marmara,0,PHONE,GOOGLE_MAPS,Customer_003436,1,,SYNTHETIC,1.3.0,42,
C003437,WS0002,COMMERCIAL,2022-04-19,Ankara,İç Anadolu,0,WHATSAPP,DIRECT_SALES,Customer_003437,1,,SYNTHETIC,1.3.0,42,
C003438,WS0010,INDIVIDUAL,2024-05-24,Eskişehir,İç Anadolu,0,WHATSAPP,REFERRAL,Customer_003438,1,,SYNTHETIC,1.3.0,42,
C003439,WS0007,INDIVIDUAL,2023-07-25,Adana,Akdeniz,0,PHONE,REFERRAL,Customer_003439,1,,SYNTHETIC,1.3.0,42,
C003440,WS0006,INDIVIDUAL,2023-01-13,Konya,İç Anadolu,0,SMS,WALK_IN,Customer_003440,1,,SYNTHETIC,1.3.0,42,
C003441,WS0008,INDIVIDUAL,2021-08-10,Gaziantep,Güneydoğu Anadolu,0,WHATSAPP,SOCIAL_MEDIA,Customer_003441,1,,SYNTHETIC,1.3.0,42,
C003442,WS0005,INDIVIDUAL,2022-08-15,Antalya,Akdeniz,0,PHONE,GOOGLE_MAPS,Customer_003442,1,,SYNTHETIC,1.3.0,42,
C003443,WS0005,COMMERCIAL,2022-12-12,Antalya,Akdeniz,0,PHONE,REFERRAL,Customer_003443,1,,SYNTHETIC,1.3.0,42,
C003444,WS0008,INDIVIDUAL,2023-10-01,Gaziantep,Güneydoğu Anadolu,0,WHATSAPP,ORGANIC,Customer_003444,0,2025-12-18,SYNTHETIC,1.3.0,42,
C003445,WS0006,INDIVIDUAL,2022-10-18,Konya,İç Anadolu,0,SMS,ORGANIC,Customer_003445,1,,SYNTHETIC,1.3.0,42,
C003446,WS0003,INDIVIDUAL,2022-05-20,İzmir,Ege,0,WHATSAPP,REFERRAL,Customer_003446,1,,SYNTHETIC,1.3.0,42,
C003447,WS0007,INDIVIDUAL,2022-08-20,Adana,Akdeniz,0,PHONE,WALK_IN,Customer_003447,1,,SYNTHETIC,1.3.0,42,
C003448,WS0009,INDIVIDUAL,2022-02-08,Samsun,Karadeniz,0,WHATSAPP,SOCIAL_MEDIA,Customer_003448,1,,SYNTHETIC,1.3.0,42,
C003449,WS0007,INDIVIDUAL,2024-03-17,Adana,Akdeniz,0,SMS,REFERRAL,Customer_003449,1,,SYNTHETIC,1.3.0,42,
C003450,WS0007,INDIVIDUAL,2022-04-08,Adana,Akdeniz,0,SMS,WALK_IN,Customer_003450,1,,SYNTHETIC,1.3.0,42,
C003451,WS0004,INDIVIDUAL,2023-07-07,Bursa,Marmara,0,WHATSAPP,ORGANIC,Customer_003451,1,,SYNTHETIC,1.3.0,42,
C003452,WS0009,INDIVIDUAL,2023-03-24,Samsun,Karadeniz,0,SMS,REFERRAL,Customer_003452,1,,SYNTHETIC,1.3.0,42,
C003453,WS0005,INDIVIDUAL,2022-11-14,Antalya,Akdeniz,0,PHONE,ORGANIC,Customer_003453,1,,SYNTHETIC,1.3.0,42,
C003454,WS0001,INDIVIDUAL,2025-04-19,İstanbul,Marmara,0,WHATSAPP,REFERRAL,Customer_003454,1,,SYNTHETIC,1.3.0,42,
C003455,WS0007,INDIVIDUAL,2022-06-24,Adana,Akdeniz,0,WHATSAPP,WALK_IN,Customer_003455,1,,SYNTHETIC,1.3.0,42,
C003456,WS0009,COMMERCIAL,2025-09-07,Samsun,Karadeniz,0,WHATSAPP,DIRECT_SALES,Customer_003456,1,,SYNTHETIC,1.3.0,42,
C003457,WS0001,INDIVIDUAL,2022-08-13,İstanbul,Marmara,0,WHATSAPP,GOOGLE_MAPS,Customer_003457,1,,SYNTHETIC,1.3.0,42,
C003458,WS0009,INDIVIDUAL,2023-01-30,Samsun,Karadeniz,0,SMS,WALK_IN,Customer_003458,1,,SYNTHETIC,1.3.0,42,
C003459,WS0002,INDIVIDUAL,2021-09-30,Ankara,İç Anadolu,0,SMS,SOCIAL_MEDIA,Customer_003459,1,,SYNTHETIC,1.3.0,42,
C003460,WS0007,INDIVIDUAL,2021-02-25,Adana,Akdeniz,0,WHATSAPP,SOCIAL_MEDIA,Customer_003460,1,,SYNTHETIC,1.3.0,42,
C003461,WS0010,INDIVIDUAL,2022-05-23,Eskişehir,İç Anadolu,0,SMS,REFERRAL,Customer_003461,0,2025-05-16,SYNTHETIC,1.3.0,42,
C003462,WS0010,INDIVIDUAL,2022-06-12,Eskişehir,İç Anadolu,0,SMS,REFERRAL,Customer_003462,1,,SYNTHETIC,1.3.0,42,
C003463,WS0004,INDIVIDUAL,2024-12-13,Bursa,Marmara,0,WHATSAPP,REFERRAL,Customer_003463,1,,SYNTHETIC,1.3.0,42,
C003464,WS0002,INDIVIDUAL,2024-10-02,Ankara,İç Anadolu,0,PHONE,REFERRAL,Customer_003464,1,,SYNTHETIC,1.3.0,42,
C003465,WS0008,INDIVIDUAL,2021-02-05,Gaziantep,Güneydoğu Anadolu,0,SMS,REFERRAL,Customer_003465,1,,SYNTHETIC,1.3.0,42,
C003466,WS0006,INDIVIDUAL,2021-05-23,Konya,İç Anadolu,0,WHATSAPP,WALK_IN,Customer_003466,1,,SYNTHETIC,1.3.0,42,
C003467,WS0010,INDIVIDUAL,2021-10-02,Eskişehir,İç Anadolu,0,WHATSAPP,ORGANIC,Customer_003467,1,,SYNTHETIC,1.3.0,42,
C003468,WS0002,INDIVIDUAL,2021-03-05,Ankara,İç Anadolu,0,WHATSAPP,REFERRAL,Customer_003468,1,,SYNTHETIC,1.3.0,42,
C003469,WS0002,INDIVIDUAL,2024-10-02,Ankara,İç Anadolu,0,SMS,ORGANIC,Customer_003469,1,,SYNTHETIC,1.3.0,42,
C003470,WS0005,INDIVIDUAL,2023-06-15,Antalya,Akdeniz,0,WHATSAPP,REFERRAL,Customer_003470,1,,SYNTHETIC,1.3.0,42,
C003471,WS0010,INDIVIDUAL,2025-03-10,Eskişehir,İç Anadolu,0,WHATSAPP,WALK_IN,Customer_003471,1,,SYNTHETIC,1.3.0,42,
C003472,WS0007,INDIVIDUAL,2023-06-08,Adana,Akdeniz,0,WHATSAPP,ORGANIC,Customer_003472,1,,SYNTHETIC,1.3.0,42,
C003473,WS0002,INDIVIDUAL,2026-05-21,Ankara,İç Anadolu,0,PHONE,ORGANIC,Customer_003473,0,2026-08-25,SYNTHETIC,1.3.0,42,
C003474,WS0003,INDIVIDUAL,2022-06-21,İzmir,Ege,0,PHONE,REFERRAL,Customer_003474,0,2026-01-11,SYNTHETIC,1.3.0,42,
C003475,WS0004,COMMERCIAL,2025-05-10,Bursa,Marmara,0,WHATSAPP,REFERRAL,Customer_003475,1,,SYNTHETIC,1.3.0,42,
C003476,WS0003,COMMERCIAL,2024-02-03,İzmir,Ege,0,EMAIL,REFERRAL,Customer_003476,1,,SYNTHETIC,1.3.0,42,
C003477,WS0002,INDIVIDUAL,2022-02-04,Ankara,İç Anadolu,0,WHATSAPP,REFERRAL,Customer_003477,1,,SYNTHETIC,1.3.0,42,
C003478,WS0004,INDIVIDUAL,2026-05-17,Bursa,Marmara,0,WHATSAPP,ORGANIC,Customer_003478,1,,SYNTHETIC,1.3.0,42,
C003479,WS0002,INDIVIDUAL,2022-02-08,Ankara,İç Anadolu,0,WHATSAPP,GOOGLE_MAPS,Customer_003479,1,,SYNTHETIC,1.3.0,42,
C003480,WS0006,INDIVIDUAL,2022-02-07,Konya,İç Anadolu,0,WHATSAPP,ORGANIC,Customer_003480,1,,SYNTHETIC,1.3.0,42,
C003481,WS0007,INDIVIDUAL,2022-06-02,Adana,Akdeniz,0,WHATSAPP,SOCIAL_MEDIA,Customer_003481,1,,SYNTHETIC,1.3.0,42,
C003482,WS0004,INDIVIDUAL,2024-03-19,Bursa,Marmara,0,SMS,ORGANIC,Customer_003482,1,,SYNTHETIC,1.3.0,42,
C003483,WS0003,INDIVIDUAL,2021-02-04,İzmir,Ege,0,SMS,GOOGLE_MAPS,Customer_003483,1,,SYNTHETIC,1.3.0,42,
C003484,WS0001,INDIVIDUAL,2024-06-15,İstanbul,Marmara,0,SMS,REFERRAL,Customer_003484,1,,SYNTHETIC,1.3.0,42,
C003485,WS0004,COMMERCIAL,2024-08-30,Bursa,Marmara,0,WHATSAPP,ORGANIC,Customer_003485,1,,SYNTHETIC,1.3.0,42,
C003486,WS0003,COMMERCIAL,2021-10-05,İzmir,Ege,0,PHONE,ORGANIC,Customer_003486,1,,SYNTHETIC,1.3.0,42,
C003487,WS0005,COMMERCIAL,2022-03-26,Antalya,Akdeniz,0,EMAIL,ORGANIC,Customer_003487,1,,SYNTHETIC,1.3.0,42,
C003488,WS0001,INDIVIDUAL,2025-07-09,İstanbul,Marmara,0,WHATSAPP,ORGANIC,Customer_003488,1,,SYNTHETIC,1.3.0,42,
C003489,WS0005,INDIVIDUAL,2024-09-24,Antalya,Akdeniz,0,WHATSAPP,REFERRAL,Customer_003489,1,,SYNTHETIC,1.3.0,42,
C003490,WS0006,INDIVIDUAL,2023-05-27,Konya,İç Anadolu,0,SMS,WALK_IN,Customer_003490,1,,SYNTHETIC,1.3.0,42,
C003491,WS0005,INDIVIDUAL,2026-02-01,Antalya,Akdeniz,0,PHONE,ORGANIC,Customer_003491,1,,SYNTHETIC,1.3.0,42,
C003492,WS0004,INDIVIDUAL,2024-08-29,Bursa,Marmara,0,PHONE,ORGANIC,Customer_003492,1,,SYNTHETIC,1.3.0,42,
C003493,WS0009,INDIVIDUAL,2023-04-26,Samsun,Karadeniz,0,EMAIL,SOCIAL_MEDIA,Customer_003493,1,,SYNTHETIC,1.3.0,42,
C003494,WS0007,COMMERCIAL,2021-03-08,Adana,Akdeniz,0,WHATSAPP,DIRECT_SALES,Customer_003494,1,,SYNTHETIC,1.3.0,42,
C003495,WS0005,INDIVIDUAL,2024-06-17,Antalya,Akdeniz,0,PHONE,ORGANIC,Customer_003495,1,,SYNTHETIC,1.3.0,42,
C003496,WS0010,INDIVIDUAL,2021-04-19,Eskişehir,İç Anadolu,0,WHATSAPP,REFERRAL,Customer_003496,1,,SYNTHETIC,1.3.0,42,
C003497,WS0002,INDIVIDUAL,2021-02-26,Ankara,İç Anadolu,0,WHATSAPP,ORGANIC,Customer_003497,0,2024-06-02,SYNTHETIC,1.3.0,42,
C003498,WS0003,INDIVIDUAL,2026-05-10,İzmir,Ege,0,PHONE,REFERRAL,Customer_003498,0,2026-08-25,SYNTHETIC,1.3.0,42,
C003499,WS0005,INDIVIDUAL,2022-09-17,Antalya,Akdeniz,0,SMS,ORGANIC,Customer_003499,1,,SYNTHETIC,1.3.0,42,
C003500,WS0002,INDIVIDUAL,2026-07-15,Ankara,İç Anadolu,0,WHATSAPP,ORGANIC,Customer_003500,1,,SYNTHETIC,1.3.0,42,
C003501,WS0006,INDIVIDUAL,2026-02-15,Konya,İç Anadolu,0,PHONE,WALK_IN,Customer_003501,1,,SYNTHETIC,1.3.0,42,
C003502,WS0010,INDIVIDUAL,2021-03-30,Eskişehir,İç Anadolu,0,EMAIL,REFERRAL,Customer_003502,1,,SYNTHETIC,1.3.0,42,
C003503,WS0008,INDIVIDUAL,2024-08-08,Gaziantep,Güneydoğu Anadolu,0,WHATSAPP,GOOGLE_MAPS,Customer_003503,1,,SYNTHETIC,1.3.0,42,
C003504,WS0006,INDIVIDUAL,2026-03-19,Konya,İç Anadolu,0,WHATSAPP,REFERRAL,Customer_003504,1,,SYNTHETIC,1.3.0,42,
C003505,WS0007,INDIVIDUAL,2024-01-26,Adana,Akdeniz,0,WHATSAPP,ORGANIC,Customer_003505,1,,SYNTHETIC,1.3.0,42,
C003506,WS0010,INDIVIDUAL,2021-03-26,Eskişehir,İç Anadolu,0,WHATSAPP,ORGANIC,Customer_003506,1,,SYNTHETIC,1.3.0,42,
C003507,WS0009,INDIVIDUAL,2023-12-12,Samsun,Karadeniz,0,PHONE,GOOGLE_MAPS,Customer_003507,1,,SYNTHETIC,1.3.0,42,
C003508,WS0004,INDIVIDUAL,2022-09-03,Bursa,Marmara,0,WHATSAPP,REFERRAL,Customer_003508,1,,SYNTHETIC,1.3.0,42,
C003509,WS0007,INDIVIDUAL,2024-12-21,Adana,Akdeniz,0,SMS,REFERRAL,Customer_003509,1,,SYNTHETIC,1.3.0,42,
C003510,WS0004,INDIVIDUAL,2021-07-04,Bursa,Marmara,0,PHONE,ORGANIC,Customer_003510,1,,SYNTHETIC,1.3.0,42,
C003511,WS0006,INDIVIDUAL,2023-08-12,Konya,İç Anadolu,0,WHATSAPP,ORGANIC,Customer_003511,1,,SYNTHETIC,1.3.0,42,
C003512,WS0005,INDIVIDUAL,2023-02-06,Antalya,Akdeniz,0,SMS,GOOGLE_MAPS,Customer_003512,1,,SYNTHETIC,1.3.0,42,
C003513,WS0009,INDIVIDUAL,2021-05-19,Samsun,Karadeniz,0,WHATSAPP,SOCIAL_MEDIA,Customer_003513,1,,SYNTHETIC,1.3.0,42,
C003514,WS0004,INDIVIDUAL,2021-06-09,Bursa,Marmara,0,WHATSAPP,REFERRAL,Customer_003514,1,,SYNTHETIC,1.3.0,42,
C003515,WS0005,INDIVIDUAL,2026-01-18,Antalya,Akdeniz,0,WHATSAPP,WALK_IN,Customer_003515,1,,SYNTHETIC,1.3.0,42,
C003516,WS0005,INDIVIDUAL,2021-04-30,Antalya,Akdeniz,0,WHATSAPP,ORGANIC,Customer_003516,0,2025-11-12,SYNTHETIC,1.3.0,42,
C003517,WS0008,INDIVIDUAL,2026-04-02,Gaziantep,Güneydoğu Anadolu,0,WHATSAPP,REFERRAL,Customer_003517,1,,SYNTHETIC,1.3.0,42,
C003518,WS0008,COMMERCIAL,2025-07-15,Gaziantep,Güneydoğu Anadolu,0,PHONE,FLEET_PARTNERSHIP,Customer_003518,1,,SYNTHETIC,1.3.0,42,
C003519,WS0001,INDIVIDUAL,2026-02-13,İstanbul,Marmara,0,SMS,SOCIAL_MEDIA,Customer_003519,1,,SYNTHETIC,1.3.0,42,
C003520,WS0010,INDIVIDUAL,2025-08-25,Eskişehir,İç Anadolu,0,WHATSAPP,WALK_IN,Customer_003520,1,,SYNTHETIC,1.3.0,42,
C003521,WS0006,INDIVIDUAL,2025-01-11,Konya,İç Anadolu,0,WHATSAPP,REFERRAL,Customer_003521,1,,SYNTHETIC,1.3.0,42,
C003522,WS0009,INDIVIDUAL,2021-11-21,Samsun,Karadeniz,0,PHONE,WALK_IN,Customer_003522,1,,SYNTHETIC,1.3.0,42,
C003523,WS0001,INDIVIDUAL,2025-08-04,İstanbul,Marmara,0,PHONE,REFERRAL,Customer_003523,1,,SYNTHETIC,1.3.0,42,
C003524,WS0003,INDIVIDUAL,2022-03-01,İzmir,Ege,0,WHATSAPP,REFERRAL,Customer_003524,1,,SYNTHETIC,1.3.0,42,
C003525,WS0003,INDIVIDUAL,2023-09-14,İzmir,Ege,0,SMS,WALK_IN,Customer_003525,1,,SYNTHETIC,1.3.0,42,
C003526,WS0005,INDIVIDUAL,2022-07-04,Antalya,Akdeniz,0,WHATSAPP,REFERRAL,Customer_003526,1,,SYNTHETIC,1.3.0,42,
C003527,WS0002,INDIVIDUAL,2024-03-04,Ankara,İç Anadolu,0,PHONE,SOCIAL_MEDIA,Customer_003527,1,,SYNTHETIC,1.3.0,42,
C003528,WS0003,INDIVIDUAL,2025-12-21,İzmir,Ege,0,WHATSAPP,GOOGLE_MAPS,Customer_003528,1,,SYNTHETIC,1.3.0,42,
C003529,WS0006,INDIVIDUAL,2024-08-22,Konya,İç Anadolu,0,PHONE,ORGANIC,Customer_003529,1,,SYNTHETIC,1.3.0,42,
C003530,WS0002,INDIVIDUAL,2023-04-05,Ankara,İç Anadolu,0,WHATSAPP,WALK_IN,Customer_003530,1,,SYNTHETIC,1.3.0,42,
C003531,WS0005,INDIVIDUAL,2023-09-26,Antalya,Akdeniz,0,WHATSAPP,GOOGLE_MAPS,Customer_003531,1,,SYNTHETIC,1.3.0,42,
C003532,WS0008,INDIVIDUAL,2023-12-10,Gaziantep,Güneydoğu Anadolu,0,SMS,GOOGLE_MAPS,Customer_003532,1,,SYNTHETIC,1.3.0,42,
C003533,WS0010,INDIVIDUAL,2023-01-07,Eskişehir,İç Anadolu,0,PHONE,REFERRAL,Customer_003533,1,,SYNTHETIC,1.3.0,42,
C003534,WS0004,INDIVIDUAL,2024-11-25,Bursa,Marmara,0,WHATSAPP,ORGANIC,Customer_003534,1,,SYNTHETIC,1.3.0,42,
C003535,WS0006,INDIVIDUAL,2023-09-01,Konya,İç Anadolu,0,PHONE,WALK_IN,Customer_003535,1,,SYNTHETIC,1.3.0,42,
C003536,WS0007,COMMERCIAL,2023-12-09,Adana,Akdeniz,0,WHATSAPP,FLEET_PARTNERSHIP,Customer_003536,1,,SYNTHETIC,1.3.0,42,
C003537,WS0008,COMMERCIAL,2025-03-07,Gaziantep,Güneydoğu Anadolu,0,EMAIL,DIRECT_SALES,Customer_003537,1,,SYNTHETIC,1.3.0,42,
C003538,WS0006,INDIVIDUAL,2021-08-13,Konya,İç Anadolu,0,WHATSAPP,GOOGLE_MAPS,Customer_003538,1,,SYNTHETIC,1.3.0,42,
C003539,WS0001,INDIVIDUAL,2022-11-16,İstanbul,Marmara,0,WHATSAPP,SOCIAL_MEDIA,Customer_003539,1,,SYNTHETIC,1.3.0,42,
C003540,WS0007,INDIVIDUAL,2024-03-15,Adana,Akdeniz,0,PHONE,ORGANIC,Customer_003540,0,2025-09-28,SYNTHETIC,1.3.0,42,
C003541,WS0003,INDIVIDUAL,2023-05-03,İzmir,Ege,0,EMAIL,ORGANIC,Customer_003541,1,,SYNTHETIC,1.3.0,42,
C003542,WS0003,INDIVIDUAL,2026-06-16,İzmir,Ege,0,WHATSAPP,GOOGLE_MAPS,Customer_003542,1,,SYNTHETIC,1.3.0,42,
C003543,WS0008,INDIVIDUAL,2021-10-23,Gaziantep,Güneydoğu Anadolu,0,SMS,ORGANIC,Customer_003543,1,,SYNTHETIC,1.3.0,42,
C003544,WS0008,INDIVIDUAL,2021-11-21,Gaziantep,Güneydoğu Anadolu,0,WHATSAPP,REFERRAL,Customer_003544,1,,SYNTHETIC,1.3.0,42,
C003545,WS0003,INDIVIDUAL,2021-04-01,İzmir,Ege,0,PHONE,REFERRAL,Customer_003545,1,,SYNTHETIC,1.3.0,42,
C003546,WS0002,FLEET,2021-08-29,Ankara,İç Anadolu,1,WHATSAPP,ORGANIC,Customer_003546,1,,SYNTHETIC,1.3.0,42,
C003547,WS0008,INDIVIDUAL,2021-11-16,Gaziantep,Güneydoğu Anadolu,0,WHATSAPP,ORGANIC,Customer_003547,1,,SYNTHETIC,1.3.0,42,
C003548,WS0004,INDIVIDUAL,2024-06-15,Bursa,Marmara,0,SMS,GOOGLE_MAPS,Customer_003548,1,,SYNTHETIC,1.3.0,42,
C003549,WS0006,INDIVIDUAL,2026-03-30,Konya,İç Anadolu,0,WHATSAPP,REFERRAL,Customer_003549,1,,SYNTHETIC,1.3.0,42,
C003550,WS0009,INDIVIDUAL,2023-11-03,Samsun,Karadeniz,0,WHATSAPP,ORGANIC,Customer_003550,1,,SYNTHETIC,1.3.0,42,
C003551,WS0010,INDIVIDUAL,2024-11-12,Eskişehir,İç Anadolu,0,WHATSAPP,ORGANIC,Customer_003551,1,,SYNTHETIC,1.3.0,42,
C003552,WS0001,INDIVIDUAL,2022-06-09,İstanbul,Marmara,0,WHATSAPP,WALK_IN,Customer_003552,1,,SYNTHETIC,1.3.0,42,
C003553,WS0009,INDIVIDUAL,2021-05-26,Samsun,Karadeniz,0,WHATSAPP,SOCIAL_MEDIA,Customer_003553,0,2024-05-27,SYNTHETIC,1.3.0,42,
C003554,WS0007,INDIVIDUAL,2024-04-02,Adana,Akdeniz,0,WHATSAPP,ORGANIC,Customer_003554,1,,SYNTHETIC,1.3.0,42,
C003555,WS0001,INDIVIDUAL,2024-04-27,İstanbul,Marmara,0,PHONE,REFERRAL,Customer_003555,1,,SYNTHETIC,1.3.0,42,
C003556,WS0004,INDIVIDUAL,2026-01-05,Bursa,Marmara,0,WHATSAPP,REFERRAL,Customer_003556,1,,SYNTHETIC,1.3.0,42,
C003557,WS0004,INDIVIDUAL,2023-10-26,Bursa,Marmara,0,WHATSAPP,GOOGLE_MAPS,Customer_003557,1,,SYNTHETIC,1.3.0,42,
C003558,WS0003,INDIVIDUAL,2023-03-18,İzmir,Ege,0,PHONE,ORGANIC,Customer_003558,1,,SYNTHETIC,1.3.0,42,
C003559,WS0009,FLEET,2023-09-01,Samsun,Karadeniz,1,EMAIL,DIRECT_SALES,Customer_003559,1,,SYNTHETIC,1.3.0,42,
C003560,WS0002,INDIVIDUAL,2022-01-20,Ankara,İç Anadolu,0,SMS,REFERRAL,Customer_003560,1,,SYNTHETIC,1.3.0,42,
C003561,WS0004,INDIVIDUAL,2022-01-03,Bursa,Marmara,0,SMS,REFERRAL,Customer_003561,1,,SYNTHETIC,1.3.0,42,
C003562,WS0001,COMMERCIAL,2021-05-04,İstanbul,Marmara,0,EMAIL,DIRECT_SALES,Customer_003562,1,,SYNTHETIC,1.3.0,42,
C003563,WS0006,INDIVIDUAL,2022-08-30,Konya,İç Anadolu,0,WHATSAPP,ORGANIC,Customer_003563,1,,SYNTHETIC,1.3.0,42,
C003564,WS0006,INDIVIDUAL,2021-09-22,Konya,İç Anadolu,0,PHONE,SOCIAL_MEDIA,Customer_003564,1,,SYNTHETIC,1.3.0,42,
C003565,WS0003,INDIVIDUAL,2025-06-20,İzmir,Ege,0,SMS,GOOGLE_MAPS,Customer_003565,1,,SYNTHETIC,1.3.0,42,
C003566,WS0009,INDIVIDUAL,2026-01-18,Samsun,Karadeniz,0,SMS,GOOGLE_MAPS,Customer_003566,1,,SYNTHETIC,1.3.0,42,
C003567,WS0003,INDIVIDUAL,2021-03-17,İzmir,Ege,0,WHATSAPP,WALK_IN,Customer_003567,1,,SYNTHETIC,1.3.0,42,
C003568,WS0007,INDIVIDUAL,2024-08-27,Adana,Akdeniz,0,PHONE,WALK_IN,Customer_003568,1,,SYNTHETIC,1.3.0,42,
C003569,WS0003,INDIVIDUAL,2021-12-21,İzmir,Ege,0,WHATSAPP,REFERRAL,Customer_003569,1,,SYNTHETIC,1.3.0,42,
C003570,WS0008,COMMERCIAL,2022-05-22,Gaziantep,Güneydoğu Anadolu,0,WHATSAPP,ORGANIC,Customer_003570,1,,SYNTHETIC,1.3.0,42,
C003571,WS0004,COMMERCIAL,2026-07-13,Bursa,Marmara,0,WHATSAPP,REFERRAL,Customer_003571,1,,SYNTHETIC,1.3.0,42,
C003572,WS0009,COMMERCIAL,2021-12-20,Samsun,Karadeniz,0,EMAIL,REFERRAL,Customer_003572,1,,SYNTHETIC,1.3.0,42,
C003573,WS0003,INDIVIDUAL,2023-10-20,İzmir,Ege,0,SMS,SOCIAL_MEDIA,Customer_003573,1,,SYNTHETIC,1.3.0,42,
C003574,WS0004,INDIVIDUAL,2024-08-29,Bursa,Marmara,0,WHATSAPP,ORGANIC,Customer_003574,1,,SYNTHETIC,1.3.0,42,
C003575,WS0001,INDIVIDUAL,2024-11-03,İstanbul,Marmara,0,SMS,SOCIAL_MEDIA,Customer_003575,1,,SYNTHETIC,1.3.0,42,
C003576,WS0004,INDIVIDUAL,2024-01-04,Bursa,Marmara,0,WHATSAPP,ORGANIC,Customer_003576,1,,SYNTHETIC,1.3.0,42,
C003577,WS0001,INDIVIDUAL,2026-01-24,İstanbul,Marmara,0,WHATSAPP,SOCIAL_MEDIA,Customer_003577,1,,SYNTHETIC,1.3.0,42,
C003578,WS0009,INDIVIDUAL,2022-10-29,Samsun,Karadeniz,0,WHATSAPP,WALK_IN,Customer_003578,1,,SYNTHETIC,1.3.0,42,
C003579,WS0003,INDIVIDUAL,2022-06-03,İzmir,Ege,0,WHATSAPP,ORGANIC,Customer_003579,1,,SYNTHETIC,1.3.0,42,
C003580,WS0006,INDIVIDUAL,2021-05-01,Konya,İç Anadolu,0,WHATSAPP,SOCIAL_MEDIA,Customer_003580,1,,SYNTHETIC,1.3.0,42,
C003581,WS0003,INDIVIDUAL,2021-04-20,İzmir,Ege,0,PHONE,WALK_IN,Customer_003581,1,,SYNTHETIC,1.3.0,42,
C003582,WS0007,INDIVIDUAL,2025-05-23,Adana,Akdeniz,0,PHONE,ORGANIC,Customer_003582,1,,SYNTHETIC,1.3.0,42,
C003583,WS0007,COMMERCIAL,2021-12-26,Adana,Akdeniz,0,EMAIL,DIRECT_SALES,Customer_003583,1,,SYNTHETIC,1.3.0,42,
C003584,WS0006,INDIVIDUAL,2025-04-03,Konya,İç Anadolu,0,WHATSAPP,ORGANIC,Customer_003584,0,2026-02-27,SYNTHETIC,1.3.0,42,
C003585,WS0005,INDIVIDUAL,2025-08-22,Antalya,Akdeniz,0,SMS,ORGANIC,Customer_003585,1,,SYNTHETIC,1.3.0,42,
C003586,WS0002,INDIVIDUAL,2026-07-14,Ankara,İç Anadolu,0,EMAIL,GOOGLE_MAPS,Customer_003586,1,,SYNTHETIC,1.3.0,42,
C003587,WS0009,INDIVIDUAL,2023-04-03,Samsun,Karadeniz,0,SMS,GOOGLE_MAPS,Customer_003587,1,,SYNTHETIC,1.3.0,42,
C003588,WS0010,INDIVIDUAL,2023-12-12,Eskişehir,İç Anadolu,0,SMS,REFERRAL,Customer_003588,1,,SYNTHETIC,1.3.0,42,
C003589,WS0001,INDIVIDUAL,2025-05-22,İstanbul,Marmara,0,SMS,REFERRAL,Customer_003589,1,,SYNTHETIC,1.3.0,42,
C003590,WS0010,INDIVIDUAL,2021-06-12,Eskişehir,İç Anadolu,0,WHATSAPP,ORGANIC,Customer_003590,1,,SYNTHETIC,1.3.0,42,
C003591,WS0001,INDIVIDUAL,2023-10-07,İstanbul,Marmara,0,WHATSAPP,ORGANIC,Customer_003591,1,,SYNTHETIC,1.3.0,42,
C003592,WS0005,INDIVIDUAL,2022-02-08,Antalya,Akdeniz,0,PHONE,REFERRAL,Customer_003592,1,,SYNTHETIC,1.3.0,42,
C003593,WS0008,INDIVIDUAL,2022-01-17,Gaziantep,Güneydoğu Anadolu,0,WHATSAPP,REFERRAL,Customer_003593,1,,SYNTHETIC,1.3.0,42,
C003594,WS0002,INDIVIDUAL,2025-10-13,Ankara,İç Anadolu,0,WHATSAPP,REFERRAL,Customer_003594,0,2026-03-03,SYNTHETIC,1.3.0,42,
C003595,WS0001,INDIVIDUAL,2021-08-18,İstanbul,Marmara,0,EMAIL,WALK_IN,Customer_003595,1,,SYNTHETIC,1.3.0,42,
C003596,WS0003,INDIVIDUAL,2025-02-22,İzmir,Ege,0,WHATSAPP,ORGANIC,Customer_003596,1,,SYNTHETIC,1.3.0,42,
C003597,WS0001,INDIVIDUAL,2022-07-04,İstanbul,Marmara,0,PHONE,GOOGLE_MAPS,Customer_003597,1,,SYNTHETIC,1.3.0,42,
C003598,WS0002,INDIVIDUAL,2022-02-05,Ankara,İç Anadolu,0,EMAIL,ORGANIC,Customer_003598,1,,SYNTHETIC,1.3.0,42,
C003599,WS0010,INDIVIDUAL,2023-08-24,Eskişehir,İç Anadolu,0,WHATSAPP,REFERRAL,Customer_003599,1,,SYNTHETIC,1.3.0,42,
C003600,WS0002,INDIVIDUAL,2025-06-27,Ankara,İç Anadolu,0,PHONE,WALK_IN,Customer_003600,1,,SYNTHETIC,1.3.0,42,
C003601,WS0001,INDIVIDUAL,2023-12-14,İstanbul,Marmara,0,EMAIL,WALK_IN,Customer_003601,1,,SYNTHETIC,1.3.0,42,
C003602,WS0005,INDIVIDUAL,2026-04-20,Antalya,Akdeniz,0,WHATSAPP,ORGANIC,Customer_003602,1,,SYNTHETIC,1.3.0,42,
C003603,WS0009,INDIVIDUAL,2026-07-29,Samsun,Karadeniz,0,PHONE,GOOGLE_MAPS,Customer_003603,1,,SYNTHETIC,1.3.0,42,
C003604,WS0008,INDIVIDUAL,2024-04-25,Gaziantep,Güneydoğu Anadolu,0,WHATSAPP,GOOGLE_MAPS,Customer_003604,1,,SYNTHETIC,1.3.0,42,
C003605,WS0001,INDIVIDUAL,2025-06-17,İstanbul,Marmara,0,SMS,REFERRAL,Customer_003605,1,,SYNTHETIC,1.3.0,42,
C003606,WS0001,INDIVIDUAL,2022-08-29,İstanbul,Marmara,0,PHONE,ORGANIC,Customer_003606,1,,SYNTHETIC,1.3.0,42,
C003607,WS0007,INDIVIDUAL,2021-05-02,Adana,Akdeniz,0,SMS,ORGANIC,Customer_003607,1,,SYNTHETIC,1.3.0,42,
C003608,WS0007,INDIVIDUAL,2022-05-06,Adana,Akdeniz,0,EMAIL,REFERRAL,Customer_003608,1,,SYNTHETIC,1.3.0,42,
C003609,WS0009,INDIVIDUAL,2024-02-21,Samsun,Karadeniz,0,PHONE,SOCIAL_MEDIA,Customer_003609,1,,SYNTHETIC,1.3.0,42,
C003610,WS0009,INDIVIDUAL,2023-12-06,Samsun,Karadeniz,0,WHATSAPP,SOCIAL_MEDIA,Customer_003610,1,,SYNTHETIC,1.3.0,42,
C003611,WS0008,INDIVIDUAL,2026-03-28,Gaziantep,Güneydoğu Anadolu,0,PHONE,GOOGLE_MAPS,Customer_003611,1,,SYNTHETIC,1.3.0,42,
C003612,WS0010,COMMERCIAL,2021-10-01,Eskişehir,İç Anadolu,0,WHATSAPP,DIRECT_SALES,Customer_003612,1,,SYNTHETIC,1.3.0,42,
C003613,WS0008,INDIVIDUAL,2022-03-20,Gaziantep,Güneydoğu Anadolu,0,PHONE,GOOGLE_MAPS,Customer_003613,1,,SYNTHETIC,1.3.0,42,
C003614,WS0010,INDIVIDUAL,2026-01-29,Eskişehir,İç Anadolu,0,WHATSAPP,REFERRAL,Customer_003614,1,,SYNTHETIC,1.3.0,42,
C003615,WS0003,INDIVIDUAL,2021-03-22,İzmir,Ege,0,WHATSAPP,ORGANIC,Customer_003615,0,2025-07-29,SYNTHETIC,1.3.0,42,
C003616,WS0001,INDIVIDUAL,2025-01-23,İstanbul,Marmara,0,WHATSAPP,ORGANIC,Customer_003616,1,,SYNTHETIC,1.3.0,42,
C003617,WS0002,INDIVIDUAL,2024-12-06,Ankara,İç Anadolu,0,PHONE,WALK_IN,Customer_003617,1,,SYNTHETIC,1.3.0,42,
C003618,WS0009,INDIVIDUAL,2023-11-18,Samsun,Karadeniz,0,PHONE,ORGANIC,Customer_003618,1,,SYNTHETIC,1.3.0,42,
C003619,WS0010,INDIVIDUAL,2021-11-05,Eskişehir,İç Anadolu,0,EMAIL,WALK_IN,Customer_003619,1,,SYNTHETIC,1.3.0,42,
C003620,WS0005,INDIVIDUAL,2023-05-09,Antalya,Akdeniz,0,PHONE,SOCIAL_MEDIA,Customer_003620,1,,SYNTHETIC,1.3.0,42,
C003621,WS0009,INDIVIDUAL,2026-01-17,Samsun,Karadeniz,0,PHONE,ORGANIC,Customer_003621,1,,SYNTHETIC,1.3.0,42,
C003622,WS0001,INDIVIDUAL,2022-05-28,İstanbul,Marmara,0,SMS,WALK_IN,Customer_003622,1,,SYNTHETIC,1.3.0,42,
C003623,WS0004,INDIVIDUAL,2026-01-18,Bursa,Marmara,0,SMS,ORGANIC,Customer_003623,1,,SYNTHETIC,1.3.0,42,
C003624,WS0009,INDIVIDUAL,2023-08-11,Samsun,Karadeniz,0,WHATSAPP,ORGANIC,Customer_003624,1,,SYNTHETIC,1.3.0,42,
C003625,WS0007,INDIVIDUAL,2023-09-07,Adana,Akdeniz,0,PHONE,REFERRAL,Customer_003625,1,,SYNTHETIC,1.3.0,42,
C003626,WS0007,INDIVIDUAL,2022-03-08,Adana,Akdeniz,0,SMS,WALK_IN,Customer_003626,1,,SYNTHETIC,1.3.0,42,
C003627,WS0008,COMMERCIAL,2022-05-16,Gaziantep,Güneydoğu Anadolu,0,EMAIL,ORGANIC,Customer_003627,1,,SYNTHETIC,1.3.0,42,
C003628,WS0009,INDIVIDUAL,2024-03-18,Samsun,Karadeniz,0,EMAIL,GOOGLE_MAPS,Customer_003628,1,,SYNTHETIC,1.3.0,42,
C003629,WS0008,COMMERCIAL,2024-09-02,Gaziantep,Güneydoğu Anadolu,0,EMAIL,FLEET_PARTNERSHIP,Customer_003629,1,,SYNTHETIC,1.3.0,42,
C003630,WS0003,INDIVIDUAL,2023-11-26,İzmir,Ege,0,WHATSAPP,SOCIAL_MEDIA,Customer_003630,1,,SYNTHETIC,1.3.0,42,
C003631,WS0003,INDIVIDUAL,2024-08-29,İzmir,Ege,0,SMS,SOCIAL_MEDIA,Customer_003631,1,,SYNTHETIC,1.3.0,42,
C003632,WS0009,INDIVIDUAL,2024-05-31,Samsun,Karadeniz,0,WHATSAPP,SOCIAL_MEDIA,Customer_003632,1,,SYNTHETIC,1.3.0,42,
C003633,WS0002,INDIVIDUAL,2025-04-09,Ankara,İç Anadolu,0,SMS,REFERRAL,Customer_003633,1,,SYNTHETIC,1.3.0,42,
C003634,WS0009,INDIVIDUAL,2021-07-10,Samsun,Karadeniz,0,EMAIL,WALK_IN,Customer_003634,1,,SYNTHETIC,1.3.0,42,
C003635,WS0002,INDIVIDUAL,2023-08-26,Ankara,İç Anadolu,0,WHATSAPP,GOOGLE_MAPS,Customer_003635,1,,SYNTHETIC,1.3.0,42,
C003636,WS0006,INDIVIDUAL,2024-02-13,Konya,İç Anadolu,0,PHONE,GOOGLE_MAPS,Customer_003636,1,,SYNTHETIC,1.3.0,42,
C003637,WS0002,INDIVIDUAL,2023-09-07,Ankara,İç Anadolu,0,SMS,ORGANIC,Customer_003637,1,,SYNTHETIC,1.3.0,42,
C003638,WS0003,INDIVIDUAL,2025-12-22,İzmir,Ege,0,PHONE,REFERRAL,Customer_003638,1,,SYNTHETIC,1.3.0,42,
C003639,WS0007,INDIVIDUAL,2023-10-26,Adana,Akdeniz,0,PHONE,WALK_IN,Customer_003639,1,,SYNTHETIC,1.3.0,42,
C003640,WS0007,INDIVIDUAL,2026-05-17,Adana,Akdeniz,0,WHATSAPP,WALK_IN,Customer_003640,1,,SYNTHETIC,1.3.0,42,
C003641,WS0002,INDIVIDUAL,2021-08-15,Ankara,İç Anadolu,0,WHATSAPP,SOCIAL_MEDIA,Customer_003641,1,,SYNTHETIC,1.3.0,42,
C003642,WS0010,INDIVIDUAL,2022-03-02,Eskişehir,İç Anadolu,0,WHATSAPP,SOCIAL_MEDIA,Customer_003642,0,2023-12-10,SYNTHETIC,1.3.0,42,
C003643,WS0008,INDIVIDUAL,2026-06-18,Gaziantep,Güneydoğu Anadolu,0,SMS,WALK_IN,Customer_003643,0,2026-08-25,SYNTHETIC,1.3.0,42,
C003644,WS0002,INDIVIDUAL,2025-07-27,Ankara,İç Anadolu,0,WHATSAPP,ORGANIC,Customer_003644,1,,SYNTHETIC,1.3.0,42,
C003645,WS0005,INDIVIDUAL,2022-08-20,Antalya,Akdeniz,0,WHATSAPP,WALK_IN,Customer_003645,1,,SYNTHETIC,1.3.0,42,
C003646,WS0008,COMMERCIAL,2025-08-02,Gaziantep,Güneydoğu Anadolu,0,WHATSAPP,ORGANIC,Customer_003646,1,,SYNTHETIC,1.3.0,42,
C003647,WS0003,INDIVIDUAL,2023-10-22,İzmir,Ege,0,SMS,ORGANIC,Customer_003647,0,2026-05-09,SYNTHETIC,1.3.0,42,
C003648,WS0004,INDIVIDUAL,2023-07-24,Bursa,Marmara,0,WHATSAPP,SOCIAL_MEDIA,Customer_003648,1,,SYNTHETIC,1.3.0,42,
C003649,WS0009,INDIVIDUAL,2023-02-11,Samsun,Karadeniz,0,WHATSAPP,GOOGLE_MAPS,Customer_003649,1,,SYNTHETIC,1.3.0,42,
C003650,WS0009,INDIVIDUAL,2022-05-18,Samsun,Karadeniz,0,WHATSAPP,GOOGLE_MAPS,Customer_003650,1,,SYNTHETIC,1.3.0,42,
C003651,WS0008,COMMERCIAL,2025-06-01,Gaziantep,Güneydoğu Anadolu,0,EMAIL,FLEET_PARTNERSHIP,Customer_003651,1,,SYNTHETIC,1.3.0,42,
C003652,WS0004,INDIVIDUAL,2024-10-25,Bursa,Marmara,0,PHONE,REFERRAL,Customer_003652,1,,SYNTHETIC,1.3.0,42,
C003653,WS0004,INDIVIDUAL,2026-06-26,Bursa,Marmara,0,PHONE,REFERRAL,Customer_003653,1,,SYNTHETIC,1.3.0,42,
C003654,WS0004,INDIVIDUAL,2026-03-04,Bursa,Marmara,0,WHATSAPP,ORGANIC,Customer_003654,1,,SYNTHETIC,1.3.0,42,
C003655,WS0009,INDIVIDUAL,2022-09-16,Samsun,Karadeniz,0,WHATSAPP,REFERRAL,Customer_003655,0,2026-01-01,SYNTHETIC,1.3.0,42,
C003656,WS0009,INDIVIDUAL,2023-10-16,Samsun,Karadeniz,0,EMAIL,GOOGLE_MAPS,Customer_003656,1,,SYNTHETIC,1.3.0,42,
C003657,WS0010,INDIVIDUAL,2023-05-14,Eskişehir,İç Anadolu,0,WHATSAPP,WALK_IN,Customer_003657,1,,SYNTHETIC,1.3.0,42,
C003658,WS0010,INDIVIDUAL,2021-03-02,Eskişehir,İç Anadolu,0,PHONE,ORGANIC,Customer_003658,1,,SYNTHETIC,1.3.0,42,
C003659,WS0010,INDIVIDUAL,2021-03-15,Eskişehir,İç Anadolu,0,SMS,ORGANIC,Customer_003659,1,,SYNTHETIC,1.3.0,42,
C003660,WS0002,INDIVIDUAL,2024-05-25,Ankara,İç Anadolu,0,WHATSAPP,ORGANIC,Customer_003660,1,,SYNTHETIC,1.3.0,42,
C003661,WS0002,INDIVIDUAL,2026-02-12,Ankara,İç Anadolu,0,PHONE,ORGANIC,Customer_003661,1,,SYNTHETIC,1.3.0,42,
C003662,WS0006,INDIVIDUAL,2021-03-08,Konya,İç Anadolu,0,PHONE,WALK_IN,Customer_003662,1,,SYNTHETIC,1.3.0,42,
C003663,WS0007,INDIVIDUAL,2024-10-25,Adana,Akdeniz,0,PHONE,REFERRAL,Customer_003663,1,,SYNTHETIC,1.3.0,42,
C003664,WS0008,INDIVIDUAL,2021-11-19,Gaziantep,Güneydoğu Anadolu,0,WHATSAPP,WALK_IN,Customer_003664,1,,SYNTHETIC,1.3.0,42,
C003665,WS0006,INDIVIDUAL,2022-04-30,Konya,İç Anadolu,0,EMAIL,ORGANIC,Customer_003665,1,,SYNTHETIC,1.3.0,42,
C003666,WS0002,INDIVIDUAL,2024-09-27,Ankara,İç Anadolu,0,PHONE,ORGANIC,Customer_003666,1,,SYNTHETIC,1.3.0,42,
C003667,WS0002,INDIVIDUAL,2023-03-13,Ankara,İç Anadolu,0,WHATSAPP,REFERRAL,Customer_003667,1,,SYNTHETIC,1.3.0,42,
C003668,WS0007,INDIVIDUAL,2021-10-23,Adana,Akdeniz,0,WHATSAPP,ORGANIC,Customer_003668,1,,SYNTHETIC,1.3.0,42,
C003669,WS0004,INDIVIDUAL,2026-08-01,Bursa,Marmara,0,SMS,REFERRAL,Customer_003669,1,,SYNTHETIC,1.3.0,42,
C003670,WS0001,INDIVIDUAL,2022-04-11,İstanbul,Marmara,0,SMS,REFERRAL,Customer_003670,1,,SYNTHETIC,1.3.0,42,
C003671,WS0006,INDIVIDUAL,2025-03-12,Konya,İç Anadolu,0,PHONE,GOOGLE_MAPS,Customer_003671,1,,SYNTHETIC,1.3.0,42,
C003672,WS0006,INDIVIDUAL,2022-07-11,Konya,İç Anadolu,0,PHONE,SOCIAL_MEDIA,Customer_003672,1,,SYNTHETIC,1.3.0,42,
C003673,WS0004,INDIVIDUAL,2026-07-29,Bursa,Marmara,0,WHATSAPP,REFERRAL,Customer_003673,1,,SYNTHETIC,1.3.0,42,
C003674,WS0003,INDIVIDUAL,2025-07-29,İzmir,Ege,0,EMAIL,WALK_IN,Customer_003674,1,,SYNTHETIC,1.3.0,42,
C003675,WS0001,INDIVIDUAL,2022-01-18,İstanbul,Marmara,0,SMS,WALK_IN,Customer_003675,1,,SYNTHETIC,1.3.0,42,
C003676,WS0005,INDIVIDUAL,2024-12-15,Antalya,Akdeniz,0,WHATSAPP,WALK_IN,Customer_003676,1,,SYNTHETIC,1.3.0,42,
C003677,WS0005,INDIVIDUAL,2022-04-22,Antalya,Akdeniz,0,EMAIL,GOOGLE_MAPS,Customer_003677,1,,SYNTHETIC,1.3.0,42,
C003678,WS0008,INDIVIDUAL,2025-10-09,Gaziantep,Güneydoğu Anadolu,0,WHATSAPP,WALK_IN,Customer_003678,1,,SYNTHETIC,1.3.0,42,
C003679,WS0008,INDIVIDUAL,2021-09-03,Gaziantep,Güneydoğu Anadolu,0,SMS,ORGANIC,Customer_003679,1,,SYNTHETIC,1.3.0,42,
C003680,WS0007,INDIVIDUAL,2021-04-27,Adana,Akdeniz,0,PHONE,REFERRAL,Customer_003680,0,2025-03-26,SYNTHETIC,1.3.0,42,
C003681,WS0001,INDIVIDUAL,2023-04-16,İstanbul,Marmara,0,WHATSAPP,WALK_IN,Customer_003681,1,,SYNTHETIC,1.3.0,42,
C003682,WS0004,INDIVIDUAL,2021-08-31,Bursa,Marmara,0,PHONE,WALK_IN,Customer_003682,1,,SYNTHETIC,1.3.0,42,
C003683,WS0002,INDIVIDUAL,2025-09-13,Ankara,İç Anadolu,0,PHONE,REFERRAL,Customer_003683,1,,SYNTHETIC,1.3.0,42,
C003684,WS0004,INDIVIDUAL,2021-09-17,Bursa,Marmara,0,PHONE,SOCIAL_MEDIA,Customer_003684,1,,SYNTHETIC,1.3.0,42,
C003685,WS0008,INDIVIDUAL,2024-10-03,Gaziantep,Güneydoğu Anadolu,0,WHATSAPP,ORGANIC,Customer_003685,1,,SYNTHETIC,1.3.0,42,
C003686,WS0002,INDIVIDUAL,2023-09-20,Ankara,İç Anadolu,0,EMAIL,ORGANIC,Customer_003686,1,,SYNTHETIC,1.3.0,42,
C003687,WS0008,INDIVIDUAL,2022-02-27,Gaziantep,Güneydoğu Anadolu,0,WHATSAPP,ORGANIC,Customer_003687,1,,SYNTHETIC,1.3.0,42,
C003688,WS0002,INDIVIDUAL,2021-06-30,Ankara,İç Anadolu,0,WHATSAPP,REFERRAL,Customer_003688,1,,SYNTHETIC,1.3.0,42,
C003689,WS0007,INDIVIDUAL,2023-08-27,Adana,Akdeniz,0,EMAIL,REFERRAL,Customer_003689,1,,SYNTHETIC,1.3.0,42,
C003690,WS0002,INDIVIDUAL,2023-11-04,Ankara,İç Anadolu,0,WHATSAPP,WALK_IN,Customer_003690,0,2025-12-22,SYNTHETIC,1.3.0,42,
C003691,WS0008,INDIVIDUAL,2025-01-15,Gaziantep,Güneydoğu Anadolu,0,PHONE,SOCIAL_MEDIA,Customer_003691,1,,SYNTHETIC,1.3.0,42,
C003692,WS0010,INDIVIDUAL,2023-02-20,Eskişehir,İç Anadolu,0,PHONE,ORGANIC,Customer_003692,1,,SYNTHETIC,1.3.0,42,
C003693,WS0009,INDIVIDUAL,2024-10-17,Samsun,Karadeniz,0,SMS,REFERRAL,Customer_003693,1,,SYNTHETIC,1.3.0,42,
C003694,WS0006,INDIVIDUAL,2024-11-17,Konya,İç Anadolu,0,WHATSAPP,ORGANIC,Customer_003694,1,,SYNTHETIC,1.3.0,42,
C003695,WS0009,INDIVIDUAL,2022-04-15,Samsun,Karadeniz,0,EMAIL,SOCIAL_MEDIA,Customer_003695,1,,SYNTHETIC,1.3.0,42,
C003696,WS0004,INDIVIDUAL,2025-10-10,Bursa,Marmara,0,WHATSAPP,ORGANIC,Customer_003696,1,,SYNTHETIC,1.3.0,42,
C003697,WS0004,INDIVIDUAL,2022-09-21,Bursa,Marmara,0,WHATSAPP,GOOGLE_MAPS,Customer_003697,1,,SYNTHETIC,1.3.0,42,
C003698,WS0004,INDIVIDUAL,2024-10-01,Bursa,Marmara,0,WHATSAPP,ORGANIC,Customer_003698,1,,SYNTHETIC,1.3.0,42,
C003699,WS0001,INDIVIDUAL,2021-05-14,İstanbul,Marmara,0,SMS,SOCIAL_MEDIA,Customer_003699,1,,SYNTHETIC,1.3.0,42,
C003700,WS0005,INDIVIDUAL,2021-09-18,Antalya,Akdeniz,0,EMAIL,GOOGLE_MAPS,Customer_003700,1,,SYNTHETIC,1.3.0,42,
C003701,WS0004,INDIVIDUAL,2021-11-15,Bursa,Marmara,0,SMS,GOOGLE_MAPS,Customer_003701,1,,SYNTHETIC,1.3.0,42,
C003702,WS0004,INDIVIDUAL,2021-11-25,Bursa,Marmara,0,WHATSAPP,WALK_IN,Customer_003702,1,,SYNTHETIC,1.3.0,42,
C003703,WS0010,COMMERCIAL,2025-02-22,Eskişehir,İç Anadolu,0,EMAIL,REFERRAL,Customer_003703,1,,SYNTHETIC,1.3.0,42,
C003704,WS0010,INDIVIDUAL,2021-04-10,Eskişehir,İç Anadolu,0,PHONE,WALK_IN,Customer_003704,1,,SYNTHETIC,1.3.0,42,
C003705,WS0001,INDIVIDUAL,2022-10-12,İstanbul,Marmara,0,SMS,WALK_IN,Customer_003705,1,,SYNTHETIC,1.3.0,42,
C003706,WS0007,INDIVIDUAL,2021-04-08,Adana,Akdeniz,0,PHONE,ORGANIC,Customer_003706,0,2024-07-26,SYNTHETIC,1.3.0,42,
C003707,WS0003,INDIVIDUAL,2023-11-24,İzmir,Ege,0,WHATSAPP,WALK_IN,Customer_003707,1,,SYNTHETIC,1.3.0,42,
C003708,WS0007,INDIVIDUAL,2023-11-20,Adana,Akdeniz,0,EMAIL,WALK_IN,Customer_003708,0,2025-06-11,SYNTHETIC,1.3.0,42,
C003709,WS0006,INDIVIDUAL,2023-02-24,Konya,İç Anadolu,0,WHATSAPP,ORGANIC,Customer_003709,1,,SYNTHETIC,1.3.0,42,
C003710,WS0010,INDIVIDUAL,2023-02-20,Eskişehir,İç Anadolu,0,WHATSAPP,ORGANIC,Customer_003710,1,,SYNTHETIC,1.3.0,42,
C003711,WS0003,INDIVIDUAL,2026-07-01,İzmir,Ege,0,PHONE,SOCIAL_MEDIA,Customer_003711,1,,SYNTHETIC,1.3.0,42,
C003712,WS0010,INDIVIDUAL,2021-02-22,Eskişehir,İç Anadolu,0,WHATSAPP,ORGANIC,Customer_003712,1,,SYNTHETIC,1.3.0,42,
C003713,WS0002,INDIVIDUAL,2024-11-13,Ankara,İç Anadolu,0,PHONE,ORGANIC,Customer_003713,1,,SYNTHETIC,1.3.0,42,
C003714,WS0002,INDIVIDUAL,2021-09-26,Ankara,İç Anadolu,0,SMS,REFERRAL,Customer_003714,1,,SYNTHETIC,1.3.0,42,
C003715,WS0007,INDIVIDUAL,2022-03-12,Adana,Akdeniz,0,WHATSAPP,ORGANIC,Customer_003715,1,,SYNTHETIC,1.3.0,42,
C003716,WS0002,INDIVIDUAL,2021-06-10,Ankara,İç Anadolu,0,PHONE,WALK_IN,Customer_003716,1,,SYNTHETIC,1.3.0,42,
C003717,WS0008,INDIVIDUAL,2021-06-01,Gaziantep,Güneydoğu Anadolu,0,WHATSAPP,ORGANIC,Customer_003717,1,,SYNTHETIC,1.3.0,42,
C003718,WS0002,INDIVIDUAL,2022-12-01,Ankara,İç Anadolu,0,WHATSAPP,ORGANIC,Customer_003718,1,,SYNTHETIC,1.3.0,42,
C003719,WS0008,INDIVIDUAL,2023-05-16,Gaziantep,Güneydoğu Anadolu,0,WHATSAPP,WALK_IN,Customer_003719,1,,SYNTHETIC,1.3.0,42,
C003720,WS0002,INDIVIDUAL,2022-11-14,Ankara,İç Anadolu,0,WHATSAPP,GOOGLE_MAPS,Customer_003720,0,2024-12-08,SYNTHETIC,1.3.0,42,
C003721,WS0003,INDIVIDUAL,2021-05-31,İzmir,Ege,0,WHATSAPP,WALK_IN,Customer_003721,1,,SYNTHETIC,1.3.0,42,
C003722,WS0005,COMMERCIAL,2024-03-30,Antalya,Akdeniz,0,WHATSAPP,REFERRAL,Customer_003722,1,,SYNTHETIC,1.3.0,42,
C003723,WS0010,INDIVIDUAL,2024-02-04,Eskişehir,İç Anadolu,0,WHATSAPP,ORGANIC,Customer_003723,1,,SYNTHETIC,1.3.0,42,
C003724,WS0005,COMMERCIAL,2021-08-30,Antalya,Akdeniz,0,PHONE,ORGANIC,Customer_003724,1,,SYNTHETIC,1.3.0,42,
C003725,WS0010,INDIVIDUAL,2024-05-03,Eskişehir,İç Anadolu,0,PHONE,ORGANIC,Customer_003725,1,,SYNTHETIC,1.3.0,42,
C003726,WS0008,INDIVIDUAL,2022-08-15,Gaziantep,Güneydoğu Anadolu,0,SMS,SOCIAL_MEDIA,Customer_003726,1,,SYNTHETIC,1.3.0,42,
C003727,WS0002,INDIVIDUAL,2025-09-17,Ankara,İç Anadolu,0,PHONE,ORGANIC,Customer_003727,1,,SYNTHETIC,1.3.0,42,
C003728,WS0008,FLEET,2022-09-03,Gaziantep,Güneydoğu Anadolu,1,PHONE,REFERRAL,Customer_003728,1,,SYNTHETIC,1.3.0,42,
C003729,WS0005,INDIVIDUAL,2025-02-05,Antalya,Akdeniz,0,WHATSAPP,GOOGLE_MAPS,Customer_003729,1,,SYNTHETIC,1.3.0,42,
C003730,WS0005,INDIVIDUAL,2025-09-16,Antalya,Akdeniz,0,WHATSAPP,REFERRAL,Customer_003730,1,,SYNTHETIC,1.3.0,42,
C003731,WS0003,INDIVIDUAL,2024-06-09,İzmir,Ege,0,WHATSAPP,REFERRAL,Customer_003731,1,,SYNTHETIC,1.3.0,42,
C003732,WS0008,COMMERCIAL,2026-06-06,Gaziantep,Güneydoğu Anadolu,0,PHONE,REFERRAL,Customer_003732,1,,SYNTHETIC,1.3.0,42,
C003733,WS0010,INDIVIDUAL,2023-01-10,Eskişehir,İç Anadolu,0,PHONE,ORGANIC,Customer_003733,1,,SYNTHETIC,1.3.0,42,
C003734,WS0010,COMMERCIAL,2024-01-17,Eskişehir,İç Anadolu,0,WHATSAPP,FLEET_PARTNERSHIP,Customer_003734,1,,SYNTHETIC,1.3.0,42,
C003735,WS0007,INDIVIDUAL,2024-06-08,Adana,Akdeniz,0,SMS,GOOGLE_MAPS,Customer_003735,1,,SYNTHETIC,1.3.0,42,
C003736,WS0008,INDIVIDUAL,2023-04-09,Gaziantep,Güneydoğu Anadolu,0,EMAIL,ORGANIC,Customer_003736,1,,SYNTHETIC,1.3.0,42,
C003737,WS0009,INDIVIDUAL,2025-11-30,Samsun,Karadeniz,0,WHATSAPP,WALK_IN,Customer_003737,1,,SYNTHETIC,1.3.0,42,
C003738,WS0008,INDIVIDUAL,2024-01-26,Gaziantep,Güneydoğu Anadolu,0,WHATSAPP,SOCIAL_MEDIA,Customer_003738,1,,SYNTHETIC,1.3.0,42,
C003739,WS0001,INDIVIDUAL,2024-05-07,İstanbul,Marmara,0,WHATSAPP,WALK_IN,Customer_003739,1,,SYNTHETIC,1.3.0,42,
C003740,WS0008,INDIVIDUAL,2022-02-25,Gaziantep,Güneydoğu Anadolu,0,WHATSAPP,REFERRAL,Customer_003740,0,2023-02-17,SYNTHETIC,1.3.0,42,
C003741,WS0006,INDIVIDUAL,2024-11-25,Konya,İç Anadolu,0,SMS,WALK_IN,Customer_003741,1,,SYNTHETIC,1.3.0,42,
C003742,WS0004,INDIVIDUAL,2025-04-09,Bursa,Marmara,0,WHATSAPP,GOOGLE_MAPS,Customer_003742,1,,SYNTHETIC,1.3.0,42,
C003743,WS0007,INDIVIDUAL,2023-09-11,Adana,Akdeniz,0,PHONE,ORGANIC,Customer_003743,1,,SYNTHETIC,1.3.0,42,
C003744,WS0007,INDIVIDUAL,2024-12-09,Adana,Akdeniz,0,EMAIL,WALK_IN,Customer_003744,1,,SYNTHETIC,1.3.0,42,
C003745,WS0008,INDIVIDUAL,2022-07-10,Gaziantep,Güneydoğu Anadolu,0,WHATSAPP,SOCIAL_MEDIA,Customer_003745,1,,SYNTHETIC,1.3.0,42,
C003746,WS0010,INDIVIDUAL,2024-08-30,Eskişehir,İç Anadolu,0,SMS,ORGANIC,Customer_003746,0,2025-05-03,SYNTHETIC,1.3.0,42,
C003747,WS0004,INDIVIDUAL,2022-07-29,Bursa,Marmara,0,WHATSAPP,REFERRAL,Customer_003747,1,,SYNTHETIC,1.3.0,42,
C003748,WS0010,INDIVIDUAL,2025-09-15,Eskişehir,İç Anadolu,0,WHATSAPP,GOOGLE_MAPS,Customer_003748,1,,SYNTHETIC,1.3.0,42,
C003749,WS0005,INDIVIDUAL,2022-06-28,Antalya,Akdeniz,0,WHATSAPP,WALK_IN,Customer_003749,1,,SYNTHETIC,1.3.0,42,
C003750,WS0002,INDIVIDUAL,2021-07-30,Ankara,İç Anadolu,0,WHATSAPP,ORGANIC,Customer_003750,1,,SYNTHETIC,1.3.0,42,
C003751,WS0007,INDIVIDUAL,2024-06-17,Adana,Akdeniz,0,SMS,WALK_IN,Customer_003751,1,,SYNTHETIC,1.3.0,42,
C003752,WS0005,COMMERCIAL,2025-06-27,Antalya,Akdeniz,0,PHONE,DIRECT_SALES,Customer_003752,1,,SYNTHETIC,1.3.0,42,
C003753,WS0006,INDIVIDUAL,2022-12-23,Konya,İç Anadolu,0,WHATSAPP,ORGANIC,Customer_003753,1,,SYNTHETIC,1.3.0,42,
C003754,WS0004,INDIVIDUAL,2026-04-02,Bursa,Marmara,0,WHATSAPP,WALK_IN,Customer_003754,1,,SYNTHETIC,1.3.0,42,
C003755,WS0009,INDIVIDUAL,2023-08-03,Samsun,Karadeniz,0,WHATSAPP,GOOGLE_MAPS,Customer_003755,1,,SYNTHETIC,1.3.0,42,
C003756,WS0001,INDIVIDUAL,2021-11-26,İstanbul,Marmara,0,WHATSAPP,GOOGLE_MAPS,Customer_003756,1,,SYNTHETIC,1.3.0,42,
C003757,WS0001,INDIVIDUAL,2021-02-15,İstanbul,Marmara,0,PHONE,WALK_IN,Customer_003757,1,,SYNTHETIC,1.3.0,42,
C003758,WS0009,INDIVIDUAL,2023-03-23,Samsun,Karadeniz,0,WHATSAPP,GOOGLE_MAPS,Customer_003758,1,,SYNTHETIC,1.3.0,42,
C003759,WS0009,INDIVIDUAL,2022-10-18,Samsun,Karadeniz,0,PHONE,ORGANIC,Customer_003759,1,,SYNTHETIC,1.3.0,42,
C003760,WS0005,INDIVIDUAL,2025-07-14,Antalya,Akdeniz,0,WHATSAPP,GOOGLE_MAPS,Customer_003760,0,2026-05-29,SYNTHETIC,1.3.0,42,
C003761,WS0003,INDIVIDUAL,2022-01-11,İzmir,Ege,0,PHONE,REFERRAL,Customer_003761,1,,SYNTHETIC,1.3.0,42,
C003762,WS0005,INDIVIDUAL,2023-05-18,Antalya,Akdeniz,0,WHATSAPP,REFERRAL,Customer_003762,1,,SYNTHETIC,1.3.0,42,
C003763,WS0006,INDIVIDUAL,2024-11-14,Konya,İç Anadolu,0,PHONE,SOCIAL_MEDIA,Customer_003763,1,,SYNTHETIC,1.3.0,42,
C003764,WS0002,INDIVIDUAL,2023-08-09,Ankara,İç Anadolu,0,SMS,ORGANIC,Customer_003764,1,,SYNTHETIC,1.3.0,42,
C003765,WS0010,INDIVIDUAL,2023-03-26,Eskişehir,İç Anadolu,0,WHATSAPP,WALK_IN,Customer_003765,1,,SYNTHETIC,1.3.0,42,
C003766,WS0005,INDIVIDUAL,2021-05-11,Antalya,Akdeniz,0,SMS,REFERRAL,Customer_003766,0,2025-02-12,SYNTHETIC,1.3.0,42,
C003767,WS0009,INDIVIDUAL,2025-08-01,Samsun,Karadeniz,0,SMS,GOOGLE_MAPS,Customer_003767,1,,SYNTHETIC,1.3.0,42,
C003768,WS0009,INDIVIDUAL,2022-06-26,Samsun,Karadeniz,0,PHONE,SOCIAL_MEDIA,Customer_003768,1,,SYNTHETIC,1.3.0,42,
C003769,WS0003,INDIVIDUAL,2023-05-15,İzmir,Ege,0,PHONE,REFERRAL,Customer_003769,1,,SYNTHETIC,1.3.0,42,
C003770,WS0003,INDIVIDUAL,2022-09-10,İzmir,Ege,0,PHONE,REFERRAL,Customer_003770,1,,SYNTHETIC,1.3.0,42,
C003771,WS0005,INDIVIDUAL,2022-10-07,Antalya,Akdeniz,0,SMS,REFERRAL,Customer_003771,1,,SYNTHETIC,1.3.0,42,
C003772,WS0008,INDIVIDUAL,2022-03-30,Gaziantep,Güneydoğu Anadolu,0,SMS,ORGANIC,Customer_003772,1,,SYNTHETIC,1.3.0,42,
C003773,WS0008,INDIVIDUAL,2024-10-25,Gaziantep,Güneydoğu Anadolu,0,SMS,REFERRAL,Customer_003773,1,,SYNTHETIC,1.3.0,42,
C003774,WS0001,INDIVIDUAL,2022-06-11,İstanbul,Marmara,0,WHATSAPP,ORGANIC,Customer_003774,1,,SYNTHETIC,1.3.0,42,
C003775,WS0007,INDIVIDUAL,2022-01-02,Adana,Akdeniz,0,SMS,ORGANIC,Customer_003775,1,,SYNTHETIC,1.3.0,42,
C003776,WS0001,INDIVIDUAL,2021-08-05,İstanbul,Marmara,0,WHATSAPP,REFERRAL,Customer_003776,0,2026-03-08,SYNTHETIC,1.3.0,42,
C003777,WS0001,INDIVIDUAL,2022-07-23,İstanbul,Marmara,0,PHONE,GOOGLE_MAPS,Customer_003777,1,,SYNTHETIC,1.3.0,42,
C003778,WS0007,INDIVIDUAL,2025-07-04,Adana,Akdeniz,0,PHONE,GOOGLE_MAPS,Customer_003778,1,,SYNTHETIC,1.3.0,42,
C003779,WS0004,INDIVIDUAL,2026-07-31,Bursa,Marmara,0,WHATSAPP,GOOGLE_MAPS,Customer_003779,1,,SYNTHETIC,1.3.0,42,
C003780,WS0004,INDIVIDUAL,2026-01-12,Bursa,Marmara,0,EMAIL,ORGANIC,Customer_003780,1,,SYNTHETIC,1.3.0,42,
C003781,WS0003,INDIVIDUAL,2023-08-06,İzmir,Ege,0,WHATSAPP,REFERRAL,Customer_003781,1,,SYNTHETIC,1.3.0,42,
C003782,WS0002,INDIVIDUAL,2023-10-22,Ankara,İç Anadolu,0,WHATSAPP,REFERRAL,Customer_003782,1,,SYNTHETIC,1.3.0,42,
C003783,WS0010,INDIVIDUAL,2025-08-03,Eskişehir,İç Anadolu,0,WHATSAPP,ORGANIC,Customer_003783,1,,SYNTHETIC,1.3.0,42,
C003784,WS0005,INDIVIDUAL,2024-12-30,Antalya,Akdeniz,0,WHATSAPP,REFERRAL,Customer_003784,1,,SYNTHETIC,1.3.0,42,
C003785,WS0009,INDIVIDUAL,2022-05-16,Samsun,Karadeniz,0,PHONE,REFERRAL,Customer_003785,1,,SYNTHETIC,1.3.0,42,
C003786,WS0001,COMMERCIAL,2025-10-10,İstanbul,Marmara,0,EMAIL,REFERRAL,Customer_003786,1,,SYNTHETIC,1.3.0,42,
C003787,WS0007,INDIVIDUAL,2023-11-17,Adana,Akdeniz,0,WHATSAPP,ORGANIC,Customer_003787,0,2025-11-20,SYNTHETIC,1.3.0,42,
C003788,WS0003,INDIVIDUAL,2025-10-14,İzmir,Ege,0,SMS,GOOGLE_MAPS,Customer_003788,1,,SYNTHETIC,1.3.0,42,
C003789,WS0004,INDIVIDUAL,2024-02-11,Bursa,Marmara,0,EMAIL,ORGANIC,Customer_003789,1,,SYNTHETIC,1.3.0,42,
C003790,WS0007,INDIVIDUAL,2021-09-02,Adana,Akdeniz,0,WHATSAPP,REFERRAL,Customer_003790,1,,SYNTHETIC,1.3.0,42,
C003791,WS0004,COMMERCIAL,2021-08-20,Bursa,Marmara,0,PHONE,FLEET_PARTNERSHIP,Customer_003791,1,,SYNTHETIC,1.3.0,42,
C003792,WS0007,COMMERCIAL,2022-11-28,Adana,Akdeniz,0,EMAIL,DIRECT_SALES,Customer_003792,1,,SYNTHETIC,1.3.0,42,
C003793,WS0010,INDIVIDUAL,2023-12-07,Eskişehir,İç Anadolu,0,PHONE,ORGANIC,Customer_003793,1,,SYNTHETIC,1.3.0,42,
C003794,WS0007,INDIVIDUAL,2023-07-23,Adana,Akdeniz,0,SMS,GOOGLE_MAPS,Customer_003794,1,,SYNTHETIC,1.3.0,42,
C003795,WS0007,INDIVIDUAL,2024-04-07,Adana,Akdeniz,0,WHATSAPP,ORGANIC,Customer_003795,1,,SYNTHETIC,1.3.0,42,
C003796,WS0010,INDIVIDUAL,2021-10-06,Eskişehir,İç Anadolu,0,WHATSAPP,REFERRAL,Customer_003796,1,,SYNTHETIC,1.3.0,42,
C003797,WS0008,INDIVIDUAL,2024-05-29,Gaziantep,Güneydoğu Anadolu,0,PHONE,REFERRAL,Customer_003797,0,2025-06-11,SYNTHETIC,1.3.0,42,
C003798,WS0006,INDIVIDUAL,2026-02-22,Konya,İç Anadolu,0,PHONE,REFERRAL,Customer_003798,0,2026-06-21,SYNTHETIC,1.3.0,42,
C003799,WS0005,FLEET,2026-05-22,Antalya,Akdeniz,1,PHONE,REFERRAL,Customer_003799,1,,SYNTHETIC,1.3.0,42,
C003800,WS0007,INDIVIDUAL,2025-12-11,Adana,Akdeniz,0,WHATSAPP,GOOGLE_MAPS,Customer_003800,1,,SYNTHETIC,1.3.0,42,
C003801,WS0001,INDIVIDUAL,2023-10-20,İstanbul,Marmara,0,WHATSAPP,GOOGLE_MAPS,Customer_003801,1,,SYNTHETIC,1.3.0,42,
C003802,WS0002,INDIVIDUAL,2024-11-17,Ankara,İç Anadolu,0,WHATSAPP,SOCIAL_MEDIA,Customer_003802,1,,SYNTHETIC,1.3.0,42,
C003803,WS0007,INDIVIDUAL,2022-08-28,Adana,Akdeniz,0,WHATSAPP,REFERRAL,Customer_003803,1,,SYNTHETIC,1.3.0,42,
C003804,WS0009,INDIVIDUAL,2022-02-13,Samsun,Karadeniz,0,WHATSAPP,REFERRAL,Customer_003804,1,,SYNTHETIC,1.3.0,42,
C003805,WS0002,INDIVIDUAL,2021-06-21,Ankara,İç Anadolu,0,WHATSAPP,SOCIAL_MEDIA,Customer_003805,1,,SYNTHETIC,1.3.0,42,
C003806,WS0001,INDIVIDUAL,2022-12-26,İstanbul,Marmara,0,WHATSAPP,REFERRAL,Customer_003806,1,,SYNTHETIC,1.3.0,42,
C003807,WS0005,INDIVIDUAL,2022-10-27,Antalya,Akdeniz,0,WHATSAPP,REFERRAL,Customer_003807,1,,SYNTHETIC,1.3.0,42,
C003808,WS0004,INDIVIDUAL,2024-05-26,Bursa,Marmara,0,SMS,ORGANIC,Customer_003808,1,,SYNTHETIC,1.3.0,42,
C003809,WS0009,INDIVIDUAL,2026-04-10,Samsun,Karadeniz,0,PHONE,GOOGLE_MAPS,Customer_003809,1,,SYNTHETIC,1.3.0,42,
C003810,WS0007,INDIVIDUAL,2025-04-14,Adana,Akdeniz,0,WHATSAPP,ORGANIC,Customer_003810,1,,SYNTHETIC,1.3.0,42,
C003811,WS0005,INDIVIDUAL,2024-02-11,Antalya,Akdeniz,0,WHATSAPP,WALK_IN,Customer_003811,1,,SYNTHETIC,1.3.0,42,
C003812,WS0003,INDIVIDUAL,2022-01-25,İzmir,Ege,0,WHATSAPP,ORGANIC,Customer_003812,1,,SYNTHETIC,1.3.0,42,
C003813,WS0006,INDIVIDUAL,2021-07-15,Konya,İç Anadolu,0,PHONE,SOCIAL_MEDIA,Customer_003813,0,2025-12-15,SYNTHETIC,1.3.0,42,
C003814,WS0004,INDIVIDUAL,2025-06-25,Bursa,Marmara,0,SMS,GOOGLE_MAPS,Customer_003814,0,2025-10-20,SYNTHETIC,1.3.0,42,
C003815,WS0003,INDIVIDUAL,2021-10-15,İzmir,Ege,0,WHATSAPP,REFERRAL,Customer_003815,1,,SYNTHETIC,1.3.0,42,
C003816,WS0009,INDIVIDUAL,2024-08-21,Samsun,Karadeniz,0,WHATSAPP,GOOGLE_MAPS,Customer_003816,1,,SYNTHETIC,1.3.0,42,
C003817,WS0009,INDIVIDUAL,2022-01-08,Samsun,Karadeniz,0,WHATSAPP,WALK_IN,Customer_003817,1,,SYNTHETIC,1.3.0,42,
C003818,WS0009,COMMERCIAL,2023-03-02,Samsun,Karadeniz,0,EMAIL,REFERRAL,Customer_003818,1,,SYNTHETIC,1.3.0,42,
C003819,WS0005,INDIVIDUAL,2023-11-30,Antalya,Akdeniz,0,SMS,SOCIAL_MEDIA,Customer_003819,1,,SYNTHETIC,1.3.0,42,
C003820,WS0004,INDIVIDUAL,2025-06-01,Bursa,Marmara,0,EMAIL,SOCIAL_MEDIA,Customer_003820,0,2026-07-14,SYNTHETIC,1.3.0,42,
C003821,WS0003,INDIVIDUAL,2024-09-25,İzmir,Ege,0,WHATSAPP,SOCIAL_MEDIA,Customer_003821,1,,SYNTHETIC,1.3.0,42,
C003822,WS0005,INDIVIDUAL,2022-07-08,Antalya,Akdeniz,0,PHONE,WALK_IN,Customer_003822,1,,SYNTHETIC,1.3.0,42,
C003823,WS0001,INDIVIDUAL,2022-12-06,İstanbul,Marmara,0,SMS,ORGANIC,Customer_003823,1,,SYNTHETIC,1.3.0,42,
C003824,WS0001,INDIVIDUAL,2024-05-31,İstanbul,Marmara,0,PHONE,REFERRAL,Customer_003824,0,2025-08-11,SYNTHETIC,1.3.0,42,
C003825,WS0007,INDIVIDUAL,2022-03-31,Adana,Akdeniz,0,SMS,GOOGLE_MAPS,Customer_003825,1,,SYNTHETIC,1.3.0,42,
C003826,WS0008,INDIVIDUAL,2023-05-20,Gaziantep,Güneydoğu Anadolu,0,PHONE,REFERRAL,Customer_003826,1,,SYNTHETIC,1.3.0,42,
C003827,WS0003,INDIVIDUAL,2021-05-26,İzmir,Ege,0,PHONE,ORGANIC,Customer_003827,1,,SYNTHETIC,1.3.0,42,
C003828,WS0008,INDIVIDUAL,2025-12-18,Gaziantep,Güneydoğu Anadolu,0,PHONE,REFERRAL,Customer_003828,1,,SYNTHETIC,1.3.0,42,
C003829,WS0001,INDIVIDUAL,2022-08-18,İstanbul,Marmara,0,WHATSAPP,ORGANIC,Customer_003829,1,,SYNTHETIC,1.3.0,42,
C003830,WS0002,INDIVIDUAL,2023-05-28,Ankara,İç Anadolu,0,WHATSAPP,WALK_IN,Customer_003830,1,,SYNTHETIC,1.3.0,42,
C003831,WS0008,COMMERCIAL,2023-08-16,Gaziantep,Güneydoğu Anadolu,0,WHATSAPP,FLEET_PARTNERSHIP,Customer_003831,1,,SYNTHETIC,1.3.0,42,
C003832,WS0007,INDIVIDUAL,2024-09-01,Adana,Akdeniz,0,WHATSAPP,SOCIAL_MEDIA,Customer_003832,1,,SYNTHETIC,1.3.0,42,
C003833,WS0008,INDIVIDUAL,2024-06-06,Gaziantep,Güneydoğu Anadolu,0,WHATSAPP,REFERRAL,Customer_003833,1,,SYNTHETIC,1.3.0,42,
C003834,WS0002,INDIVIDUAL,2025-01-17,Ankara,İç Anadolu,0,PHONE,ORGANIC,Customer_003834,1,,SYNTHETIC,1.3.0,42,
C003835,WS0003,COMMERCIAL,2023-02-13,İzmir,Ege,0,PHONE,FLEET_PARTNERSHIP,Customer_003835,1,,SYNTHETIC,1.3.0,42,
C003836,WS0005,INDIVIDUAL,2021-01-01,Antalya,Akdeniz,0,WHATSAPP,GOOGLE_MAPS,Customer_003836,1,,SYNTHETIC,1.3.0,42,
C003837,WS0008,COMMERCIAL,2025-09-29,Gaziantep,Güneydoğu Anadolu,0,EMAIL,REFERRAL,Customer_003837,1,,SYNTHETIC,1.3.0,42,
C003838,WS0007,INDIVIDUAL,2024-05-18,Adana,Akdeniz,0,SMS,WALK_IN,Customer_003838,0,2025-02-22,SYNTHETIC,1.3.0,42,
C003839,WS0009,INDIVIDUAL,2024-05-31,Samsun,Karadeniz,0,SMS,REFERRAL,Customer_003839,1,,SYNTHETIC,1.3.0,42,
C003840,WS0003,INDIVIDUAL,2026-04-23,İzmir,Ege,0,WHATSAPP,REFERRAL,Customer_003840,1,,SYNTHETIC,1.3.0,42,
C003841,WS0006,INDIVIDUAL,2021-10-22,Konya,İç Anadolu,0,WHATSAPP,SOCIAL_MEDIA,Customer_003841,1,,SYNTHETIC,1.3.0,42,
C003842,WS0006,INDIVIDUAL,2021-08-22,Konya,İç Anadolu,0,PHONE,ORGANIC,Customer_003842,1,,SYNTHETIC,1.3.0,42,
C003843,WS0003,INDIVIDUAL,2026-03-28,İzmir,Ege,0,PHONE,ORGANIC,Customer_003843,1,,SYNTHETIC,1.3.0,42,
C003844,WS0005,INDIVIDUAL,2021-01-14,Antalya,Akdeniz,0,SMS,ORGANIC,Customer_003844,1,,SYNTHETIC,1.3.0,42,
C003845,WS0002,COMMERCIAL,2025-01-21,Ankara,İç Anadolu,0,EMAIL,DIRECT_SALES,Customer_003845,1,,SYNTHETIC,1.3.0,42,
C003846,WS0001,INDIVIDUAL,2021-09-15,İstanbul,Marmara,0,WHATSAPP,REFERRAL,Customer_003846,1,,SYNTHETIC,1.3.0,42,
C003847,WS0002,COMMERCIAL,2022-11-26,Ankara,İç Anadolu,0,EMAIL,FLEET_PARTNERSHIP,Customer_003847,1,,SYNTHETIC,1.3.0,42,
C003848,WS0002,INDIVIDUAL,2022-10-14,Ankara,İç Anadolu,0,PHONE,ORGANIC,Customer_003848,1,,SYNTHETIC,1.3.0,42,
C003849,WS0004,INDIVIDUAL,2024-12-27,Bursa,Marmara,0,WHATSAPP,REFERRAL,Customer_003849,1,,SYNTHETIC,1.3.0,42,
C003850,WS0005,INDIVIDUAL,2023-01-23,Antalya,Akdeniz,0,PHONE,SOCIAL_MEDIA,Customer_003850,1,,SYNTHETIC,1.3.0,42,
C003851,WS0006,INDIVIDUAL,2024-01-20,Konya,İç Anadolu,0,WHATSAPP,REFERRAL,Customer_003851,1,,SYNTHETIC,1.3.0,42,
C003852,WS0008,INDIVIDUAL,2024-12-17,Gaziantep,Güneydoğu Anadolu,0,WHATSAPP,GOOGLE_MAPS,Customer_003852,1,,SYNTHETIC,1.3.0,42,
C003853,WS0005,INDIVIDUAL,2024-10-26,Antalya,Akdeniz,0,WHATSAPP,REFERRAL,Customer_003853,1,,SYNTHETIC,1.3.0,42,
C003854,WS0001,INDIVIDUAL,2021-03-19,İstanbul,Marmara,0,WHATSAPP,GOOGLE_MAPS,Customer_003854,1,,SYNTHETIC,1.3.0,42,
C003855,WS0004,INDIVIDUAL,2024-02-05,Bursa,Marmara,0,PHONE,ORGANIC,Customer_003855,1,,SYNTHETIC,1.3.0,42,
C003856,WS0007,INDIVIDUAL,2023-08-19,Adana,Akdeniz,0,WHATSAPP,WALK_IN,Customer_003856,1,,SYNTHETIC,1.3.0,42,
C003857,WS0010,INDIVIDUAL,2025-11-03,Eskişehir,İç Anadolu,0,WHATSAPP,REFERRAL,Customer_003857,1,,SYNTHETIC,1.3.0,42,
C003858,WS0010,COMMERCIAL,2021-02-19,Eskişehir,İç Anadolu,0,PHONE,DIRECT_SALES,Customer_003858,1,,SYNTHETIC,1.3.0,42,
C003859,WS0004,INDIVIDUAL,2023-12-30,Bursa,Marmara,0,PHONE,WALK_IN,Customer_003859,1,,SYNTHETIC,1.3.0,42,
C003860,WS0010,COMMERCIAL,2026-01-13,Eskişehir,İç Anadolu,0,WHATSAPP,FLEET_PARTNERSHIP,Customer_003860,1,,SYNTHETIC,1.3.0,42,
C003861,WS0005,INDIVIDUAL,2022-09-03,Antalya,Akdeniz,0,WHATSAPP,WALK_IN,Customer_003861,1,,SYNTHETIC,1.3.0,42,
C003862,WS0004,INDIVIDUAL,2024-10-28,Bursa,Marmara,0,PHONE,REFERRAL,Customer_003862,1,,SYNTHETIC,1.3.0,42,
C003863,WS0005,INDIVIDUAL,2025-12-25,Antalya,Akdeniz,0,SMS,WALK_IN,Customer_003863,1,,SYNTHETIC,1.3.0,42,
C003864,WS0003,INDIVIDUAL,2022-11-04,İzmir,Ege,0,WHATSAPP,REFERRAL,Customer_003864,1,,SYNTHETIC,1.3.0,42,
C003865,WS0003,INDIVIDUAL,2025-08-28,İzmir,Ege,0,WHATSAPP,WALK_IN,Customer_003865,1,,SYNTHETIC,1.3.0,42,
C003866,WS0003,INDIVIDUAL,2022-04-27,İzmir,Ege,0,WHATSAPP,REFERRAL,Customer_003866,1,,SYNTHETIC,1.3.0,42,
C003867,WS0005,INDIVIDUAL,2026-02-22,Antalya,Akdeniz,0,WHATSAPP,ORGANIC,Customer_003867,1,,SYNTHETIC,1.3.0,42,
C003868,WS0005,INDIVIDUAL,2021-10-07,Antalya,Akdeniz,0,PHONE,ORGANIC,Customer_003868,1,,SYNTHETIC,1.3.0,42,
C003869,WS0008,INDIVIDUAL,2025-08-29,Gaziantep,Güneydoğu Anadolu,0,WHATSAPP,REFERRAL,Customer_003869,1,,SYNTHETIC,1.3.0,42,
C003870,WS0007,INDIVIDUAL,2023-01-22,Adana,Akdeniz,0,PHONE,ORGANIC,Customer_003870,0,2024-07-24,SYNTHETIC,1.3.0,42,
C003871,WS0006,INDIVIDUAL,2022-02-02,Konya,İç Anadolu,0,WHATSAPP,REFERRAL,Customer_003871,1,,SYNTHETIC,1.3.0,42,
C003872,WS0003,INDIVIDUAL,2022-07-26,İzmir,Ege,0,WHATSAPP,REFERRAL,Customer_003872,1,,SYNTHETIC,1.3.0,42,
C003873,WS0001,INDIVIDUAL,2023-04-13,İstanbul,Marmara,0,PHONE,GOOGLE_MAPS,Customer_003873,0,2024-08-13,SYNTHETIC,1.3.0,42,
C003874,WS0010,INDIVIDUAL,2021-03-24,Eskişehir,İç Anadolu,0,WHATSAPP,REFERRAL,Customer_003874,1,,SYNTHETIC,1.3.0,42,
C003875,WS0010,INDIVIDUAL,2025-11-26,Eskişehir,İç Anadolu,0,WHATSAPP,REFERRAL,Customer_003875,1,,SYNTHETIC,1.3.0,42,
C003876,WS0008,INDIVIDUAL,2024-01-25,Gaziantep,Güneydoğu Anadolu,0,WHATSAPP,ORGANIC,Customer_003876,1,,SYNTHETIC,1.3.0,42,
C003877,WS0007,INDIVIDUAL,2021-03-25,Adana,Akdeniz,0,PHONE,GOOGLE_MAPS,Customer_003877,1,,SYNTHETIC,1.3.0,42,
C003878,WS0009,INDIVIDUAL,2021-04-05,Samsun,Karadeniz,0,SMS,ORGANIC,Customer_003878,1,,SYNTHETIC,1.3.0,42,
C003879,WS0005,INDIVIDUAL,2021-08-18,Antalya,Akdeniz,0,WHATSAPP,REFERRAL,Customer_003879,1,,SYNTHETIC,1.3.0,42,
C003880,WS0003,INDIVIDUAL,2024-01-01,İzmir,Ege,0,PHONE,WALK_IN,Customer_003880,1,,SYNTHETIC,1.3.0,42,
C003881,WS0006,INDIVIDUAL,2021-03-18,Konya,İç Anadolu,0,PHONE,GOOGLE_MAPS,Customer_003881,1,,SYNTHETIC,1.3.0,42,
C003882,WS0007,INDIVIDUAL,2026-05-07,Adana,Akdeniz,0,PHONE,WALK_IN,Customer_003882,1,,SYNTHETIC,1.3.0,42,
C003883,WS0007,INDIVIDUAL,2026-02-11,Adana,Akdeniz,0,WHATSAPP,WALK_IN,Customer_003883,1,,SYNTHETIC,1.3.0,42,
C003884,WS0006,INDIVIDUAL,2026-03-30,Konya,İç Anadolu,0,WHATSAPP,ORGANIC,Customer_003884,1,,SYNTHETIC,1.3.0,42,
C003885,WS0005,INDIVIDUAL,2022-12-12,Antalya,Akdeniz,0,WHATSAPP,REFERRAL,Customer_003885,1,,SYNTHETIC,1.3.0,42,
C003886,WS0006,INDIVIDUAL,2024-02-28,Konya,İç Anadolu,0,EMAIL,REFERRAL,Customer_003886,1,,SYNTHETIC,1.3.0,42,
C003887,WS0008,INDIVIDUAL,2021-10-26,Gaziantep,Güneydoğu Anadolu,0,WHATSAPP,GOOGLE_MAPS,Customer_003887,1,,SYNTHETIC,1.3.0,42,
C003888,WS0003,INDIVIDUAL,2025-01-20,İzmir,Ege,0,PHONE,ORGANIC,Customer_003888,0,2026-07-12,SYNTHETIC,1.3.0,42,
C003889,WS0001,INDIVIDUAL,2024-04-24,İstanbul,Marmara,0,EMAIL,WALK_IN,Customer_003889,1,,SYNTHETIC,1.3.0,42,
C003890,WS0006,INDIVIDUAL,2021-08-23,Konya,İç Anadolu,0,WHATSAPP,GOOGLE_MAPS,Customer_003890,1,,SYNTHETIC,1.3.0,42,
C003891,WS0001,COMMERCIAL,2026-07-31,İstanbul,Marmara,0,EMAIL,REFERRAL,Customer_003891,1,,SYNTHETIC,1.3.0,42,
C003892,WS0003,INDIVIDUAL,2023-05-12,İzmir,Ege,0,PHONE,ORGANIC,Customer_003892,1,,SYNTHETIC,1.3.0,42,
C003893,WS0004,COMMERCIAL,2023-08-06,Bursa,Marmara,0,PHONE,DIRECT_SALES,Customer_003893,1,,SYNTHETIC,1.3.0,42,
C003894,WS0007,INDIVIDUAL,2024-11-30,Adana,Akdeniz,0,WHATSAPP,REFERRAL,Customer_003894,1,,SYNTHETIC,1.3.0,42,
C003895,WS0007,COMMERCIAL,2021-07-16,Adana,Akdeniz,0,PHONE,REFERRAL,Customer_003895,1,,SYNTHETIC,1.3.0,42,
C003896,WS0008,INDIVIDUAL,2021-09-22,Gaziantep,Güneydoğu Anadolu,0,WHATSAPP,GOOGLE_MAPS,Customer_003896,1,,SYNTHETIC,1.3.0,42,
C003897,WS0001,INDIVIDUAL,2025-05-24,İstanbul,Marmara,0,WHATSAPP,REFERRAL,Customer_003897,1,,SYNTHETIC,1.3.0,42,
C003898,WS0010,INDIVIDUAL,2021-07-05,Eskişehir,İç Anadolu,0,WHATSAPP,REFERRAL,Customer_003898,1,,SYNTHETIC,1.3.0,42,
C003899,WS0002,INDIVIDUAL,2023-12-08,Ankara,İç Anadolu,0,PHONE,ORGANIC,Customer_003899,0,2025-06-24,SYNTHETIC,1.3.0,42,
C003900,WS0007,INDIVIDUAL,2021-09-27,Adana,Akdeniz,0,PHONE,ORGANIC,Customer_003900,1,,SYNTHETIC,1.3.0,42,
C003901,WS0006,INDIVIDUAL,2023-06-15,Konya,İç Anadolu,0,WHATSAPP,REFERRAL,Customer_003901,1,,SYNTHETIC,1.3.0,42,
C003902,WS0003,COMMERCIAL,2025-02-26,İzmir,Ege,0,PHONE,FLEET_PARTNERSHIP,Customer_003902,1,,SYNTHETIC,1.3.0,42,
C003903,WS0008,INDIVIDUAL,2026-05-23,Gaziantep,Güneydoğu Anadolu,0,PHONE,GOOGLE_MAPS,Customer_003903,1,,SYNTHETIC,1.3.0,42,
C003904,WS0010,INDIVIDUAL,2023-07-07,Eskişehir,İç Anadolu,0,WHATSAPP,WALK_IN,Customer_003904,0,2024-09-29,SYNTHETIC,1.3.0,42,
C003905,WS0009,INDIVIDUAL,2024-08-15,Samsun,Karadeniz,0,WHATSAPP,GOOGLE_MAPS,Customer_003905,1,,SYNTHETIC,1.3.0,42,
C003906,WS0005,INDIVIDUAL,2024-04-13,Antalya,Akdeniz,0,WHATSAPP,ORGANIC,Customer_003906,0,2025-12-17,SYNTHETIC,1.3.0,42,
C003907,WS0007,INDIVIDUAL,2024-06-30,Adana,Akdeniz,0,SMS,WALK_IN,Customer_003907,1,,SYNTHETIC,1.3.0,42,
C003908,WS0003,INDIVIDUAL,2022-09-17,İzmir,Ege,0,SMS,REFERRAL,Customer_003908,1,,SYNTHETIC,1.3.0,42,
C003909,WS0004,INDIVIDUAL,2021-05-21,Bursa,Marmara,0,PHONE,REFERRAL,Customer_003909,1,,SYNTHETIC,1.3.0,42,
C003910,WS0004,INDIVIDUAL,2022-05-01,Bursa,Marmara,0,PHONE,GOOGLE_MAPS,Customer_003910,1,,SYNTHETIC,1.3.0,42,
C003911,WS0006,INDIVIDUAL,2022-05-12,Konya,İç Anadolu,0,SMS,ORGANIC,Customer_003911,1,,SYNTHETIC,1.3.0,42,
C003912,WS0004,INDIVIDUAL,2022-08-05,Bursa,Marmara,0,EMAIL,SOCIAL_MEDIA,Customer_003912,1,,SYNTHETIC,1.3.0,42,
C003913,WS0009,INDIVIDUAL,2022-11-07,Samsun,Karadeniz,0,PHONE,WALK_IN,Customer_003913,1,,SYNTHETIC,1.3.0,42,
C003914,WS0005,INDIVIDUAL,2023-06-17,Antalya,Akdeniz,0,EMAIL,REFERRAL,Customer_003914,1,,SYNTHETIC,1.3.0,42,
C003915,WS0001,INDIVIDUAL,2023-08-15,İstanbul,Marmara,0,WHATSAPP,ORGANIC,Customer_003915,0,2025-04-29,SYNTHETIC,1.3.0,42,
C003916,WS0004,INDIVIDUAL,2026-05-16,Bursa,Marmara,0,WHATSAPP,GOOGLE_MAPS,Customer_003916,1,,SYNTHETIC,1.3.0,42,
C003917,WS0001,INDIVIDUAL,2022-01-31,İstanbul,Marmara,0,WHATSAPP,ORGANIC,Customer_003917,1,,SYNTHETIC,1.3.0,42,
C003918,WS0008,INDIVIDUAL,2021-03-15,Gaziantep,Güneydoğu Anadolu,0,WHATSAPP,WALK_IN,Customer_003918,1,,SYNTHETIC,1.3.0,42,
C003919,WS0003,INDIVIDUAL,2024-11-04,İzmir,Ege,0,PHONE,GOOGLE_MAPS,Customer_003919,1,,SYNTHETIC,1.3.0,42,
C003920,WS0006,INDIVIDUAL,2025-11-04,Konya,İç Anadolu,0,WHATSAPP,ORGANIC,Customer_003920,1,,SYNTHETIC,1.3.0,42,
C003921,WS0008,INDIVIDUAL,2025-08-12,Gaziantep,Güneydoğu Anadolu,0,WHATSAPP,GOOGLE_MAPS,Customer_003921,1,,SYNTHETIC,1.3.0,42,
C003922,WS0005,INDIVIDUAL,2024-06-08,Antalya,Akdeniz,0,WHATSAPP,ORGANIC,Customer_003922,1,,SYNTHETIC,1.3.0,42,
C003923,WS0010,INDIVIDUAL,2022-04-17,Eskişehir,İç Anadolu,0,EMAIL,SOCIAL_MEDIA,Customer_003923,1,,SYNTHETIC,1.3.0,42,
C003924,WS0005,INDIVIDUAL,2022-09-30,Antalya,Akdeniz,0,WHATSAPP,REFERRAL,Customer_003924,1,,SYNTHETIC,1.3.0,42,
C003925,WS0010,INDIVIDUAL,2021-12-13,Eskişehir,İç Anadolu,0,SMS,WALK_IN,Customer_003925,1,,SYNTHETIC,1.3.0,42,
C003926,WS0005,INDIVIDUAL,2023-01-31,Antalya,Akdeniz,0,SMS,GOOGLE_MAPS,Customer_003926,1,,SYNTHETIC,1.3.0,42,
C003927,WS0010,INDIVIDUAL,2023-01-12,Eskişehir,İç Anadolu,0,SMS,ORGANIC,Customer_003927,1,,SYNTHETIC,1.3.0,42,
C003928,WS0005,INDIVIDUAL,2024-05-27,Antalya,Akdeniz,0,PHONE,SOCIAL_MEDIA,Customer_003928,1,,SYNTHETIC,1.3.0,42,
C003929,WS0008,INDIVIDUAL,2022-04-08,Gaziantep,Güneydoğu Anadolu,0,PHONE,SOCIAL_MEDIA,Customer_003929,0,2025-08-10,SYNTHETIC,1.3.0,42,
C003930,WS0002,INDIVIDUAL,2024-12-09,Ankara,İç Anadolu,0,WHATSAPP,REFERRAL,Customer_003930,1,,SYNTHETIC,1.3.0,42,
C003931,WS0006,INDIVIDUAL,2021-08-13,Konya,İç Anadolu,0,PHONE,WALK_IN,Customer_003931,0,2022-08-30,SYNTHETIC,1.3.0,42,
C003932,WS0006,INDIVIDUAL,2023-12-16,Konya,İç Anadolu,0,WHATSAPP,ORGANIC,Customer_003932,1,,SYNTHETIC,1.3.0,42,
C003933,WS0002,INDIVIDUAL,2024-09-27,Ankara,İç Anadolu,0,WHATSAPP,ORGANIC,Customer_003933,1,,SYNTHETIC,1.3.0,42,
C003934,WS0003,FLEET,2025-05-24,İzmir,Ege,1,EMAIL,FLEET_PARTNERSHIP,Customer_003934,1,,SYNTHETIC,1.3.0,42,
C003935,WS0009,INDIVIDUAL,2022-03-25,Samsun,Karadeniz,0,WHATSAPP,GOOGLE_MAPS,Customer_003935,0,2026-06-21,SYNTHETIC,1.3.0,42,
C003936,WS0001,INDIVIDUAL,2021-10-11,İstanbul,Marmara,0,SMS,GOOGLE_MAPS,Customer_003936,1,,SYNTHETIC,1.3.0,42,
C003937,WS0005,INDIVIDUAL,2021-06-30,Antalya,Akdeniz,0,WHATSAPP,REFERRAL,Customer_003937,1,,SYNTHETIC,1.3.0,42,
C003938,WS0004,INDIVIDUAL,2023-06-27,Bursa,Marmara,0,PHONE,ORGANIC,Customer_003938,1,,SYNTHETIC,1.3.0,42,
C003939,WS0005,INDIVIDUAL,2022-03-19,Antalya,Akdeniz,0,PHONE,GOOGLE_MAPS,Customer_003939,1,,SYNTHETIC,1.3.0,42,
C003940,WS0008,INDIVIDUAL,2024-02-13,Gaziantep,Güneydoğu Anadolu,0,WHATSAPP,ORGANIC,Customer_003940,1,,SYNTHETIC,1.3.0,42,
C003941,WS0004,INDIVIDUAL,2021-06-11,Bursa,Marmara,0,PHONE,GOOGLE_MAPS,Customer_003941,1,,SYNTHETIC,1.3.0,42,
C003942,WS0004,COMMERCIAL,2025-03-05,Bursa,Marmara,0,WHATSAPP,REFERRAL,Customer_003942,1,,SYNTHETIC,1.3.0,42,
C003943,WS0007,INDIVIDUAL,2025-04-04,Adana,Akdeniz,0,WHATSAPP,GOOGLE_MAPS,Customer_003943,1,,SYNTHETIC,1.3.0,42,
C003944,WS0008,INDIVIDUAL,2022-06-15,Gaziantep,Güneydoğu Anadolu,0,EMAIL,WALK_IN,Customer_003944,1,,SYNTHETIC,1.3.0,42,
C003945,WS0007,INDIVIDUAL,2023-08-16,Adana,Akdeniz,0,WHATSAPP,GOOGLE_MAPS,Customer_003945,1,,SYNTHETIC,1.3.0,42,
C003946,WS0003,INDIVIDUAL,2021-04-12,İzmir,Ege,0,WHATSAPP,GOOGLE_MAPS,Customer_003946,1,,SYNTHETIC,1.3.0,42,
C003947,WS0001,COMMERCIAL,2022-05-26,İstanbul,Marmara,0,WHATSAPP,REFERRAL,Customer_003947,1,,SYNTHETIC,1.3.0,42,
C003948,WS0004,INDIVIDUAL,2025-11-24,Bursa,Marmara,0,WHATSAPP,ORGANIC,Customer_003948,1,,SYNTHETIC,1.3.0,42,
C003949,WS0008,INDIVIDUAL,2021-05-06,Gaziantep,Güneydoğu Anadolu,0,SMS,REFERRAL,Customer_003949,1,,SYNTHETIC,1.3.0,42,
C003950,WS0007,INDIVIDUAL,2021-04-30,Adana,Akdeniz,0,WHATSAPP,WALK_IN,Customer_003950,1,,SYNTHETIC,1.3.0,42,
C003951,WS0004,INDIVIDUAL,2022-04-20,Bursa,Marmara,0,WHATSAPP,ORGANIC,Customer_003951,1,,SYNTHETIC,1.3.0,42,
C003952,WS0002,INDIVIDUAL,2021-09-28,Ankara,İç Anadolu,0,WHATSAPP,SOCIAL_MEDIA,Customer_003952,1,,SYNTHETIC,1.3.0,42,
C003953,WS0009,COMMERCIAL,2022-09-30,Samsun,Karadeniz,0,PHONE,DIRECT_SALES,Customer_003953,1,,SYNTHETIC,1.3.0,42,
C003954,WS0004,INDIVIDUAL,2026-07-05,Bursa,Marmara,0,PHONE,ORGANIC,Customer_003954,1,,SYNTHETIC,1.3.0,42,
C003955,WS0004,INDIVIDUAL,2022-10-08,Bursa,Marmara,0,PHONE,SOCIAL_MEDIA,Customer_003955,1,,SYNTHETIC,1.3.0,42,
C003956,WS0009,COMMERCIAL,2022-05-03,Samsun,Karadeniz,0,PHONE,REFERRAL,Customer_003956,1,,SYNTHETIC,1.3.0,42,
C003957,WS0005,INDIVIDUAL,2025-10-22,Antalya,Akdeniz,0,EMAIL,GOOGLE_MAPS,Customer_003957,1,,SYNTHETIC,1.3.0,42,
C003958,WS0004,INDIVIDUAL,2024-06-21,Bursa,Marmara,0,PHONE,REFERRAL,Customer_003958,1,,SYNTHETIC,1.3.0,42,
C003959,WS0009,INDIVIDUAL,2024-11-05,Samsun,Karadeniz,0,EMAIL,ORGANIC,Customer_003959,1,,SYNTHETIC,1.3.0,42,
C003960,WS0004,COMMERCIAL,2021-10-21,Bursa,Marmara,0,PHONE,REFERRAL,Customer_003960,1,,SYNTHETIC,1.3.0,42,
C003961,WS0008,INDIVIDUAL,2021-05-18,Gaziantep,Güneydoğu Anadolu,0,WHATSAPP,ORGANIC,Customer_003961,1,,SYNTHETIC,1.3.0,42,
C003962,WS0008,INDIVIDUAL,2022-01-10,Gaziantep,Güneydoğu Anadolu,0,WHATSAPP,SOCIAL_MEDIA,Customer_003962,1,,SYNTHETIC,1.3.0,42,
C003963,WS0005,INDIVIDUAL,2023-02-04,Antalya,Akdeniz,0,PHONE,ORGANIC,Customer_003963,1,,SYNTHETIC,1.3.0,42,
C003964,WS0010,INDIVIDUAL,2025-01-19,Eskişehir,İç Anadolu,0,PHONE,ORGANIC,Customer_003964,0,2025-11-10,SYNTHETIC,1.3.0,42,
C003965,WS0008,INDIVIDUAL,2023-11-03,Gaziantep,Güneydoğu Anadolu,0,WHATSAPP,WALK_IN,Customer_003965,1,,SYNTHETIC,1.3.0,42,
C003966,WS0008,INDIVIDUAL,2021-12-14,Gaziantep,Güneydoğu Anadolu,0,WHATSAPP,GOOGLE_MAPS,Customer_003966,1,,SYNTHETIC,1.3.0,42,
C003967,WS0004,INDIVIDUAL,2026-01-14,Bursa,Marmara,0,SMS,WALK_IN,Customer_003967,1,,SYNTHETIC,1.3.0,42,
C003968,WS0010,INDIVIDUAL,2022-03-26,Eskişehir,İç Anadolu,0,PHONE,WALK_IN,Customer_003968,1,,SYNTHETIC,1.3.0,42,
C003969,WS0009,INDIVIDUAL,2025-11-30,Samsun,Karadeniz,0,WHATSAPP,REFERRAL,Customer_003969,1,,SYNTHETIC,1.3.0,42,
C003970,WS0010,INDIVIDUAL,2021-05-22,Eskişehir,İç Anadolu,0,PHONE,WALK_IN,Customer_003970,1,,SYNTHETIC,1.3.0,42,
C003971,WS0004,INDIVIDUAL,2024-01-30,Bursa,Marmara,0,PHONE,REFERRAL,Customer_003971,1,,SYNTHETIC,1.3.0,42,
C003972,WS0007,INDIVIDUAL,2021-05-26,Adana,Akdeniz,0,WHATSAPP,GOOGLE_MAPS,Customer_003972,1,,SYNTHETIC,1.3.0,42,
C003973,WS0009,INDIVIDUAL,2022-12-14,Samsun,Karadeniz,0,EMAIL,REFERRAL,Customer_003973,1,,SYNTHETIC,1.3.0,42,
C003974,WS0001,INDIVIDUAL,2023-09-05,İstanbul,Marmara,0,SMS,REFERRAL,Customer_003974,1,,SYNTHETIC,1.3.0,42,
C003975,WS0008,INDIVIDUAL,2024-11-02,Gaziantep,Güneydoğu Anadolu,0,SMS,GOOGLE_MAPS,Customer_003975,1,,SYNTHETIC,1.3.0,42,
C003976,WS0004,INDIVIDUAL,2023-06-10,Bursa,Marmara,0,WHATSAPP,WALK_IN,Customer_003976,1,,SYNTHETIC,1.3.0,42,
C003977,WS0003,INDIVIDUAL,2023-09-21,İzmir,Ege,0,WHATSAPP,GOOGLE_MAPS,Customer_003977,0,2026-01-30,SYNTHETIC,1.3.0,42,
C003978,WS0002,INDIVIDUAL,2021-07-29,Ankara,İç Anadolu,0,PHONE,ORGANIC,Customer_003978,1,,SYNTHETIC,1.3.0,42,
C003979,WS0010,INDIVIDUAL,2025-09-24,Eskişehir,İç Anadolu,0,EMAIL,WALK_IN,Customer_003979,1,,SYNTHETIC,1.3.0,42,
C003980,WS0006,INDIVIDUAL,2024-08-03,Konya,İç Anadolu,0,WHATSAPP,GOOGLE_MAPS,Customer_003980,1,,SYNTHETIC,1.3.0,42,
C003981,WS0001,INDIVIDUAL,2022-09-07,İstanbul,Marmara,0,SMS,GOOGLE_MAPS,Customer_003981,1,,SYNTHETIC,1.3.0,42,
C003982,WS0001,INDIVIDUAL,2023-10-24,İstanbul,Marmara,0,PHONE,GOOGLE_MAPS,Customer_003982,1,,SYNTHETIC,1.3.0,42,
C003983,WS0001,INDIVIDUAL,2026-01-28,İstanbul,Marmara,0,PHONE,REFERRAL,Customer_003983,1,,SYNTHETIC,1.3.0,42,
C003984,WS0003,INDIVIDUAL,2023-03-01,İzmir,Ege,0,WHATSAPP,ORGANIC,Customer_003984,1,,SYNTHETIC,1.3.0,42,
C003985,WS0008,INDIVIDUAL,2026-07-26,Gaziantep,Güneydoğu Anadolu,0,SMS,ORGANIC,Customer_003985,1,,SYNTHETIC,1.3.0,42,
C003986,WS0003,FLEET,2022-01-16,İzmir,Ege,1,PHONE,DIRECT_SALES,Customer_003986,1,,SYNTHETIC,1.3.0,42,
C003987,WS0009,INDIVIDUAL,2021-06-09,Samsun,Karadeniz,0,WHATSAPP,REFERRAL,Customer_003987,1,,SYNTHETIC,1.3.0,42,
C003988,WS0007,INDIVIDUAL,2025-06-07,Adana,Akdeniz,0,WHATSAPP,ORGANIC,Customer_003988,1,,SYNTHETIC,1.3.0,42,
C003989,WS0010,INDIVIDUAL,2022-04-13,Eskişehir,İç Anadolu,0,WHATSAPP,ORGANIC,Customer_003989,1,,SYNTHETIC,1.3.0,42,
C003990,WS0009,INDIVIDUAL,2021-09-13,Samsun,Karadeniz,0,WHATSAPP,REFERRAL,Customer_003990,1,,SYNTHETIC,1.3.0,42,
C003991,WS0009,INDIVIDUAL,2022-02-08,Samsun,Karadeniz,0,WHATSAPP,GOOGLE_MAPS,Customer_003991,1,,SYNTHETIC,1.3.0,42,
C003992,WS0007,INDIVIDUAL,2026-01-23,Adana,Akdeniz,0,PHONE,GOOGLE_MAPS,Customer_003992,1,,SYNTHETIC,1.3.0,42,
C003993,WS0007,INDIVIDUAL,2022-09-28,Adana,Akdeniz,0,PHONE,WALK_IN,Customer_003993,1,,SYNTHETIC,1.3.0,42,
C003994,WS0004,INDIVIDUAL,2023-11-10,Bursa,Marmara,0,WHATSAPP,REFERRAL,Customer_003994,1,,SYNTHETIC,1.3.0,42,
C003995,WS0003,INDIVIDUAL,2025-08-11,İzmir,Ege,0,WHATSAPP,GOOGLE_MAPS,Customer_003995,1,,SYNTHETIC,1.3.0,42,
C003996,WS0008,FLEET,2021-07-24,Gaziantep,Güneydoğu Anadolu,1,WHATSAPP,DIRECT_SALES,Customer_003996,1,,SYNTHETIC,1.3.0,42,
C003997,WS0007,INDIVIDUAL,2023-05-30,Adana,Akdeniz,0,WHATSAPP,REFERRAL,Customer_003997,1,,SYNTHETIC,1.3.0,42,
C003998,WS0001,FLEET,2022-03-17,İstanbul,Marmara,1,PHONE,FLEET_PARTNERSHIP,Customer_003998,1,,SYNTHETIC,1.3.0,42,
C003999,WS0009,INDIVIDUAL,2026-03-16,Samsun,Karadeniz,0,WHATSAPP,WALK_IN,Customer_003999,1,,SYNTHETIC,1.3.0,42,
C004000,WS0005,INDIVIDUAL,2023-07-18,Antalya,Akdeniz,0,SMS,ORGANIC,Customer_004000,1,,SYNTHETIC,1.3.0,42,
C004001,WS0007,INDIVIDUAL,2022-11-21,Adana,Akdeniz,0,SMS,SOCIAL_MEDIA,Customer_004001,1,,SYNTHETIC,1.3.0,42,
C004002,WS0006,INDIVIDUAL,2021-12-06,Konya,İç Anadolu,0,WHATSAPP,ORGANIC,Customer_004002,1,,SYNTHETIC,1.3.0,42,
C004003,WS0007,COMMERCIAL,2023-02-09,Adana,Akdeniz,0,WHATSAPP,DIRECT_SALES,Customer_004003,1,,SYNTHETIC,1.3.0,42,
C004004,WS0010,INDIVIDUAL,2021-03-16,Eskişehir,İç Anadolu,0,SMS,REFERRAL,Customer_004004,1,,SYNTHETIC,1.3.0,42,
C004005,WS0003,INDIVIDUAL,2023-03-09,İzmir,Ege,0,EMAIL,SOCIAL_MEDIA,Customer_004005,1,,SYNTHETIC,1.3.0,42,
C004006,WS0010,INDIVIDUAL,2021-04-17,Eskişehir,İç Anadolu,0,WHATSAPP,ORGANIC,Customer_004006,1,,SYNTHETIC,1.3.0,42,
C004007,WS0010,INDIVIDUAL,2023-12-20,Eskişehir,İç Anadolu,0,WHATSAPP,ORGANIC,Customer_004007,1,,SYNTHETIC,1.3.0,42,
C004008,WS0003,INDIVIDUAL,2023-08-26,İzmir,Ege,0,PHONE,ORGANIC,Customer_004008,1,,SYNTHETIC,1.3.0,42,
C004009,WS0010,INDIVIDUAL,2025-12-05,Eskişehir,İç Anadolu,0,WHATSAPP,WALK_IN,Customer_004009,1,,SYNTHETIC,1.3.0,42,
C004010,WS0007,INDIVIDUAL,2026-05-26,Adana,Akdeniz,0,PHONE,ORGANIC,Customer_004010,1,,SYNTHETIC,1.3.0,42,
C004011,WS0002,INDIVIDUAL,2021-01-03,Ankara,İç Anadolu,0,PHONE,REFERRAL,Customer_004011,1,,SYNTHETIC,1.3.0,42,
C004012,WS0006,INDIVIDUAL,2023-10-08,Konya,İç Anadolu,0,PHONE,GOOGLE_MAPS,Customer_004012,1,,SYNTHETIC,1.3.0,42,
C004013,WS0005,INDIVIDUAL,2024-12-07,Antalya,Akdeniz,0,PHONE,REFERRAL,Customer_004013,1,,SYNTHETIC,1.3.0,42,
C004014,WS0003,INDIVIDUAL,2025-12-03,İzmir,Ege,0,PHONE,ORGANIC,Customer_004014,1,,SYNTHETIC,1.3.0,42,
C004015,WS0003,INDIVIDUAL,2022-12-16,İzmir,Ege,0,WHATSAPP,SOCIAL_MEDIA,Customer_004015,1,,SYNTHETIC,1.3.0,42,
C004016,WS0005,COMMERCIAL,2025-02-13,Antalya,Akdeniz,0,EMAIL,ORGANIC,Customer_004016,0,2026-07-13,SYNTHETIC,1.3.0,42,
C004017,WS0010,INDIVIDUAL,2022-05-11,Eskişehir,İç Anadolu,0,SMS,ORGANIC,Customer_004017,1,,SYNTHETIC,1.3.0,42,
C004018,WS0006,INDIVIDUAL,2022-02-15,Konya,İç Anadolu,0,WHATSAPP,WALK_IN,Customer_004018,0,2025-09-01,SYNTHETIC,1.3.0,42,
C004019,WS0001,INDIVIDUAL,2026-03-25,İstanbul,Marmara,0,WHATSAPP,ORGANIC,Customer_004019,1,,SYNTHETIC,1.3.0,42,
C004020,WS0006,INDIVIDUAL,2024-10-18,Konya,İç Anadolu,0,WHATSAPP,ORGANIC,Customer_004020,1,,SYNTHETIC,1.3.0,42,
C004021,WS0007,INDIVIDUAL,2025-05-18,Adana,Akdeniz,0,WHATSAPP,ORGANIC,Customer_004021,1,,SYNTHETIC,1.3.0,42,
C004022,WS0001,INDIVIDUAL,2022-02-11,İstanbul,Marmara,0,SMS,REFERRAL,Customer_004022,1,,SYNTHETIC,1.3.0,42,
C004023,WS0003,INDIVIDUAL,2021-07-05,İzmir,Ege,0,WHATSAPP,GOOGLE_MAPS,Customer_004023,1,,SYNTHETIC,1.3.0,42,
C004024,WS0001,INDIVIDUAL,2024-02-25,İstanbul,Marmara,0,WHATSAPP,WALK_IN,Customer_004024,1,,SYNTHETIC,1.3.0,42,
C004025,WS0001,INDIVIDUAL,2024-01-28,İstanbul,Marmara,0,WHATSAPP,SOCIAL_MEDIA,Customer_004025,1,,SYNTHETIC,1.3.0,42,
C004026,WS0006,INDIVIDUAL,2023-11-04,Konya,İç Anadolu,0,SMS,REFERRAL,Customer_004026,1,,SYNTHETIC,1.3.0,42,
C004027,WS0006,COMMERCIAL,2026-01-29,Konya,İç Anadolu,0,EMAIL,REFERRAL,Customer_004027,1,,SYNTHETIC,1.3.0,42,
C004028,WS0006,INDIVIDUAL,2025-06-21,Konya,İç Anadolu,0,PHONE,REFERRAL,Customer_004028,1,,SYNTHETIC,1.3.0,42,
C004029,WS0008,INDIVIDUAL,2021-02-12,Gaziantep,Güneydoğu Anadolu,0,WHATSAPP,GOOGLE_MAPS,Customer_004029,1,,SYNTHETIC,1.3.0,42,
C004030,WS0005,INDIVIDUAL,2026-04-05,Antalya,Akdeniz,0,WHATSAPP,ORGANIC,Customer_004030,1,,SYNTHETIC,1.3.0,42,
C004031,WS0005,INDIVIDUAL,2021-06-05,Antalya,Akdeniz,0,SMS,REFERRAL,Customer_004031,0,2025-11-30,SYNTHETIC,1.3.0,42,
C004032,WS0006,INDIVIDUAL,2021-06-14,Konya,İç Anadolu,0,PHONE,ORGANIC,Customer_004032,1,,SYNTHETIC,1.3.0,42,
C004033,WS0002,INDIVIDUAL,2021-08-06,Ankara,İç Anadolu,0,WHATSAPP,ORGANIC,Customer_004033,1,,SYNTHETIC,1.3.0,42,
C004034,WS0005,INDIVIDUAL,2023-06-07,Antalya,Akdeniz,0,SMS,REFERRAL,Customer_004034,1,,SYNTHETIC,1.3.0,42,
C004035,WS0002,INDIVIDUAL,2023-09-01,Ankara,İç Anadolu,0,SMS,WALK_IN,Customer_004035,1,,SYNTHETIC,1.3.0,42,
C004036,WS0009,INDIVIDUAL,2024-06-12,Samsun,Karadeniz,0,EMAIL,SOCIAL_MEDIA,Customer_004036,1,,SYNTHETIC,1.3.0,42,
C004037,WS0010,INDIVIDUAL,2022-06-18,Eskişehir,İç Anadolu,0,WHATSAPP,GOOGLE_MAPS,Customer_004037,1,,SYNTHETIC,1.3.0,42,
C004038,WS0001,INDIVIDUAL,2024-06-19,İstanbul,Marmara,0,WHATSAPP,ORGANIC,Customer_004038,0,2026-07-10,SYNTHETIC,1.3.0,42,
C004039,WS0002,INDIVIDUAL,2021-05-24,Ankara,İç Anadolu,0,PHONE,REFERRAL,Customer_004039,1,,SYNTHETIC,1.3.0,42,
C004040,WS0007,INDIVIDUAL,2026-01-29,Adana,Akdeniz,0,WHATSAPP,ORGANIC,Customer_004040,1,,SYNTHETIC,1.3.0,42,
C004041,WS0002,INDIVIDUAL,2022-11-16,Ankara,İç Anadolu,0,PHONE,REFERRAL,Customer_004041,1,,SYNTHETIC,1.3.0,42,
C004042,WS0010,COMMERCIAL,2022-03-15,Eskişehir,İç Anadolu,0,WHATSAPP,REFERRAL,Customer_004042,1,,SYNTHETIC,1.3.0,42,
C004043,WS0001,INDIVIDUAL,2022-05-30,İstanbul,Marmara,0,PHONE,GOOGLE_MAPS,Customer_004043,1,,SYNTHETIC,1.3.0,42,
C004044,WS0007,INDIVIDUAL,2024-07-12,Adana,Akdeniz,0,WHATSAPP,SOCIAL_MEDIA,Customer_004044,1,,SYNTHETIC,1.3.0,42,
C004045,WS0005,INDIVIDUAL,2026-06-13,Antalya,Akdeniz,0,WHATSAPP,WALK_IN,Customer_004045,1,,SYNTHETIC,1.3.0,42,
C004046,WS0008,COMMERCIAL,2026-07-02,Gaziantep,Güneydoğu Anadolu,0,WHATSAPP,REFERRAL,Customer_004046,1,,SYNTHETIC,1.3.0,42,
C004047,WS0004,INDIVIDUAL,2024-09-29,Bursa,Marmara,0,WHATSAPP,WALK_IN,Customer_004047,1,,SYNTHETIC,1.3.0,42,
C004048,WS0007,INDIVIDUAL,2023-04-23,Adana,Akdeniz,0,WHATSAPP,GOOGLE_MAPS,Customer_004048,1,,SYNTHETIC,1.3.0,42,
C004049,WS0007,INDIVIDUAL,2022-05-13,Adana,Akdeniz,0,PHONE,ORGANIC,Customer_004049,1,,SYNTHETIC,1.3.0,42,
C004050,WS0003,INDIVIDUAL,2025-04-13,İzmir,Ege,0,SMS,REFERRAL,Customer_004050,1,,SYNTHETIC,1.3.0,42,
C004051,WS0002,INDIVIDUAL,2026-03-12,Ankara,İç Anadolu,0,EMAIL,ORGANIC,Customer_004051,0,2026-08-01,SYNTHETIC,1.3.0,42,
C004052,WS0006,COMMERCIAL,2025-04-22,Konya,İç Anadolu,0,WHATSAPP,DIRECT_SALES,Customer_004052,0,2026-05-15,SYNTHETIC,1.3.0,42,
C004053,WS0005,INDIVIDUAL,2025-09-02,Antalya,Akdeniz,0,EMAIL,WALK_IN,Customer_004053,1,,SYNTHETIC,1.3.0,42,
C004054,WS0003,INDIVIDUAL,2021-04-22,İzmir,Ege,0,EMAIL,ORGANIC,Customer_004054,1,,SYNTHETIC,1.3.0,42,
C004055,WS0005,INDIVIDUAL,2026-02-16,Antalya,Akdeniz,0,WHATSAPP,REFERRAL,Customer_004055,1,,SYNTHETIC,1.3.0,42,
C004056,WS0008,INDIVIDUAL,2025-03-03,Gaziantep,Güneydoğu Anadolu,0,WHATSAPP,REFERRAL,Customer_004056,1,,SYNTHETIC,1.3.0,42,
C004057,WS0007,INDIVIDUAL,2026-03-28,Adana,Akdeniz,0,WHATSAPP,GOOGLE_MAPS,Customer_004057,1,,SYNTHETIC,1.3.0,42,
C004058,WS0007,INDIVIDUAL,2023-04-19,Adana,Akdeniz,0,SMS,SOCIAL_MEDIA,Customer_004058,1,,SYNTHETIC,1.3.0,42,
C004059,WS0001,COMMERCIAL,2024-07-06,İstanbul,Marmara,0,WHATSAPP,REFERRAL,Customer_004059,1,,SYNTHETIC,1.3.0,42,
C004060,WS0001,FLEET,2025-11-12,İstanbul,Marmara,1,PHONE,DIRECT_SALES,Customer_004060,1,,SYNTHETIC,1.3.0,42,
C004061,WS0003,INDIVIDUAL,2021-04-30,İzmir,Ege,0,WHATSAPP,GOOGLE_MAPS,Customer_004061,0,2022-04-05,SYNTHETIC,1.3.0,42,
C004062,WS0009,INDIVIDUAL,2026-05-02,Samsun,Karadeniz,0,PHONE,GOOGLE_MAPS,Customer_004062,1,,SYNTHETIC,1.3.0,42,
C004063,WS0007,INDIVIDUAL,2024-09-27,Adana,Akdeniz,0,PHONE,WALK_IN,Customer_004063,1,,SYNTHETIC,1.3.0,42,
C004064,WS0006,INDIVIDUAL,2024-12-11,Konya,İç Anadolu,0,WHATSAPP,WALK_IN,Customer_004064,1,,SYNTHETIC,1.3.0,42,
C004065,WS0004,INDIVIDUAL,2024-08-01,Bursa,Marmara,0,WHATSAPP,REFERRAL,Customer_004065,1,,SYNTHETIC,1.3.0,42,
C004066,WS0001,INDIVIDUAL,2023-08-07,İstanbul,Marmara,0,WHATSAPP,GOOGLE_MAPS,Customer_004066,1,,SYNTHETIC,1.3.0,42,
C004067,WS0006,INDIVIDUAL,2024-01-29,Konya,İç Anadolu,0,WHATSAPP,SOCIAL_MEDIA,Customer_004067,1,,SYNTHETIC,1.3.0,42,
C004068,WS0001,INDIVIDUAL,2022-12-24,İstanbul,Marmara,0,SMS,SOCIAL_MEDIA,Customer_004068,1,,SYNTHETIC,1.3.0,42,
C004069,WS0010,INDIVIDUAL,2023-03-01,Eskişehir,İç Anadolu,0,SMS,ORGANIC,Customer_004069,1,,SYNTHETIC,1.3.0,42,
C004070,WS0005,INDIVIDUAL,2022-08-26,Antalya,Akdeniz,0,WHATSAPP,WALK_IN,Customer_004070,1,,SYNTHETIC,1.3.0,42,
C004071,WS0002,INDIVIDUAL,2022-12-25,Ankara,İç Anadolu,0,EMAIL,GOOGLE_MAPS,Customer_004071,1,,SYNTHETIC,1.3.0,42,
C004072,WS0008,INDIVIDUAL,2026-02-19,Gaziantep,Güneydoğu Anadolu,0,PHONE,ORGANIC,Customer_004072,1,,SYNTHETIC,1.3.0,42,
C004073,WS0007,INDIVIDUAL,2021-02-16,Adana,Akdeniz,0,WHATSAPP,GOOGLE_MAPS,Customer_004073,1,,SYNTHETIC,1.3.0,42,
C004074,WS0009,INDIVIDUAL,2023-02-03,Samsun,Karadeniz,0,WHATSAPP,ORGANIC,Customer_004074,1,,SYNTHETIC,1.3.0,42,
C004075,WS0008,COMMERCIAL,2021-03-02,Gaziantep,Güneydoğu Anadolu,0,PHONE,FLEET_PARTNERSHIP,Customer_004075,1,,SYNTHETIC,1.3.0,42,
C004076,WS0001,COMMERCIAL,2023-04-30,İstanbul,Marmara,0,PHONE,DIRECT_SALES,Customer_004076,1,,SYNTHETIC,1.3.0,42,
C004077,WS0001,INDIVIDUAL,2021-09-07,İstanbul,Marmara,0,PHONE,REFERRAL,Customer_004077,1,,SYNTHETIC,1.3.0,42,
C004078,WS0001,INDIVIDUAL,2021-03-16,İstanbul,Marmara,0,WHATSAPP,REFERRAL,Customer_004078,1,,SYNTHETIC,1.3.0,42,
C004079,WS0006,INDIVIDUAL,2026-07-04,Konya,İç Anadolu,0,PHONE,GOOGLE_MAPS,Customer_004079,1,,SYNTHETIC,1.3.0,42,
C004080,WS0010,INDIVIDUAL,2023-02-26,Eskişehir,İç Anadolu,0,EMAIL,WALK_IN,Customer_004080,0,2024-09-02,SYNTHETIC,1.3.0,42,
C004081,WS0010,INDIVIDUAL,2023-08-23,Eskişehir,İç Anadolu,0,WHATSAPP,GOOGLE_MAPS,Customer_004081,1,,SYNTHETIC,1.3.0,42,
C004082,WS0007,INDIVIDUAL,2023-12-06,Adana,Akdeniz,0,SMS,ORGANIC,Customer_004082,1,,SYNTHETIC,1.3.0,42,
C004083,WS0004,INDIVIDUAL,2025-07-28,Bursa,Marmara,0,WHATSAPP,REFERRAL,Customer_004083,1,,SYNTHETIC,1.3.0,42,
C004084,WS0002,INDIVIDUAL,2024-09-30,Ankara,İç Anadolu,0,WHATSAPP,GOOGLE_MAPS,Customer_004084,1,,SYNTHETIC,1.3.0,42,
C004085,WS0002,INDIVIDUAL,2024-09-17,Ankara,İç Anadolu,0,WHATSAPP,ORGANIC,Customer_004085,1,,SYNTHETIC,1.3.0,42,
C004086,WS0010,INDIVIDUAL,2025-07-02,Eskişehir,İç Anadolu,0,SMS,WALK_IN,Customer_004086,1,,SYNTHETIC,1.3.0,42,
C004087,WS0004,INDIVIDUAL,2024-09-13,Bursa,Marmara,0,PHONE,SOCIAL_MEDIA,Customer_004087,1,,SYNTHETIC,1.3.0,42,
C004088,WS0006,INDIVIDUAL,2021-02-20,Konya,İç Anadolu,0,WHATSAPP,GOOGLE_MAPS,Customer_004088,1,,SYNTHETIC,1.3.0,42,
C004089,WS0010,INDIVIDUAL,2026-04-12,Eskişehir,İç Anadolu,0,PHONE,SOCIAL_MEDIA,Customer_004089,1,,SYNTHETIC,1.3.0,42,
C004090,WS0001,INDIVIDUAL,2025-06-30,İstanbul,Marmara,0,WHATSAPP,WALK_IN,Customer_004090,1,,SYNTHETIC,1.3.0,42,
C004091,WS0006,INDIVIDUAL,2022-05-23,Konya,İç Anadolu,0,WHATSAPP,REFERRAL,Customer_004091,1,,SYNTHETIC,1.3.0,42,
C004092,WS0010,INDIVIDUAL,2021-03-12,Eskişehir,İç Anadolu,0,WHATSAPP,ORGANIC,Customer_004092,1,,SYNTHETIC,1.3.0,42,
C004093,WS0009,INDIVIDUAL,2021-12-20,Samsun,Karadeniz,0,EMAIL,GOOGLE_MAPS,Customer_004093,1,,SYNTHETIC,1.3.0,42,
C004094,WS0007,INDIVIDUAL,2024-03-19,Adana,Akdeniz,0,WHATSAPP,REFERRAL,Customer_004094,1,,SYNTHETIC,1.3.0,42,
C004095,WS0008,INDIVIDUAL,2021-11-27,Gaziantep,Güneydoğu Anadolu,0,WHATSAPP,ORGANIC,Customer_004095,1,,SYNTHETIC,1.3.0,42,
C004096,WS0007,INDIVIDUAL,2021-07-09,Adana,Akdeniz,0,EMAIL,GOOGLE_MAPS,Customer_004096,1,,SYNTHETIC,1.3.0,42,
C004097,WS0008,INDIVIDUAL,2026-03-03,Gaziantep,Güneydoğu Anadolu,0,WHATSAPP,ORGANIC,Customer_004097,1,,SYNTHETIC,1.3.0,42,
C004098,WS0001,INDIVIDUAL,2022-07-26,İstanbul,Marmara,0,PHONE,WALK_IN,Customer_004098,0,2024-12-28,SYNTHETIC,1.3.0,42,
C004099,WS0003,INDIVIDUAL,2022-10-12,İzmir,Ege,0,WHATSAPP,GOOGLE_MAPS,Customer_004099,1,,SYNTHETIC,1.3.0,42,
C004100,WS0007,INDIVIDUAL,2022-06-25,Adana,Akdeniz,0,WHATSAPP,WALK_IN,Customer_004100,1,,SYNTHETIC,1.3.0,42,
C004101,WS0007,INDIVIDUAL,2021-07-30,Adana,Akdeniz,0,SMS,SOCIAL_MEDIA,Customer_004101,1,,SYNTHETIC,1.3.0,42,
C004102,WS0005,INDIVIDUAL,2024-05-12,Antalya,Akdeniz,0,EMAIL,GOOGLE_MAPS,Customer_004102,1,,SYNTHETIC,1.3.0,42,
C004103,WS0001,COMMERCIAL,2021-01-28,İstanbul,Marmara,0,EMAIL,FLEET_PARTNERSHIP,Customer_004103,1,,SYNTHETIC,1.3.0,42,
C004104,WS0009,INDIVIDUAL,2026-05-14,Samsun,Karadeniz,0,SMS,REFERRAL,Customer_004104,1,,SYNTHETIC,1.3.0,42,
C004105,WS0005,INDIVIDUAL,2023-04-20,Antalya,Akdeniz,0,SMS,GOOGLE_MAPS,Customer_004105,1,,SYNTHETIC,1.3.0,42,
C004106,WS0004,INDIVIDUAL,2024-09-14,Bursa,Marmara,0,WHATSAPP,GOOGLE_MAPS,Customer_004106,0,2026-01-05,SYNTHETIC,1.3.0,42,
C004107,WS0008,INDIVIDUAL,2021-10-04,Gaziantep,Güneydoğu Anadolu,0,PHONE,REFERRAL,Customer_004107,1,,SYNTHETIC,1.3.0,42,
C004108,WS0009,FLEET,2022-09-07,Samsun,Karadeniz,1,EMAIL,FLEET_PARTNERSHIP,Customer_004108,1,,SYNTHETIC,1.3.0,42,
C004109,WS0001,INDIVIDUAL,2021-01-05,İstanbul,Marmara,0,WHATSAPP,WALK_IN,Customer_004109,1,,SYNTHETIC,1.3.0,42,
C004110,WS0009,FLEET,2026-06-14,Samsun,Karadeniz,1,EMAIL,ORGANIC,Customer_004110,1,,SYNTHETIC,1.3.0,42,
C004111,WS0004,INDIVIDUAL,2025-01-14,Bursa,Marmara,0,WHATSAPP,GOOGLE_MAPS,Customer_004111,1,,SYNTHETIC,1.3.0,42,
C004112,WS0002,INDIVIDUAL,2026-06-06,Ankara,İç Anadolu,0,WHATSAPP,ORGANIC,Customer_004112,1,,SYNTHETIC,1.3.0,42,
C004113,WS0010,INDIVIDUAL,2021-10-23,Eskişehir,İç Anadolu,0,WHATSAPP,WALK_IN,Customer_004113,1,,SYNTHETIC,1.3.0,42,
C004114,WS0005,INDIVIDUAL,2023-01-25,Antalya,Akdeniz,0,PHONE,SOCIAL_MEDIA,Customer_004114,0,2025-12-27,SYNTHETIC,1.3.0,42,
C004115,WS0006,INDIVIDUAL,2021-01-05,Konya,İç Anadolu,0,SMS,REFERRAL,Customer_004115,1,,SYNTHETIC,1.3.0,42,
C004116,WS0005,INDIVIDUAL,2024-03-01,Antalya,Akdeniz,0,WHATSAPP,SOCIAL_MEDIA,Customer_004116,1,,SYNTHETIC,1.3.0,42,
C004117,WS0001,INDIVIDUAL,2026-01-01,İstanbul,Marmara,0,WHATSAPP,REFERRAL,Customer_004117,1,,SYNTHETIC,1.3.0,42,
C004118,WS0007,COMMERCIAL,2023-07-04,Adana,Akdeniz,0,PHONE,DIRECT_SALES,Customer_004118,1,,SYNTHETIC,1.3.0,42,
C004119,WS0005,INDIVIDUAL,2026-02-23,Antalya,Akdeniz,0,WHATSAPP,ORGANIC,Customer_004119,1,,SYNTHETIC,1.3.0,42,
C004120,WS0005,COMMERCIAL,2021-08-24,Antalya,Akdeniz,0,EMAIL,REFERRAL,Customer_004120,0,2026-02-20,SYNTHETIC,1.3.0,42,
C004121,WS0009,INDIVIDUAL,2025-04-05,Samsun,Karadeniz,0,WHATSAPP,ORGANIC,Customer_004121,1,,SYNTHETIC,1.3.0,42,
C004122,WS0010,INDIVIDUAL,2024-05-09,Eskişehir,İç Anadolu,0,WHATSAPP,WALK_IN,Customer_004122,1,,SYNTHETIC,1.3.0,42,
C004123,WS0004,INDIVIDUAL,2021-06-23,Bursa,Marmara,0,PHONE,REFERRAL,Customer_004123,1,,SYNTHETIC,1.3.0,42,
C004124,WS0001,INDIVIDUAL,2026-04-24,İstanbul,Marmara,0,WHATSAPP,ORGANIC,Customer_004124,1,,SYNTHETIC,1.3.0,42,
C004125,WS0002,INDIVIDUAL,2021-01-24,Ankara,İç Anadolu,0,SMS,REFERRAL,Customer_004125,1,,SYNTHETIC,1.3.0,42,
C004126,WS0001,INDIVIDUAL,2021-07-15,İstanbul,Marmara,0,EMAIL,REFERRAL,Customer_004126,1,,SYNTHETIC,1.3.0,42,
C004127,WS0010,INDIVIDUAL,2023-05-03,Eskişehir,İç Anadolu,0,PHONE,SOCIAL_MEDIA,Customer_004127,1,,SYNTHETIC,1.3.0,42,
C004128,WS0010,INDIVIDUAL,2023-05-24,Eskişehir,İç Anadolu,0,SMS,REFERRAL,Customer_004128,1,,SYNTHETIC,1.3.0,42,
C004129,WS0007,INDIVIDUAL,2024-04-09,Adana,Akdeniz,0,PHONE,ORGANIC,Customer_004129,1,,SYNTHETIC,1.3.0,42,
C004130,WS0007,COMMERCIAL,2026-04-21,Adana,Akdeniz,0,PHONE,REFERRAL,Customer_004130,1,,SYNTHETIC,1.3.0,42,
C004131,WS0004,INDIVIDUAL,2026-03-22,Bursa,Marmara,0,WHATSAPP,SOCIAL_MEDIA,Customer_004131,1,,SYNTHETIC,1.3.0,42,
C004132,WS0001,INDIVIDUAL,2023-02-24,İstanbul,Marmara,0,WHATSAPP,REFERRAL,Customer_004132,1,,SYNTHETIC,1.3.0,42,
C004133,WS0001,INDIVIDUAL,2021-03-30,İstanbul,Marmara,0,EMAIL,GOOGLE_MAPS,Customer_004133,1,,SYNTHETIC,1.3.0,42,
C004134,WS0006,INDIVIDUAL,2022-07-12,Konya,İç Anadolu,0,SMS,REFERRAL,Customer_004134,0,2023-01-10,SYNTHETIC,1.3.0,42,
C004135,WS0001,INDIVIDUAL,2025-01-14,İstanbul,Marmara,0,EMAIL,REFERRAL,Customer_004135,1,,SYNTHETIC,1.3.0,42,
C004136,WS0006,INDIVIDUAL,2022-04-16,Konya,İç Anadolu,0,PHONE,REFERRAL,Customer_004136,0,2026-03-31,SYNTHETIC,1.3.0,42,
C004137,WS0003,COMMERCIAL,2025-03-26,İzmir,Ege,0,WHATSAPP,REFERRAL,Customer_004137,1,,SYNTHETIC,1.3.0,42,
C004138,WS0008,INDIVIDUAL,2022-04-07,Gaziantep,Güneydoğu Anadolu,0,PHONE,REFERRAL,Customer_004138,0,2023-12-25,SYNTHETIC,1.3.0,42,
C004139,WS0008,COMMERCIAL,2023-09-04,Gaziantep,Güneydoğu Anadolu,0,EMAIL,DIRECT_SALES,Customer_004139,0,2024-12-30,SYNTHETIC,1.3.0,42,
C004140,WS0001,INDIVIDUAL,2022-08-24,İstanbul,Marmara,0,WHATSAPP,REFERRAL,Customer_004140,1,,SYNTHETIC,1.3.0,42,
C004141,WS0010,INDIVIDUAL,2023-10-19,Eskişehir,İç Anadolu,0,WHATSAPP,REFERRAL,Customer_004141,1,,SYNTHETIC,1.3.0,42,
C004142,WS0001,INDIVIDUAL,2022-11-21,İstanbul,Marmara,0,WHATSAPP,GOOGLE_MAPS,Customer_004142,1,,SYNTHETIC,1.3.0,42,
C004143,WS0004,INDIVIDUAL,2022-08-20,Bursa,Marmara,0,WHATSAPP,ORGANIC,Customer_004143,1,,SYNTHETIC,1.3.0,42,
C004144,WS0005,INDIVIDUAL,2023-06-11,Antalya,Akdeniz,0,PHONE,ORGANIC,Customer_004144,0,2026-05-30,SYNTHETIC,1.3.0,42,
C004145,WS0004,INDIVIDUAL,2026-05-05,Bursa,Marmara,0,WHATSAPP,REFERRAL,Customer_004145,1,,SYNTHETIC,1.3.0,42,
C004146,WS0005,INDIVIDUAL,2021-09-20,Antalya,Akdeniz,0,PHONE,REFERRAL,Customer_004146,1,,SYNTHETIC,1.3.0,42,
C004147,WS0008,COMMERCIAL,2021-02-04,Gaziantep,Güneydoğu Anadolu,0,EMAIL,DIRECT_SALES,Customer_004147,1,,SYNTHETIC,1.3.0,42,
C004148,WS0002,INDIVIDUAL,2025-05-28,Ankara,İç Anadolu,0,WHATSAPP,GOOGLE_MAPS,Customer_004148,1,,SYNTHETIC,1.3.0,42,
C004149,WS0001,COMMERCIAL,2025-04-27,İstanbul,Marmara,0,EMAIL,REFERRAL,Customer_004149,0,2026-04-29,SYNTHETIC,1.3.0,42,
C004150,WS0009,INDIVIDUAL,2022-03-19,Samsun,Karadeniz,0,WHATSAPP,REFERRAL,Customer_004150,1,,SYNTHETIC,1.3.0,42,
C004151,WS0003,INDIVIDUAL,2021-05-02,İzmir,Ege,0,WHATSAPP,REFERRAL,Customer_004151,1,,SYNTHETIC,1.3.0,42,
C004152,WS0010,INDIVIDUAL,2023-05-15,Eskişehir,İç Anadolu,0,SMS,ORGANIC,Customer_004152,1,,SYNTHETIC,1.3.0,42,
C004153,WS0001,INDIVIDUAL,2021-05-07,İstanbul,Marmara,0,WHATSAPP,REFERRAL,Customer_004153,1,,SYNTHETIC,1.3.0,42,
C004154,WS0004,INDIVIDUAL,2025-10-04,Bursa,Marmara,0,SMS,ORGANIC,Customer_004154,1,,SYNTHETIC,1.3.0,42,
C004155,WS0005,INDIVIDUAL,2023-02-28,Antalya,Akdeniz,0,PHONE,WALK_IN,Customer_004155,1,,SYNTHETIC,1.3.0,42,
C004156,WS0009,FLEET,2024-05-02,Samsun,Karadeniz,1,PHONE,DIRECT_SALES,Customer_004156,1,,SYNTHETIC,1.3.0,42,
C004157,WS0002,INDIVIDUAL,2022-03-03,Ankara,İç Anadolu,0,PHONE,REFERRAL,Customer_004157,1,,SYNTHETIC,1.3.0,42,
C004158,WS0001,INDIVIDUAL,2022-06-13,İstanbul,Marmara,0,PHONE,REFERRAL,Customer_004158,1,,SYNTHETIC,1.3.0,42,
C004159,WS0002,INDIVIDUAL,2025-02-25,Ankara,İç Anadolu,0,WHATSAPP,REFERRAL,Customer_004159,1,,SYNTHETIC,1.3.0,42,
C004160,WS0001,INDIVIDUAL,2021-05-27,İstanbul,Marmara,0,WHATSAPP,REFERRAL,Customer_004160,1,,SYNTHETIC,1.3.0,42,
C004161,WS0003,INDIVIDUAL,2022-06-14,İzmir,Ege,0,EMAIL,REFERRAL,Customer_004161,1,,SYNTHETIC,1.3.0,42,
C004162,WS0005,INDIVIDUAL,2025-02-02,Antalya,Akdeniz,0,PHONE,GOOGLE_MAPS,Customer_004162,1,,SYNTHETIC,1.3.0,42,
C004163,WS0005,INDIVIDUAL,2024-09-16,Antalya,Akdeniz,0,PHONE,SOCIAL_MEDIA,Customer_004163,1,,SYNTHETIC,1.3.0,42,
C004164,WS0005,INDIVIDUAL,2024-10-06,Antalya,Akdeniz,0,WHATSAPP,SOCIAL_MEDIA,Customer_004164,1,,SYNTHETIC,1.3.0,42,
C004165,WS0002,INDIVIDUAL,2021-05-20,Ankara,İç Anadolu,0,WHATSAPP,ORGANIC,Customer_004165,1,,SYNTHETIC,1.3.0,42,
C004166,WS0009,INDIVIDUAL,2024-03-29,Samsun,Karadeniz,0,SMS,SOCIAL_MEDIA,Customer_004166,1,,SYNTHETIC,1.3.0,42,
C004167,WS0003,INDIVIDUAL,2021-07-28,İzmir,Ege,0,EMAIL,WALK_IN,Customer_004167,1,,SYNTHETIC,1.3.0,42,
C004168,WS0010,INDIVIDUAL,2025-04-05,Eskişehir,İç Anadolu,0,WHATSAPP,WALK_IN,Customer_004168,1,,SYNTHETIC,1.3.0,42,
C004169,WS0004,INDIVIDUAL,2026-02-26,Bursa,Marmara,0,WHATSAPP,WALK_IN,Customer_004169,0,2026-06-15,SYNTHETIC,1.3.0,42,
C004170,WS0006,INDIVIDUAL,2021-01-19,Konya,İç Anadolu,0,EMAIL,REFERRAL,Customer_004170,1,,SYNTHETIC,1.3.0,42,
C004171,WS0001,INDIVIDUAL,2024-12-11,İstanbul,Marmara,0,WHATSAPP,GOOGLE_MAPS,Customer_004171,1,,SYNTHETIC,1.3.0,42,
C004172,WS0008,FLEET,2023-11-14,Gaziantep,Güneydoğu Anadolu,1,WHATSAPP,DIRECT_SALES,Customer_004172,1,,SYNTHETIC,1.3.0,42,
C004173,WS0001,INDIVIDUAL,2021-10-15,İstanbul,Marmara,0,PHONE,REFERRAL,Customer_004173,1,,SYNTHETIC,1.3.0,42,
C004174,WS0007,INDIVIDUAL,2021-04-29,Adana,Akdeniz,0,EMAIL,REFERRAL,Customer_004174,1,,SYNTHETIC,1.3.0,42,
C004175,WS0007,INDIVIDUAL,2025-05-28,Adana,Akdeniz,0,WHATSAPP,GOOGLE_MAPS,Customer_004175,1,,SYNTHETIC,1.3.0,42,
C004176,WS0005,INDIVIDUAL,2021-04-09,Antalya,Akdeniz,0,SMS,WALK_IN,Customer_004176,1,,SYNTHETIC,1.3.0,42,
C004177,WS0009,INDIVIDUAL,2023-11-21,Samsun,Karadeniz,0,WHATSAPP,REFERRAL,Customer_004177,1,,SYNTHETIC,1.3.0,42,
C004178,WS0001,INDIVIDUAL,2022-01-01,İstanbul,Marmara,0,PHONE,WALK_IN,Customer_004178,1,,SYNTHETIC,1.3.0,42,
C004179,WS0007,INDIVIDUAL,2022-08-06,Adana,Akdeniz,0,WHATSAPP,GOOGLE_MAPS,Customer_004179,1,,SYNTHETIC,1.3.0,42,
C004180,WS0003,INDIVIDUAL,2022-02-24,İzmir,Ege,0,WHATSAPP,GOOGLE_MAPS,Customer_004180,1,,SYNTHETIC,1.3.0,42,
C004181,WS0001,INDIVIDUAL,2026-01-03,İstanbul,Marmara,0,WHATSAPP,ORGANIC,Customer_004181,1,,SYNTHETIC,1.3.0,42,
C004182,WS0001,COMMERCIAL,2022-06-18,İstanbul,Marmara,0,WHATSAPP,ORGANIC,Customer_004182,1,,SYNTHETIC,1.3.0,42,
C004183,WS0004,INDIVIDUAL,2022-07-06,Bursa,Marmara,0,WHATSAPP,GOOGLE_MAPS,Customer_004183,0,2025-01-18,SYNTHETIC,1.3.0,42,
C004184,WS0004,INDIVIDUAL,2023-05-05,Bursa,Marmara,0,WHATSAPP,REFERRAL,Customer_004184,1,,SYNTHETIC,1.3.0,42,
C004185,WS0001,INDIVIDUAL,2024-09-26,İstanbul,Marmara,0,WHATSAPP,WALK_IN,Customer_004185,1,,SYNTHETIC,1.3.0,42,
C004186,WS0009,INDIVIDUAL,2025-03-05,Samsun,Karadeniz,0,PHONE,WALK_IN,Customer_004186,1,,SYNTHETIC,1.3.0,42,
C004187,WS0005,INDIVIDUAL,2026-05-10,Antalya,Akdeniz,0,SMS,WALK_IN,Customer_004187,1,,SYNTHETIC,1.3.0,42,
C004188,WS0003,INDIVIDUAL,2024-05-12,İzmir,Ege,0,SMS,SOCIAL_MEDIA,Customer_004188,1,,SYNTHETIC,1.3.0,42,
C004189,WS0009,INDIVIDUAL,2024-02-22,Samsun,Karadeniz,0,WHATSAPP,WALK_IN,Customer_004189,1,,SYNTHETIC,1.3.0,42,
C004190,WS0001,INDIVIDUAL,2023-03-27,İstanbul,Marmara,0,SMS,GOOGLE_MAPS,Customer_004190,1,,SYNTHETIC,1.3.0,42,
C004191,WS0005,INDIVIDUAL,2021-04-11,Antalya,Akdeniz,0,SMS,REFERRAL,Customer_004191,0,2024-07-02,SYNTHETIC,1.3.0,42,
C004192,WS0003,INDIVIDUAL,2021-06-06,İzmir,Ege,0,EMAIL,WALK_IN,Customer_004192,1,,SYNTHETIC,1.3.0,42,
C004193,WS0001,INDIVIDUAL,2021-03-03,İstanbul,Marmara,0,WHATSAPP,ORGANIC,Customer_004193,1,,SYNTHETIC,1.3.0,42,
C004194,WS0004,INDIVIDUAL,2021-05-13,Bursa,Marmara,0,WHATSAPP,GOOGLE_MAPS,Customer_004194,1,,SYNTHETIC,1.3.0,42,
C004195,WS0002,INDIVIDUAL,2022-07-22,Ankara,İç Anadolu,0,WHATSAPP,GOOGLE_MAPS,Customer_004195,1,,SYNTHETIC,1.3.0,42,
C004196,WS0004,INDIVIDUAL,2026-07-07,Bursa,Marmara,0,WHATSAPP,REFERRAL,Customer_004196,1,,SYNTHETIC,1.3.0,42,
C004197,WS0005,INDIVIDUAL,2025-04-13,Antalya,Akdeniz,0,WHATSAPP,GOOGLE_MAPS,Customer_004197,1,,SYNTHETIC,1.3.0,42,
C004198,WS0005,FLEET,2021-02-18,Antalya,Akdeniz,1,WHATSAPP,REFERRAL,Customer_004198,1,,SYNTHETIC,1.3.0,42,
C004199,WS0009,INDIVIDUAL,2022-07-23,Samsun,Karadeniz,0,WHATSAPP,ORGANIC,Customer_004199,1,,SYNTHETIC,1.3.0,42,
C004200,WS0006,INDIVIDUAL,2023-09-15,Konya,İç Anadolu,0,WHATSAPP,GOOGLE_MAPS,Customer_004200,1,,SYNTHETIC,1.3.0,42,
C004201,WS0004,INDIVIDUAL,2021-06-28,Bursa,Marmara,0,EMAIL,GOOGLE_MAPS,Customer_004201,1,,SYNTHETIC,1.3.0,42,
C004202,WS0005,INDIVIDUAL,2024-07-04,Antalya,Akdeniz,0,WHATSAPP,WALK_IN,Customer_004202,1,,SYNTHETIC,1.3.0,42,
C004203,WS0010,COMMERCIAL,2026-07-23,Eskişehir,İç Anadolu,0,WHATSAPP,FLEET_PARTNERSHIP,Customer_004203,1,,SYNTHETIC,1.3.0,42,
C004204,WS0006,INDIVIDUAL,2023-07-25,Konya,İç Anadolu,0,PHONE,ORGANIC,Customer_004204,1,,SYNTHETIC,1.3.0,42,
C004205,WS0006,INDIVIDUAL,2024-05-15,Konya,İç Anadolu,0,WHATSAPP,WALK_IN,Customer_004205,1,,SYNTHETIC,1.3.0,42,
C004206,WS0009,INDIVIDUAL,2023-11-20,Samsun,Karadeniz,0,WHATSAPP,REFERRAL,Customer_004206,1,,SYNTHETIC,1.3.0,42,
C004207,WS0004,INDIVIDUAL,2024-05-15,Bursa,Marmara,0,SMS,ORGANIC,Customer_004207,1,,SYNTHETIC,1.3.0,42,
C004208,WS0004,INDIVIDUAL,2023-02-22,Bursa,Marmara,0,WHATSAPP,ORGANIC,Customer_004208,1,,SYNTHETIC,1.3.0,42,
C004209,WS0010,INDIVIDUAL,2024-07-13,Eskişehir,İç Anadolu,0,WHATSAPP,GOOGLE_MAPS,Customer_004209,1,,SYNTHETIC,1.3.0,42,
C004210,WS0007,INDIVIDUAL,2024-02-25,Adana,Akdeniz,0,WHATSAPP,GOOGLE_MAPS,Customer_004210,1,,SYNTHETIC,1.3.0,42,
C004211,WS0003,INDIVIDUAL,2023-10-18,İzmir,Ege,0,PHONE,REFERRAL,Customer_004211,1,,SYNTHETIC,1.3.0,42,
C004212,WS0004,INDIVIDUAL,2021-03-26,Bursa,Marmara,0,WHATSAPP,REFERRAL,Customer_004212,1,,SYNTHETIC,1.3.0,42,
C004213,WS0001,INDIVIDUAL,2024-07-12,İstanbul,Marmara,0,SMS,ORGANIC,Customer_004213,1,,SYNTHETIC,1.3.0,42,
C004214,WS0006,INDIVIDUAL,2025-11-14,Konya,İç Anadolu,0,SMS,ORGANIC,Customer_004214,1,,SYNTHETIC,1.3.0,42,
C004215,WS0010,INDIVIDUAL,2023-09-15,Eskişehir,İç Anadolu,0,EMAIL,ORGANIC,Customer_004215,1,,SYNTHETIC,1.3.0,42,
C004216,WS0003,INDIVIDUAL,2024-12-29,İzmir,Ege,0,PHONE,ORGANIC,Customer_004216,0,2026-06-06,SYNTHETIC,1.3.0,42,
C004217,WS0010,INDIVIDUAL,2022-09-06,Eskişehir,İç Anadolu,0,PHONE,ORGANIC,Customer_004217,1,,SYNTHETIC,1.3.0,42,
C004218,WS0003,INDIVIDUAL,2022-01-16,İzmir,Ege,0,PHONE,WALK_IN,Customer_004218,1,,SYNTHETIC,1.3.0,42,
C004219,WS0002,INDIVIDUAL,2024-03-20,Ankara,İç Anadolu,0,WHATSAPP,GOOGLE_MAPS,Customer_004219,1,,SYNTHETIC,1.3.0,42,
C004220,WS0003,INDIVIDUAL,2021-06-26,İzmir,Ege,0,PHONE,REFERRAL,Customer_004220,1,,SYNTHETIC,1.3.0,42,
C004221,WS0006,INDIVIDUAL,2021-03-22,Konya,İç Anadolu,0,PHONE,ORGANIC,Customer_004221,1,,SYNTHETIC,1.3.0,42,
C004222,WS0007,INDIVIDUAL,2023-09-21,Adana,Akdeniz,0,WHATSAPP,REFERRAL,Customer_004222,1,,SYNTHETIC,1.3.0,42,
C004223,WS0002,INDIVIDUAL,2022-03-30,Ankara,İç Anadolu,0,SMS,GOOGLE_MAPS,Customer_004223,1,,SYNTHETIC,1.3.0,42,
C004224,WS0001,INDIVIDUAL,2022-06-08,İstanbul,Marmara,0,WHATSAPP,REFERRAL,Customer_004224,1,,SYNTHETIC,1.3.0,42,
C004225,WS0006,INDIVIDUAL,2022-01-20,Konya,İç Anadolu,0,WHATSAPP,GOOGLE_MAPS,Customer_004225,1,,SYNTHETIC,1.3.0,42,
C004226,WS0006,INDIVIDUAL,2026-03-25,Konya,İç Anadolu,0,WHATSAPP,GOOGLE_MAPS,Customer_004226,0,2026-07-22,SYNTHETIC,1.3.0,42,
C004227,WS0007,INDIVIDUAL,2023-02-11,Adana,Akdeniz,0,WHATSAPP,SOCIAL_MEDIA,Customer_004227,1,,SYNTHETIC,1.3.0,42,
C004228,WS0004,INDIVIDUAL,2022-11-29,Bursa,Marmara,0,WHATSAPP,SOCIAL_MEDIA,Customer_004228,1,,SYNTHETIC,1.3.0,42,
C004229,WS0007,INDIVIDUAL,2022-11-29,Adana,Akdeniz,0,PHONE,REFERRAL,Customer_004229,1,,SYNTHETIC,1.3.0,42,
C004230,WS0010,INDIVIDUAL,2026-07-22,Eskişehir,İç Anadolu,0,WHATSAPP,GOOGLE_MAPS,Customer_004230,1,,SYNTHETIC,1.3.0,42,
C004231,WS0006,INDIVIDUAL,2024-08-30,Konya,İç Anadolu,0,SMS,GOOGLE_MAPS,Customer_004231,1,,SYNTHETIC,1.3.0,42,
C004232,WS0006,INDIVIDUAL,2024-11-29,Konya,İç Anadolu,0,WHATSAPP,REFERRAL,Customer_004232,1,,SYNTHETIC,1.3.0,42,
C004233,WS0003,COMMERCIAL,2025-08-27,İzmir,Ege,0,WHATSAPP,ORGANIC,Customer_004233,1,,SYNTHETIC,1.3.0,42,
C004234,WS0007,INDIVIDUAL,2021-10-30,Adana,Akdeniz,0,PHONE,REFERRAL,Customer_004234,1,,SYNTHETIC,1.3.0,42,
C004235,WS0005,INDIVIDUAL,2021-04-01,Antalya,Akdeniz,0,WHATSAPP,REFERRAL,Customer_004235,1,,SYNTHETIC,1.3.0,42,
C004236,WS0007,INDIVIDUAL,2022-03-20,Adana,Akdeniz,0,WHATSAPP,ORGANIC,Customer_004236,1,,SYNTHETIC,1.3.0,42,
C004237,WS0006,INDIVIDUAL,2023-11-10,Konya,İç Anadolu,0,WHATSAPP,REFERRAL,Customer_004237,1,,SYNTHETIC,1.3.0,42,
C004238,WS0002,INDIVIDUAL,2021-11-23,Ankara,İç Anadolu,0,PHONE,WALK_IN,Customer_004238,0,2022-12-21,SYNTHETIC,1.3.0,42,
C004239,WS0003,INDIVIDUAL,2023-11-21,İzmir,Ege,0,WHATSAPP,ORGANIC,Customer_004239,1,,SYNTHETIC,1.3.0,42,
C004240,WS0008,INDIVIDUAL,2024-12-08,Gaziantep,Güneydoğu Anadolu,0,PHONE,GOOGLE_MAPS,Customer_004240,1,,SYNTHETIC,1.3.0,42,
C004241,WS0007,INDIVIDUAL,2025-04-22,Adana,Akdeniz,0,EMAIL,REFERRAL,Customer_004241,1,,SYNTHETIC,1.3.0,42,
C004242,WS0004,INDIVIDUAL,2023-10-08,Bursa,Marmara,0,WHATSAPP,REFERRAL,Customer_004242,1,,SYNTHETIC,1.3.0,42,
C004243,WS0002,COMMERCIAL,2025-08-29,Ankara,İç Anadolu,0,PHONE,REFERRAL,Customer_004243,1,,SYNTHETIC,1.3.0,42,
C004244,WS0003,INDIVIDUAL,2022-01-15,İzmir,Ege,0,PHONE,GOOGLE_MAPS,Customer_004244,0,2023-09-01,SYNTHETIC,1.3.0,42,
C004245,WS0007,INDIVIDUAL,2023-07-25,Adana,Akdeniz,0,WHATSAPP,GOOGLE_MAPS,Customer_004245,1,,SYNTHETIC,1.3.0,42,
C004246,WS0009,INDIVIDUAL,2023-12-06,Samsun,Karadeniz,0,SMS,REFERRAL,Customer_004246,1,,SYNTHETIC,1.3.0,42,
C004247,WS0001,INDIVIDUAL,2022-12-07,İstanbul,Marmara,0,WHATSAPP,SOCIAL_MEDIA,Customer_004247,1,,SYNTHETIC,1.3.0,42,
C004248,WS0005,INDIVIDUAL,2023-04-09,Antalya,Akdeniz,0,WHATSAPP,REFERRAL,Customer_004248,1,,SYNTHETIC,1.3.0,42,
C004249,WS0008,INDIVIDUAL,2024-02-02,Gaziantep,Güneydoğu Anadolu,0,PHONE,SOCIAL_MEDIA,Customer_004249,1,,SYNTHETIC,1.3.0,42,
C004250,WS0008,COMMERCIAL,2025-05-12,Gaziantep,Güneydoğu Anadolu,0,WHATSAPP,ORGANIC,Customer_004250,1,,SYNTHETIC,1.3.0,42,
C004251,WS0006,INDIVIDUAL,2024-10-07,Konya,İç Anadolu,0,SMS,REFERRAL,Customer_004251,1,,SYNTHETIC,1.3.0,42,
C004252,WS0003,INDIVIDUAL,2023-01-25,İzmir,Ege,0,PHONE,GOOGLE_MAPS,Customer_004252,1,,SYNTHETIC,1.3.0,42,
C004253,WS0008,INDIVIDUAL,2024-06-16,Gaziantep,Güneydoğu Anadolu,0,WHATSAPP,WALK_IN,Customer_004253,1,,SYNTHETIC,1.3.0,42,
C004254,WS0002,INDIVIDUAL,2026-03-02,Ankara,İç Anadolu,0,EMAIL,GOOGLE_MAPS,Customer_004254,1,,SYNTHETIC,1.3.0,42,
C004255,WS0001,COMMERCIAL,2022-03-01,İstanbul,Marmara,0,EMAIL,REFERRAL,Customer_004255,1,,SYNTHETIC,1.3.0,42,
C004256,WS0004,INDIVIDUAL,2021-10-07,Bursa,Marmara,0,WHATSAPP,REFERRAL,Customer_004256,1,,SYNTHETIC,1.3.0,42,
C004257,WS0008,INDIVIDUAL,2025-09-22,Gaziantep,Güneydoğu Anadolu,0,WHATSAPP,REFERRAL,Customer_004257,1,,SYNTHETIC,1.3.0,42,
C004258,WS0006,INDIVIDUAL,2022-03-25,Konya,İç Anadolu,0,WHATSAPP,GOOGLE_MAPS,Customer_004258,1,,SYNTHETIC,1.3.0,42,
C004259,WS0007,INDIVIDUAL,2021-11-27,Adana,Akdeniz,0,WHATSAPP,REFERRAL,Customer_004259,1,,SYNTHETIC,1.3.0,42,
C004260,WS0008,COMMERCIAL,2026-02-20,Gaziantep,Güneydoğu Anadolu,0,WHATSAPP,DIRECT_SALES,Customer_004260,1,,SYNTHETIC,1.3.0,42,
C004261,WS0004,INDIVIDUAL,2023-01-30,Bursa,Marmara,0,WHATSAPP,REFERRAL,Customer_004261,1,,SYNTHETIC,1.3.0,42,
C004262,WS0002,FLEET,2022-11-19,Ankara,İç Anadolu,1,PHONE,REFERRAL,Customer_004262,1,,SYNTHETIC,1.3.0,42,
C004263,WS0010,COMMERCIAL,2021-12-19,Eskişehir,İç Anadolu,0,WHATSAPP,REFERRAL,Customer_004263,1,,SYNTHETIC,1.3.0,42,
C004264,WS0007,INDIVIDUAL,2022-03-07,Adana,Akdeniz,0,WHATSAPP,ORGANIC,Customer_004264,1,,SYNTHETIC,1.3.0,42,
C004265,WS0005,INDIVIDUAL,2025-01-23,Antalya,Akdeniz,0,WHATSAPP,ORGANIC,Customer_004265,1,,SYNTHETIC,1.3.0,42,
C004266,WS0010,INDIVIDUAL,2021-05-15,Eskişehir,İç Anadolu,0,PHONE,ORGANIC,Customer_004266,1,,SYNTHETIC,1.3.0,42,
C004267,WS0007,INDIVIDUAL,2026-01-15,Adana,Akdeniz,0,WHATSAPP,ORGANIC,Customer_004267,1,,SYNTHETIC,1.3.0,42,
C004268,WS0003,INDIVIDUAL,2021-07-07,İzmir,Ege,0,PHONE,ORGANIC,Customer_004268,1,,SYNTHETIC,1.3.0,42,
C004269,WS0010,INDIVIDUAL,2022-01-27,Eskişehir,İç Anadolu,0,WHATSAPP,GOOGLE_MAPS,Customer_004269,1,,SYNTHETIC,1.3.0,42,
C004270,WS0007,INDIVIDUAL,2021-10-03,Adana,Akdeniz,0,PHONE,SOCIAL_MEDIA,Customer_004270,1,,SYNTHETIC,1.3.0,42,
C004271,WS0001,INDIVIDUAL,2024-03-29,İstanbul,Marmara,0,WHATSAPP,ORGANIC,Customer_004271,1,,SYNTHETIC,1.3.0,42,
C004272,WS0001,COMMERCIAL,2022-03-27,İstanbul,Marmara,0,WHATSAPP,DIRECT_SALES,Customer_004272,1,,SYNTHETIC,1.3.0,42,
C004273,WS0010,INDIVIDUAL,2023-09-03,Eskişehir,İç Anadolu,0,WHATSAPP,ORGANIC,Customer_004273,1,,SYNTHETIC,1.3.0,42,
C004274,WS0003,INDIVIDUAL,2025-10-02,İzmir,Ege,0,PHONE,GOOGLE_MAPS,Customer_004274,1,,SYNTHETIC,1.3.0,42,
C004275,WS0001,INDIVIDUAL,2023-03-12,İstanbul,Marmara,0,WHATSAPP,WALK_IN,Customer_004275,1,,SYNTHETIC,1.3.0,42,
C004276,WS0005,INDIVIDUAL,2026-04-08,Antalya,Akdeniz,0,PHONE,ORGANIC,Customer_004276,1,,SYNTHETIC,1.3.0,42,
C004277,WS0010,INDIVIDUAL,2021-02-18,Eskişehir,İç Anadolu,0,EMAIL,REFERRAL,Customer_004277,1,,SYNTHETIC,1.3.0,42,
C004278,WS0010,INDIVIDUAL,2025-09-16,Eskişehir,İç Anadolu,0,SMS,GOOGLE_MAPS,Customer_004278,1,,SYNTHETIC,1.3.0,42,
C004279,WS0008,INDIVIDUAL,2024-03-04,Gaziantep,Güneydoğu Anadolu,0,PHONE,GOOGLE_MAPS,Customer_004279,0,2026-04-04,SYNTHETIC,1.3.0,42,
C004280,WS0008,COMMERCIAL,2023-09-26,Gaziantep,Güneydoğu Anadolu,0,EMAIL,REFERRAL,Customer_004280,1,,SYNTHETIC,1.3.0,42,
C004281,WS0001,INDIVIDUAL,2025-01-16,İstanbul,Marmara,0,PHONE,REFERRAL,Customer_004281,0,2026-03-23,SYNTHETIC,1.3.0,42,
C004282,WS0006,INDIVIDUAL,2023-04-06,Konya,İç Anadolu,0,WHATSAPP,GOOGLE_MAPS,Customer_004282,0,2024-10-11,SYNTHETIC,1.3.0,42,
C004283,WS0004,INDIVIDUAL,2025-05-19,Bursa,Marmara,0,PHONE,ORGANIC,Customer_004283,1,,SYNTHETIC,1.3.0,42,
C004284,WS0002,INDIVIDUAL,2021-11-03,Ankara,İç Anadolu,0,WHATSAPP,ORGANIC,Customer_004284,1,,SYNTHETIC,1.3.0,42,
C004285,WS0005,INDIVIDUAL,2023-07-18,Antalya,Akdeniz,0,EMAIL,WALK_IN,Customer_004285,1,,SYNTHETIC,1.3.0,42,
C004286,WS0007,INDIVIDUAL,2024-11-04,Adana,Akdeniz,0,SMS,ORGANIC,Customer_004286,1,,SYNTHETIC,1.3.0,42,
C004287,WS0006,INDIVIDUAL,2023-04-13,Konya,İç Anadolu,0,WHATSAPP,GOOGLE_MAPS,Customer_004287,1,,SYNTHETIC,1.3.0,42,
C004288,WS0001,INDIVIDUAL,2025-02-03,İstanbul,Marmara,0,WHATSAPP,SOCIAL_MEDIA,Customer_004288,1,,SYNTHETIC,1.3.0,42,
C004289,WS0008,FLEET,2022-06-05,Gaziantep,Güneydoğu Anadolu,1,PHONE,ORGANIC,Customer_004289,1,,SYNTHETIC,1.3.0,42,
C004290,WS0007,INDIVIDUAL,2021-05-14,Adana,Akdeniz,0,SMS,ORGANIC,Customer_004290,1,,SYNTHETIC,1.3.0,42,
C004291,WS0001,INDIVIDUAL,2022-03-19,İstanbul,Marmara,0,PHONE,REFERRAL,Customer_004291,1,,SYNTHETIC,1.3.0,42,
C004292,WS0003,INDIVIDUAL,2023-02-08,İzmir,Ege,0,SMS,REFERRAL,Customer_004292,1,,SYNTHETIC,1.3.0,42,
C004293,WS0008,COMMERCIAL,2025-08-09,Gaziantep,Güneydoğu Anadolu,0,EMAIL,REFERRAL,Customer_004293,1,,SYNTHETIC,1.3.0,42,
C004294,WS0008,INDIVIDUAL,2023-02-13,Gaziantep,Güneydoğu Anadolu,0,PHONE,GOOGLE_MAPS,Customer_004294,1,,SYNTHETIC,1.3.0,42,
C004295,WS0007,INDIVIDUAL,2024-10-07,Adana,Akdeniz,0,SMS,REFERRAL,Customer_004295,0,2025-07-05,SYNTHETIC,1.3.0,42,
C004296,WS0008,COMMERCIAL,2025-02-03,Gaziantep,Güneydoğu Anadolu,0,EMAIL,DIRECT_SALES,Customer_004296,1,,SYNTHETIC,1.3.0,42,
C004297,WS0003,INDIVIDUAL,2024-04-08,İzmir,Ege,0,WHATSAPP,ORGANIC,Customer_004297,1,,SYNTHETIC,1.3.0,42,
C004298,WS0001,COMMERCIAL,2024-02-15,İstanbul,Marmara,0,PHONE,REFERRAL,Customer_004298,1,,SYNTHETIC,1.3.0,42,
C004299,WS0006,INDIVIDUAL,2021-11-18,Konya,İç Anadolu,0,SMS,GOOGLE_MAPS,Customer_004299,0,2022-05-20,SYNTHETIC,1.3.0,42,
C004300,WS0007,INDIVIDUAL,2021-06-28,Adana,Akdeniz,0,WHATSAPP,ORGANIC,Customer_004300,1,,SYNTHETIC,1.3.0,42,
C004301,WS0004,INDIVIDUAL,2023-07-08,Bursa,Marmara,0,WHATSAPP,GOOGLE_MAPS,Customer_004301,1,,SYNTHETIC,1.3.0,42,
C004302,WS0007,INDIVIDUAL,2021-07-11,Adana,Akdeniz,0,WHATSAPP,REFERRAL,Customer_004302,1,,SYNTHETIC,1.3.0,42,
C004303,WS0005,INDIVIDUAL,2024-02-18,Antalya,Akdeniz,0,EMAIL,WALK_IN,Customer_004303,1,,SYNTHETIC,1.3.0,42,
C004304,WS0001,INDIVIDUAL,2023-08-24,İstanbul,Marmara,0,SMS,WALK_IN,Customer_004304,1,,SYNTHETIC,1.3.0,42,
C004305,WS0003,INDIVIDUAL,2022-03-09,İzmir,Ege,0,EMAIL,WALK_IN,Customer_004305,1,,SYNTHETIC,1.3.0,42,
C004306,WS0001,INDIVIDUAL,2021-03-14,İstanbul,Marmara,0,WHATSAPP,ORGANIC,Customer_004306,1,,SYNTHETIC,1.3.0,42,
C004307,WS0001,COMMERCIAL,2022-06-08,İstanbul,Marmara,0,WHATSAPP,REFERRAL,Customer_004307,1,,SYNTHETIC,1.3.0,42,
C004308,WS0006,COMMERCIAL,2021-02-04,Konya,İç Anadolu,0,EMAIL,REFERRAL,Customer_004308,1,,SYNTHETIC,1.3.0,42,
C004309,WS0001,INDIVIDUAL,2025-05-31,İstanbul,Marmara,0,WHATSAPP,ORGANIC,Customer_004309,1,,SYNTHETIC,1.3.0,42,
C004310,WS0005,INDIVIDUAL,2026-06-11,Antalya,Akdeniz,0,SMS,REFERRAL,Customer_004310,1,,SYNTHETIC,1.3.0,42,
C004311,WS0007,INDIVIDUAL,2021-04-27,Adana,Akdeniz,0,WHATSAPP,REFERRAL,Customer_004311,1,,SYNTHETIC,1.3.0,42,
C004312,WS0002,INDIVIDUAL,2022-04-03,Ankara,İç Anadolu,0,SMS,ORGANIC,Customer_004312,1,,SYNTHETIC,1.3.0,42,
C004313,WS0003,INDIVIDUAL,2022-02-11,İzmir,Ege,0,WHATSAPP,WALK_IN,Customer_004313,1,,SYNTHETIC,1.3.0,42,
C004314,WS0007,INDIVIDUAL,2022-01-25,Adana,Akdeniz,0,WHATSAPP,SOCIAL_MEDIA,Customer_004314,1,,SYNTHETIC,1.3.0,42,
C004315,WS0003,INDIVIDUAL,2021-09-06,İzmir,Ege,0,PHONE,SOCIAL_MEDIA,Customer_004315,1,,SYNTHETIC,1.3.0,42,
C004316,WS0007,INDIVIDUAL,2022-09-25,Adana,Akdeniz,0,PHONE,WALK_IN,Customer_004316,1,,SYNTHETIC,1.3.0,42,
C004317,WS0008,INDIVIDUAL,2024-07-18,Gaziantep,Güneydoğu Anadolu,0,WHATSAPP,REFERRAL,Customer_004317,1,,SYNTHETIC,1.3.0,42,
C004318,WS0001,INDIVIDUAL,2025-04-13,İstanbul,Marmara,0,WHATSAPP,SOCIAL_MEDIA,Customer_004318,1,,SYNTHETIC,1.3.0,42,
C004319,WS0010,COMMERCIAL,2021-05-14,Eskişehir,İç Anadolu,0,WHATSAPP,ORGANIC,Customer_004319,1,,SYNTHETIC,1.3.0,42,
C004320,WS0005,INDIVIDUAL,2023-05-14,Antalya,Akdeniz,0,PHONE,WALK_IN,Customer_004320,1,,SYNTHETIC,1.3.0,42,
C004321,WS0002,INDIVIDUAL,2024-11-01,Ankara,İç Anadolu,0,PHONE,ORGANIC,Customer_004321,0,2026-02-27,SYNTHETIC,1.3.0,42,
C004322,WS0003,COMMERCIAL,2023-07-22,İzmir,Ege,0,PHONE,REFERRAL,Customer_004322,1,,SYNTHETIC,1.3.0,42,
C004323,WS0003,INDIVIDUAL,2021-06-25,İzmir,Ege,0,WHATSAPP,REFERRAL,Customer_004323,1,,SYNTHETIC,1.3.0,42,
C004324,WS0008,COMMERCIAL,2021-07-28,Gaziantep,Güneydoğu Anadolu,0,PHONE,FLEET_PARTNERSHIP,Customer_004324,1,,SYNTHETIC,1.3.0,42,
C004325,WS0005,INDIVIDUAL,2026-02-21,Antalya,Akdeniz,0,PHONE,ORGANIC,Customer_004325,1,,SYNTHETIC,1.3.0,42,
C004326,WS0003,INDIVIDUAL,2022-02-03,İzmir,Ege,0,WHATSAPP,REFERRAL,Customer_004326,1,,SYNTHETIC,1.3.0,42,
C004327,WS0007,INDIVIDUAL,2024-06-07,Adana,Akdeniz,0,WHATSAPP,ORGANIC,Customer_004327,1,,SYNTHETIC,1.3.0,42,
C004328,WS0005,INDIVIDUAL,2025-12-28,Antalya,Akdeniz,0,WHATSAPP,ORGANIC,Customer_004328,1,,SYNTHETIC,1.3.0,42,
C004329,WS0001,INDIVIDUAL,2025-02-11,İstanbul,Marmara,0,EMAIL,GOOGLE_MAPS,Customer_004329,1,,SYNTHETIC,1.3.0,42,
C004330,WS0008,INDIVIDUAL,2025-12-02,Gaziantep,Güneydoğu Anadolu,0,WHATSAPP,ORGANIC,Customer_004330,1,,SYNTHETIC,1.3.0,42,
C004331,WS0003,INDIVIDUAL,2022-01-12,İzmir,Ege,0,WHATSAPP,GOOGLE_MAPS,Customer_004331,1,,SYNTHETIC,1.3.0,42,
C004332,WS0006,INDIVIDUAL,2026-03-19,Konya,İç Anadolu,0,WHATSAPP,ORGANIC,Customer_004332,1,,SYNTHETIC,1.3.0,42,
C004333,WS0001,INDIVIDUAL,2025-12-24,İstanbul,Marmara,0,SMS,SOCIAL_MEDIA,Customer_004333,1,,SYNTHETIC,1.3.0,42,
C004334,WS0005,INDIVIDUAL,2023-02-08,Antalya,Akdeniz,0,WHATSAPP,REFERRAL,Customer_004334,1,,SYNTHETIC,1.3.0,42,
C004335,WS0003,INDIVIDUAL,2021-02-08,İzmir,Ege,0,PHONE,REFERRAL,Customer_004335,1,,SYNTHETIC,1.3.0,42,
C004336,WS0010,INDIVIDUAL,2026-01-01,Eskişehir,İç Anadolu,0,PHONE,GOOGLE_MAPS,Customer_004336,1,,SYNTHETIC,1.3.0,42,
C004337,WS0003,INDIVIDUAL,2022-04-22,İzmir,Ege,0,WHATSAPP,GOOGLE_MAPS,Customer_004337,1,,SYNTHETIC,1.3.0,42,
C004338,WS0002,INDIVIDUAL,2021-05-30,Ankara,İç Anadolu,0,WHATSAPP,ORGANIC,Customer_004338,1,,SYNTHETIC,1.3.0,42,
C004339,WS0009,INDIVIDUAL,2023-11-01,Samsun,Karadeniz,0,SMS,SOCIAL_MEDIA,Customer_004339,0,2025-01-20,SYNTHETIC,1.3.0,42,
C004340,WS0003,INDIVIDUAL,2021-12-05,İzmir,Ege,0,WHATSAPP,ORGANIC,Customer_004340,1,,SYNTHETIC,1.3.0,42,
C004341,WS0003,INDIVIDUAL,2025-04-25,İzmir,Ege,0,PHONE,GOOGLE_MAPS,Customer_004341,1,,SYNTHETIC,1.3.0,42,
C004342,WS0001,INDIVIDUAL,2024-09-04,İstanbul,Marmara,0,PHONE,ORGANIC,Customer_004342,1,,SYNTHETIC,1.3.0,42,
C004343,WS0001,FLEET,2024-08-23,İstanbul,Marmara,1,EMAIL,ORGANIC,Customer_004343,1,,SYNTHETIC,1.3.0,42,
C004344,WS0001,INDIVIDUAL,2024-05-28,İstanbul,Marmara,0,WHATSAPP,ORGANIC,Customer_004344,1,,SYNTHETIC,1.3.0,42,
C004345,WS0002,INDIVIDUAL,2025-09-21,Ankara,İç Anadolu,0,EMAIL,ORGANIC,Customer_004345,1,,SYNTHETIC,1.3.0,42,
C004346,WS0010,COMMERCIAL,2023-10-03,Eskişehir,İç Anadolu,0,WHATSAPP,FLEET_PARTNERSHIP,Customer_004346,1,,SYNTHETIC,1.3.0,42,
C004347,WS0005,INDIVIDUAL,2023-12-13,Antalya,Akdeniz,0,WHATSAPP,WALK_IN,Customer_004347,1,,SYNTHETIC,1.3.0,42,
C004348,WS0005,INDIVIDUAL,2026-01-08,Antalya,Akdeniz,0,WHATSAPP,ORGANIC,Customer_004348,0,2026-05-28,SYNTHETIC,1.3.0,42,
C004349,WS0002,COMMERCIAL,2021-07-22,Ankara,İç Anadolu,0,EMAIL,DIRECT_SALES,Customer_004349,1,,SYNTHETIC,1.3.0,42,
C004350,WS0008,COMMERCIAL,2026-06-28,Gaziantep,Güneydoğu Anadolu,0,WHATSAPP,ORGANIC,Customer_004350,1,,SYNTHETIC,1.3.0,42,
C004351,WS0005,INDIVIDUAL,2026-07-19,Antalya,Akdeniz,0,WHATSAPP,REFERRAL,Customer_004351,1,,SYNTHETIC,1.3.0,42,
C004352,WS0003,INDIVIDUAL,2021-06-13,İzmir,Ege,0,WHATSAPP,GOOGLE_MAPS,Customer_004352,1,,SYNTHETIC,1.3.0,42,
C004353,WS0001,INDIVIDUAL,2026-02-07,İstanbul,Marmara,0,WHATSAPP,WALK_IN,Customer_004353,1,,SYNTHETIC,1.3.0,42,
C004354,WS0005,INDIVIDUAL,2021-07-07,Antalya,Akdeniz,0,SMS,GOOGLE_MAPS,Customer_004354,1,,SYNTHETIC,1.3.0,42,
C004355,WS0004,INDIVIDUAL,2022-11-28,Bursa,Marmara,0,EMAIL,SOCIAL_MEDIA,Customer_004355,1,,SYNTHETIC,1.3.0,42,
C004356,WS0005,INDIVIDUAL,2026-04-28,Antalya,Akdeniz,0,EMAIL,WALK_IN,Customer_004356,1,,SYNTHETIC,1.3.0,42,
C004357,WS0004,INDIVIDUAL,2022-07-30,Bursa,Marmara,0,PHONE,ORGANIC,Customer_004357,1,,SYNTHETIC,1.3.0,42,
C004358,WS0004,INDIVIDUAL,2021-08-10,Bursa,Marmara,0,SMS,REFERRAL,Customer_004358,1,,SYNTHETIC,1.3.0,42,
C004359,WS0009,INDIVIDUAL,2026-04-07,Samsun,Karadeniz,0,WHATSAPP,ORGANIC,Customer_004359,1,,SYNTHETIC,1.3.0,42,
C004360,WS0010,COMMERCIAL,2021-07-20,Eskişehir,İç Anadolu,0,WHATSAPP,DIRECT_SALES,Customer_004360,1,,SYNTHETIC,1.3.0,42,
C004361,WS0009,INDIVIDUAL,2026-06-20,Samsun,Karadeniz,0,PHONE,WALK_IN,Customer_004361,1,,SYNTHETIC,1.3.0,42,
C004362,WS0006,INDIVIDUAL,2024-01-14,Konya,İç Anadolu,0,SMS,REFERRAL,Customer_004362,1,,SYNTHETIC,1.3.0,42,
C004363,WS0002,INDIVIDUAL,2025-06-16,Ankara,İç Anadolu,0,WHATSAPP,GOOGLE_MAPS,Customer_004363,1,,SYNTHETIC,1.3.0,42,
C004364,WS0003,INDIVIDUAL,2024-01-08,İzmir,Ege,0,PHONE,REFERRAL,Customer_004364,1,,SYNTHETIC,1.3.0,42,
C004365,WS0002,INDIVIDUAL,2025-01-24,Ankara,İç Anadolu,0,EMAIL,WALK_IN,Customer_004365,1,,SYNTHETIC,1.3.0,42,
C004366,WS0003,INDIVIDUAL,2022-06-19,İzmir,Ege,0,PHONE,SOCIAL_MEDIA,Customer_004366,1,,SYNTHETIC,1.3.0,42,
C004367,WS0002,INDIVIDUAL,2026-07-19,Ankara,İç Anadolu,0,WHATSAPP,WALK_IN,Customer_004367,1,,SYNTHETIC,1.3.0,42,
C004368,WS0007,INDIVIDUAL,2021-07-19,Adana,Akdeniz,0,WHATSAPP,SOCIAL_MEDIA,Customer_004368,0,2022-04-28,SYNTHETIC,1.3.0,42,
C004369,WS0005,INDIVIDUAL,2021-07-02,Antalya,Akdeniz,0,SMS,ORGANIC,Customer_004369,1,,SYNTHETIC,1.3.0,42,
C004370,WS0007,INDIVIDUAL,2023-07-05,Adana,Akdeniz,0,SMS,ORGANIC,Customer_004370,1,,SYNTHETIC,1.3.0,42,
C004371,WS0004,INDIVIDUAL,2025-03-06,Bursa,Marmara,0,WHATSAPP,REFERRAL,Customer_004371,1,,SYNTHETIC,1.3.0,42,
C004372,WS0006,FLEET,2024-07-20,Konya,İç Anadolu,1,EMAIL,FLEET_PARTNERSHIP,Customer_004372,1,,SYNTHETIC,1.3.0,42,
C004373,WS0007,INDIVIDUAL,2022-09-15,Adana,Akdeniz,0,PHONE,ORGANIC,Customer_004373,1,,SYNTHETIC,1.3.0,42,
C004374,WS0004,COMMERCIAL,2026-05-20,Bursa,Marmara,0,PHONE,ORGANIC,Customer_004374,1,,SYNTHETIC,1.3.0,42,
C004375,WS0004,INDIVIDUAL,2023-07-30,Bursa,Marmara,0,SMS,WALK_IN,Customer_004375,1,,SYNTHETIC,1.3.0,42,
C004376,WS0002,INDIVIDUAL,2022-11-27,Ankara,İç Anadolu,0,WHATSAPP,GOOGLE_MAPS,Customer_004376,1,,SYNTHETIC,1.3.0,42,
C004377,WS0003,INDIVIDUAL,2024-02-18,İzmir,Ege,0,WHATSAPP,WALK_IN,Customer_004377,1,,SYNTHETIC,1.3.0,42,
C004378,WS0003,INDIVIDUAL,2023-06-22,İzmir,Ege,0,PHONE,ORGANIC,Customer_004378,1,,SYNTHETIC,1.3.0,42,
C004379,WS0009,INDIVIDUAL,2025-08-20,Samsun,Karadeniz,0,PHONE,ORGANIC,Customer_004379,0,2026-03-22,SYNTHETIC,1.3.0,42,
C004380,WS0010,INDIVIDUAL,2022-08-21,Eskişehir,İç Anadolu,0,WHATSAPP,GOOGLE_MAPS,Customer_004380,1,,SYNTHETIC,1.3.0,42,
C004381,WS0002,INDIVIDUAL,2021-08-13,Ankara,İç Anadolu,0,WHATSAPP,ORGANIC,Customer_004381,1,,SYNTHETIC,1.3.0,42,
C004382,WS0007,COMMERCIAL,2023-04-05,Adana,Akdeniz,0,EMAIL,ORGANIC,Customer_004382,1,,SYNTHETIC,1.3.0,42,
C004383,WS0005,INDIVIDUAL,2022-09-02,Antalya,Akdeniz,0,EMAIL,ORGANIC,Customer_004383,1,,SYNTHETIC,1.3.0,42,
C004384,WS0002,INDIVIDUAL,2026-01-23,Ankara,İç Anadolu,0,WHATSAPP,REFERRAL,Customer_004384,1,,SYNTHETIC,1.3.0,42,
C004385,WS0010,INDIVIDUAL,2024-11-17,Eskişehir,İç Anadolu,0,WHATSAPP,ORGANIC,Customer_004385,1,,SYNTHETIC,1.3.0,42,
C004386,WS0007,INDIVIDUAL,2024-06-25,Adana,Akdeniz,0,PHONE,WALK_IN,Customer_004386,1,,SYNTHETIC,1.3.0,42,
C004387,WS0004,INDIVIDUAL,2023-08-12,Bursa,Marmara,0,EMAIL,WALK_IN,Customer_004387,1,,SYNTHETIC,1.3.0,42,
C004388,WS0009,INDIVIDUAL,2022-01-07,Samsun,Karadeniz,0,WHATSAPP,ORGANIC,Customer_004388,1,,SYNTHETIC,1.3.0,42,
C004389,WS0010,INDIVIDUAL,2025-03-05,Eskişehir,İç Anadolu,0,PHONE,GOOGLE_MAPS,Customer_004389,1,,SYNTHETIC,1.3.0,42,
C004390,WS0009,INDIVIDUAL,2021-06-27,Samsun,Karadeniz,0,PHONE,REFERRAL,Customer_004390,1,,SYNTHETIC,1.3.0,42,
C004391,WS0008,COMMERCIAL,2021-10-10,Gaziantep,Güneydoğu Anadolu,0,PHONE,ORGANIC,Customer_004391,1,,SYNTHETIC,1.3.0,42,
C004392,WS0009,INDIVIDUAL,2022-06-24,Samsun,Karadeniz,0,WHATSAPP,ORGANIC,Customer_004392,1,,SYNTHETIC,1.3.0,42,
C004393,WS0005,FLEET,2023-12-17,Antalya,Akdeniz,1,EMAIL,DIRECT_SALES,Customer_004393,1,,SYNTHETIC,1.3.0,42,
C004394,WS0008,COMMERCIAL,2021-03-28,Gaziantep,Güneydoğu Anadolu,0,WHATSAPP,DIRECT_SALES,Customer_004394,1,,SYNTHETIC,1.3.0,42,
C004395,WS0007,INDIVIDUAL,2023-09-10,Adana,Akdeniz,0,WHATSAPP,ORGANIC,Customer_004395,1,,SYNTHETIC,1.3.0,42,
C004396,WS0002,INDIVIDUAL,2025-09-10,Ankara,İç Anadolu,0,WHATSAPP,GOOGLE_MAPS,Customer_004396,1,,SYNTHETIC,1.3.0,42,
C004397,WS0010,INDIVIDUAL,2024-03-05,Eskişehir,İç Anadolu,0,SMS,WALK_IN,Customer_004397,1,,SYNTHETIC,1.3.0,42,
C004398,WS0001,INDIVIDUAL,2025-05-20,İstanbul,Marmara,0,SMS,GOOGLE_MAPS,Customer_004398,1,,SYNTHETIC,1.3.0,42,
C004399,WS0006,INDIVIDUAL,2022-09-12,Konya,İç Anadolu,0,WHATSAPP,REFERRAL,Customer_004399,0,2025-02-13,SYNTHETIC,1.3.0,42,
C004400,WS0006,INDIVIDUAL,2026-01-08,Konya,İç Anadolu,0,PHONE,REFERRAL,Customer_004400,1,,SYNTHETIC,1.3.0,42,
C004401,WS0009,INDIVIDUAL,2024-08-28,Samsun,Karadeniz,0,PHONE,WALK_IN,Customer_004401,1,,SYNTHETIC,1.3.0,42,
C004402,WS0006,INDIVIDUAL,2021-01-24,Konya,İç Anadolu,0,WHATSAPP,GOOGLE_MAPS,Customer_004402,1,,SYNTHETIC,1.3.0,42,
C004403,WS0003,INDIVIDUAL,2024-04-14,İzmir,Ege,0,WHATSAPP,SOCIAL_MEDIA,Customer_004403,1,,SYNTHETIC,1.3.0,42,
C004404,WS0007,INDIVIDUAL,2024-07-16,Adana,Akdeniz,0,WHATSAPP,SOCIAL_MEDIA,Customer_004404,1,,SYNTHETIC,1.3.0,42,
C004405,WS0001,INDIVIDUAL,2026-04-21,İstanbul,Marmara,0,PHONE,REFERRAL,Customer_004405,1,,SYNTHETIC,1.3.0,42,
C004406,WS0007,INDIVIDUAL,2021-08-24,Adana,Akdeniz,0,WHATSAPP,SOCIAL_MEDIA,Customer_004406,1,,SYNTHETIC,1.3.0,42,
C004407,WS0001,INDIVIDUAL,2021-01-30,İstanbul,Marmara,0,WHATSAPP,ORGANIC,Customer_004407,1,,SYNTHETIC,1.3.0,42,
C004408,WS0010,INDIVIDUAL,2021-02-10,Eskişehir,İç Anadolu,0,WHATSAPP,ORGANIC,Customer_004408,1,,SYNTHETIC,1.3.0,42,
C004409,WS0005,INDIVIDUAL,2022-12-07,Antalya,Akdeniz,0,WHATSAPP,REFERRAL,Customer_004409,1,,SYNTHETIC,1.3.0,42,
C004410,WS0007,INDIVIDUAL,2024-09-12,Adana,Akdeniz,0,EMAIL,ORGANIC,Customer_004410,1,,SYNTHETIC,1.3.0,42,
C004411,WS0006,INDIVIDUAL,2021-08-02,Konya,İç Anadolu,0,WHATSAPP,REFERRAL,Customer_004411,1,,SYNTHETIC,1.3.0,42,
C004412,WS0003,FLEET,2022-11-27,İzmir,Ege,1,WHATSAPP,FLEET_PARTNERSHIP,Customer_004412,0,2024-09-16,SYNTHETIC,1.3.0,42,
C004413,WS0003,INDIVIDUAL,2022-02-24,İzmir,Ege,0,WHATSAPP,REFERRAL,Customer_004413,1,,SYNTHETIC,1.3.0,42,
C004414,WS0001,INDIVIDUAL,2023-04-25,İstanbul,Marmara,0,WHATSAPP,WALK_IN,Customer_004414,1,,SYNTHETIC,1.3.0,42,
C004415,WS0009,INDIVIDUAL,2023-05-26,Samsun,Karadeniz,0,WHATSAPP,ORGANIC,Customer_004415,1,,SYNTHETIC,1.3.0,42,
C004416,WS0004,INDIVIDUAL,2023-02-16,Bursa,Marmara,0,WHATSAPP,SOCIAL_MEDIA,Customer_004416,1,,SYNTHETIC,1.3.0,42,
C004417,WS0007,INDIVIDUAL,2023-07-18,Adana,Akdeniz,0,WHATSAPP,ORGANIC,Customer_004417,1,,SYNTHETIC,1.3.0,42,
C004418,WS0002,INDIVIDUAL,2023-02-09,Ankara,İç Anadolu,0,PHONE,SOCIAL_MEDIA,Customer_004418,1,,SYNTHETIC,1.3.0,42,
C004419,WS0002,INDIVIDUAL,2021-05-18,Ankara,İç Anadolu,0,WHATSAPP,ORGANIC,Customer_004419,1,,SYNTHETIC,1.3.0,42,
C004420,WS0009,INDIVIDUAL,2022-01-07,Samsun,Karadeniz,0,PHONE,ORGANIC,Customer_004420,0,2023-03-29,SYNTHETIC,1.3.0,42,
C004421,WS0005,INDIVIDUAL,2023-01-16,Antalya,Akdeniz,0,WHATSAPP,WALK_IN,Customer_004421,1,,SYNTHETIC,1.3.0,42,
C004422,WS0001,INDIVIDUAL,2021-09-08,İstanbul,Marmara,0,WHATSAPP,SOCIAL_MEDIA,Customer_004422,1,,SYNTHETIC,1.3.0,42,
C004423,WS0008,INDIVIDUAL,2025-10-23,Gaziantep,Güneydoğu Anadolu,0,PHONE,ORGANIC,Customer_004423,1,,SYNTHETIC,1.3.0,42,
C004424,WS0002,INDIVIDUAL,2024-05-29,Ankara,İç Anadolu,0,WHATSAPP,SOCIAL_MEDIA,Customer_004424,0,2025-02-01,SYNTHETIC,1.3.0,42,
C004425,WS0007,INDIVIDUAL,2025-08-06,Adana,Akdeniz,0,WHATSAPP,ORGANIC,Customer_004425,1,,SYNTHETIC,1.3.0,42,
C004426,WS0002,INDIVIDUAL,2022-12-16,Ankara,İç Anadolu,0,SMS,SOCIAL_MEDIA,Customer_004426,1,,SYNTHETIC,1.3.0,42,
C004427,WS0009,INDIVIDUAL,2022-04-24,Samsun,Karadeniz,0,PHONE,REFERRAL,Customer_004427,0,2024-01-04,SYNTHETIC,1.3.0,42,
C004428,WS0002,INDIVIDUAL,2024-10-18,Ankara,İç Anadolu,0,PHONE,ORGANIC,Customer_004428,1,,SYNTHETIC,1.3.0,42,
C004429,WS0002,INDIVIDUAL,2022-07-21,Ankara,İç Anadolu,0,SMS,REFERRAL,Customer_004429,1,,SYNTHETIC,1.3.0,42,
C004430,WS0006,INDIVIDUAL,2024-07-21,Konya,İç Anadolu,0,SMS,ORGANIC,Customer_004430,1,,SYNTHETIC,1.3.0,42,
C004431,WS0007,INDIVIDUAL,2021-11-26,Adana,Akdeniz,0,WHATSAPP,WALK_IN,Customer_004431,1,,SYNTHETIC,1.3.0,42,
C004432,WS0001,INDIVIDUAL,2024-02-29,İstanbul,Marmara,0,WHATSAPP,ORGANIC,Customer_004432,1,,SYNTHETIC,1.3.0,42,
C004433,WS0010,INDIVIDUAL,2024-06-21,Eskişehir,İç Anadolu,0,WHATSAPP,SOCIAL_MEDIA,Customer_004433,1,,SYNTHETIC,1.3.0,42,
C004434,WS0003,INDIVIDUAL,2023-01-22,İzmir,Ege,0,WHATSAPP,WALK_IN,Customer_004434,1,,SYNTHETIC,1.3.0,42,
C004435,WS0001,COMMERCIAL,2026-07-03,İstanbul,Marmara,0,EMAIL,ORGANIC,Customer_004435,1,,SYNTHETIC,1.3.0,42,
C004436,WS0010,INDIVIDUAL,2022-11-11,Eskişehir,İç Anadolu,0,PHONE,REFERRAL,Customer_004436,1,,SYNTHETIC,1.3.0,42,
C004437,WS0008,INDIVIDUAL,2021-02-01,Gaziantep,Güneydoğu Anadolu,0,PHONE,ORGANIC,Customer_004437,0,2021-11-12,SYNTHETIC,1.3.0,42,
C004438,WS0008,INDIVIDUAL,2024-12-21,Gaziantep,Güneydoğu Anadolu,0,EMAIL,GOOGLE_MAPS,Customer_004438,1,,SYNTHETIC,1.3.0,42,
C004439,WS0009,INDIVIDUAL,2025-08-28,Samsun,Karadeniz,0,SMS,SOCIAL_MEDIA,Customer_004439,1,,SYNTHETIC,1.3.0,42,
C004440,WS0008,INDIVIDUAL,2026-05-25,Gaziantep,Güneydoğu Anadolu,0,WHATSAPP,ORGANIC,Customer_004440,1,,SYNTHETIC,1.3.0,42,
C004441,WS0006,INDIVIDUAL,2023-02-12,Konya,İç Anadolu,0,WHATSAPP,ORGANIC,Customer_004441,0,2023-09-08,SYNTHETIC,1.3.0,42,
C004442,WS0009,INDIVIDUAL,2024-01-03,Samsun,Karadeniz,0,PHONE,ORGANIC,Customer_004442,1,,SYNTHETIC,1.3.0,42,
C004443,WS0005,INDIVIDUAL,2021-10-14,Antalya,Akdeniz,0,WHATSAPP,GOOGLE_MAPS,Customer_004443,0,2024-03-11,SYNTHETIC,1.3.0,42,
C004444,WS0008,INDIVIDUAL,2025-07-29,Gaziantep,Güneydoğu Anadolu,0,WHATSAPP,SOCIAL_MEDIA,Customer_004444,1,,SYNTHETIC,1.3.0,42,
C004445,WS0010,INDIVIDUAL,2024-05-26,Eskişehir,İç Anadolu,0,PHONE,GOOGLE_MAPS,Customer_004445,1,,SYNTHETIC,1.3.0,42,
C004446,WS0006,INDIVIDUAL,2024-11-20,Konya,İç Anadolu,0,WHATSAPP,ORGANIC,Customer_004446,1,,SYNTHETIC,1.3.0,42,
C004447,WS0003,INDIVIDUAL,2022-04-29,İzmir,Ege,0,WHATSAPP,SOCIAL_MEDIA,Customer_004447,1,,SYNTHETIC,1.3.0,42,
C004448,WS0006,INDIVIDUAL,2022-08-12,Konya,İç Anadolu,0,WHATSAPP,WALK_IN,Customer_004448,0,2022-12-15,SYNTHETIC,1.3.0,42,
C004449,WS0010,INDIVIDUAL,2025-12-31,Eskişehir,İç Anadolu,0,PHONE,ORGANIC,Customer_004449,1,,SYNTHETIC,1.3.0,42,
C004450,WS0006,INDIVIDUAL,2024-07-14,Konya,İç Anadolu,0,WHATSAPP,ORGANIC,Customer_004450,1,,SYNTHETIC,1.3.0,42,
C004451,WS0007,INDIVIDUAL,2026-02-27,Adana,Akdeniz,0,WHATSAPP,WALK_IN,Customer_004451,1,,SYNTHETIC,1.3.0,42,
C004452,WS0008,INDIVIDUAL,2022-08-30,Gaziantep,Güneydoğu Anadolu,0,PHONE,REFERRAL,Customer_004452,1,,SYNTHETIC,1.3.0,42,
C004453,WS0001,INDIVIDUAL,2023-08-10,İstanbul,Marmara,0,PHONE,ORGANIC,Customer_004453,1,,SYNTHETIC,1.3.0,42,
C004454,WS0005,INDIVIDUAL,2022-04-29,Antalya,Akdeniz,0,WHATSAPP,GOOGLE_MAPS,Customer_004454,1,,SYNTHETIC,1.3.0,42,
C004455,WS0007,INDIVIDUAL,2021-01-23,Adana,Akdeniz,0,SMS,ORGANIC,Customer_004455,1,,SYNTHETIC,1.3.0,42,
C004456,WS0005,INDIVIDUAL,2021-11-01,Antalya,Akdeniz,0,PHONE,REFERRAL,Customer_004456,1,,SYNTHETIC,1.3.0,42,
C004457,WS0005,INDIVIDUAL,2024-07-11,Antalya,Akdeniz,0,WHATSAPP,SOCIAL_MEDIA,Customer_004457,1,,SYNTHETIC,1.3.0,42,
C004458,WS0007,INDIVIDUAL,2025-10-28,Adana,Akdeniz,0,PHONE,SOCIAL_MEDIA,Customer_004458,1,,SYNTHETIC,1.3.0,42,
C004459,WS0001,INDIVIDUAL,2022-02-23,İstanbul,Marmara,0,WHATSAPP,WALK_IN,Customer_004459,1,,SYNTHETIC,1.3.0,42,
C004460,WS0002,INDIVIDUAL,2024-03-30,Ankara,İç Anadolu,0,WHATSAPP,SOCIAL_MEDIA,Customer_004460,1,,SYNTHETIC,1.3.0,42,
C004461,WS0006,INDIVIDUAL,2023-12-13,Konya,İç Anadolu,0,SMS,SOCIAL_MEDIA,Customer_004461,1,,SYNTHETIC,1.3.0,42,
C004462,WS0001,INDIVIDUAL,2021-11-14,İstanbul,Marmara,0,SMS,ORGANIC,Customer_004462,1,,SYNTHETIC,1.3.0,42,
C004463,WS0008,FLEET,2023-11-29,Gaziantep,Güneydoğu Anadolu,1,EMAIL,ORGANIC,Customer_004463,1,,SYNTHETIC,1.3.0,42,
C004464,WS0009,INDIVIDUAL,2023-04-08,Samsun,Karadeniz,0,PHONE,GOOGLE_MAPS,Customer_004464,1,,SYNTHETIC,1.3.0,42,
C004465,WS0005,INDIVIDUAL,2023-12-04,Antalya,Akdeniz,0,WHATSAPP,REFERRAL,Customer_004465,1,,SYNTHETIC,1.3.0,42,
C004466,WS0008,INDIVIDUAL,2026-01-01,Gaziantep,Güneydoğu Anadolu,0,EMAIL,GOOGLE_MAPS,Customer_004466,0,2026-05-10,SYNTHETIC,1.3.0,42,
C004467,WS0007,INDIVIDUAL,2026-01-02,Adana,Akdeniz,0,WHATSAPP,SOCIAL_MEDIA,Customer_004467,1,,SYNTHETIC,1.3.0,42,
C004468,WS0005,INDIVIDUAL,2024-01-19,Antalya,Akdeniz,0,WHATSAPP,REFERRAL,Customer_004468,1,,SYNTHETIC,1.3.0,42,
C004469,WS0001,INDIVIDUAL,2022-05-07,İstanbul,Marmara,0,WHATSAPP,REFERRAL,Customer_004469,1,,SYNTHETIC,1.3.0,42,
C004470,WS0006,INDIVIDUAL,2022-04-20,Konya,İç Anadolu,0,WHATSAPP,SOCIAL_MEDIA,Customer_004470,1,,SYNTHETIC,1.3.0,42,
C004471,WS0003,INDIVIDUAL,2025-01-11,İzmir,Ege,0,SMS,ORGANIC,Customer_004471,1,,SYNTHETIC,1.3.0,42,
C004472,WS0003,INDIVIDUAL,2023-12-29,İzmir,Ege,0,PHONE,SOCIAL_MEDIA,Customer_004472,1,,SYNTHETIC,1.3.0,42,
C004473,WS0004,INDIVIDUAL,2025-12-08,Bursa,Marmara,0,WHATSAPP,WALK_IN,Customer_004473,1,,SYNTHETIC,1.3.0,42,
C004474,WS0003,INDIVIDUAL,2021-05-11,İzmir,Ege,0,WHATSAPP,GOOGLE_MAPS,Customer_004474,1,,SYNTHETIC,1.3.0,42,
C004475,WS0004,INDIVIDUAL,2024-02-14,Bursa,Marmara,0,EMAIL,GOOGLE_MAPS,Customer_004475,1,,SYNTHETIC,1.3.0,42,
C004476,WS0003,INDIVIDUAL,2024-10-15,İzmir,Ege,0,SMS,ORGANIC,Customer_004476,1,,SYNTHETIC,1.3.0,42,
C004477,WS0001,INDIVIDUAL,2026-01-05,İstanbul,Marmara,0,SMS,ORGANIC,Customer_004477,1,,SYNTHETIC,1.3.0,42,
C004478,WS0002,INDIVIDUAL,2022-11-07,Ankara,İç Anadolu,0,SMS,REFERRAL,Customer_004478,1,,SYNTHETIC,1.3.0,42,
C004479,WS0007,INDIVIDUAL,2022-11-23,Adana,Akdeniz,0,SMS,REFERRAL,Customer_004479,0,2024-02-11,SYNTHETIC,1.3.0,42,
C004480,WS0002,INDIVIDUAL,2022-02-27,Ankara,İç Anadolu,0,WHATSAPP,GOOGLE_MAPS,Customer_004480,1,,SYNTHETIC,1.3.0,42,
C004481,WS0007,COMMERCIAL,2025-10-16,Adana,Akdeniz,0,PHONE,REFERRAL,Customer_004481,1,,SYNTHETIC,1.3.0,42,
C004482,WS0004,INDIVIDUAL,2025-06-25,Bursa,Marmara,0,EMAIL,SOCIAL_MEDIA,Customer_004482,1,,SYNTHETIC,1.3.0,42,
C004483,WS0004,INDIVIDUAL,2021-07-14,Bursa,Marmara,0,PHONE,WALK_IN,Customer_004483,1,,SYNTHETIC,1.3.0,42,
C004484,WS0001,INDIVIDUAL,2023-11-06,İstanbul,Marmara,0,WHATSAPP,GOOGLE_MAPS,Customer_004484,1,,SYNTHETIC,1.3.0,42,
C004485,WS0009,COMMERCIAL,2026-03-26,Samsun,Karadeniz,0,EMAIL,DIRECT_SALES,Customer_004485,1,,SYNTHETIC,1.3.0,42,
C004486,WS0009,INDIVIDUAL,2021-02-08,Samsun,Karadeniz,0,SMS,ORGANIC,Customer_004486,1,,SYNTHETIC,1.3.0,42,
C004487,WS0001,INDIVIDUAL,2021-03-08,İstanbul,Marmara,0,WHATSAPP,REFERRAL,Customer_004487,1,,SYNTHETIC,1.3.0,42,
C004488,WS0006,INDIVIDUAL,2023-07-04,Konya,İç Anadolu,0,PHONE,WALK_IN,Customer_004488,1,,SYNTHETIC,1.3.0,42,
C004489,WS0007,INDIVIDUAL,2024-12-11,Adana,Akdeniz,0,PHONE,ORGANIC,Customer_004489,1,,SYNTHETIC,1.3.0,42,
C004490,WS0002,INDIVIDUAL,2023-03-16,Ankara,İç Anadolu,0,SMS,REFERRAL,Customer_004490,1,,SYNTHETIC,1.3.0,42,
C004491,WS0006,INDIVIDUAL,2023-05-20,Konya,İç Anadolu,0,WHATSAPP,GOOGLE_MAPS,Customer_004491,1,,SYNTHETIC,1.3.0,42,
C004492,WS0005,INDIVIDUAL,2024-09-26,Antalya,Akdeniz,0,WHATSAPP,WALK_IN,Customer_004492,1,,SYNTHETIC,1.3.0,42,
C004493,WS0006,INDIVIDUAL,2021-05-07,Konya,İç Anadolu,0,WHATSAPP,ORGANIC,Customer_004493,1,,SYNTHETIC,1.3.0,42,
C004494,WS0008,COMMERCIAL,2021-04-25,Gaziantep,Güneydoğu Anadolu,0,EMAIL,DIRECT_SALES,Customer_004494,1,,SYNTHETIC,1.3.0,42,
C004495,WS0008,INDIVIDUAL,2026-05-10,Gaziantep,Güneydoğu Anadolu,0,PHONE,REFERRAL,Customer_004495,1,,SYNTHETIC,1.3.0,42,
C004496,WS0008,INDIVIDUAL,2025-07-20,Gaziantep,Güneydoğu Anadolu,0,SMS,REFERRAL,Customer_004496,1,,SYNTHETIC,1.3.0,42,
C004497,WS0008,INDIVIDUAL,2025-06-17,Gaziantep,Güneydoğu Anadolu,0,SMS,GOOGLE_MAPS,Customer_004497,1,,SYNTHETIC,1.3.0,42,
C004498,WS0001,INDIVIDUAL,2024-05-26,İstanbul,Marmara,0,WHATSAPP,GOOGLE_MAPS,Customer_004498,1,,SYNTHETIC,1.3.0,42,
C004499,WS0004,INDIVIDUAL,2021-02-16,Bursa,Marmara,0,PHONE,GOOGLE_MAPS,Customer_004499,0,2022-10-04,SYNTHETIC,1.3.0,42,
C004500,WS0008,INDIVIDUAL,2022-12-25,Gaziantep,Güneydoğu Anadolu,0,WHATSAPP,REFERRAL,Customer_004500,1,,SYNTHETIC,1.3.0,42,
C004501,WS0003,INDIVIDUAL,2022-01-21,İzmir,Ege,0,WHATSAPP,WALK_IN,Customer_004501,1,,SYNTHETIC,1.3.0,42,
C004502,WS0005,INDIVIDUAL,2023-09-07,Antalya,Akdeniz,0,WHATSAPP,WALK_IN,Customer_004502,1,,SYNTHETIC,1.3.0,42,
C004503,WS0002,INDIVIDUAL,2022-03-31,Ankara,İç Anadolu,0,PHONE,GOOGLE_MAPS,Customer_004503,1,,SYNTHETIC,1.3.0,42,
C004504,WS0006,INDIVIDUAL,2022-10-05,Konya,İç Anadolu,0,PHONE,ORGANIC,Customer_004504,1,,SYNTHETIC,1.3.0,42,
C004505,WS0002,INDIVIDUAL,2025-08-12,Ankara,İç Anadolu,0,WHATSAPP,WALK_IN,Customer_004505,1,,SYNTHETIC,1.3.0,42,
C004506,WS0002,INDIVIDUAL,2024-09-15,Ankara,İç Anadolu,0,WHATSAPP,WALK_IN,Customer_004506,1,,SYNTHETIC,1.3.0,42,
C004507,WS0007,INDIVIDUAL,2026-04-05,Adana,Akdeniz,0,WHATSAPP,REFERRAL,Customer_004507,1,,SYNTHETIC,1.3.0,42,
C004508,WS0002,INDIVIDUAL,2021-05-18,Ankara,İç Anadolu,0,PHONE,WALK_IN,Customer_004508,1,,SYNTHETIC,1.3.0,42,
C004509,WS0005,INDIVIDUAL,2022-07-14,Antalya,Akdeniz,0,SMS,GOOGLE_MAPS,Customer_004509,1,,SYNTHETIC,1.3.0,42,
C004510,WS0001,INDIVIDUAL,2021-10-03,İstanbul,Marmara,0,SMS,REFERRAL,Customer_004510,1,,SYNTHETIC,1.3.0,42,
C004511,WS0004,INDIVIDUAL,2025-06-19,Bursa,Marmara,0,EMAIL,GOOGLE_MAPS,Customer_004511,1,,SYNTHETIC,1.3.0,42,
C004512,WS0002,INDIVIDUAL,2021-08-21,Ankara,İç Anadolu,0,SMS,GOOGLE_MAPS,Customer_004512,1,,SYNTHETIC,1.3.0,42,
C004513,WS0007,COMMERCIAL,2021-10-28,Adana,Akdeniz,0,WHATSAPP,REFERRAL,Customer_004513,1,,SYNTHETIC,1.3.0,42,
C004514,WS0008,INDIVIDUAL,2023-01-23,Gaziantep,Güneydoğu Anadolu,0,WHATSAPP,REFERRAL,Customer_004514,1,,SYNTHETIC,1.3.0,42,
C004515,WS0002,INDIVIDUAL,2023-10-12,Ankara,İç Anadolu,0,WHATSAPP,ORGANIC,Customer_004515,1,,SYNTHETIC,1.3.0,42,
C004516,WS0004,INDIVIDUAL,2022-03-17,Bursa,Marmara,0,WHATSAPP,SOCIAL_MEDIA,Customer_004516,1,,SYNTHETIC,1.3.0,42,
C004517,WS0004,FLEET,2021-06-06,Bursa,Marmara,1,PHONE,REFERRAL,Customer_004517,1,,SYNTHETIC,1.3.0,42,
C004518,WS0007,INDIVIDUAL,2024-06-11,Adana,Akdeniz,0,WHATSAPP,SOCIAL_MEDIA,Customer_004518,1,,SYNTHETIC,1.3.0,42,
C004519,WS0003,INDIVIDUAL,2022-03-06,İzmir,Ege,0,WHATSAPP,GOOGLE_MAPS,Customer_004519,1,,SYNTHETIC,1.3.0,42,
C004520,WS0007,INDIVIDUAL,2024-12-12,Adana,Akdeniz,0,WHATSAPP,REFERRAL,Customer_004520,1,,SYNTHETIC,1.3.0,42,
C004521,WS0002,INDIVIDUAL,2021-07-13,Ankara,İç Anadolu,0,WHATSAPP,WALK_IN,Customer_004521,1,,SYNTHETIC,1.3.0,42,
C004522,WS0006,INDIVIDUAL,2021-06-04,Konya,İç Anadolu,0,PHONE,GOOGLE_MAPS,Customer_004522,1,,SYNTHETIC,1.3.0,42,
C004523,WS0008,INDIVIDUAL,2023-06-08,Gaziantep,Güneydoğu Anadolu,0,WHATSAPP,WALK_IN,Customer_004523,1,,SYNTHETIC,1.3.0,42,
C004524,WS0004,INDIVIDUAL,2023-10-06,Bursa,Marmara,0,WHATSAPP,WALK_IN,Customer_004524,1,,SYNTHETIC,1.3.0,42,
C004525,WS0007,COMMERCIAL,2024-11-25,Adana,Akdeniz,0,PHONE,REFERRAL,Customer_004525,1,,SYNTHETIC,1.3.0,42,
C004526,WS0010,COMMERCIAL,2026-02-17,Eskişehir,İç Anadolu,0,EMAIL,REFERRAL,Customer_004526,1,,SYNTHETIC,1.3.0,42,
C004527,WS0007,INDIVIDUAL,2026-07-04,Adana,Akdeniz,0,PHONE,WALK_IN,Customer_004527,0,2026-08-20,SYNTHETIC,1.3.0,42,
C004528,WS0004,INDIVIDUAL,2021-08-06,Bursa,Marmara,0,WHATSAPP,GOOGLE_MAPS,Customer_004528,1,,SYNTHETIC,1.3.0,42,
C004529,WS0007,INDIVIDUAL,2026-01-11,Adana,Akdeniz,0,SMS,ORGANIC,Customer_004529,1,,SYNTHETIC,1.3.0,42,
C004530,WS0008,COMMERCIAL,2025-04-12,Gaziantep,Güneydoğu Anadolu,0,PHONE,REFERRAL,Customer_004530,1,,SYNTHETIC,1.3.0,42,
C004531,WS0004,INDIVIDUAL,2021-09-13,Bursa,Marmara,0,EMAIL,GOOGLE_MAPS,Customer_004531,1,,SYNTHETIC,1.3.0,42,
C004532,WS0005,INDIVIDUAL,2026-01-13,Antalya,Akdeniz,0,WHATSAPP,SOCIAL_MEDIA,Customer_004532,1,,SYNTHETIC,1.3.0,42,
C004533,WS0008,INDIVIDUAL,2026-01-06,Gaziantep,Güneydoğu Anadolu,0,WHATSAPP,REFERRAL,Customer_004533,1,,SYNTHETIC,1.3.0,42,
C004534,WS0004,COMMERCIAL,2025-12-17,Bursa,Marmara,0,EMAIL,REFERRAL,Customer_004534,1,,SYNTHETIC,1.3.0,42,
C004535,WS0009,INDIVIDUAL,2023-07-12,Samsun,Karadeniz,0,PHONE,GOOGLE_MAPS,Customer_004535,1,,SYNTHETIC,1.3.0,42,
C004536,WS0003,INDIVIDUAL,2022-07-13,İzmir,Ege,0,EMAIL,ORGANIC,Customer_004536,1,,SYNTHETIC,1.3.0,42,
C004537,WS0002,INDIVIDUAL,2022-03-20,Ankara,İç Anadolu,0,WHATSAPP,GOOGLE_MAPS,Customer_004537,1,,SYNTHETIC,1.3.0,42,
C004538,WS0004,INDIVIDUAL,2023-06-13,Bursa,Marmara,0,WHATSAPP,GOOGLE_MAPS,Customer_004538,1,,SYNTHETIC,1.3.0,42,
C004539,WS0003,INDIVIDUAL,2024-12-19,İzmir,Ege,0,SMS,REFERRAL,Customer_004539,1,,SYNTHETIC,1.3.0,42,
C004540,WS0003,INDIVIDUAL,2025-03-30,İzmir,Ege,0,WHATSAPP,ORGANIC,Customer_004540,1,,SYNTHETIC,1.3.0,42,
C004541,WS0007,INDIVIDUAL,2025-09-05,Adana,Akdeniz,0,WHATSAPP,WALK_IN,Customer_004541,1,,SYNTHETIC,1.3.0,42,
C004542,WS0007,INDIVIDUAL,2022-03-01,Adana,Akdeniz,0,WHATSAPP,ORGANIC,Customer_004542,1,,SYNTHETIC,1.3.0,42,
C004543,WS0004,INDIVIDUAL,2021-04-21,Bursa,Marmara,0,PHONE,REFERRAL,Customer_004543,1,,SYNTHETIC,1.3.0,42,
C004544,WS0006,INDIVIDUAL,2021-09-22,Konya,İç Anadolu,0,WHATSAPP,SOCIAL_MEDIA,Customer_004544,1,,SYNTHETIC,1.3.0,42,
C004545,WS0001,INDIVIDUAL,2023-06-22,İstanbul,Marmara,0,WHATSAPP,WALK_IN,Customer_004545,1,,SYNTHETIC,1.3.0,42,
C004546,WS0007,INDIVIDUAL,2021-01-03,Adana,Akdeniz,0,PHONE,GOOGLE_MAPS,Customer_004546,1,,SYNTHETIC,1.3.0,42,
C004547,WS0009,INDIVIDUAL,2026-06-27,Samsun,Karadeniz,0,PHONE,REFERRAL,Customer_004547,1,,SYNTHETIC,1.3.0,42,
C004548,WS0003,INDIVIDUAL,2021-01-23,İzmir,Ege,0,WHATSAPP,WALK_IN,Customer_004548,1,,SYNTHETIC,1.3.0,42,
C004549,WS0006,INDIVIDUAL,2024-11-03,Konya,İç Anadolu,0,SMS,ORGANIC,Customer_004549,1,,SYNTHETIC,1.3.0,42,
C004550,WS0007,INDIVIDUAL,2026-06-01,Adana,Akdeniz,0,WHATSAPP,ORGANIC,Customer_004550,1,,SYNTHETIC,1.3.0,42,
C004551,WS0006,INDIVIDUAL,2021-07-30,Konya,İç Anadolu,0,WHATSAPP,REFERRAL,Customer_004551,1,,SYNTHETIC,1.3.0,42,
C004552,WS0010,INDIVIDUAL,2025-11-22,Eskişehir,İç Anadolu,0,WHATSAPP,WALK_IN,Customer_004552,1,,SYNTHETIC,1.3.0,42,
C004553,WS0007,INDIVIDUAL,2025-02-25,Adana,Akdeniz,0,WHATSAPP,WALK_IN,Customer_004553,0,2025-08-20,SYNTHETIC,1.3.0,42,
C004554,WS0009,INDIVIDUAL,2024-01-26,Samsun,Karadeniz,0,PHONE,ORGANIC,Customer_004554,1,,SYNTHETIC,1.3.0,42,
C004555,WS0002,INDIVIDUAL,2026-06-21,Ankara,İç Anadolu,0,WHATSAPP,REFERRAL,Customer_004555,1,,SYNTHETIC,1.3.0,42,
C004556,WS0010,INDIVIDUAL,2021-09-23,Eskişehir,İç Anadolu,0,WHATSAPP,REFERRAL,Customer_004556,1,,SYNTHETIC,1.3.0,42,
C004557,WS0009,INDIVIDUAL,2021-08-21,Samsun,Karadeniz,0,WHATSAPP,ORGANIC,Customer_004557,1,,SYNTHETIC,1.3.0,42,
C004558,WS0001,INDIVIDUAL,2023-09-07,İstanbul,Marmara,0,WHATSAPP,SOCIAL_MEDIA,Customer_004558,1,,SYNTHETIC,1.3.0,42,
C004559,WS0005,INDIVIDUAL,2023-10-21,Antalya,Akdeniz,0,PHONE,ORGANIC,Customer_004559,1,,SYNTHETIC,1.3.0,42,
C004560,WS0004,INDIVIDUAL,2026-06-25,Bursa,Marmara,0,PHONE,ORGANIC,Customer_004560,1,,SYNTHETIC,1.3.0,42,
C004561,WS0009,INDIVIDUAL,2023-06-01,Samsun,Karadeniz,0,WHATSAPP,WALK_IN,Customer_004561,1,,SYNTHETIC,1.3.0,42,
C004562,WS0006,INDIVIDUAL,2025-10-16,Konya,İç Anadolu,0,PHONE,REFERRAL,Customer_004562,0,2026-03-27,SYNTHETIC,1.3.0,42,
C004563,WS0002,INDIVIDUAL,2025-06-08,Ankara,İç Anadolu,0,PHONE,WALK_IN,Customer_004563,1,,SYNTHETIC,1.3.0,42,
C004564,WS0004,INDIVIDUAL,2025-01-30,Bursa,Marmara,0,WHATSAPP,WALK_IN,Customer_004564,1,,SYNTHETIC,1.3.0,42,
C004565,WS0007,INDIVIDUAL,2023-07-12,Adana,Akdeniz,0,WHATSAPP,GOOGLE_MAPS,Customer_004565,1,,SYNTHETIC,1.3.0,42,
C004566,WS0001,INDIVIDUAL,2022-04-23,İstanbul,Marmara,0,WHATSAPP,ORGANIC,Customer_004566,1,,SYNTHETIC,1.3.0,42,
C004567,WS0005,INDIVIDUAL,2024-12-25,Antalya,Akdeniz,0,PHONE,SOCIAL_MEDIA,Customer_004567,1,,SYNTHETIC,1.3.0,42,
C004568,WS0001,INDIVIDUAL,2023-04-18,İstanbul,Marmara,0,PHONE,SOCIAL_MEDIA,Customer_004568,1,,SYNTHETIC,1.3.0,42,
C004569,WS0008,FLEET,2022-06-23,Gaziantep,Güneydoğu Anadolu,1,WHATSAPP,REFERRAL,Customer_004569,1,,SYNTHETIC,1.3.0,42,
C004570,WS0008,INDIVIDUAL,2021-02-27,Gaziantep,Güneydoğu Anadolu,0,SMS,WALK_IN,Customer_004570,1,,SYNTHETIC,1.3.0,42,
C004571,WS0005,INDIVIDUAL,2024-07-20,Antalya,Akdeniz,0,PHONE,WALK_IN,Customer_004571,1,,SYNTHETIC,1.3.0,42,
C004572,WS0004,INDIVIDUAL,2022-11-01,Bursa,Marmara,0,PHONE,GOOGLE_MAPS,Customer_004572,1,,SYNTHETIC,1.3.0,42,
C004573,WS0007,INDIVIDUAL,2025-05-30,Adana,Akdeniz,0,WHATSAPP,ORGANIC,Customer_004573,1,,SYNTHETIC,1.3.0,42,
C004574,WS0004,INDIVIDUAL,2021-02-10,Bursa,Marmara,0,WHATSAPP,ORGANIC,Customer_004574,1,,SYNTHETIC,1.3.0,42,
C004575,WS0001,INDIVIDUAL,2021-09-15,İstanbul,Marmara,0,EMAIL,ORGANIC,Customer_004575,1,,SYNTHETIC,1.3.0,42,
C004576,WS0007,INDIVIDUAL,2021-09-24,Adana,Akdeniz,0,SMS,REFERRAL,Customer_004576,1,,SYNTHETIC,1.3.0,42,
C004577,WS0001,INDIVIDUAL,2022-06-22,İstanbul,Marmara,0,SMS,WALK_IN,Customer_004577,1,,SYNTHETIC,1.3.0,42,
C004578,WS0001,INDIVIDUAL,2022-09-24,İstanbul,Marmara,0,PHONE,WALK_IN,Customer_004578,1,,SYNTHETIC,1.3.0,42,
C004579,WS0010,INDIVIDUAL,2022-03-31,Eskişehir,İç Anadolu,0,SMS,WALK_IN,Customer_004579,1,,SYNTHETIC,1.3.0,42,
C004580,WS0008,COMMERCIAL,2024-12-03,Gaziantep,Güneydoğu Anadolu,0,EMAIL,REFERRAL,Customer_004580,1,,SYNTHETIC,1.3.0,42,
C004581,WS0008,INDIVIDUAL,2023-08-13,Gaziantep,Güneydoğu Anadolu,0,SMS,ORGANIC,Customer_004581,1,,SYNTHETIC,1.3.0,42,
C004582,WS0004,INDIVIDUAL,2024-07-23,Bursa,Marmara,0,SMS,REFERRAL,Customer_004582,1,,SYNTHETIC,1.3.0,42,
C004583,WS0004,INDIVIDUAL,2025-04-05,Bursa,Marmara,0,PHONE,SOCIAL_MEDIA,Customer_004583,1,,SYNTHETIC,1.3.0,42,
C004584,WS0001,INDIVIDUAL,2022-10-12,İstanbul,Marmara,0,PHONE,ORGANIC,Customer_004584,1,,SYNTHETIC,1.3.0,42,
C004585,WS0005,COMMERCIAL,2023-08-04,Antalya,Akdeniz,0,WHATSAPP,FLEET_PARTNERSHIP,Customer_004585,1,,SYNTHETIC,1.3.0,42,
C004586,WS0009,INDIVIDUAL,2022-01-05,Samsun,Karadeniz,0,PHONE,ORGANIC,Customer_004586,1,,SYNTHETIC,1.3.0,42,
C004587,WS0003,INDIVIDUAL,2022-07-13,İzmir,Ege,0,PHONE,REFERRAL,Customer_004587,1,,SYNTHETIC,1.3.0,42,
C004588,WS0009,COMMERCIAL,2022-12-12,Samsun,Karadeniz,0,EMAIL,REFERRAL,Customer_004588,1,,SYNTHETIC,1.3.0,42,
C004589,WS0003,INDIVIDUAL,2021-08-25,İzmir,Ege,0,SMS,ORGANIC,Customer_004589,0,2022-08-05,SYNTHETIC,1.3.0,42,
C004590,WS0005,INDIVIDUAL,2021-06-30,Antalya,Akdeniz,0,EMAIL,GOOGLE_MAPS,Customer_004590,1,,SYNTHETIC,1.3.0,42,
C004591,WS0006,INDIVIDUAL,2024-06-07,Konya,İç Anadolu,0,PHONE,ORGANIC,Customer_004591,1,,SYNTHETIC,1.3.0,42,
C004592,WS0002,INDIVIDUAL,2024-06-18,Ankara,İç Anadolu,0,WHATSAPP,WALK_IN,Customer_004592,1,,SYNTHETIC,1.3.0,42,
C004593,WS0008,INDIVIDUAL,2024-01-13,Gaziantep,Güneydoğu Anadolu,0,WHATSAPP,GOOGLE_MAPS,Customer_004593,1,,SYNTHETIC,1.3.0,42,
C004594,WS0002,INDIVIDUAL,2023-10-16,Ankara,İç Anadolu,0,WHATSAPP,WALK_IN,Customer_004594,1,,SYNTHETIC,1.3.0,42,
C004595,WS0004,INDIVIDUAL,2025-05-13,Bursa,Marmara,0,WHATSAPP,GOOGLE_MAPS,Customer_004595,1,,SYNTHETIC,1.3.0,42,
C004596,WS0005,INDIVIDUAL,2023-03-17,Antalya,Akdeniz,0,SMS,SOCIAL_MEDIA,Customer_004596,1,,SYNTHETIC,1.3.0,42,
C004597,WS0008,INDIVIDUAL,2022-05-19,Gaziantep,Güneydoğu Anadolu,0,WHATSAPP,ORGANIC,Customer_004597,1,,SYNTHETIC,1.3.0,42,
C004598,WS0003,INDIVIDUAL,2023-07-14,İzmir,Ege,0,WHATSAPP,GOOGLE_MAPS,Customer_004598,1,,SYNTHETIC,1.3.0,42,
C004599,WS0007,INDIVIDUAL,2022-12-09,Adana,Akdeniz,0,WHATSAPP,WALK_IN,Customer_004599,1,,SYNTHETIC,1.3.0,42,
C004600,WS0002,INDIVIDUAL,2025-07-05,Ankara,İç Anadolu,0,WHATSAPP,ORGANIC,Customer_004600,1,,SYNTHETIC,1.3.0,42,
C004601,WS0002,INDIVIDUAL,2022-12-10,Ankara,İç Anadolu,0,EMAIL,SOCIAL_MEDIA,Customer_004601,1,,SYNTHETIC,1.3.0,42,
C004602,WS0005,INDIVIDUAL,2024-02-07,Antalya,Akdeniz,0,PHONE,REFERRAL,Customer_004602,1,,SYNTHETIC,1.3.0,42,
C004603,WS0005,INDIVIDUAL,2026-03-03,Antalya,Akdeniz,0,WHATSAPP,WALK_IN,Customer_004603,1,,SYNTHETIC,1.3.0,42,
C004604,WS0003,INDIVIDUAL,2021-08-15,İzmir,Ege,0,WHATSAPP,GOOGLE_MAPS,Customer_004604,1,,SYNTHETIC,1.3.0,42,
C004605,WS0009,INDIVIDUAL,2024-05-06,Samsun,Karadeniz,0,WHATSAPP,SOCIAL_MEDIA,Customer_004605,1,,SYNTHETIC,1.3.0,42,
C004606,WS0008,INDIVIDUAL,2025-08-07,Gaziantep,Güneydoğu Anadolu,0,EMAIL,GOOGLE_MAPS,Customer_004606,1,,SYNTHETIC,1.3.0,42,
C004607,WS0005,INDIVIDUAL,2023-12-23,Antalya,Akdeniz,0,PHONE,REFERRAL,Customer_004607,1,,SYNTHETIC,1.3.0,42,
C004608,WS0007,INDIVIDUAL,2025-03-18,Adana,Akdeniz,0,PHONE,ORGANIC,Customer_004608,0,2025-08-14,SYNTHETIC,1.3.0,42,
C004609,WS0008,INDIVIDUAL,2024-08-23,Gaziantep,Güneydoğu Anadolu,0,SMS,GOOGLE_MAPS,Customer_004609,1,,SYNTHETIC,1.3.0,42,
C004610,WS0004,INDIVIDUAL,2022-12-05,Bursa,Marmara,0,PHONE,GOOGLE_MAPS,Customer_004610,1,,SYNTHETIC,1.3.0,42,
C004611,WS0006,INDIVIDUAL,2021-09-05,Konya,İç Anadolu,0,EMAIL,ORGANIC,Customer_004611,1,,SYNTHETIC,1.3.0,42,
C004612,WS0010,INDIVIDUAL,2022-10-16,Eskişehir,İç Anadolu,0,PHONE,SOCIAL_MEDIA,Customer_004612,1,,SYNTHETIC,1.3.0,42,
C004613,WS0005,INDIVIDUAL,2021-01-19,Antalya,Akdeniz,0,WHATSAPP,ORGANIC,Customer_004613,1,,SYNTHETIC,1.3.0,42,
C004614,WS0009,INDIVIDUAL,2025-11-08,Samsun,Karadeniz,0,WHATSAPP,REFERRAL,Customer_004614,1,,SYNTHETIC,1.3.0,42,
C004615,WS0004,INDIVIDUAL,2023-04-22,Bursa,Marmara,0,WHATSAPP,SOCIAL_MEDIA,Customer_004615,1,,SYNTHETIC,1.3.0,42,
C004616,WS0001,INDIVIDUAL,2023-03-11,İstanbul,Marmara,0,WHATSAPP,ORGANIC,Customer_004616,0,2026-04-15,SYNTHETIC,1.3.0,42,
C004617,WS0004,INDIVIDUAL,2023-12-19,Bursa,Marmara,0,PHONE,ORGANIC,Customer_004617,1,,SYNTHETIC,1.3.0,42,
C004618,WS0003,INDIVIDUAL,2021-04-26,İzmir,Ege,0,SMS,ORGANIC,Customer_004618,1,,SYNTHETIC,1.3.0,42,
C004619,WS0005,COMMERCIAL,2023-11-09,Antalya,Akdeniz,0,WHATSAPP,REFERRAL,Customer_004619,1,,SYNTHETIC,1.3.0,42,
C004620,WS0004,INDIVIDUAL,2025-11-10,Bursa,Marmara,0,SMS,ORGANIC,Customer_004620,1,,SYNTHETIC,1.3.0,42,
C004621,WS0001,INDIVIDUAL,2022-09-11,İstanbul,Marmara,0,WHATSAPP,ORGANIC,Customer_004621,1,,SYNTHETIC,1.3.0,42,
C004622,WS0007,INDIVIDUAL,2023-05-07,Adana,Akdeniz,0,PHONE,GOOGLE_MAPS,Customer_004622,1,,SYNTHETIC,1.3.0,42,
C004623,WS0009,INDIVIDUAL,2025-12-27,Samsun,Karadeniz,0,SMS,WALK_IN,Customer_004623,0,2026-07-26,SYNTHETIC,1.3.0,42,
C004624,WS0006,INDIVIDUAL,2021-01-15,Konya,İç Anadolu,0,WHATSAPP,WALK_IN,Customer_004624,1,,SYNTHETIC,1.3.0,42,
C004625,WS0003,INDIVIDUAL,2023-02-21,İzmir,Ege,0,EMAIL,ORGANIC,Customer_004625,1,,SYNTHETIC,1.3.0,42,
C004626,WS0005,INDIVIDUAL,2024-08-03,Antalya,Akdeniz,0,WHATSAPP,WALK_IN,Customer_004626,1,,SYNTHETIC,1.3.0,42,
C004627,WS0004,INDIVIDUAL,2025-04-08,Bursa,Marmara,0,WHATSAPP,ORGANIC,Customer_004627,1,,SYNTHETIC,1.3.0,42,
C004628,WS0001,INDIVIDUAL,2024-05-17,İstanbul,Marmara,0,PHONE,ORGANIC,Customer_004628,1,,SYNTHETIC,1.3.0,42,
C004629,WS0007,INDIVIDUAL,2021-09-29,Adana,Akdeniz,0,PHONE,REFERRAL,Customer_004629,1,,SYNTHETIC,1.3.0,42,
C004630,WS0006,INDIVIDUAL,2024-09-15,Konya,İç Anadolu,0,WHATSAPP,WALK_IN,Customer_004630,1,,SYNTHETIC,1.3.0,42,
C004631,WS0010,INDIVIDUAL,2026-02-20,Eskişehir,İç Anadolu,0,WHATSAPP,WALK_IN,Customer_004631,1,,SYNTHETIC,1.3.0,42,
C004632,WS0003,COMMERCIAL,2023-01-01,İzmir,Ege,0,WHATSAPP,REFERRAL,Customer_004632,1,,SYNTHETIC,1.3.0,42,
C004633,WS0010,INDIVIDUAL,2025-02-01,Eskişehir,İç Anadolu,0,EMAIL,ORGANIC,Customer_004633,1,,SYNTHETIC,1.3.0,42,
C004634,WS0003,INDIVIDUAL,2025-12-09,İzmir,Ege,0,WHATSAPP,ORGANIC,Customer_004634,1,,SYNTHETIC,1.3.0,42,
C004635,WS0006,INDIVIDUAL,2021-05-24,Konya,İç Anadolu,0,EMAIL,GOOGLE_MAPS,Customer_004635,1,,SYNTHETIC,1.3.0,42,
C004636,WS0004,INDIVIDUAL,2022-07-21,Bursa,Marmara,0,SMS,GOOGLE_MAPS,Customer_004636,0,2024-05-15,SYNTHETIC,1.3.0,42,
C004637,WS0003,INDIVIDUAL,2024-10-15,İzmir,Ege,0,PHONE,ORGANIC,Customer_004637,1,,SYNTHETIC,1.3.0,42,
C004638,WS0008,INDIVIDUAL,2025-04-02,Gaziantep,Güneydoğu Anadolu,0,WHATSAPP,GOOGLE_MAPS,Customer_004638,1,,SYNTHETIC,1.3.0,42,
C004639,WS0003,INDIVIDUAL,2026-01-20,İzmir,Ege,0,WHATSAPP,ORGANIC,Customer_004639,1,,SYNTHETIC,1.3.0,42,
C004640,WS0007,INDIVIDUAL,2024-01-08,Adana,Akdeniz,0,SMS,REFERRAL,Customer_004640,1,,SYNTHETIC,1.3.0,42,
C004641,WS0009,INDIVIDUAL,2021-03-27,Samsun,Karadeniz,0,WHATSAPP,SOCIAL_MEDIA,Customer_004641,0,2023-11-28,SYNTHETIC,1.3.0,42,
C004642,WS0009,INDIVIDUAL,2023-01-05,Samsun,Karadeniz,0,SMS,ORGANIC,Customer_004642,1,,SYNTHETIC,1.3.0,42,
C004643,WS0005,INDIVIDUAL,2025-11-28,Antalya,Akdeniz,0,WHATSAPP,SOCIAL_MEDIA,Customer_004643,1,,SYNTHETIC,1.3.0,42,
C004644,WS0004,INDIVIDUAL,2021-06-20,Bursa,Marmara,0,WHATSAPP,REFERRAL,Customer_004644,1,,SYNTHETIC,1.3.0,42,
C004645,WS0007,COMMERCIAL,2024-08-15,Adana,Akdeniz,0,PHONE,DIRECT_SALES,Customer_004645,1,,SYNTHETIC,1.3.0,42,
C004646,WS0002,INDIVIDUAL,2026-07-28,Ankara,İç Anadolu,0,PHONE,REFERRAL,Customer_004646,1,,SYNTHETIC,1.3.0,42,
C004647,WS0005,INDIVIDUAL,2025-10-01,Antalya,Akdeniz,0,WHATSAPP,WALK_IN,Customer_004647,1,,SYNTHETIC,1.3.0,42,
C004648,WS0004,INDIVIDUAL,2023-06-27,Bursa,Marmara,0,PHONE,REFERRAL,Customer_004648,1,,SYNTHETIC,1.3.0,42,
C004649,WS0010,INDIVIDUAL,2021-07-27,Eskişehir,İç Anadolu,0,SMS,WALK_IN,Customer_004649,1,,SYNTHETIC,1.3.0,42,
C004650,WS0009,INDIVIDUAL,2025-03-16,Samsun,Karadeniz,0,PHONE,ORGANIC,Customer_004650,1,,SYNTHETIC,1.3.0,42,
C004651,WS0010,INDIVIDUAL,2024-01-04,Eskişehir,İç Anadolu,0,WHATSAPP,SOCIAL_MEDIA,Customer_004651,1,,SYNTHETIC,1.3.0,42,
C004652,WS0009,INDIVIDUAL,2024-08-21,Samsun,Karadeniz,0,SMS,ORGANIC,Customer_004652,1,,SYNTHETIC,1.3.0,42,
C004653,WS0005,INDIVIDUAL,2026-06-04,Antalya,Akdeniz,0,PHONE,ORGANIC,Customer_004653,1,,SYNTHETIC,1.3.0,42,
C004654,WS0003,INDIVIDUAL,2022-04-08,İzmir,Ege,0,SMS,ORGANIC,Customer_004654,1,,SYNTHETIC,1.3.0,42,
C004655,WS0009,INDIVIDUAL,2022-04-06,Samsun,Karadeniz,0,WHATSAPP,ORGANIC,Customer_004655,1,,SYNTHETIC,1.3.0,42,
C004656,WS0010,INDIVIDUAL,2024-04-13,Eskişehir,İç Anadolu,0,SMS,REFERRAL,Customer_004656,1,,SYNTHETIC,1.3.0,42,
C004657,WS0002,INDIVIDUAL,2022-09-27,Ankara,İç Anadolu,0,WHATSAPP,GOOGLE_MAPS,Customer_004657,1,,SYNTHETIC,1.3.0,42,
C004658,WS0008,INDIVIDUAL,2021-04-10,Gaziantep,Güneydoğu Anadolu,0,SMS,SOCIAL_MEDIA,Customer_004658,1,,SYNTHETIC,1.3.0,42,
C004659,WS0004,COMMERCIAL,2022-04-08,Bursa,Marmara,0,WHATSAPP,FLEET_PARTNERSHIP,Customer_004659,1,,SYNTHETIC,1.3.0,42,
C004660,WS0006,INDIVIDUAL,2022-11-02,Konya,İç Anadolu,0,WHATSAPP,REFERRAL,Customer_004660,1,,SYNTHETIC,1.3.0,42,
C004661,WS0006,INDIVIDUAL,2021-04-04,Konya,İç Anadolu,0,PHONE,REFERRAL,Customer_004661,1,,SYNTHETIC,1.3.0,42,
C004662,WS0002,INDIVIDUAL,2021-01-05,Ankara,İç Anadolu,0,WHATSAPP,SOCIAL_MEDIA,Customer_004662,1,,SYNTHETIC,1.3.0,42,
C004663,WS0002,INDIVIDUAL,2025-11-10,Ankara,İç Anadolu,0,WHATSAPP,ORGANIC,Customer_004663,1,,SYNTHETIC,1.3.0,42,
C004664,WS0003,INDIVIDUAL,2023-03-08,İzmir,Ege,0,WHATSAPP,ORGANIC,Customer_004664,1,,SYNTHETIC,1.3.0,42,
C004665,WS0007,INDIVIDUAL,2023-06-01,Adana,Akdeniz,0,PHONE,WALK_IN,Customer_004665,1,,SYNTHETIC,1.3.0,42,
C004666,WS0009,INDIVIDUAL,2021-11-05,Samsun,Karadeniz,0,PHONE,ORGANIC,Customer_004666,1,,SYNTHETIC,1.3.0,42,
C004667,WS0004,INDIVIDUAL,2021-04-03,Bursa,Marmara,0,WHATSAPP,ORGANIC,Customer_004667,1,,SYNTHETIC,1.3.0,42,
C004668,WS0003,INDIVIDUAL,2023-08-28,İzmir,Ege,0,EMAIL,ORGANIC,Customer_004668,1,,SYNTHETIC,1.3.0,42,
C004669,WS0010,INDIVIDUAL,2024-12-08,Eskişehir,İç Anadolu,0,WHATSAPP,REFERRAL,Customer_004669,1,,SYNTHETIC,1.3.0,42,
C004670,WS0003,INDIVIDUAL,2022-10-13,İzmir,Ege,0,WHATSAPP,REFERRAL,Customer_004670,1,,SYNTHETIC,1.3.0,42,
C004671,WS0004,INDIVIDUAL,2023-08-26,Bursa,Marmara,0,WHATSAPP,GOOGLE_MAPS,Customer_004671,1,,SYNTHETIC,1.3.0,42,
C004672,WS0004,INDIVIDUAL,2021-10-26,Bursa,Marmara,0,WHATSAPP,ORGANIC,Customer_004672,1,,SYNTHETIC,1.3.0,42,
C004673,WS0010,INDIVIDUAL,2025-08-25,Eskişehir,İç Anadolu,0,PHONE,ORGANIC,Customer_004673,1,,SYNTHETIC,1.3.0,42,
C004674,WS0003,INDIVIDUAL,2024-11-28,İzmir,Ege,0,WHATSAPP,REFERRAL,Customer_004674,1,,SYNTHETIC,1.3.0,42,
C004675,WS0009,INDIVIDUAL,2025-11-21,Samsun,Karadeniz,0,WHATSAPP,REFERRAL,Customer_004675,1,,SYNTHETIC,1.3.0,42,
C004676,WS0009,INDIVIDUAL,2021-02-09,Samsun,Karadeniz,0,PHONE,GOOGLE_MAPS,Customer_004676,1,,SYNTHETIC,1.3.0,42,
C004677,WS0002,INDIVIDUAL,2026-06-22,Ankara,İç Anadolu,0,PHONE,WALK_IN,Customer_004677,1,,SYNTHETIC,1.3.0,42,
C004678,WS0004,INDIVIDUAL,2022-06-25,Bursa,Marmara,0,SMS,ORGANIC,Customer_004678,1,,SYNTHETIC,1.3.0,42,
C004679,WS0006,INDIVIDUAL,2021-10-09,Konya,İç Anadolu,0,PHONE,REFERRAL,Customer_004679,1,,SYNTHETIC,1.3.0,42,
C004680,WS0008,INDIVIDUAL,2024-02-10,Gaziantep,Güneydoğu Anadolu,0,WHATSAPP,GOOGLE_MAPS,Customer_004680,1,,SYNTHETIC,1.3.0,42,
C004681,WS0001,INDIVIDUAL,2025-03-27,İstanbul,Marmara,0,WHATSAPP,SOCIAL_MEDIA,Customer_004681,1,,SYNTHETIC,1.3.0,42,
C004682,WS0004,INDIVIDUAL,2021-03-03,Bursa,Marmara,0,SMS,WALK_IN,Customer_004682,1,,SYNTHETIC,1.3.0,42,
C004683,WS0003,INDIVIDUAL,2024-03-14,İzmir,Ege,0,EMAIL,GOOGLE_MAPS,Customer_004683,1,,SYNTHETIC,1.3.0,42,
C004684,WS0010,INDIVIDUAL,2023-02-07,Eskişehir,İç Anadolu,0,SMS,GOOGLE_MAPS,Customer_004684,1,,SYNTHETIC,1.3.0,42,
C004685,WS0001,INDIVIDUAL,2023-03-27,İstanbul,Marmara,0,WHATSAPP,WALK_IN,Customer_004685,1,,SYNTHETIC,1.3.0,42,
C004686,WS0004,INDIVIDUAL,2022-09-06,Bursa,Marmara,0,EMAIL,SOCIAL_MEDIA,Customer_004686,1,,SYNTHETIC,1.3.0,42,
C004687,WS0009,FLEET,2024-12-04,Samsun,Karadeniz,1,PHONE,DIRECT_SALES,Customer_004687,1,,SYNTHETIC,1.3.0,42,
C004688,WS0001,INDIVIDUAL,2022-06-08,İstanbul,Marmara,0,PHONE,REFERRAL,Customer_004688,1,,SYNTHETIC,1.3.0,42,
C004689,WS0006,FLEET,2021-01-08,Konya,İç Anadolu,1,PHONE,DIRECT_SALES,Customer_004689,1,,SYNTHETIC,1.3.0,42,
C004690,WS0003,COMMERCIAL,2025-04-30,İzmir,Ege,0,EMAIL,FLEET_PARTNERSHIP,Customer_004690,1,,SYNTHETIC,1.3.0,42,
C004691,WS0010,INDIVIDUAL,2026-02-17,Eskişehir,İç Anadolu,0,EMAIL,ORGANIC,Customer_004691,1,,SYNTHETIC,1.3.0,42,
C004692,WS0008,INDIVIDUAL,2024-10-19,Gaziantep,Güneydoğu Anadolu,0,WHATSAPP,GOOGLE_MAPS,Customer_004692,1,,SYNTHETIC,1.3.0,42,
C004693,WS0004,INDIVIDUAL,2025-10-18,Bursa,Marmara,0,EMAIL,REFERRAL,Customer_004693,1,,SYNTHETIC,1.3.0,42,
C004694,WS0001,INDIVIDUAL,2021-10-01,İstanbul,Marmara,0,WHATSAPP,WALK_IN,Customer_004694,1,,SYNTHETIC,1.3.0,42,
C004695,WS0004,INDIVIDUAL,2026-07-05,Bursa,Marmara,0,WHATSAPP,ORGANIC,Customer_004695,1,,SYNTHETIC,1.3.0,42,
C004696,WS0002,COMMERCIAL,2025-02-22,Ankara,İç Anadolu,0,WHATSAPP,REFERRAL,Customer_004696,0,2025-09-12,SYNTHETIC,1.3.0,42,
C004697,WS0005,INDIVIDUAL,2025-11-06,Antalya,Akdeniz,0,WHATSAPP,ORGANIC,Customer_004697,1,,SYNTHETIC,1.3.0,42,
C004698,WS0007,INDIVIDUAL,2021-06-19,Adana,Akdeniz,0,SMS,WALK_IN,Customer_004698,1,,SYNTHETIC,1.3.0,42,
C004699,WS0008,INDIVIDUAL,2026-04-17,Gaziantep,Güneydoğu Anadolu,0,WHATSAPP,WALK_IN,Customer_004699,1,,SYNTHETIC,1.3.0,42,
C004700,WS0003,INDIVIDUAL,2021-05-04,İzmir,Ege,0,WHATSAPP,WALK_IN,Customer_004700,1,,SYNTHETIC,1.3.0,42,
C004701,WS0007,INDIVIDUAL,2023-07-19,Adana,Akdeniz,0,EMAIL,SOCIAL_MEDIA,Customer_004701,1,,SYNTHETIC,1.3.0,42,
C004702,WS0001,INDIVIDUAL,2024-08-19,İstanbul,Marmara,0,SMS,SOCIAL_MEDIA,Customer_004702,1,,SYNTHETIC,1.3.0,42,
C004703,WS0002,INDIVIDUAL,2025-01-18,Ankara,İç Anadolu,0,PHONE,GOOGLE_MAPS,Customer_004703,1,,SYNTHETIC,1.3.0,42,
C004704,WS0007,COMMERCIAL,2025-01-24,Adana,Akdeniz,0,PHONE,FLEET_PARTNERSHIP,Customer_004704,1,,SYNTHETIC,1.3.0,42,
C004705,WS0007,INDIVIDUAL,2022-10-20,Adana,Akdeniz,0,EMAIL,WALK_IN,Customer_004705,1,,SYNTHETIC,1.3.0,42,
C004706,WS0001,INDIVIDUAL,2021-11-14,İstanbul,Marmara,0,WHATSAPP,SOCIAL_MEDIA,Customer_004706,1,,SYNTHETIC,1.3.0,42,
C004707,WS0001,INDIVIDUAL,2022-05-06,İstanbul,Marmara,0,SMS,REFERRAL,Customer_004707,1,,SYNTHETIC,1.3.0,42,
C004708,WS0003,INDIVIDUAL,2024-06-11,İzmir,Ege,0,PHONE,SOCIAL_MEDIA,Customer_004708,1,,SYNTHETIC,1.3.0,42,
C004709,WS0005,INDIVIDUAL,2021-06-26,Antalya,Akdeniz,0,WHATSAPP,REFERRAL,Customer_004709,1,,SYNTHETIC,1.3.0,42,
C004710,WS0008,INDIVIDUAL,2021-12-30,Gaziantep,Güneydoğu Anadolu,0,PHONE,REFERRAL,Customer_004710,1,,SYNTHETIC,1.3.0,42,
C004711,WS0009,INDIVIDUAL,2023-11-12,Samsun,Karadeniz,0,WHATSAPP,REFERRAL,Customer_004711,1,,SYNTHETIC,1.3.0,42,
C004712,WS0008,INDIVIDUAL,2026-05-04,Gaziantep,Güneydoğu Anadolu,0,EMAIL,ORGANIC,Customer_004712,1,,SYNTHETIC,1.3.0,42,
C004713,WS0003,INDIVIDUAL,2025-08-02,İzmir,Ege,0,PHONE,WALK_IN,Customer_004713,1,,SYNTHETIC,1.3.0,42,
C004714,WS0008,INDIVIDUAL,2025-11-20,Gaziantep,Güneydoğu Anadolu,0,WHATSAPP,REFERRAL,Customer_004714,1,,SYNTHETIC,1.3.0,42,
C004715,WS0006,FLEET,2022-12-14,Konya,İç Anadolu,1,WHATSAPP,DIRECT_SALES,Customer_004715,1,,SYNTHETIC,1.3.0,42,
C004716,WS0004,INDIVIDUAL,2023-02-17,Bursa,Marmara,0,SMS,WALK_IN,Customer_004716,1,,SYNTHETIC,1.3.0,42,
C004717,WS0006,INDIVIDUAL,2021-12-07,Konya,İç Anadolu,0,WHATSAPP,REFERRAL,Customer_004717,1,,SYNTHETIC,1.3.0,42,
C004718,WS0007,COMMERCIAL,2021-04-25,Adana,Akdeniz,0,EMAIL,FLEET_PARTNERSHIP,Customer_004718,1,,SYNTHETIC,1.3.0,42,
C004719,WS0007,INDIVIDUAL,2022-07-23,Adana,Akdeniz,0,EMAIL,REFERRAL,Customer_004719,1,,SYNTHETIC,1.3.0,42,
C004720,WS0007,COMMERCIAL,2025-12-26,Adana,Akdeniz,0,EMAIL,DIRECT_SALES,Customer_004720,1,,SYNTHETIC,1.3.0,42,
C004721,WS0008,INDIVIDUAL,2023-10-08,Gaziantep,Güneydoğu Anadolu,0,WHATSAPP,ORGANIC,Customer_004721,1,,SYNTHETIC,1.3.0,42,
C004722,WS0009,INDIVIDUAL,2021-10-02,Samsun,Karadeniz,0,WHATSAPP,REFERRAL,Customer_004722,1,,SYNTHETIC,1.3.0,42,
C004723,WS0004,INDIVIDUAL,2024-05-30,Bursa,Marmara,0,SMS,SOCIAL_MEDIA,Customer_004723,1,,SYNTHETIC,1.3.0,42,
C004724,WS0005,INDIVIDUAL,2025-04-22,Antalya,Akdeniz,0,WHATSAPP,REFERRAL,Customer_004724,1,,SYNTHETIC,1.3.0,42,
C004725,WS0010,INDIVIDUAL,2026-05-09,Eskişehir,İç Anadolu,0,WHATSAPP,ORGANIC,Customer_004725,1,,SYNTHETIC,1.3.0,42,
C004726,WS0010,INDIVIDUAL,2022-10-12,Eskişehir,İç Anadolu,0,WHATSAPP,REFERRAL,Customer_004726,1,,SYNTHETIC,1.3.0,42,
C004727,WS0009,COMMERCIAL,2023-07-05,Samsun,Karadeniz,0,WHATSAPP,ORGANIC,Customer_004727,1,,SYNTHETIC,1.3.0,42,
C004728,WS0006,INDIVIDUAL,2023-02-27,Konya,İç Anadolu,0,EMAIL,ORGANIC,Customer_004728,1,,SYNTHETIC,1.3.0,42,
C004729,WS0009,INDIVIDUAL,2025-02-13,Samsun,Karadeniz,0,SMS,ORGANIC,Customer_004729,0,2026-02-22,SYNTHETIC,1.3.0,42,
C004730,WS0002,INDIVIDUAL,2021-04-09,Ankara,İç Anadolu,0,PHONE,WALK_IN,Customer_004730,1,,SYNTHETIC,1.3.0,42,
C004731,WS0004,INDIVIDUAL,2024-07-02,Bursa,Marmara,0,SMS,REFERRAL,Customer_004731,1,,SYNTHETIC,1.3.0,42,
C004732,WS0002,INDIVIDUAL,2023-04-14,Ankara,İç Anadolu,0,PHONE,GOOGLE_MAPS,Customer_004732,1,,SYNTHETIC,1.3.0,42,
C004733,WS0007,INDIVIDUAL,2022-09-21,Adana,Akdeniz,0,PHONE,SOCIAL_MEDIA,Customer_004733,1,,SYNTHETIC,1.3.0,42,
C004734,WS0010,INDIVIDUAL,2024-02-08,Eskişehir,İç Anadolu,0,SMS,REFERRAL,Customer_004734,1,,SYNTHETIC,1.3.0,42,
C004735,WS0003,COMMERCIAL,2022-08-12,İzmir,Ege,0,PHONE,REFERRAL,Customer_004735,0,2026-03-28,SYNTHETIC,1.3.0,42,
C004736,WS0008,COMMERCIAL,2022-05-15,Gaziantep,Güneydoğu Anadolu,0,EMAIL,REFERRAL,Customer_004736,1,,SYNTHETIC,1.3.0,42,
C004737,WS0002,FLEET,2024-04-07,Ankara,İç Anadolu,1,EMAIL,FLEET_PARTNERSHIP,Customer_004737,1,,SYNTHETIC,1.3.0,42,
C004738,WS0009,INDIVIDUAL,2021-04-28,Samsun,Karadeniz,0,WHATSAPP,ORGANIC,Customer_004738,1,,SYNTHETIC,1.3.0,42,
C004739,WS0006,COMMERCIAL,2024-03-05,Konya,İç Anadolu,0,EMAIL,DIRECT_SALES,Customer_004739,1,,SYNTHETIC,1.3.0,42,
C004740,WS0004,COMMERCIAL,2023-03-24,Bursa,Marmara,0,WHATSAPP,FLEET_PARTNERSHIP,Customer_004740,1,,SYNTHETIC,1.3.0,42,
C004741,WS0006,INDIVIDUAL,2024-10-27,Konya,İç Anadolu,0,WHATSAPP,REFERRAL,Customer_004741,1,,SYNTHETIC,1.3.0,42,
C004742,WS0006,INDIVIDUAL,2022-01-09,Konya,İç Anadolu,0,WHATSAPP,REFERRAL,Customer_004742,1,,SYNTHETIC,1.3.0,42,
C004743,WS0006,INDIVIDUAL,2022-03-29,Konya,İç Anadolu,0,PHONE,REFERRAL,Customer_004743,1,,SYNTHETIC,1.3.0,42,
C004744,WS0007,INDIVIDUAL,2023-10-13,Adana,Akdeniz,0,WHATSAPP,GOOGLE_MAPS,Customer_004744,1,,SYNTHETIC,1.3.0,42,
C004745,WS0009,INDIVIDUAL,2023-12-21,Samsun,Karadeniz,0,WHATSAPP,REFERRAL,Customer_004745,1,,SYNTHETIC,1.3.0,42,
C004746,WS0003,INDIVIDUAL,2024-11-14,İzmir,Ege,0,EMAIL,REFERRAL,Customer_004746,1,,SYNTHETIC,1.3.0,42,
C004747,WS0002,INDIVIDUAL,2024-02-17,Ankara,İç Anadolu,0,WHATSAPP,GOOGLE_MAPS,Customer_004747,0,2024-09-27,SYNTHETIC,1.3.0,42,
C004748,WS0008,INDIVIDUAL,2023-01-24,Gaziantep,Güneydoğu Anadolu,0,SMS,ORGANIC,Customer_004748,0,2023-04-27,SYNTHETIC,1.3.0,42,
C004749,WS0006,INDIVIDUAL,2024-08-28,Konya,İç Anadolu,0,SMS,GOOGLE_MAPS,Customer_004749,1,,SYNTHETIC,1.3.0,42,
C004750,WS0010,INDIVIDUAL,2024-03-31,Eskişehir,İç Anadolu,0,PHONE,WALK_IN,Customer_004750,1,,SYNTHETIC,1.3.0,42,
C004751,WS0002,INDIVIDUAL,2021-02-25,Ankara,İç Anadolu,0,PHONE,ORGANIC,Customer_004751,1,,SYNTHETIC,1.3.0,42,
C004752,WS0005,COMMERCIAL,2022-03-21,Antalya,Akdeniz,0,EMAIL,ORGANIC,Customer_004752,1,,SYNTHETIC,1.3.0,42,
C004753,WS0009,INDIVIDUAL,2023-07-18,Samsun,Karadeniz,0,WHATSAPP,ORGANIC,Customer_004753,1,,SYNTHETIC,1.3.0,42,
C004754,WS0002,INDIVIDUAL,2022-06-22,Ankara,İç Anadolu,0,EMAIL,SOCIAL_MEDIA,Customer_004754,1,,SYNTHETIC,1.3.0,42,
C004755,WS0006,INDIVIDUAL,2021-01-07,Konya,İç Anadolu,0,PHONE,ORGANIC,Customer_004755,1,,SYNTHETIC,1.3.0,42,
C004756,WS0005,FLEET,2021-11-26,Antalya,Akdeniz,1,WHATSAPP,DIRECT_SALES,Customer_004756,0,2022-11-01,SYNTHETIC,1.3.0,42,
C004757,WS0008,INDIVIDUAL,2022-11-23,Gaziantep,Güneydoğu Anadolu,0,WHATSAPP,REFERRAL,Customer_004757,1,,SYNTHETIC,1.3.0,42,
C004758,WS0007,INDIVIDUAL,2024-04-04,Adana,Akdeniz,0,WHATSAPP,REFERRAL,Customer_004758,1,,SYNTHETIC,1.3.0,42,
C004759,WS0004,INDIVIDUAL,2025-02-13,Bursa,Marmara,0,WHATSAPP,GOOGLE_MAPS,Customer_004759,0,2025-11-02,SYNTHETIC,1.3.0,42,
C004760,WS0001,INDIVIDUAL,2021-11-15,İstanbul,Marmara,0,SMS,REFERRAL,Customer_004760,1,,SYNTHETIC,1.3.0,42,
C004761,WS0002,INDIVIDUAL,2024-01-28,Ankara,İç Anadolu,0,WHATSAPP,GOOGLE_MAPS,Customer_004761,1,,SYNTHETIC,1.3.0,42,
C004762,WS0010,INDIVIDUAL,2022-04-18,Eskişehir,İç Anadolu,0,WHATSAPP,GOOGLE_MAPS,Customer_004762,0,2023-05-21,SYNTHETIC,1.3.0,42,
C004763,WS0002,INDIVIDUAL,2021-03-03,Ankara,İç Anadolu,0,PHONE,WALK_IN,Customer_004763,1,,SYNTHETIC,1.3.0,42,
C004764,WS0009,INDIVIDUAL,2021-07-28,Samsun,Karadeniz,0,WHATSAPP,SOCIAL_MEDIA,Customer_004764,1,,SYNTHETIC,1.3.0,42,
C004765,WS0001,INDIVIDUAL,2021-12-14,İstanbul,Marmara,0,WHATSAPP,ORGANIC,Customer_004765,1,,SYNTHETIC,1.3.0,42,
C004766,WS0007,INDIVIDUAL,2022-02-15,Adana,Akdeniz,0,SMS,ORGANIC,Customer_004766,1,,SYNTHETIC,1.3.0,42,
C004767,WS0001,COMMERCIAL,2026-02-14,İstanbul,Marmara,0,WHATSAPP,FLEET_PARTNERSHIP,Customer_004767,1,,SYNTHETIC,1.3.0,42,
C004768,WS0007,INDIVIDUAL,2025-02-28,Adana,Akdeniz,0,EMAIL,WALK_IN,Customer_004768,1,,SYNTHETIC,1.3.0,42,
C004769,WS0010,INDIVIDUAL,2022-12-31,Eskişehir,İç Anadolu,0,WHATSAPP,REFERRAL,Customer_004769,1,,SYNTHETIC,1.3.0,42,
C004770,WS0010,INDIVIDUAL,2021-12-08,Eskişehir,İç Anadolu,0,PHONE,WALK_IN,Customer_004770,1,,SYNTHETIC,1.3.0,42,
C004771,WS0007,COMMERCIAL,2022-07-16,Adana,Akdeniz,0,WHATSAPP,DIRECT_SALES,Customer_004771,1,,SYNTHETIC,1.3.0,42,
C004772,WS0010,INDIVIDUAL,2021-12-13,Eskişehir,İç Anadolu,0,EMAIL,WALK_IN,Customer_004772,1,,SYNTHETIC,1.3.0,42,
C004773,WS0005,INDIVIDUAL,2021-08-14,Antalya,Akdeniz,0,WHATSAPP,ORGANIC,Customer_004773,1,,SYNTHETIC,1.3.0,42,
C004774,WS0009,INDIVIDUAL,2021-09-04,Samsun,Karadeniz,0,WHATSAPP,REFERRAL,Customer_004774,1,,SYNTHETIC,1.3.0,42,
C004775,WS0001,COMMERCIAL,2025-02-08,İstanbul,Marmara,0,EMAIL,DIRECT_SALES,Customer_004775,1,,SYNTHETIC,1.3.0,42,
C004776,WS0010,INDIVIDUAL,2023-06-20,Eskişehir,İç Anadolu,0,PHONE,GOOGLE_MAPS,Customer_004776,1,,SYNTHETIC,1.3.0,42,
C004777,WS0010,INDIVIDUAL,2024-06-28,Eskişehir,İç Anadolu,0,WHATSAPP,ORGANIC,Customer_004777,1,,SYNTHETIC,1.3.0,42,
C004778,WS0004,INDIVIDUAL,2026-04-14,Bursa,Marmara,0,WHATSAPP,REFERRAL,Customer_004778,1,,SYNTHETIC,1.3.0,42,
C004779,WS0006,INDIVIDUAL,2023-05-29,Konya,İç Anadolu,0,WHATSAPP,WALK_IN,Customer_004779,1,,SYNTHETIC,1.3.0,42,
C004780,WS0001,INDIVIDUAL,2023-06-17,İstanbul,Marmara,0,EMAIL,REFERRAL,Customer_004780,1,,SYNTHETIC,1.3.0,42,
C004781,WS0009,INDIVIDUAL,2024-01-24,Samsun,Karadeniz,0,PHONE,REFERRAL,Customer_004781,1,,SYNTHETIC,1.3.0,42,
C004782,WS0001,INDIVIDUAL,2024-04-22,İstanbul,Marmara,0,PHONE,ORGANIC,Customer_004782,1,,SYNTHETIC,1.3.0,42,
C004783,WS0008,INDIVIDUAL,2023-10-08,Gaziantep,Güneydoğu Anadolu,0,SMS,WALK_IN,Customer_004783,1,,SYNTHETIC,1.3.0,42,
C004784,WS0005,INDIVIDUAL,2021-04-24,Antalya,Akdeniz,0,EMAIL,GOOGLE_MAPS,Customer_004784,1,,SYNTHETIC,1.3.0,42,
C004785,WS0005,INDIVIDUAL,2025-08-14,Antalya,Akdeniz,0,EMAIL,GOOGLE_MAPS,Customer_004785,1,,SYNTHETIC,1.3.0,42,
C004786,WS0002,COMMERCIAL,2022-11-13,Ankara,İç Anadolu,0,WHATSAPP,REFERRAL,Customer_004786,1,,SYNTHETIC,1.3.0,42,
C004787,WS0005,INDIVIDUAL,2023-06-15,Antalya,Akdeniz,0,PHONE,ORGANIC,Customer_004787,1,,SYNTHETIC,1.3.0,42,
C004788,WS0001,COMMERCIAL,2026-03-14,İstanbul,Marmara,0,PHONE,DIRECT_SALES,Customer_004788,1,,SYNTHETIC,1.3.0,42,
C004789,WS0003,INDIVIDUAL,2023-12-09,İzmir,Ege,0,SMS,ORGANIC,Customer_004789,1,,SYNTHETIC,1.3.0,42,
C004790,WS0006,INDIVIDUAL,2024-01-25,Konya,İç Anadolu,0,PHONE,GOOGLE_MAPS,Customer_004790,1,,SYNTHETIC,1.3.0,42,
C004791,WS0002,INDIVIDUAL,2024-09-07,Ankara,İç Anadolu,0,SMS,GOOGLE_MAPS,Customer_004791,1,,SYNTHETIC,1.3.0,42,
C004792,WS0001,INDIVIDUAL,2026-02-23,İstanbul,Marmara,0,EMAIL,REFERRAL,Customer_004792,1,,SYNTHETIC,1.3.0,42,
C004793,WS0010,INDIVIDUAL,2021-10-03,Eskişehir,İç Anadolu,0,WHATSAPP,REFERRAL,Customer_004793,1,,SYNTHETIC,1.3.0,42,
C004794,WS0001,INDIVIDUAL,2021-08-20,İstanbul,Marmara,0,WHATSAPP,REFERRAL,Customer_004794,1,,SYNTHETIC,1.3.0,42,
C004795,WS0006,INDIVIDUAL,2026-02-16,Konya,İç Anadolu,0,SMS,REFERRAL,Customer_004795,1,,SYNTHETIC,1.3.0,42,
C004796,WS0002,INDIVIDUAL,2023-03-14,Ankara,İç Anadolu,0,WHATSAPP,WALK_IN,Customer_004796,1,,SYNTHETIC,1.3.0,42,
C004797,WS0006,INDIVIDUAL,2022-09-26,Konya,İç Anadolu,0,WHATSAPP,REFERRAL,Customer_004797,1,,SYNTHETIC,1.3.0,42,
C004798,WS0001,INDIVIDUAL,2026-02-03,İstanbul,Marmara,0,PHONE,REFERRAL,Customer_004798,1,,SYNTHETIC,1.3.0,42,
C004799,WS0007,FLEET,2022-03-24,Adana,Akdeniz,1,WHATSAPP,DIRECT_SALES,Customer_004799,0,2023-12-08,SYNTHETIC,1.3.0,42,
C004800,WS0004,INDIVIDUAL,2022-06-29,Bursa,Marmara,0,WHATSAPP,SOCIAL_MEDIA,Customer_004800,1,,SYNTHETIC,1.3.0,42,
C004801,WS0002,INDIVIDUAL,2022-09-29,Ankara,İç Anadolu,0,PHONE,REFERRAL,Customer_004801,1,,SYNTHETIC,1.3.0,42,
C004802,WS0005,INDIVIDUAL,2023-09-01,Antalya,Akdeniz,0,PHONE,ORGANIC,Customer_004802,1,,SYNTHETIC,1.3.0,42,
C004803,WS0005,INDIVIDUAL,2023-01-24,Antalya,Akdeniz,0,PHONE,REFERRAL,Customer_004803,1,,SYNTHETIC,1.3.0,42,
C004804,WS0003,INDIVIDUAL,2025-10-02,İzmir,Ege,0,WHATSAPP,REFERRAL,Customer_004804,1,,SYNTHETIC,1.3.0,42,
C004805,WS0010,COMMERCIAL,2021-02-28,Eskişehir,İç Anadolu,0,WHATSAPP,REFERRAL,Customer_004805,1,,SYNTHETIC,1.3.0,42,
C004806,WS0003,INDIVIDUAL,2023-01-24,İzmir,Ege,0,PHONE,WALK_IN,Customer_004806,1,,SYNTHETIC,1.3.0,42,
C004807,WS0005,COMMERCIAL,2022-07-06,Antalya,Akdeniz,0,WHATSAPP,DIRECT_SALES,Customer_004807,1,,SYNTHETIC,1.3.0,42,
C004808,WS0003,INDIVIDUAL,2025-10-05,İzmir,Ege,0,PHONE,ORGANIC,Customer_004808,1,,SYNTHETIC,1.3.0,42,
C004809,WS0004,INDIVIDUAL,2024-08-14,Bursa,Marmara,0,WHATSAPP,REFERRAL,Customer_004809,1,,SYNTHETIC,1.3.0,42,
C004810,WS0002,INDIVIDUAL,2021-12-02,Ankara,İç Anadolu,0,EMAIL,ORGANIC,Customer_004810,0,2024-01-19,SYNTHETIC,1.3.0,42,
C004811,WS0010,INDIVIDUAL,2021-03-11,Eskişehir,İç Anadolu,0,SMS,ORGANIC,Customer_004811,0,2023-01-05,SYNTHETIC,1.3.0,42,
C004812,WS0005,INDIVIDUAL,2023-01-16,Antalya,Akdeniz,0,SMS,ORGANIC,Customer_004812,1,,SYNTHETIC,1.3.0,42,
C004813,WS0004,COMMERCIAL,2025-03-27,Bursa,Marmara,0,WHATSAPP,FLEET_PARTNERSHIP,Customer_004813,1,,SYNTHETIC,1.3.0,42,
C004814,WS0005,INDIVIDUAL,2021-11-09,Antalya,Akdeniz,0,WHATSAPP,WALK_IN,Customer_004814,0,2023-05-27,SYNTHETIC,1.3.0,42,
C004815,WS0005,INDIVIDUAL,2026-06-12,Antalya,Akdeniz,0,SMS,GOOGLE_MAPS,Customer_004815,1,,SYNTHETIC,1.3.0,42,
C004816,WS0009,COMMERCIAL,2022-05-29,Samsun,Karadeniz,0,WHATSAPP,FLEET_PARTNERSHIP,Customer_004816,1,,SYNTHETIC,1.3.0,42,
C004817,WS0006,INDIVIDUAL,2022-05-26,Konya,İç Anadolu,0,WHATSAPP,SOCIAL_MEDIA,Customer_004817,1,,SYNTHETIC,1.3.0,42,
C004818,WS0002,INDIVIDUAL,2021-09-04,Ankara,İç Anadolu,0,SMS,SOCIAL_MEDIA,Customer_004818,1,,SYNTHETIC,1.3.0,42,
C004819,WS0009,INDIVIDUAL,2021-06-19,Samsun,Karadeniz,0,PHONE,GOOGLE_MAPS,Customer_004819,1,,SYNTHETIC,1.3.0,42,
C004820,WS0001,INDIVIDUAL,2021-03-20,İstanbul,Marmara,0,SMS,GOOGLE_MAPS,Customer_004820,1,,SYNTHETIC,1.3.0,42,
C004821,WS0002,INDIVIDUAL,2023-05-04,Ankara,İç Anadolu,0,PHONE,REFERRAL,Customer_004821,1,,SYNTHETIC,1.3.0,42,
C004822,WS0010,INDIVIDUAL,2025-11-04,Eskişehir,İç Anadolu,0,WHATSAPP,ORGANIC,Customer_004822,1,,SYNTHETIC,1.3.0,42,
C004823,WS0006,INDIVIDUAL,2024-10-31,Konya,İç Anadolu,0,PHONE,REFERRAL,Customer_004823,1,,SYNTHETIC,1.3.0,42,
C004824,WS0001,INDIVIDUAL,2022-01-30,İstanbul,Marmara,0,WHATSAPP,ORGANIC,Customer_004824,1,,SYNTHETIC,1.3.0,42,
C004825,WS0010,INDIVIDUAL,2026-06-08,Eskişehir,İç Anadolu,0,WHATSAPP,WALK_IN,Customer_004825,1,,SYNTHETIC,1.3.0,42,
C004826,WS0003,INDIVIDUAL,2025-09-19,İzmir,Ege,0,WHATSAPP,REFERRAL,Customer_004826,1,,SYNTHETIC,1.3.0,42,
C004827,WS0007,INDIVIDUAL,2021-03-20,Adana,Akdeniz,0,WHATSAPP,REFERRAL,Customer_004827,1,,SYNTHETIC,1.3.0,42,
C004828,WS0008,INDIVIDUAL,2023-12-06,Gaziantep,Güneydoğu Anadolu,0,WHATSAPP,ORGANIC,Customer_004828,1,,SYNTHETIC,1.3.0,42,
C004829,WS0007,INDIVIDUAL,2024-07-06,Adana,Akdeniz,0,WHATSAPP,REFERRAL,Customer_004829,1,,SYNTHETIC,1.3.0,42,
C004830,WS0007,INDIVIDUAL,2022-07-28,Adana,Akdeniz,0,WHATSAPP,REFERRAL,Customer_004830,0,2026-04-14,SYNTHETIC,1.3.0,42,
C004831,WS0004,INDIVIDUAL,2025-09-25,Bursa,Marmara,0,PHONE,GOOGLE_MAPS,Customer_004831,0,2026-03-02,SYNTHETIC,1.3.0,42,
C004832,WS0003,INDIVIDUAL,2022-10-24,İzmir,Ege,0,SMS,ORGANIC,Customer_004832,1,,SYNTHETIC,1.3.0,42,
C004833,WS0005,INDIVIDUAL,2026-07-20,Antalya,Akdeniz,0,WHATSAPP,SOCIAL_MEDIA,Customer_004833,1,,SYNTHETIC,1.3.0,42,
C004834,WS0001,INDIVIDUAL,2023-09-01,İstanbul,Marmara,0,WHATSAPP,SOCIAL_MEDIA,Customer_004834,1,,SYNTHETIC,1.3.0,42,
C004835,WS0007,COMMERCIAL,2025-02-04,Adana,Akdeniz,0,WHATSAPP,FLEET_PARTNERSHIP,Customer_004835,1,,SYNTHETIC,1.3.0,42,
C004836,WS0009,INDIVIDUAL,2024-02-06,Samsun,Karadeniz,0,PHONE,REFERRAL,Customer_004836,1,,SYNTHETIC,1.3.0,42,
C004837,WS0001,INDIVIDUAL,2022-11-22,İstanbul,Marmara,0,SMS,WALK_IN,Customer_004837,1,,SYNTHETIC,1.3.0,42,
C004838,WS0006,INDIVIDUAL,2023-12-06,Konya,İç Anadolu,0,WHATSAPP,REFERRAL,Customer_004838,1,,SYNTHETIC,1.3.0,42,
C004839,WS0003,INDIVIDUAL,2022-04-22,İzmir,Ege,0,SMS,ORGANIC,Customer_004839,1,,SYNTHETIC,1.3.0,42,
C004840,WS0003,INDIVIDUAL,2024-10-01,İzmir,Ege,0,EMAIL,GOOGLE_MAPS,Customer_004840,1,,SYNTHETIC,1.3.0,42,
C004841,WS0003,INDIVIDUAL,2024-11-03,İzmir,Ege,0,PHONE,WALK_IN,Customer_004841,1,,SYNTHETIC,1.3.0,42,
C004842,WS0007,INDIVIDUAL,2022-05-31,Adana,Akdeniz,0,PHONE,WALK_IN,Customer_004842,1,,SYNTHETIC,1.3.0,42,
C004843,WS0010,INDIVIDUAL,2021-09-18,Eskişehir,İç Anadolu,0,SMS,REFERRAL,Customer_004843,1,,SYNTHETIC,1.3.0,42,
C004844,WS0007,INDIVIDUAL,2022-03-02,Adana,Akdeniz,0,WHATSAPP,ORGANIC,Customer_004844,1,,SYNTHETIC,1.3.0,42,
C004845,WS0008,COMMERCIAL,2022-10-04,Gaziantep,Güneydoğu Anadolu,0,EMAIL,REFERRAL,Customer_004845,1,,SYNTHETIC,1.3.0,42,
C004846,WS0003,INDIVIDUAL,2026-01-06,İzmir,Ege,0,WHATSAPP,ORGANIC,Customer_004846,1,,SYNTHETIC,1.3.0,42,
C004847,WS0008,INDIVIDUAL,2021-01-16,Gaziantep,Güneydoğu Anadolu,0,WHATSAPP,SOCIAL_MEDIA,Customer_004847,1,,SYNTHETIC,1.3.0,42,
C004848,WS0005,INDIVIDUAL,2025-04-16,Antalya,Akdeniz,0,WHATSAPP,GOOGLE_MAPS,Customer_004848,1,,SYNTHETIC,1.3.0,42,
C004849,WS0010,INDIVIDUAL,2025-10-23,Eskişehir,İç Anadolu,0,WHATSAPP,ORGANIC,Customer_004849,1,,SYNTHETIC,1.3.0,42,
C004850,WS0009,INDIVIDUAL,2024-06-25,Samsun,Karadeniz,0,PHONE,WALK_IN,Customer_004850,1,,SYNTHETIC,1.3.0,42,
C004851,WS0001,INDIVIDUAL,2024-04-09,İstanbul,Marmara,0,WHATSAPP,SOCIAL_MEDIA,Customer_004851,1,,SYNTHETIC,1.3.0,42,
C004852,WS0006,INDIVIDUAL,2025-06-17,Konya,İç Anadolu,0,WHATSAPP,WALK_IN,Customer_004852,1,,SYNTHETIC,1.3.0,42,
C004853,WS0003,INDIVIDUAL,2022-10-30,İzmir,Ege,0,WHATSAPP,REFERRAL,Customer_004853,1,,SYNTHETIC,1.3.0,42,
C004854,WS0007,INDIVIDUAL,2021-02-06,Adana,Akdeniz,0,EMAIL,GOOGLE_MAPS,Customer_004854,1,,SYNTHETIC,1.3.0,42,
C004855,WS0007,INDIVIDUAL,2022-02-25,Adana,Akdeniz,0,WHATSAPP,GOOGLE_MAPS,Customer_004855,1,,SYNTHETIC,1.3.0,42,
C004856,WS0006,INDIVIDUAL,2023-12-24,Konya,İç Anadolu,0,WHATSAPP,WALK_IN,Customer_004856,1,,SYNTHETIC,1.3.0,42,
C004857,WS0009,COMMERCIAL,2021-07-08,Samsun,Karadeniz,0,EMAIL,DIRECT_SALES,Customer_004857,1,,SYNTHETIC,1.3.0,42,
C004858,WS0003,INDIVIDUAL,2022-06-09,İzmir,Ege,0,WHATSAPP,ORGANIC,Customer_004858,1,,SYNTHETIC,1.3.0,42,
C004859,WS0005,INDIVIDUAL,2021-01-19,Antalya,Akdeniz,0,EMAIL,WALK_IN,Customer_004859,1,,SYNTHETIC,1.3.0,42,
C004860,WS0002,INDIVIDUAL,2021-06-12,Ankara,İç Anadolu,0,PHONE,SOCIAL_MEDIA,Customer_004860,1,,SYNTHETIC,1.3.0,42,
C004861,WS0010,INDIVIDUAL,2021-02-07,Eskişehir,İç Anadolu,0,EMAIL,SOCIAL_MEDIA,Customer_004861,1,,SYNTHETIC,1.3.0,42,
C004862,WS0006,INDIVIDUAL,2025-11-07,Konya,İç Anadolu,0,WHATSAPP,SOCIAL_MEDIA,Customer_004862,1,,SYNTHETIC,1.3.0,42,
C004863,WS0001,INDIVIDUAL,2024-09-13,İstanbul,Marmara,0,WHATSAPP,WALK_IN,Customer_004863,1,,SYNTHETIC,1.3.0,42,
C004864,WS0002,COMMERCIAL,2021-09-29,Ankara,İç Anadolu,0,WHATSAPP,REFERRAL,Customer_004864,0,2022-05-13,SYNTHETIC,1.3.0,42,
C004865,WS0009,INDIVIDUAL,2024-12-30,Samsun,Karadeniz,0,PHONE,REFERRAL,Customer_004865,0,2026-02-12,SYNTHETIC,1.3.0,42,
C004866,WS0007,INDIVIDUAL,2021-04-14,Adana,Akdeniz,0,WHATSAPP,REFERRAL,Customer_004866,1,,SYNTHETIC,1.3.0,42,
C004867,WS0002,INDIVIDUAL,2022-12-09,Ankara,İç Anadolu,0,SMS,REFERRAL,Customer_004867,1,,SYNTHETIC,1.3.0,42,
C004868,WS0010,INDIVIDUAL,2022-08-16,Eskişehir,İç Anadolu,0,PHONE,ORGANIC,Customer_004868,1,,SYNTHETIC,1.3.0,42,
C004869,WS0005,INDIVIDUAL,2021-06-11,Antalya,Akdeniz,0,WHATSAPP,REFERRAL,Customer_004869,1,,SYNTHETIC,1.3.0,42,
C004870,WS0003,COMMERCIAL,2023-04-11,İzmir,Ege,0,EMAIL,REFERRAL,Customer_004870,1,,SYNTHETIC,1.3.0,42,
C004871,WS0005,INDIVIDUAL,2022-08-29,Antalya,Akdeniz,0,WHATSAPP,WALK_IN,Customer_004871,1,,SYNTHETIC,1.3.0,42,
C004872,WS0006,INDIVIDUAL,2024-01-19,Konya,İç Anadolu,0,WHATSAPP,WALK_IN,Customer_004872,0,2025-04-20,SYNTHETIC,1.3.0,42,
C004873,WS0003,INDIVIDUAL,2024-02-06,İzmir,Ege,0,PHONE,SOCIAL_MEDIA,Customer_004873,1,,SYNTHETIC,1.3.0,42,
C004874,WS0010,INDIVIDUAL,2022-05-17,Eskişehir,İç Anadolu,0,WHATSAPP,SOCIAL_MEDIA,Customer_004874,1,,SYNTHETIC,1.3.0,42,
C004875,WS0010,FLEET,2021-04-01,Eskişehir,İç Anadolu,1,PHONE,FLEET_PARTNERSHIP,Customer_004875,1,,SYNTHETIC,1.3.0,42,
C004876,WS0010,INDIVIDUAL,2023-12-10,Eskişehir,İç Anadolu,0,WHATSAPP,REFERRAL,Customer_004876,1,,SYNTHETIC,1.3.0,42,
C004877,WS0005,INDIVIDUAL,2023-04-02,Antalya,Akdeniz,0,WHATSAPP,ORGANIC,Customer_004877,1,,SYNTHETIC,1.3.0,42,
C004878,WS0001,INDIVIDUAL,2026-06-12,İstanbul,Marmara,0,WHATSAPP,WALK_IN,Customer_004878,1,,SYNTHETIC,1.3.0,42,
C004879,WS0004,INDIVIDUAL,2025-06-27,Bursa,Marmara,0,PHONE,GOOGLE_MAPS,Customer_004879,1,,SYNTHETIC,1.3.0,42,
C004880,WS0009,INDIVIDUAL,2022-08-23,Samsun,Karadeniz,0,WHATSAPP,ORGANIC,Customer_004880,1,,SYNTHETIC,1.3.0,42,
C004881,WS0010,INDIVIDUAL,2026-06-07,Eskişehir,İç Anadolu,0,WHATSAPP,REFERRAL,Customer_004881,1,,SYNTHETIC,1.3.0,42,
C004882,WS0001,INDIVIDUAL,2021-08-06,İstanbul,Marmara,0,PHONE,GOOGLE_MAPS,Customer_004882,1,,SYNTHETIC,1.3.0,42,
C004883,WS0006,INDIVIDUAL,2025-01-10,Konya,İç Anadolu,0,PHONE,ORGANIC,Customer_004883,1,,SYNTHETIC,1.3.0,42,
C004884,WS0003,INDIVIDUAL,2025-07-14,İzmir,Ege,0,WHATSAPP,WALK_IN,Customer_004884,1,,SYNTHETIC,1.3.0,42,
C004885,WS0005,INDIVIDUAL,2026-06-01,Antalya,Akdeniz,0,SMS,ORGANIC,Customer_004885,1,,SYNTHETIC,1.3.0,42,
C004886,WS0001,INDIVIDUAL,2021-10-12,İstanbul,Marmara,0,PHONE,SOCIAL_MEDIA,Customer_004886,1,,SYNTHETIC,1.3.0,42,
C004887,WS0009,INDIVIDUAL,2021-03-03,Samsun,Karadeniz,0,EMAIL,GOOGLE_MAPS,Customer_004887,1,,SYNTHETIC,1.3.0,42,
C004888,WS0006,INDIVIDUAL,2022-10-06,Konya,İç Anadolu,0,SMS,WALK_IN,Customer_004888,1,,SYNTHETIC,1.3.0,42,
C004889,WS0008,INDIVIDUAL,2025-01-14,Gaziantep,Güneydoğu Anadolu,0,PHONE,WALK_IN,Customer_004889,1,,SYNTHETIC,1.3.0,42,
C004890,WS0004,INDIVIDUAL,2021-06-12,Bursa,Marmara,0,EMAIL,ORGANIC,Customer_004890,1,,SYNTHETIC,1.3.0,42,
C004891,WS0003,INDIVIDUAL,2021-03-01,İzmir,Ege,0,SMS,REFERRAL,Customer_004891,1,,SYNTHETIC,1.3.0,42,
C004892,WS0002,INDIVIDUAL,2023-10-10,Ankara,İç Anadolu,0,PHONE,SOCIAL_MEDIA,Customer_004892,1,,SYNTHETIC,1.3.0,42,
C004893,WS0009,COMMERCIAL,2024-11-29,Samsun,Karadeniz,0,EMAIL,FLEET_PARTNERSHIP,Customer_004893,1,,SYNTHETIC,1.3.0,42,
C004894,WS0004,INDIVIDUAL,2024-09-02,Bursa,Marmara,0,WHATSAPP,ORGANIC,Customer_004894,1,,SYNTHETIC,1.3.0,42,
C004895,WS0008,INDIVIDUAL,2023-12-01,Gaziantep,Güneydoğu Anadolu,0,PHONE,SOCIAL_MEDIA,Customer_004895,1,,SYNTHETIC,1.3.0,42,
C004896,WS0003,INDIVIDUAL,2025-03-11,İzmir,Ege,0,WHATSAPP,ORGANIC,Customer_004896,0,2026-07-25,SYNTHETIC,1.3.0,42,
C004897,WS0005,INDIVIDUAL,2023-10-30,Antalya,Akdeniz,0,WHATSAPP,ORGANIC,Customer_004897,0,2024-04-12,SYNTHETIC,1.3.0,42,
C004898,WS0005,COMMERCIAL,2022-06-08,Antalya,Akdeniz,0,WHATSAPP,ORGANIC,Customer_004898,1,,SYNTHETIC,1.3.0,42,
C004899,WS0004,INDIVIDUAL,2022-03-23,Bursa,Marmara,0,WHATSAPP,GOOGLE_MAPS,Customer_004899,1,,SYNTHETIC,1.3.0,42,
C004900,WS0004,INDIVIDUAL,2024-06-29,Bursa,Marmara,0,WHATSAPP,GOOGLE_MAPS,Customer_004900,1,,SYNTHETIC,1.3.0,42,
C004901,WS0008,INDIVIDUAL,2022-05-22,Gaziantep,Güneydoğu Anadolu,0,WHATSAPP,REFERRAL,Customer_004901,1,,SYNTHETIC,1.3.0,42,
C004902,WS0003,INDIVIDUAL,2024-04-16,İzmir,Ege,0,WHATSAPP,REFERRAL,Customer_004902,1,,SYNTHETIC,1.3.0,42,
C004903,WS0007,COMMERCIAL,2021-05-12,Adana,Akdeniz,0,EMAIL,REFERRAL,Customer_004903,1,,SYNTHETIC,1.3.0,42,
C004904,WS0010,INDIVIDUAL,2025-06-25,Eskişehir,İç Anadolu,0,PHONE,SOCIAL_MEDIA,Customer_004904,1,,SYNTHETIC,1.3.0,42,
C004905,WS0008,INDIVIDUAL,2022-08-24,Gaziantep,Güneydoğu Anadolu,0,WHATSAPP,ORGANIC,Customer_004905,1,,SYNTHETIC,1.3.0,42,
C004906,WS0004,INDIVIDUAL,2024-04-21,Bursa,Marmara,0,WHATSAPP,REFERRAL,Customer_004906,1,,SYNTHETIC,1.3.0,42,
C004907,WS0003,INDIVIDUAL,2026-05-12,İzmir,Ege,0,WHATSAPP,SOCIAL_MEDIA,Customer_004907,1,,SYNTHETIC,1.3.0,42,
C004908,WS0007,INDIVIDUAL,2025-05-22,Adana,Akdeniz,0,SMS,ORGANIC,Customer_004908,1,,SYNTHETIC,1.3.0,42,
C004909,WS0009,INDIVIDUAL,2024-09-11,Samsun,Karadeniz,0,SMS,SOCIAL_MEDIA,Customer_004909,1,,SYNTHETIC,1.3.0,42,
C004910,WS0008,INDIVIDUAL,2026-05-28,Gaziantep,Güneydoğu Anadolu,0,WHATSAPP,GOOGLE_MAPS,Customer_004910,1,,SYNTHETIC,1.3.0,42,
C004911,WS0008,INDIVIDUAL,2024-12-28,Gaziantep,Güneydoğu Anadolu,0,WHATSAPP,WALK_IN,Customer_004911,1,,SYNTHETIC,1.3.0,42,
C004912,WS0006,INDIVIDUAL,2024-07-14,Konya,İç Anadolu,0,WHATSAPP,ORGANIC,Customer_004912,0,2024-10-14,SYNTHETIC,1.3.0,42,
C004913,WS0009,INDIVIDUAL,2024-07-31,Samsun,Karadeniz,0,WHATSAPP,REFERRAL,Customer_004913,1,,SYNTHETIC,1.3.0,42,
C004914,WS0003,COMMERCIAL,2023-06-05,İzmir,Ege,0,PHONE,REFERRAL,Customer_004914,1,,SYNTHETIC,1.3.0,42,
C004915,WS0005,INDIVIDUAL,2022-04-24,Antalya,Akdeniz,0,WHATSAPP,ORGANIC,Customer_004915,1,,SYNTHETIC,1.3.0,42,
C004916,WS0005,INDIVIDUAL,2024-12-07,Antalya,Akdeniz,0,SMS,ORGANIC,Customer_004916,1,,SYNTHETIC,1.3.0,42,
C004917,WS0005,INDIVIDUAL,2024-06-24,Antalya,Akdeniz,0,PHONE,REFERRAL,Customer_004917,1,,SYNTHETIC,1.3.0,42,
C004918,WS0006,INDIVIDUAL,2024-01-06,Konya,İç Anadolu,0,PHONE,WALK_IN,Customer_004918,1,,SYNTHETIC,1.3.0,42,
C004919,WS0007,INDIVIDUAL,2025-04-28,Adana,Akdeniz,0,WHATSAPP,REFERRAL,Customer_004919,1,,SYNTHETIC,1.3.0,42,
C004920,WS0005,INDIVIDUAL,2022-12-11,Antalya,Akdeniz,0,WHATSAPP,SOCIAL_MEDIA,Customer_004920,0,2026-04-30,SYNTHETIC,1.3.0,42,
C004921,WS0004,INDIVIDUAL,2025-05-18,Bursa,Marmara,0,SMS,ORGANIC,Customer_004921,1,,SYNTHETIC,1.3.0,42,
C004922,WS0010,COMMERCIAL,2026-06-08,Eskişehir,İç Anadolu,0,WHATSAPP,DIRECT_SALES,Customer_004922,1,,SYNTHETIC,1.3.0,42,
C004923,WS0007,INDIVIDUAL,2021-09-05,Adana,Akdeniz,0,WHATSAPP,REFERRAL,Customer_004923,1,,SYNTHETIC,1.3.0,42,
C004924,WS0007,INDIVIDUAL,2021-06-16,Adana,Akdeniz,0,SMS,GOOGLE_MAPS,Customer_004924,1,,SYNTHETIC,1.3.0,42,
C004925,WS0003,INDIVIDUAL,2023-08-10,İzmir,Ege,0,WHATSAPP,REFERRAL,Customer_004925,1,,SYNTHETIC,1.3.0,42,
C004926,WS0005,INDIVIDUAL,2023-04-27,Antalya,Akdeniz,0,WHATSAPP,ORGANIC,Customer_004926,1,,SYNTHETIC,1.3.0,42,
C004927,WS0006,INDIVIDUAL,2022-06-04,Konya,İç Anadolu,0,SMS,ORGANIC,Customer_004927,0,2024-06-22,SYNTHETIC,1.3.0,42,
C004928,WS0010,INDIVIDUAL,2025-09-14,Eskişehir,İç Anadolu,0,WHATSAPP,ORGANIC,Customer_004928,1,,SYNTHETIC,1.3.0,42,
C004929,WS0008,INDIVIDUAL,2022-09-03,Gaziantep,Güneydoğu Anadolu,0,WHATSAPP,ORGANIC,Customer_004929,1,,SYNTHETIC,1.3.0,42,
C004930,WS0001,INDIVIDUAL,2022-09-29,İstanbul,Marmara,0,WHATSAPP,REFERRAL,Customer_004930,1,,SYNTHETIC,1.3.0,42,
C004931,WS0004,INDIVIDUAL,2024-03-19,Bursa,Marmara,0,PHONE,ORGANIC,Customer_004931,1,,SYNTHETIC,1.3.0,42,
C004932,WS0005,INDIVIDUAL,2024-11-15,Antalya,Akdeniz,0,WHATSAPP,REFERRAL,Customer_004932,0,2025-04-29,SYNTHETIC,1.3.0,42,
C004933,WS0009,INDIVIDUAL,2021-09-29,Samsun,Karadeniz,0,WHATSAPP,ORGANIC,Customer_004933,1,,SYNTHETIC,1.3.0,42,
C004934,WS0008,INDIVIDUAL,2021-10-11,Gaziantep,Güneydoğu Anadolu,0,PHONE,REFERRAL,Customer_004934,1,,SYNTHETIC,1.3.0,42,
C004935,WS0009,INDIVIDUAL,2024-11-27,Samsun,Karadeniz,0,PHONE,ORGANIC,Customer_004935,1,,SYNTHETIC,1.3.0,42,
C004936,WS0001,INDIVIDUAL,2026-01-01,İstanbul,Marmara,0,EMAIL,SOCIAL_MEDIA,Customer_004936,1,,SYNTHETIC,1.3.0,42,
C004937,WS0002,INDIVIDUAL,2023-01-27,Ankara,İç Anadolu,0,PHONE,ORGANIC,Customer_004937,1,,SYNTHETIC,1.3.0,42,
C004938,WS0007,INDIVIDUAL,2022-08-17,Adana,Akdeniz,0,SMS,GOOGLE_MAPS,Customer_004938,1,,SYNTHETIC,1.3.0,42,
C004939,WS0001,INDIVIDUAL,2024-03-14,İstanbul,Marmara,0,WHATSAPP,GOOGLE_MAPS,Customer_004939,1,,SYNTHETIC,1.3.0,42,
C004940,WS0010,FLEET,2026-03-10,Eskişehir,İç Anadolu,1,EMAIL,DIRECT_SALES,Customer_004940,1,,SYNTHETIC,1.3.0,42,
C004941,WS0007,INDIVIDUAL,2022-01-15,Adana,Akdeniz,0,SMS,ORGANIC,Customer_004941,1,,SYNTHETIC,1.3.0,42,
C004942,WS0007,INDIVIDUAL,2025-09-02,Adana,Akdeniz,0,WHATSAPP,REFERRAL,Customer_004942,1,,SYNTHETIC,1.3.0,42,
C004943,WS0003,INDIVIDUAL,2023-03-02,İzmir,Ege,0,PHONE,REFERRAL,Customer_004943,0,2025-08-08,SYNTHETIC,1.3.0,42,
C004944,WS0010,INDIVIDUAL,2021-04-11,Eskişehir,İç Anadolu,0,WHATSAPP,REFERRAL,Customer_004944,0,2023-07-05,SYNTHETIC,1.3.0,42,
C004945,WS0007,INDIVIDUAL,2025-12-11,Adana,Akdeniz,0,WHATSAPP,GOOGLE_MAPS,Customer_004945,1,,SYNTHETIC,1.3.0,42,
C004946,WS0002,INDIVIDUAL,2021-02-10,Ankara,İç Anadolu,0,WHATSAPP,GOOGLE_MAPS,Customer_004946,1,,SYNTHETIC,1.3.0,42,
C004947,WS0009,INDIVIDUAL,2022-11-19,Samsun,Karadeniz,0,EMAIL,WALK_IN,Customer_004947,1,,SYNTHETIC,1.3.0,42,
C004948,WS0003,INDIVIDUAL,2025-01-30,İzmir,Ege,0,WHATSAPP,ORGANIC,Customer_004948,1,,SYNTHETIC,1.3.0,42,
C004949,WS0008,FLEET,2023-09-07,Gaziantep,Güneydoğu Anadolu,1,PHONE,DIRECT_SALES,Customer_004949,1,,SYNTHETIC,1.3.0,42,
C004950,WS0002,INDIVIDUAL,2025-06-13,Ankara,İç Anadolu,0,WHATSAPP,REFERRAL,Customer_004950,1,,SYNTHETIC,1.3.0,42,
C004951,WS0006,COMMERCIAL,2026-02-16,Konya,İç Anadolu,0,PHONE,REFERRAL,Customer_004951,1,,SYNTHETIC,1.3.0,42,
C004952,WS0008,INDIVIDUAL,2025-12-10,Gaziantep,Güneydoğu Anadolu,0,PHONE,WALK_IN,Customer_004952,1,,SYNTHETIC,1.3.0,42,
C004953,WS0007,INDIVIDUAL,2023-11-05,Adana,Akdeniz,0,SMS,REFERRAL,Customer_004953,1,,SYNTHETIC,1.3.0,42,
C004954,WS0002,INDIVIDUAL,2022-11-18,Ankara,İç Anadolu,0,WHATSAPP,ORGANIC,Customer_004954,1,,SYNTHETIC,1.3.0,42,
C004955,WS0004,INDIVIDUAL,2024-06-26,Bursa,Marmara,0,WHATSAPP,WALK_IN,Customer_004955,1,,SYNTHETIC,1.3.0,42,
C004956,WS0003,INDIVIDUAL,2023-12-16,İzmir,Ege,0,WHATSAPP,GOOGLE_MAPS,Customer_004956,1,,SYNTHETIC,1.3.0,42,
C004957,WS0008,INDIVIDUAL,2024-09-19,Gaziantep,Güneydoğu Anadolu,0,PHONE,GOOGLE_MAPS,Customer_004957,1,,SYNTHETIC,1.3.0,42,
C004958,WS0007,COMMERCIAL,2022-03-24,Adana,Akdeniz,0,WHATSAPP,REFERRAL,Customer_004958,1,,SYNTHETIC,1.3.0,42,
C004959,WS0003,INDIVIDUAL,2025-05-02,İzmir,Ege,0,WHATSAPP,REFERRAL,Customer_004959,1,,SYNTHETIC,1.3.0,42,
C004960,WS0004,INDIVIDUAL,2022-07-22,Bursa,Marmara,0,WHATSAPP,REFERRAL,Customer_004960,1,,SYNTHETIC,1.3.0,42,
C004961,WS0010,INDIVIDUAL,2021-06-24,Eskişehir,İç Anadolu,0,WHATSAPP,REFERRAL,Customer_004961,1,,SYNTHETIC,1.3.0,42,
C004962,WS0005,INDIVIDUAL,2026-02-10,Antalya,Akdeniz,0,PHONE,ORGANIC,Customer_004962,0,2026-06-10,SYNTHETIC,1.3.0,42,
C004963,WS0005,INDIVIDUAL,2026-06-18,Antalya,Akdeniz,0,PHONE,ORGANIC,Customer_004963,1,,SYNTHETIC,1.3.0,42,
C004964,WS0001,INDIVIDUAL,2022-12-04,İstanbul,Marmara,0,WHATSAPP,ORGANIC,Customer_004964,1,,SYNTHETIC,1.3.0,42,
C004965,WS0002,INDIVIDUAL,2021-03-30,Ankara,İç Anadolu,0,WHATSAPP,SOCIAL_MEDIA,Customer_004965,1,,SYNTHETIC,1.3.0,42,
C004966,WS0002,INDIVIDUAL,2021-02-21,Ankara,İç Anadolu,0,WHATSAPP,GOOGLE_MAPS,Customer_004966,1,,SYNTHETIC,1.3.0,42,
C004967,WS0008,INDIVIDUAL,2024-12-06,Gaziantep,Güneydoğu Anadolu,0,WHATSAPP,GOOGLE_MAPS,Customer_004967,1,,SYNTHETIC,1.3.0,42,
C004968,WS0009,INDIVIDUAL,2025-01-08,Samsun,Karadeniz,0,SMS,REFERRAL,Customer_004968,1,,SYNTHETIC,1.3.0,42,
C004969,WS0006,INDIVIDUAL,2024-10-10,Konya,İç Anadolu,0,EMAIL,ORGANIC,Customer_004969,1,,SYNTHETIC,1.3.0,42,
C004970,WS0001,INDIVIDUAL,2021-12-14,İstanbul,Marmara,0,WHATSAPP,ORGANIC,Customer_004970,1,,SYNTHETIC,1.3.0,42,
C004971,WS0010,INDIVIDUAL,2023-08-20,Eskişehir,İç Anadolu,0,WHATSAPP,REFERRAL,Customer_004971,1,,SYNTHETIC,1.3.0,42,
C004972,WS0010,INDIVIDUAL,2023-05-12,Eskişehir,İç Anadolu,0,EMAIL,REFERRAL,Customer_004972,1,,SYNTHETIC,1.3.0,42,
C004973,WS0009,INDIVIDUAL,2026-04-13,Samsun,Karadeniz,0,SMS,GOOGLE_MAPS,Customer_004973,1,,SYNTHETIC,1.3.0,42,
C004974,WS0009,INDIVIDUAL,2024-02-07,Samsun,Karadeniz,0,WHATSAPP,ORGANIC,Customer_004974,1,,SYNTHETIC,1.3.0,42,
C004975,WS0009,INDIVIDUAL,2022-04-06,Samsun,Karadeniz,0,WHATSAPP,SOCIAL_MEDIA,Customer_004975,1,,SYNTHETIC,1.3.0,42,
C004976,WS0004,INDIVIDUAL,2025-12-16,Bursa,Marmara,0,WHATSAPP,WALK_IN,Customer_004976,1,,SYNTHETIC,1.3.0,42,
C004977,WS0006,INDIVIDUAL,2023-01-09,Konya,İç Anadolu,0,WHATSAPP,REFERRAL,Customer_004977,1,,SYNTHETIC,1.3.0,42,
C004978,WS0006,INDIVIDUAL,2021-11-12,Konya,İç Anadolu,0,EMAIL,REFERRAL,Customer_004978,1,,SYNTHETIC,1.3.0,42,
C004979,WS0003,COMMERCIAL,2021-01-16,İzmir,Ege,0,PHONE,DIRECT_SALES,Customer_004979,1,,SYNTHETIC,1.3.0,42,
C004980,WS0009,INDIVIDUAL,2025-03-03,Samsun,Karadeniz,0,WHATSAPP,ORGANIC,Customer_004980,0,2026-06-01,SYNTHETIC,1.3.0,42,
C004981,WS0006,INDIVIDUAL,2021-01-01,Konya,İç Anadolu,0,SMS,WALK_IN,Customer_004981,1,,SYNTHETIC,1.3.0,42,
C004982,WS0004,INDIVIDUAL,2025-04-03,Bursa,Marmara,0,WHATSAPP,REFERRAL,Customer_004982,1,,SYNTHETIC,1.3.0,42,
C004983,WS0009,INDIVIDUAL,2022-09-29,Samsun,Karadeniz,0,WHATSAPP,SOCIAL_MEDIA,Customer_004983,1,,SYNTHETIC,1.3.0,42,
C004984,WS0008,INDIVIDUAL,2023-01-16,Gaziantep,Güneydoğu Anadolu,0,PHONE,GOOGLE_MAPS,Customer_004984,1,,SYNTHETIC,1.3.0,42,
C004985,WS0010,INDIVIDUAL,2023-09-23,Eskişehir,İç Anadolu,0,WHATSAPP,GOOGLE_MAPS,Customer_004985,1,,SYNTHETIC,1.3.0,42,
C004986,WS0004,INDIVIDUAL,2025-01-24,Bursa,Marmara,0,WHATSAPP,GOOGLE_MAPS,Customer_004986,1,,SYNTHETIC,1.3.0,42,
C004987,WS0010,INDIVIDUAL,2024-11-29,Eskişehir,İç Anadolu,0,PHONE,REFERRAL,Customer_004987,1,,SYNTHETIC,1.3.0,42,
C004988,WS0007,INDIVIDUAL,2021-11-01,Adana,Akdeniz,0,WHATSAPP,ORGANIC,Customer_004988,1,,SYNTHETIC,1.3.0,42,
C004989,WS0009,INDIVIDUAL,2024-05-08,Samsun,Karadeniz,0,SMS,REFERRAL,Customer_004989,1,,SYNTHETIC,1.3.0,42,
C004990,WS0009,COMMERCIAL,2023-04-03,Samsun,Karadeniz,0,EMAIL,FLEET_PARTNERSHIP,Customer_004990,1,,SYNTHETIC,1.3.0,42,
C004991,WS0001,INDIVIDUAL,2026-05-07,İstanbul,Marmara,0,WHATSAPP,REFERRAL,Customer_004991,1,,SYNTHETIC,1.3.0,42,
C004992,WS0002,INDIVIDUAL,2023-04-08,Ankara,İç Anadolu,0,WHATSAPP,SOCIAL_MEDIA,Customer_004992,0,2024-11-11,SYNTHETIC,1.3.0,42,
C004993,WS0003,INDIVIDUAL,2022-03-05,İzmir,Ege,0,WHATSAPP,ORGANIC,Customer_004993,1,,SYNTHETIC,1.3.0,42,
C004994,WS0005,INDIVIDUAL,2021-10-04,Antalya,Akdeniz,0,WHATSAPP,WALK_IN,Customer_004994,1,,SYNTHETIC,1.3.0,42,
C004995,WS0001,COMMERCIAL,2023-09-07,İstanbul,Marmara,0,EMAIL,ORGANIC,Customer_004995,1,,SYNTHETIC,1.3.0,42,
C004996,WS0005,INDIVIDUAL,2021-05-26,Antalya,Akdeniz,0,PHONE,REFERRAL,Customer_004996,1,,SYNTHETIC,1.3.0,42,
C004997,WS0002,INDIVIDUAL,2022-10-03,Ankara,İç Anadolu,0,WHATSAPP,SOCIAL_MEDIA,Customer_004997,1,,SYNTHETIC,1.3.0,42,
C004998,WS0005,INDIVIDUAL,2023-07-16,Antalya,Akdeniz,0,EMAIL,SOCIAL_MEDIA,Customer_004998,1,,SYNTHETIC,1.3.0,42,
C004999,WS0009,INDIVIDUAL,2023-09-30,Samsun,Karadeniz,0,PHONE,GOOGLE_MAPS,Customer_004999,1,,SYNTHETIC,1.3.0,42,
C005000,WS0002,COMMERCIAL,2021-08-14,Ankara,İç Anadolu,0,PHONE,REFERRAL,Customer_005000,1,,SYNTHETIC,1.3.0,42,
C005001,WS0005,INDIVIDUAL,2023-03-01,Antalya,Akdeniz,0,SMS,SOCIAL_MEDIA,Customer_005001,1,,SYNTHETIC,1.3.0,42,
C005002,WS0002,INDIVIDUAL,2024-09-10,Ankara,İç Anadolu,0,SMS,ORGANIC,Customer_005002,1,,SYNTHETIC,1.3.0,42,
C005003,WS0007,INDIVIDUAL,2026-04-25,Adana,Akdeniz,0,WHATSAPP,SOCIAL_MEDIA,Customer_005003,1,,SYNTHETIC,1.3.0,42,
C005004,WS0010,INDIVIDUAL,2025-10-13,Eskişehir,İç Anadolu,0,EMAIL,SOCIAL_MEDIA,Customer_005004,0,2026-02-14,SYNTHETIC,1.3.0,42,
C005005,WS0002,INDIVIDUAL,2026-04-21,Ankara,İç Anadolu,0,SMS,SOCIAL_MEDIA,Customer_005005,1,,SYNTHETIC,1.3.0,42,
C005006,WS0007,INDIVIDUAL,2022-08-22,Adana,Akdeniz,0,PHONE,ORGANIC,Customer_005006,1,,SYNTHETIC,1.3.0,42,
C005007,WS0003,INDIVIDUAL,2022-11-23,İzmir,Ege,0,WHATSAPP,REFERRAL,Customer_005007,0,2023-05-12,SYNTHETIC,1.3.0,42,
C005008,WS0007,INDIVIDUAL,2024-12-10,Adana,Akdeniz,0,WHATSAPP,REFERRAL,Customer_005008,1,,SYNTHETIC,1.3.0,42,
C005009,WS0007,INDIVIDUAL,2023-12-31,Adana,Akdeniz,0,WHATSAPP,REFERRAL,Customer_005009,1,,SYNTHETIC,1.3.0,42,
C005010,WS0003,INDIVIDUAL,2022-10-11,İzmir,Ege,0,SMS,ORGANIC,Customer_005010,1,,SYNTHETIC,1.3.0,42,
C005011,WS0009,INDIVIDUAL,2024-09-15,Samsun,Karadeniz,0,WHATSAPP,REFERRAL,Customer_005011,1,,SYNTHETIC,1.3.0,42,
C005012,WS0003,INDIVIDUAL,2024-03-22,İzmir,Ege,0,WHATSAPP,GOOGLE_MAPS,Customer_005012,1,,SYNTHETIC,1.3.0,42,
C005013,WS0006,INDIVIDUAL,2022-12-30,Konya,İç Anadolu,0,WHATSAPP,WALK_IN,Customer_005013,1,,SYNTHETIC,1.3.0,42,
C005014,WS0003,INDIVIDUAL,2022-11-26,İzmir,Ege,0,WHATSAPP,REFERRAL,Customer_005014,1,,SYNTHETIC,1.3.0,42,
C005015,WS0008,COMMERCIAL,2024-03-04,Gaziantep,Güneydoğu Anadolu,0,PHONE,REFERRAL,Customer_005015,1,,SYNTHETIC,1.3.0,42,
C005016,WS0001,INDIVIDUAL,2026-01-01,İstanbul,Marmara,0,WHATSAPP,GOOGLE_MAPS,Customer_005016,1,,SYNTHETIC,1.3.0,42,
C005017,WS0003,INDIVIDUAL,2022-01-23,İzmir,Ege,0,WHATSAPP,WALK_IN,Customer_005017,0,2025-09-14,SYNTHETIC,1.3.0,42,
C005018,WS0010,INDIVIDUAL,2025-05-19,Eskişehir,İç Anadolu,0,WHATSAPP,WALK_IN,Customer_005018,1,,SYNTHETIC,1.3.0,42,
C005019,WS0006,INDIVIDUAL,2023-08-24,Konya,İç Anadolu,0,EMAIL,REFERRAL,Customer_005019,1,,SYNTHETIC,1.3.0,42,
C005020,WS0004,COMMERCIAL,2023-09-27,Bursa,Marmara,0,PHONE,REFERRAL,Customer_005020,1,,SYNTHETIC,1.3.0,42,
C005021,WS0005,INDIVIDUAL,2023-10-19,Antalya,Akdeniz,0,EMAIL,SOCIAL_MEDIA,Customer_005021,1,,SYNTHETIC,1.3.0,42,
C005022,WS0003,INDIVIDUAL,2025-07-15,İzmir,Ege,0,WHATSAPP,REFERRAL,Customer_005022,1,,SYNTHETIC,1.3.0,42,
C005023,WS0005,INDIVIDUAL,2026-04-29,Antalya,Akdeniz,0,SMS,WALK_IN,Customer_005023,1,,SYNTHETIC,1.3.0,42,
C005024,WS0008,INDIVIDUAL,2025-12-09,Gaziantep,Güneydoğu Anadolu,0,WHATSAPP,ORGANIC,Customer_005024,1,,SYNTHETIC,1.3.0,42,
C005025,WS0003,INDIVIDUAL,2022-06-11,İzmir,Ege,0,WHATSAPP,REFERRAL,Customer_005025,1,,SYNTHETIC,1.3.0,42,
C005026,WS0003,INDIVIDUAL,2021-07-20,İzmir,Ege,0,PHONE,ORGANIC,Customer_005026,1,,SYNTHETIC,1.3.0,42,
C005027,WS0003,INDIVIDUAL,2022-03-15,İzmir,Ege,0,PHONE,SOCIAL_MEDIA,Customer_005027,1,,SYNTHETIC,1.3.0,42,
C005028,WS0002,INDIVIDUAL,2023-05-27,Ankara,İç Anadolu,0,PHONE,SOCIAL_MEDIA,Customer_005028,1,,SYNTHETIC,1.3.0,42,
C005029,WS0003,INDIVIDUAL,2023-09-10,İzmir,Ege,0,WHATSAPP,SOCIAL_MEDIA,Customer_005029,1,,SYNTHETIC,1.3.0,42,
C005030,WS0005,INDIVIDUAL,2024-08-06,Antalya,Akdeniz,0,SMS,ORGANIC,Customer_005030,1,,SYNTHETIC,1.3.0,42,
C005031,WS0007,INDIVIDUAL,2024-09-29,Adana,Akdeniz,0,EMAIL,ORGANIC,Customer_005031,1,,SYNTHETIC,1.3.0,42,
C005032,WS0001,INDIVIDUAL,2023-06-20,İstanbul,Marmara,0,WHATSAPP,WALK_IN,Customer_005032,0,2025-10-04,SYNTHETIC,1.3.0,42,
C005033,WS0004,INDIVIDUAL,2021-08-18,Bursa,Marmara,0,SMS,GOOGLE_MAPS,Customer_005033,1,,SYNTHETIC,1.3.0,42,
C005034,WS0006,INDIVIDUAL,2024-03-13,Konya,İç Anadolu,0,PHONE,REFERRAL,Customer_005034,1,,SYNTHETIC,1.3.0,42,
C005035,WS0005,INDIVIDUAL,2023-10-19,Antalya,Akdeniz,0,EMAIL,GOOGLE_MAPS,Customer_005035,1,,SYNTHETIC,1.3.0,42,
C005036,WS0004,COMMERCIAL,2022-03-13,Bursa,Marmara,0,WHATSAPP,FLEET_PARTNERSHIP,Customer_005036,1,,SYNTHETIC,1.3.0,42,
C005037,WS0006,INDIVIDUAL,2025-04-10,Konya,İç Anadolu,0,WHATSAPP,REFERRAL,Customer_005037,1,,SYNTHETIC,1.3.0,42,
C005038,WS0006,FLEET,2024-08-12,Konya,İç Anadolu,1,PHONE,REFERRAL,Customer_005038,1,,SYNTHETIC,1.3.0,42,
C005039,WS0008,INDIVIDUAL,2026-04-29,Gaziantep,Güneydoğu Anadolu,0,WHATSAPP,GOOGLE_MAPS,Customer_005039,1,,SYNTHETIC,1.3.0,42,
C005040,WS0003,INDIVIDUAL,2022-10-21,İzmir,Ege,0,WHATSAPP,WALK_IN,Customer_005040,1,,SYNTHETIC,1.3.0,42,
C005041,WS0005,INDIVIDUAL,2021-01-05,Antalya,Akdeniz,0,WHATSAPP,ORGANIC,Customer_005041,1,,SYNTHETIC,1.3.0,42,
C005042,WS0004,COMMERCIAL,2024-06-21,Bursa,Marmara,0,PHONE,DIRECT_SALES,Customer_005042,1,,SYNTHETIC,1.3.0,42,
C005043,WS0009,INDIVIDUAL,2023-03-07,Samsun,Karadeniz,0,PHONE,REFERRAL,Customer_005043,1,,SYNTHETIC,1.3.0,42,
C005044,WS0007,COMMERCIAL,2023-10-05,Adana,Akdeniz,0,PHONE,FLEET_PARTNERSHIP,Customer_005044,1,,SYNTHETIC,1.3.0,42,
C005045,WS0002,INDIVIDUAL,2024-02-06,Ankara,İç Anadolu,0,WHATSAPP,WALK_IN,Customer_005045,1,,SYNTHETIC,1.3.0,42,
C005046,WS0004,INDIVIDUAL,2023-03-29,Bursa,Marmara,0,WHATSAPP,SOCIAL_MEDIA,Customer_005046,1,,SYNTHETIC,1.3.0,42,
C005047,WS0008,INDIVIDUAL,2026-04-06,Gaziantep,Güneydoğu Anadolu,0,EMAIL,ORGANIC,Customer_005047,1,,SYNTHETIC,1.3.0,42,
C005048,WS0009,INDIVIDUAL,2021-11-09,Samsun,Karadeniz,0,EMAIL,GOOGLE_MAPS,Customer_005048,1,,SYNTHETIC,1.3.0,42,
C005049,WS0005,INDIVIDUAL,2026-03-13,Antalya,Akdeniz,0,WHATSAPP,ORGANIC,Customer_005049,0,2026-06-28,SYNTHETIC,1.3.0,42,
C005050,WS0004,INDIVIDUAL,2024-10-07,Bursa,Marmara,0,WHATSAPP,WALK_IN,Customer_005050,1,,SYNTHETIC,1.3.0,42,
C005051,WS0006,INDIVIDUAL,2022-10-04,Konya,İç Anadolu,0,WHATSAPP,GOOGLE_MAPS,Customer_005051,1,,SYNTHETIC,1.3.0,42,
C005052,WS0008,INDIVIDUAL,2021-04-25,Gaziantep,Güneydoğu Anadolu,0,WHATSAPP,REFERRAL,Customer_005052,1,,SYNTHETIC,1.3.0,42,
C005053,WS0004,INDIVIDUAL,2022-10-01,Bursa,Marmara,0,WHATSAPP,REFERRAL,Customer_005053,1,,SYNTHETIC,1.3.0,42,
C005054,WS0002,COMMERCIAL,2023-05-02,Ankara,İç Anadolu,0,WHATSAPP,DIRECT_SALES,Customer_005054,1,,SYNTHETIC,1.3.0,42,
C005055,WS0008,INDIVIDUAL,2021-06-03,Gaziantep,Güneydoğu Anadolu,0,WHATSAPP,SOCIAL_MEDIA,Customer_005055,1,,SYNTHETIC,1.3.0,42,
C005056,WS0010,INDIVIDUAL,2026-03-15,Eskişehir,İç Anadolu,0,PHONE,SOCIAL_MEDIA,Customer_005056,1,,SYNTHETIC,1.3.0,42,
C005057,WS0002,INDIVIDUAL,2023-10-25,Ankara,İç Anadolu,0,WHATSAPP,WALK_IN,Customer_005057,0,2025-11-23,SYNTHETIC,1.3.0,42,
C005058,WS0007,INDIVIDUAL,2023-03-28,Adana,Akdeniz,0,EMAIL,WALK_IN,Customer_005058,1,,SYNTHETIC,1.3.0,42,
C005059,WS0004,INDIVIDUAL,2021-08-20,Bursa,Marmara,0,PHONE,REFERRAL,Customer_005059,1,,SYNTHETIC,1.3.0,42,
C005060,WS0010,INDIVIDUAL,2024-04-06,Eskişehir,İç Anadolu,0,WHATSAPP,ORGANIC,Customer_005060,1,,SYNTHETIC,1.3.0,42,
C005061,WS0002,INDIVIDUAL,2021-08-18,Ankara,İç Anadolu,0,WHATSAPP,WALK_IN,Customer_005061,1,,SYNTHETIC,1.3.0,42,
C005062,WS0004,INDIVIDUAL,2021-02-25,Bursa,Marmara,0,WHATSAPP,WALK_IN,Customer_005062,1,,SYNTHETIC,1.3.0,42,
C005063,WS0008,INDIVIDUAL,2022-12-13,Gaziantep,Güneydoğu Anadolu,0,WHATSAPP,WALK_IN,Customer_005063,1,,SYNTHETIC,1.3.0,42,
C005064,WS0002,INDIVIDUAL,2021-08-11,Ankara,İç Anadolu,0,SMS,GOOGLE_MAPS,Customer_005064,1,,SYNTHETIC,1.3.0,42,
C005065,WS0006,INDIVIDUAL,2025-03-21,Konya,İç Anadolu,0,EMAIL,GOOGLE_MAPS,Customer_005065,1,,SYNTHETIC,1.3.0,42,
C005066,WS0002,INDIVIDUAL,2024-05-21,Ankara,İç Anadolu,0,PHONE,ORGANIC,Customer_005066,1,,SYNTHETIC,1.3.0,42,
C005067,WS0007,INDIVIDUAL,2023-11-01,Adana,Akdeniz,0,PHONE,WALK_IN,Customer_005067,0,2024-08-05,SYNTHETIC,1.3.0,42,
C005068,WS0002,INDIVIDUAL,2022-08-29,Ankara,İç Anadolu,0,SMS,REFERRAL,Customer_005068,1,,SYNTHETIC,1.3.0,42,
C005069,WS0007,INDIVIDUAL,2024-04-08,Adana,Akdeniz,0,WHATSAPP,SOCIAL_MEDIA,Customer_005069,1,,SYNTHETIC,1.3.0,42,
C005070,WS0009,INDIVIDUAL,2021-11-16,Samsun,Karadeniz,0,SMS,REFERRAL,Customer_005070,1,,SYNTHETIC,1.3.0,42,
C005071,WS0002,INDIVIDUAL,2022-08-05,Ankara,İç Anadolu,0,SMS,ORGANIC,Customer_005071,1,,SYNTHETIC,1.3.0,42,
C005072,WS0001,INDIVIDUAL,2024-02-03,İstanbul,Marmara,0,WHATSAPP,WALK_IN,Customer_005072,1,,SYNTHETIC,1.3.0,42,
C005073,WS0003,INDIVIDUAL,2025-09-23,İzmir,Ege,0,WHATSAPP,WALK_IN,Customer_005073,1,,SYNTHETIC,1.3.0,42,
C005074,WS0008,INDIVIDUAL,2022-01-01,Gaziantep,Güneydoğu Anadolu,0,WHATSAPP,WALK_IN,Customer_005074,1,,SYNTHETIC,1.3.0,42,
C005075,WS0001,INDIVIDUAL,2022-04-18,İstanbul,Marmara,0,WHATSAPP,ORGANIC,Customer_005075,1,,SYNTHETIC,1.3.0,42,
C005076,WS0002,INDIVIDUAL,2021-12-29,Ankara,İç Anadolu,0,WHATSAPP,ORGANIC,Customer_005076,1,,SYNTHETIC,1.3.0,42,
C005077,WS0009,INDIVIDUAL,2023-05-29,Samsun,Karadeniz,0,EMAIL,WALK_IN,Customer_005077,1,,SYNTHETIC,1.3.0,42,
C005078,WS0002,INDIVIDUAL,2024-08-12,Ankara,İç Anadolu,0,WHATSAPP,REFERRAL,Customer_005078,0,2025-01-01,SYNTHETIC,1.3.0,42,
C005079,WS0008,INDIVIDUAL,2023-06-07,Gaziantep,Güneydoğu Anadolu,0,WHATSAPP,ORGANIC,Customer_005079,1,,SYNTHETIC,1.3.0,42,
C005080,WS0010,INDIVIDUAL,2023-09-07,Eskişehir,İç Anadolu,0,PHONE,GOOGLE_MAPS,Customer_005080,1,,SYNTHETIC,1.3.0,42,
C005081,WS0002,INDIVIDUAL,2026-05-11,Ankara,İç Anadolu,0,EMAIL,ORGANIC,Customer_005081,1,,SYNTHETIC,1.3.0,42,
C005082,WS0010,INDIVIDUAL,2025-04-07,Eskişehir,İç Anadolu,0,PHONE,GOOGLE_MAPS,Customer_005082,1,,SYNTHETIC,1.3.0,42,
C005083,WS0001,INDIVIDUAL,2024-03-06,İstanbul,Marmara,0,WHATSAPP,REFERRAL,Customer_005083,1,,SYNTHETIC,1.3.0,42,
C005084,WS0008,INDIVIDUAL,2021-10-07,Gaziantep,Güneydoğu Anadolu,0,WHATSAPP,WALK_IN,Customer_005084,1,,SYNTHETIC,1.3.0,42,
C005085,WS0004,INDIVIDUAL,2023-05-17,Bursa,Marmara,0,WHATSAPP,ORGANIC,Customer_005085,1,,SYNTHETIC,1.3.0,42,
C005086,WS0001,INDIVIDUAL,2022-12-29,İstanbul,Marmara,0,WHATSAPP,ORGANIC,Customer_005086,1,,SYNTHETIC,1.3.0,42,
C005087,WS0009,INDIVIDUAL,2022-06-23,Samsun,Karadeniz,0,PHONE,SOCIAL_MEDIA,Customer_005087,1,,SYNTHETIC,1.3.0,42,
C005088,WS0002,INDIVIDUAL,2021-11-27,Ankara,İç Anadolu,0,WHATSAPP,REFERRAL,Customer_005088,1,,SYNTHETIC,1.3.0,42,
C005089,WS0007,INDIVIDUAL,2021-10-10,Adana,Akdeniz,0,SMS,GOOGLE_MAPS,Customer_005089,1,,SYNTHETIC,1.3.0,42,
C005090,WS0005,INDIVIDUAL,2022-04-24,Antalya,Akdeniz,0,WHATSAPP,ORGANIC,Customer_005090,1,,SYNTHETIC,1.3.0,42,
C005091,WS0003,INDIVIDUAL,2025-10-20,İzmir,Ege,0,SMS,REFERRAL,Customer_005091,1,,SYNTHETIC,1.3.0,42,
C005092,WS0005,INDIVIDUAL,2023-03-06,Antalya,Akdeniz,0,WHATSAPP,SOCIAL_MEDIA,Customer_005092,1,,SYNTHETIC,1.3.0,42,
C005093,WS0006,COMMERCIAL,2026-02-11,Konya,İç Anadolu,0,WHATSAPP,ORGANIC,Customer_005093,1,,SYNTHETIC,1.3.0,42,
C005094,WS0005,INDIVIDUAL,2023-04-07,Antalya,Akdeniz,0,EMAIL,REFERRAL,Customer_005094,0,2024-04-29,SYNTHETIC,1.3.0,42,
C005095,WS0001,INDIVIDUAL,2023-06-19,İstanbul,Marmara,0,SMS,WALK_IN,Customer_005095,1,,SYNTHETIC,1.3.0,42,
C005096,WS0001,INDIVIDUAL,2021-11-12,İstanbul,Marmara,0,WHATSAPP,ORGANIC,Customer_005096,1,,SYNTHETIC,1.3.0,42,
C005097,WS0006,INDIVIDUAL,2021-11-02,Konya,İç Anadolu,0,SMS,GOOGLE_MAPS,Customer_005097,1,,SYNTHETIC,1.3.0,42,
C005098,WS0007,INDIVIDUAL,2024-09-19,Adana,Akdeniz,0,WHATSAPP,REFERRAL,Customer_005098,1,,SYNTHETIC,1.3.0,42,
C005099,WS0002,INDIVIDUAL,2024-12-07,Ankara,İç Anadolu,0,PHONE,ORGANIC,Customer_005099,1,,SYNTHETIC,1.3.0,42,
C005100,WS0010,INDIVIDUAL,2026-01-02,Eskişehir,İç Anadolu,0,PHONE,GOOGLE_MAPS,Customer_005100,1,,SYNTHETIC,1.3.0,42,
C005101,WS0008,INDIVIDUAL,2024-04-26,Gaziantep,Güneydoğu Anadolu,0,WHATSAPP,GOOGLE_MAPS,Customer_005101,1,,SYNTHETIC,1.3.0,42,
C005102,WS0010,COMMERCIAL,2024-06-22,Eskişehir,İç Anadolu,0,PHONE,DIRECT_SALES,Customer_005102,1,,SYNTHETIC,1.3.0,42,
C005103,WS0006,INDIVIDUAL,2025-07-20,Konya,İç Anadolu,0,SMS,WALK_IN,Customer_005103,0,2026-03-15,SYNTHETIC,1.3.0,42,
C005104,WS0006,INDIVIDUAL,2023-10-01,Konya,İç Anadolu,0,PHONE,WALK_IN,Customer_005104,1,,SYNTHETIC,1.3.0,42,
C005105,WS0006,INDIVIDUAL,2021-12-26,Konya,İç Anadolu,0,SMS,GOOGLE_MAPS,Customer_005105,1,,SYNTHETIC,1.3.0,42,
C005106,WS0003,INDIVIDUAL,2023-07-20,İzmir,Ege,0,WHATSAPP,ORGANIC,Customer_005106,1,,SYNTHETIC,1.3.0,42,
C005107,WS0004,INDIVIDUAL,2024-05-12,Bursa,Marmara,0,EMAIL,ORGANIC,Customer_005107,1,,SYNTHETIC,1.3.0,42,
C005108,WS0008,INDIVIDUAL,2021-05-28,Gaziantep,Güneydoğu Anadolu,0,PHONE,WALK_IN,Customer_005108,1,,SYNTHETIC,1.3.0,42,
C005109,WS0001,FLEET,2022-08-09,İstanbul,Marmara,1,WHATSAPP,DIRECT_SALES,Customer_005109,1,,SYNTHETIC,1.3.0,42,
C005110,WS0008,INDIVIDUAL,2021-11-19,Gaziantep,Güneydoğu Anadolu,0,WHATSAPP,REFERRAL,Customer_005110,1,,SYNTHETIC,1.3.0,42,
C005111,WS0001,INDIVIDUAL,2025-11-20,İstanbul,Marmara,0,WHATSAPP,ORGANIC,Customer_005111,1,,SYNTHETIC,1.3.0,42,
C005112,WS0008,COMMERCIAL,2021-09-21,Gaziantep,Güneydoğu Anadolu,0,PHONE,FLEET_PARTNERSHIP,Customer_005112,1,,SYNTHETIC,1.3.0,42,
C005113,WS0003,INDIVIDUAL,2022-01-04,İzmir,Ege,0,WHATSAPP,REFERRAL,Customer_005113,1,,SYNTHETIC,1.3.0,42,
C005114,WS0005,INDIVIDUAL,2021-07-31,Antalya,Akdeniz,0,EMAIL,SOCIAL_MEDIA,Customer_005114,1,,SYNTHETIC,1.3.0,42,
C005115,WS0001,INDIVIDUAL,2021-02-08,İstanbul,Marmara,0,EMAIL,ORGANIC,Customer_005115,1,,SYNTHETIC,1.3.0,42,
C005116,WS0002,INDIVIDUAL,2021-06-15,Ankara,İç Anadolu,0,WHATSAPP,ORGANIC,Customer_005116,1,,SYNTHETIC,1.3.0,42,
C005117,WS0007,COMMERCIAL,2024-09-11,Adana,Akdeniz,0,WHATSAPP,REFERRAL,Customer_005117,1,,SYNTHETIC,1.3.0,42,
C005118,WS0006,INDIVIDUAL,2025-03-16,Konya,İç Anadolu,0,WHATSAPP,WALK_IN,Customer_005118,1,,SYNTHETIC,1.3.0,42,
C005119,WS0004,INDIVIDUAL,2024-08-28,Bursa,Marmara,0,PHONE,SOCIAL_MEDIA,Customer_005119,1,,SYNTHETIC,1.3.0,42,
C005120,WS0001,INDIVIDUAL,2025-11-19,İstanbul,Marmara,0,WHATSAPP,REFERRAL,Customer_005120,1,,SYNTHETIC,1.3.0,42,
C005121,WS0008,INDIVIDUAL,2026-04-28,Gaziantep,Güneydoğu Anadolu,0,SMS,ORGANIC,Customer_005121,1,,SYNTHETIC,1.3.0,42,
C005122,WS0005,INDIVIDUAL,2022-02-18,Antalya,Akdeniz,0,WHATSAPP,GOOGLE_MAPS,Customer_005122,1,,SYNTHETIC,1.3.0,42,
C005123,WS0004,INDIVIDUAL,2024-01-30,Bursa,Marmara,0,PHONE,REFERRAL,Customer_005123,1,,SYNTHETIC,1.3.0,42,
C005124,WS0002,INDIVIDUAL,2025-10-18,Ankara,İç Anadolu,0,WHATSAPP,GOOGLE_MAPS,Customer_005124,1,,SYNTHETIC,1.3.0,42,
C005125,WS0009,INDIVIDUAL,2023-08-13,Samsun,Karadeniz,0,WHATSAPP,SOCIAL_MEDIA,Customer_005125,1,,SYNTHETIC,1.3.0,42,
C005126,WS0002,INDIVIDUAL,2022-11-08,Ankara,İç Anadolu,0,SMS,GOOGLE_MAPS,Customer_005126,1,,SYNTHETIC,1.3.0,42,
C005127,WS0006,INDIVIDUAL,2022-03-26,Konya,İç Anadolu,0,WHATSAPP,REFERRAL,Customer_005127,1,,SYNTHETIC,1.3.0,42,
C005128,WS0005,INDIVIDUAL,2021-02-13,Antalya,Akdeniz,0,WHATSAPP,REFERRAL,Customer_005128,1,,SYNTHETIC,1.3.0,42,
C005129,WS0006,COMMERCIAL,2025-06-17,Konya,İç Anadolu,0,PHONE,FLEET_PARTNERSHIP,Customer_005129,1,,SYNTHETIC,1.3.0,42,
C005130,WS0008,INDIVIDUAL,2024-12-04,Gaziantep,Güneydoğu Anadolu,0,WHATSAPP,WALK_IN,Customer_005130,1,,SYNTHETIC,1.3.0,42,
C005131,WS0007,INDIVIDUAL,2023-07-16,Adana,Akdeniz,0,WHATSAPP,GOOGLE_MAPS,Customer_005131,1,,SYNTHETIC,1.3.0,42,
C005132,WS0008,INDIVIDUAL,2024-06-06,Gaziantep,Güneydoğu Anadolu,0,WHATSAPP,ORGANIC,Customer_005132,1,,SYNTHETIC,1.3.0,42,
C005133,WS0003,INDIVIDUAL,2023-06-11,İzmir,Ege,0,WHATSAPP,ORGANIC,Customer_005133,1,,SYNTHETIC,1.3.0,42,
C005134,WS0001,INDIVIDUAL,2024-07-23,İstanbul,Marmara,0,WHATSAPP,WALK_IN,Customer_005134,0,2024-10-22,SYNTHETIC,1.3.0,42,
C005135,WS0005,INDIVIDUAL,2023-12-28,Antalya,Akdeniz,0,SMS,REFERRAL,Customer_005135,1,,SYNTHETIC,1.3.0,42,
C005136,WS0008,INDIVIDUAL,2026-03-19,Gaziantep,Güneydoğu Anadolu,0,PHONE,ORGANIC,Customer_005136,1,,SYNTHETIC,1.3.0,42,
C005137,WS0010,INDIVIDUAL,2023-03-03,Eskişehir,İç Anadolu,0,WHATSAPP,WALK_IN,Customer_005137,1,,SYNTHETIC,1.3.0,42,
C005138,WS0006,INDIVIDUAL,2021-05-18,Konya,İç Anadolu,0,WHATSAPP,ORGANIC,Customer_005138,1,,SYNTHETIC,1.3.0,42,
C005139,WS0004,INDIVIDUAL,2022-03-10,Bursa,Marmara,0,SMS,REFERRAL,Customer_005139,1,,SYNTHETIC,1.3.0,42,
C005140,WS0006,INDIVIDUAL,2023-04-22,Konya,İç Anadolu,0,PHONE,GOOGLE_MAPS,Customer_005140,1,,SYNTHETIC,1.3.0,42,
C005141,WS0005,INDIVIDUAL,2025-05-14,Antalya,Akdeniz,0,PHONE,ORGANIC,Customer_005141,1,,SYNTHETIC,1.3.0,42,
C005142,WS0008,INDIVIDUAL,2022-06-02,Gaziantep,Güneydoğu Anadolu,0,WHATSAPP,ORGANIC,Customer_005142,1,,SYNTHETIC,1.3.0,42,
C005143,WS0008,INDIVIDUAL,2024-11-25,Gaziantep,Güneydoğu Anadolu,0,WHATSAPP,GOOGLE_MAPS,Customer_005143,1,,SYNTHETIC,1.3.0,42,
C005144,WS0007,COMMERCIAL,2024-05-27,Adana,Akdeniz,0,WHATSAPP,FLEET_PARTNERSHIP,Customer_005144,1,,SYNTHETIC,1.3.0,42,
C005145,WS0007,INDIVIDUAL,2024-06-11,Adana,Akdeniz,0,WHATSAPP,REFERRAL,Customer_005145,1,,SYNTHETIC,1.3.0,42,
C005146,WS0009,INDIVIDUAL,2024-03-24,Samsun,Karadeniz,0,WHATSAPP,REFERRAL,Customer_005146,1,,SYNTHETIC,1.3.0,42,
C005147,WS0004,INDIVIDUAL,2021-02-24,Bursa,Marmara,0,WHATSAPP,GOOGLE_MAPS,Customer_005147,1,,SYNTHETIC,1.3.0,42,
C005148,WS0004,INDIVIDUAL,2025-07-29,Bursa,Marmara,0,WHATSAPP,GOOGLE_MAPS,Customer_005148,1,,SYNTHETIC,1.3.0,42,
C005149,WS0008,INDIVIDUAL,2022-01-17,Gaziantep,Güneydoğu Anadolu,0,WHATSAPP,SOCIAL_MEDIA,Customer_005149,1,,SYNTHETIC,1.3.0,42,
C005150,WS0008,COMMERCIAL,2026-05-29,Gaziantep,Güneydoğu Anadolu,0,EMAIL,ORGANIC,Customer_005150,1,,SYNTHETIC,1.3.0,42,
C005151,WS0004,INDIVIDUAL,2022-10-20,Bursa,Marmara,0,PHONE,SOCIAL_MEDIA,Customer_005151,1,,SYNTHETIC,1.3.0,42,
C005152,WS0007,INDIVIDUAL,2022-11-04,Adana,Akdeniz,0,PHONE,SOCIAL_MEDIA,Customer_005152,1,,SYNTHETIC,1.3.0,42,
C005153,WS0004,INDIVIDUAL,2025-02-13,Bursa,Marmara,0,PHONE,WALK_IN,Customer_005153,1,,SYNTHETIC,1.3.0,42,
C005154,WS0008,COMMERCIAL,2025-03-04,Gaziantep,Güneydoğu Anadolu,0,WHATSAPP,REFERRAL,Customer_005154,1,,SYNTHETIC,1.3.0,42,
C005155,WS0010,INDIVIDUAL,2023-11-05,Eskişehir,İç Anadolu,0,WHATSAPP,GOOGLE_MAPS,Customer_005155,1,,SYNTHETIC,1.3.0,42,
C005156,WS0007,INDIVIDUAL,2023-06-02,Adana,Akdeniz,0,SMS,SOCIAL_MEDIA,Customer_005156,1,,SYNTHETIC,1.3.0,42,
C005157,WS0007,INDIVIDUAL,2022-04-11,Adana,Akdeniz,0,WHATSAPP,REFERRAL,Customer_005157,1,,SYNTHETIC,1.3.0,42,
C005158,WS0003,COMMERCIAL,2026-02-19,İzmir,Ege,0,EMAIL,REFERRAL,Customer_005158,1,,SYNTHETIC,1.3.0,42,
C005159,WS0005,INDIVIDUAL,2026-05-31,Antalya,Akdeniz,0,EMAIL,REFERRAL,Customer_005159,1,,SYNTHETIC,1.3.0,42,
C005160,WS0009,INDIVIDUAL,2021-03-28,Samsun,Karadeniz,0,PHONE,ORGANIC,Customer_005160,0,2023-07-28,SYNTHETIC,1.3.0,42,
C005161,WS0004,INDIVIDUAL,2025-10-24,Bursa,Marmara,0,WHATSAPP,REFERRAL,Customer_005161,0,2026-05-17,SYNTHETIC,1.3.0,42,
C005162,WS0005,INDIVIDUAL,2021-02-04,Antalya,Akdeniz,0,PHONE,REFERRAL,Customer_005162,1,,SYNTHETIC,1.3.0,42,
C005163,WS0009,INDIVIDUAL,2022-03-04,Samsun,Karadeniz,0,WHATSAPP,REFERRAL,Customer_005163,1,,SYNTHETIC,1.3.0,42,
C005164,WS0004,INDIVIDUAL,2021-04-03,Bursa,Marmara,0,WHATSAPP,ORGANIC,Customer_005164,1,,SYNTHETIC,1.3.0,42,
C005165,WS0004,INDIVIDUAL,2021-04-01,Bursa,Marmara,0,EMAIL,REFERRAL,Customer_005165,1,,SYNTHETIC,1.3.0,42,
C005166,WS0005,INDIVIDUAL,2022-05-14,Antalya,Akdeniz,0,WHATSAPP,ORGANIC,Customer_005166,1,,SYNTHETIC,1.3.0,42,
C005167,WS0008,FLEET,2022-11-04,Gaziantep,Güneydoğu Anadolu,1,WHATSAPP,DIRECT_SALES,Customer_005167,1,,SYNTHETIC,1.3.0,42,
C005168,WS0001,INDIVIDUAL,2025-07-08,İstanbul,Marmara,0,WHATSAPP,WALK_IN,Customer_005168,1,,SYNTHETIC,1.3.0,42,
C005169,WS0004,FLEET,2025-07-31,Bursa,Marmara,1,EMAIL,FLEET_PARTNERSHIP,Customer_005169,1,,SYNTHETIC,1.3.0,42,
C005170,WS0010,INDIVIDUAL,2024-11-10,Eskişehir,İç Anadolu,0,EMAIL,ORGANIC,Customer_005170,1,,SYNTHETIC,1.3.0,42,
C005171,WS0010,INDIVIDUAL,2024-10-30,Eskişehir,İç Anadolu,0,WHATSAPP,ORGANIC,Customer_005171,0,2026-01-22,SYNTHETIC,1.3.0,42,
C005172,WS0010,INDIVIDUAL,2024-04-24,Eskişehir,İç Anadolu,0,EMAIL,ORGANIC,Customer_005172,1,,SYNTHETIC,1.3.0,42,
C005173,WS0005,INDIVIDUAL,2021-08-31,Antalya,Akdeniz,0,PHONE,GOOGLE_MAPS,Customer_005173,1,,SYNTHETIC,1.3.0,42,
C005174,WS0010,INDIVIDUAL,2023-12-02,Eskişehir,İç Anadolu,0,WHATSAPP,ORGANIC,Customer_005174,1,,SYNTHETIC,1.3.0,42,
C005175,WS0001,INDIVIDUAL,2025-04-05,İstanbul,Marmara,0,PHONE,ORGANIC,Customer_005175,1,,SYNTHETIC,1.3.0,42,
C005176,WS0002,INDIVIDUAL,2025-02-25,Ankara,İç Anadolu,0,WHATSAPP,SOCIAL_MEDIA,Customer_005176,1,,SYNTHETIC,1.3.0,42,
C005177,WS0004,INDIVIDUAL,2025-07-08,Bursa,Marmara,0,SMS,WALK_IN,Customer_005177,1,,SYNTHETIC,1.3.0,42,
C005178,WS0002,INDIVIDUAL,2023-06-18,Ankara,İç Anadolu,0,WHATSAPP,ORGANIC,Customer_005178,0,2025-07-26,SYNTHETIC,1.3.0,42,
C005179,WS0009,INDIVIDUAL,2022-05-27,Samsun,Karadeniz,0,PHONE,REFERRAL,Customer_005179,1,,SYNTHETIC,1.3.0,42,
C005180,WS0001,INDIVIDUAL,2021-08-22,İstanbul,Marmara,0,WHATSAPP,SOCIAL_MEDIA,Customer_005180,1,,SYNTHETIC,1.3.0,42,
C005181,WS0007,INDIVIDUAL,2023-08-21,Adana,Akdeniz,0,WHATSAPP,REFERRAL,Customer_005181,1,,SYNTHETIC,1.3.0,42,
C005182,WS0002,INDIVIDUAL,2021-01-13,Ankara,İç Anadolu,0,WHATSAPP,SOCIAL_MEDIA,Customer_005182,0,2025-10-07,SYNTHETIC,1.3.0,42,
C005183,WS0002,INDIVIDUAL,2023-03-25,Ankara,İç Anadolu,0,WHATSAPP,REFERRAL,Customer_005183,1,,SYNTHETIC,1.3.0,42,
C005184,WS0008,COMMERCIAL,2022-08-26,Gaziantep,Güneydoğu Anadolu,0,PHONE,DIRECT_SALES,Customer_005184,1,,SYNTHETIC,1.3.0,42,
C005185,WS0004,INDIVIDUAL,2024-06-15,Bursa,Marmara,0,SMS,GOOGLE_MAPS,Customer_005185,1,,SYNTHETIC,1.3.0,42,
C005186,WS0010,INDIVIDUAL,2021-07-25,Eskişehir,İç Anadolu,0,WHATSAPP,ORGANIC,Customer_005186,1,,SYNTHETIC,1.3.0,42,
C005187,WS0002,INDIVIDUAL,2021-09-07,Ankara,İç Anadolu,0,PHONE,REFERRAL,Customer_005187,0,2021-12-15,SYNTHETIC,1.3.0,42,
C005188,WS0003,INDIVIDUAL,2025-03-10,İzmir,Ege,0,SMS,WALK_IN,Customer_005188,1,,SYNTHETIC,1.3.0,42,
C005189,WS0007,INDIVIDUAL,2023-02-25,Adana,Akdeniz,0,EMAIL,ORGANIC,Customer_005189,1,,SYNTHETIC,1.3.0,42,
C005190,WS0009,INDIVIDUAL,2021-01-12,Samsun,Karadeniz,0,PHONE,GOOGLE_MAPS,Customer_005190,1,,SYNTHETIC,1.3.0,42,
C005191,WS0002,INDIVIDUAL,2022-05-04,Ankara,İç Anadolu,0,SMS,REFERRAL,Customer_005191,1,,SYNTHETIC,1.3.0,42,
C005192,WS0001,FLEET,2024-07-03,İstanbul,Marmara,1,PHONE,REFERRAL,Customer_005192,1,,SYNTHETIC,1.3.0,42,
C005193,WS0008,INDIVIDUAL,2023-02-01,Gaziantep,Güneydoğu Anadolu,0,WHATSAPP,REFERRAL,Customer_005193,1,,SYNTHETIC,1.3.0,42,
C005194,WS0003,INDIVIDUAL,2023-12-20,İzmir,Ege,0,SMS,ORGANIC,Customer_005194,0,2024-04-16,SYNTHETIC,1.3.0,42,
C005195,WS0004,INDIVIDUAL,2026-05-19,Bursa,Marmara,0,WHATSAPP,REFERRAL,Customer_005195,1,,SYNTHETIC,1.3.0,42,
C005196,WS0008,COMMERCIAL,2021-01-15,Gaziantep,Güneydoğu Anadolu,0,EMAIL,REFERRAL,Customer_005196,1,,SYNTHETIC,1.3.0,42,
C005197,WS0004,INDIVIDUAL,2021-10-17,Bursa,Marmara,0,WHATSAPP,ORGANIC,Customer_005197,1,,SYNTHETIC,1.3.0,42,
C005198,WS0007,INDIVIDUAL,2021-12-04,Adana,Akdeniz,0,EMAIL,WALK_IN,Customer_005198,1,,SYNTHETIC,1.3.0,42,
C005199,WS0006,INDIVIDUAL,2024-04-24,Konya,İç Anadolu,0,SMS,REFERRAL,Customer_005199,1,,SYNTHETIC,1.3.0,42,
C005200,WS0009,INDIVIDUAL,2022-10-05,Samsun,Karadeniz,0,WHATSAPP,GOOGLE_MAPS,Customer_005200,1,,SYNTHETIC,1.3.0,42,
C005201,WS0003,INDIVIDUAL,2023-02-13,İzmir,Ege,0,WHATSAPP,WALK_IN,Customer_005201,1,,SYNTHETIC,1.3.0,42,
C005202,WS0004,COMMERCIAL,2022-01-09,Bursa,Marmara,0,PHONE,DIRECT_SALES,Customer_005202,1,,SYNTHETIC,1.3.0,42,
C005203,WS0004,INDIVIDUAL,2024-08-23,Bursa,Marmara,0,WHATSAPP,GOOGLE_MAPS,Customer_005203,1,,SYNTHETIC,1.3.0,42,
C005204,WS0001,INDIVIDUAL,2022-10-18,İstanbul,Marmara,0,SMS,WALK_IN,Customer_005204,1,,SYNTHETIC,1.3.0,42,
C005205,WS0003,INDIVIDUAL,2025-12-17,İzmir,Ege,0,PHONE,ORGANIC,Customer_005205,1,,SYNTHETIC,1.3.0,42,
C005206,WS0010,INDIVIDUAL,2022-10-14,Eskişehir,İç Anadolu,0,WHATSAPP,WALK_IN,Customer_005206,0,2025-04-14,SYNTHETIC,1.3.0,42,
C005207,WS0006,INDIVIDUAL,2023-05-24,Konya,İç Anadolu,0,WHATSAPP,WALK_IN,Customer_005207,1,,SYNTHETIC,1.3.0,42,
C005208,WS0008,INDIVIDUAL,2024-09-26,Gaziantep,Güneydoğu Anadolu,0,WHATSAPP,ORGANIC,Customer_005208,1,,SYNTHETIC,1.3.0,42,
C005209,WS0004,INDIVIDUAL,2023-04-09,Bursa,Marmara,0,PHONE,REFERRAL,Customer_005209,1,,SYNTHETIC,1.3.0,42,
C005210,WS0003,INDIVIDUAL,2023-02-10,İzmir,Ege,0,WHATSAPP,GOOGLE_MAPS,Customer_005210,1,,SYNTHETIC,1.3.0,42,
C005211,WS0002,COMMERCIAL,2026-07-03,Ankara,İç Anadolu,0,WHATSAPP,DIRECT_SALES,Customer_005211,1,,SYNTHETIC,1.3.0,42,
C005212,WS0001,INDIVIDUAL,2025-01-21,İstanbul,Marmara,0,PHONE,GOOGLE_MAPS,Customer_005212,1,,SYNTHETIC,1.3.0,42,
C005213,WS0010,INDIVIDUAL,2025-12-28,Eskişehir,İç Anadolu,0,WHATSAPP,SOCIAL_MEDIA,Customer_005213,1,,SYNTHETIC,1.3.0,42,
C005214,WS0003,COMMERCIAL,2021-11-26,İzmir,Ege,0,EMAIL,DIRECT_SALES,Customer_005214,1,,SYNTHETIC,1.3.0,42,
C005215,WS0004,INDIVIDUAL,2022-08-20,Bursa,Marmara,0,WHATSAPP,REFERRAL,Customer_005215,1,,SYNTHETIC,1.3.0,42,
C005216,WS0007,INDIVIDUAL,2026-03-08,Adana,Akdeniz,0,PHONE,WALK_IN,Customer_005216,1,,SYNTHETIC,1.3.0,42,
C005217,WS0001,COMMERCIAL,2026-07-06,İstanbul,Marmara,0,PHONE,REFERRAL,Customer_005217,1,,SYNTHETIC,1.3.0,42,
C005218,WS0001,COMMERCIAL,2022-12-07,İstanbul,Marmara,0,WHATSAPP,REFERRAL,Customer_005218,1,,SYNTHETIC,1.3.0,42,
C005219,WS0001,INDIVIDUAL,2021-10-26,İstanbul,Marmara,0,PHONE,ORGANIC,Customer_005219,1,,SYNTHETIC,1.3.0,42,
C005220,WS0008,INDIVIDUAL,2021-07-01,Gaziantep,Güneydoğu Anadolu,0,PHONE,SOCIAL_MEDIA,Customer_005220,1,,SYNTHETIC,1.3.0,42,
C005221,WS0009,INDIVIDUAL,2024-08-04,Samsun,Karadeniz,0,PHONE,WALK_IN,Customer_005221,1,,SYNTHETIC,1.3.0,42,
C005222,WS0001,COMMERCIAL,2024-07-18,İstanbul,Marmara,0,EMAIL,ORGANIC,Customer_005222,1,,SYNTHETIC,1.3.0,42,
C005223,WS0008,INDIVIDUAL,2022-04-12,Gaziantep,Güneydoğu Anadolu,0,WHATSAPP,ORGANIC,Customer_005223,1,,SYNTHETIC,1.3.0,42,
C005224,WS0009,INDIVIDUAL,2025-05-22,Samsun,Karadeniz,0,EMAIL,WALK_IN,Customer_005224,1,,SYNTHETIC,1.3.0,42,
C005225,WS0009,INDIVIDUAL,2022-06-09,Samsun,Karadeniz,0,EMAIL,GOOGLE_MAPS,Customer_005225,1,,SYNTHETIC,1.3.0,42,
C005226,WS0004,INDIVIDUAL,2024-12-15,Bursa,Marmara,0,WHATSAPP,ORGANIC,Customer_005226,0,2025-08-08,SYNTHETIC,1.3.0,42,
C005227,WS0009,INDIVIDUAL,2024-03-29,Samsun,Karadeniz,0,WHATSAPP,REFERRAL,Customer_005227,1,,SYNTHETIC,1.3.0,42,
C005228,WS0008,INDIVIDUAL,2024-10-25,Gaziantep,Güneydoğu Anadolu,0,SMS,SOCIAL_MEDIA,Customer_005228,1,,SYNTHETIC,1.3.0,42,
C005229,WS0008,INDIVIDUAL,2021-05-02,Gaziantep,Güneydoğu Anadolu,0,WHATSAPP,REFERRAL,Customer_005229,1,,SYNTHETIC,1.3.0,42,
C005230,WS0007,INDIVIDUAL,2021-06-01,Adana,Akdeniz,0,WHATSAPP,SOCIAL_MEDIA,Customer_005230,1,,SYNTHETIC,1.3.0,42,
C005231,WS0008,INDIVIDUAL,2022-08-06,Gaziantep,Güneydoğu Anadolu,0,WHATSAPP,SOCIAL_MEDIA,Customer_005231,1,,SYNTHETIC,1.3.0,42,
C005232,WS0007,INDIVIDUAL,2026-01-08,Adana,Akdeniz,0,EMAIL,REFERRAL,Customer_005232,1,,SYNTHETIC,1.3.0,42,
C005233,WS0004,COMMERCIAL,2026-01-23,Bursa,Marmara,0,EMAIL,DIRECT_SALES,Customer_005233,1,,SYNTHETIC,1.3.0,42,
C005234,WS0008,INDIVIDUAL,2022-06-27,Gaziantep,Güneydoğu Anadolu,0,WHATSAPP,REFERRAL,Customer_005234,0,2024-03-15,SYNTHETIC,1.3.0,42,
C005235,WS0005,INDIVIDUAL,2023-10-08,Antalya,Akdeniz,0,EMAIL,SOCIAL_MEDIA,Customer_005235,1,,SYNTHETIC,1.3.0,42,
C005236,WS0008,INDIVIDUAL,2026-05-28,Gaziantep,Güneydoğu Anadolu,0,SMS,REFERRAL,Customer_005236,1,,SYNTHETIC,1.3.0,42,
C005237,WS0002,INDIVIDUAL,2021-10-29,Ankara,İç Anadolu,0,PHONE,ORGANIC,Customer_005237,1,,SYNTHETIC,1.3.0,42,
C005238,WS0008,FLEET,2024-08-03,Gaziantep,Güneydoğu Anadolu,1,WHATSAPP,DIRECT_SALES,Customer_005238,1,,SYNTHETIC,1.3.0,42,
C005239,WS0002,INDIVIDUAL,2022-09-25,Ankara,İç Anadolu,0,SMS,GOOGLE_MAPS,Customer_005239,1,,SYNTHETIC,1.3.0,42,
C005240,WS0002,INDIVIDUAL,2024-08-07,Ankara,İç Anadolu,0,EMAIL,WALK_IN,Customer_005240,1,,SYNTHETIC,1.3.0,42,
C005241,WS0003,INDIVIDUAL,2026-01-04,İzmir,Ege,0,WHATSAPP,GOOGLE_MAPS,Customer_005241,1,,SYNTHETIC,1.3.0,42,
C005242,WS0010,INDIVIDUAL,2021-02-08,Eskişehir,İç Anadolu,0,SMS,WALK_IN,Customer_005242,0,2024-08-15,SYNTHETIC,1.3.0,42,
C005243,WS0010,INDIVIDUAL,2024-06-24,Eskişehir,İç Anadolu,0,WHATSAPP,REFERRAL,Customer_005243,0,2026-05-21,SYNTHETIC,1.3.0,42,
C005244,WS0004,INDIVIDUAL,2022-04-26,Bursa,Marmara,0,WHATSAPP,REFERRAL,Customer_005244,1,,SYNTHETIC,1.3.0,42,
C005245,WS0001,INDIVIDUAL,2024-05-22,İstanbul,Marmara,0,PHONE,GOOGLE_MAPS,Customer_005245,1,,SYNTHETIC,1.3.0,42,
C005246,WS0008,INDIVIDUAL,2021-03-06,Gaziantep,Güneydoğu Anadolu,0,WHATSAPP,WALK_IN,Customer_005246,1,,SYNTHETIC,1.3.0,42,
C005247,WS0009,INDIVIDUAL,2022-04-10,Samsun,Karadeniz,0,WHATSAPP,WALK_IN,Customer_005247,1,,SYNTHETIC,1.3.0,42,
C005248,WS0007,INDIVIDUAL,2024-12-02,Adana,Akdeniz,0,WHATSAPP,GOOGLE_MAPS,Customer_005248,1,,SYNTHETIC,1.3.0,42,
C005249,WS0009,INDIVIDUAL,2024-07-16,Samsun,Karadeniz,0,WHATSAPP,REFERRAL,Customer_005249,1,,SYNTHETIC,1.3.0,42,
C005250,WS0006,COMMERCIAL,2024-07-30,Konya,İç Anadolu,0,EMAIL,DIRECT_SALES,Customer_005250,1,,SYNTHETIC,1.3.0,42,
C005251,WS0009,INDIVIDUAL,2022-09-20,Samsun,Karadeniz,0,WHATSAPP,WALK_IN,Customer_005251,1,,SYNTHETIC,1.3.0,42,
C005252,WS0003,INDIVIDUAL,2023-06-27,İzmir,Ege,0,WHATSAPP,ORGANIC,Customer_005252,1,,SYNTHETIC,1.3.0,42,
C005253,WS0010,INDIVIDUAL,2021-06-29,Eskişehir,İç Anadolu,0,WHATSAPP,REFERRAL,Customer_005253,1,,SYNTHETIC,1.3.0,42,
C005254,WS0005,INDIVIDUAL,2023-06-08,Antalya,Akdeniz,0,WHATSAPP,REFERRAL,Customer_005254,1,,SYNTHETIC,1.3.0,42,
C005255,WS0010,INDIVIDUAL,2025-12-01,Eskişehir,İç Anadolu,0,WHATSAPP,WALK_IN,Customer_005255,1,,SYNTHETIC,1.3.0,42,
C005256,WS0010,INDIVIDUAL,2024-03-19,Eskişehir,İç Anadolu,0,WHATSAPP,SOCIAL_MEDIA,Customer_005256,1,,SYNTHETIC,1.3.0,42,
C005257,WS0005,INDIVIDUAL,2023-08-08,Antalya,Akdeniz,0,WHATSAPP,GOOGLE_MAPS,Customer_005257,1,,SYNTHETIC,1.3.0,42,
C005258,WS0007,INDIVIDUAL,2021-08-11,Adana,Akdeniz,0,WHATSAPP,ORGANIC,Customer_005258,1,,SYNTHETIC,1.3.0,42,
C005259,WS0001,INDIVIDUAL,2022-06-13,İstanbul,Marmara,0,PHONE,REFERRAL,Customer_005259,1,,SYNTHETIC,1.3.0,42,
C005260,WS0009,INDIVIDUAL,2023-08-16,Samsun,Karadeniz,0,PHONE,ORGANIC,Customer_005260,1,,SYNTHETIC,1.3.0,42,
C005261,WS0009,INDIVIDUAL,2022-05-15,Samsun,Karadeniz,0,PHONE,WALK_IN,Customer_005261,1,,SYNTHETIC,1.3.0,42,
C005262,WS0005,INDIVIDUAL,2023-01-06,Antalya,Akdeniz,0,PHONE,REFERRAL,Customer_005262,1,,SYNTHETIC,1.3.0,42,
C005263,WS0007,INDIVIDUAL,2021-01-24,Adana,Akdeniz,0,PHONE,SOCIAL_MEDIA,Customer_005263,0,2023-07-04,SYNTHETIC,1.3.0,42,
C005264,WS0001,INDIVIDUAL,2022-11-08,İstanbul,Marmara,0,PHONE,ORGANIC,Customer_005264,1,,SYNTHETIC,1.3.0,42,
C005265,WS0008,INDIVIDUAL,2025-09-23,Gaziantep,Güneydoğu Anadolu,0,PHONE,ORGANIC,Customer_005265,1,,SYNTHETIC,1.3.0,42,
C005266,WS0002,COMMERCIAL,2023-01-27,Ankara,İç Anadolu,0,EMAIL,REFERRAL,Customer_005266,1,,SYNTHETIC,1.3.0,42,
C005267,WS0004,INDIVIDUAL,2021-07-01,Bursa,Marmara,0,WHATSAPP,GOOGLE_MAPS,Customer_005267,0,2023-08-08,SYNTHETIC,1.3.0,42,
C005268,WS0009,INDIVIDUAL,2022-08-03,Samsun,Karadeniz,0,PHONE,ORGANIC,Customer_005268,1,,SYNTHETIC,1.3.0,42,
C005269,WS0001,INDIVIDUAL,2026-06-01,İstanbul,Marmara,0,PHONE,GOOGLE_MAPS,Customer_005269,1,,SYNTHETIC,1.3.0,42,
C005270,WS0003,INDIVIDUAL,2023-08-08,İzmir,Ege,0,WHATSAPP,REFERRAL,Customer_005270,1,,SYNTHETIC,1.3.0,42,
C005271,WS0001,INDIVIDUAL,2025-12-06,İstanbul,Marmara,0,WHATSAPP,SOCIAL_MEDIA,Customer_005271,1,,SYNTHETIC,1.3.0,42,
C005272,WS0004,INDIVIDUAL,2023-02-02,Bursa,Marmara,0,PHONE,REFERRAL,Customer_005272,1,,SYNTHETIC,1.3.0,42,
C005273,WS0004,INDIVIDUAL,2023-05-21,Bursa,Marmara,0,PHONE,REFERRAL,Customer_005273,1,,SYNTHETIC,1.3.0,42,
C005274,WS0008,INDIVIDUAL,2023-05-13,Gaziantep,Güneydoğu Anadolu,0,WHATSAPP,WALK_IN,Customer_005274,1,,SYNTHETIC,1.3.0,42,
C005275,WS0002,INDIVIDUAL,2024-12-06,Ankara,İç Anadolu,0,SMS,WALK_IN,Customer_005275,1,,SYNTHETIC,1.3.0,42,
C005276,WS0008,INDIVIDUAL,2022-08-23,Gaziantep,Güneydoğu Anadolu,0,EMAIL,REFERRAL,Customer_005276,1,,SYNTHETIC,1.3.0,42,
C005277,WS0007,COMMERCIAL,2021-10-17,Adana,Akdeniz,0,EMAIL,FLEET_PARTNERSHIP,Customer_005277,1,,SYNTHETIC,1.3.0,42,
C005278,WS0005,INDIVIDUAL,2025-06-20,Antalya,Akdeniz,0,PHONE,WALK_IN,Customer_005278,1,,SYNTHETIC,1.3.0,42,
C005279,WS0009,INDIVIDUAL,2021-12-08,Samsun,Karadeniz,0,PHONE,ORGANIC,Customer_005279,1,,SYNTHETIC,1.3.0,42,
C005280,WS0001,INDIVIDUAL,2021-08-23,İstanbul,Marmara,0,WHATSAPP,GOOGLE_MAPS,Customer_005280,1,,SYNTHETIC,1.3.0,42,
C005281,WS0010,INDIVIDUAL,2021-07-03,Eskişehir,İç Anadolu,0,PHONE,REFERRAL,Customer_005281,1,,SYNTHETIC,1.3.0,42,
C005282,WS0007,INDIVIDUAL,2025-06-22,Adana,Akdeniz,0,EMAIL,ORGANIC,Customer_005282,1,,SYNTHETIC,1.3.0,42,
C005283,WS0006,INDIVIDUAL,2023-12-12,Konya,İç Anadolu,0,PHONE,ORGANIC,Customer_005283,1,,SYNTHETIC,1.3.0,42,
C005284,WS0005,INDIVIDUAL,2021-05-07,Antalya,Akdeniz,0,PHONE,ORGANIC,Customer_005284,1,,SYNTHETIC,1.3.0,42,
C005285,WS0005,COMMERCIAL,2023-10-05,Antalya,Akdeniz,0,WHATSAPP,DIRECT_SALES,Customer_005285,1,,SYNTHETIC,1.3.0,42,
C005286,WS0002,INDIVIDUAL,2021-01-06,Ankara,İç Anadolu,0,WHATSAPP,ORGANIC,Customer_005286,1,,SYNTHETIC,1.3.0,42,
C005287,WS0005,INDIVIDUAL,2023-09-23,Antalya,Akdeniz,0,WHATSAPP,ORGANIC,Customer_005287,1,,SYNTHETIC,1.3.0,42,
C005288,WS0003,INDIVIDUAL,2022-08-29,İzmir,Ege,0,SMS,REFERRAL,Customer_005288,1,,SYNTHETIC,1.3.0,42,
C005289,WS0009,INDIVIDUAL,2022-01-08,Samsun,Karadeniz,0,PHONE,ORGANIC,Customer_005289,0,2023-01-17,SYNTHETIC,1.3.0,42,
C005290,WS0008,INDIVIDUAL,2021-09-07,Gaziantep,Güneydoğu Anadolu,0,WHATSAPP,REFERRAL,Customer_005290,1,,SYNTHETIC,1.3.0,42,
C005291,WS0010,INDIVIDUAL,2023-05-08,Eskişehir,İç Anadolu,0,WHATSAPP,REFERRAL,Customer_005291,1,,SYNTHETIC,1.3.0,42,
C005292,WS0003,INDIVIDUAL,2025-05-18,İzmir,Ege,0,WHATSAPP,SOCIAL_MEDIA,Customer_005292,1,,SYNTHETIC,1.3.0,42,
C005293,WS0003,INDIVIDUAL,2024-08-10,İzmir,Ege,0,SMS,GOOGLE_MAPS,Customer_005293,1,,SYNTHETIC,1.3.0,42,
C005294,WS0008,INDIVIDUAL,2023-11-16,Gaziantep,Güneydoğu Anadolu,0,PHONE,ORGANIC,Customer_005294,1,,SYNTHETIC,1.3.0,42,
C005295,WS0002,INDIVIDUAL,2026-04-15,Ankara,İç Anadolu,0,SMS,WALK_IN,Customer_005295,1,,SYNTHETIC,1.3.0,42,
C005296,WS0003,INDIVIDUAL,2025-04-27,İzmir,Ege,0,WHATSAPP,ORGANIC,Customer_005296,1,,SYNTHETIC,1.3.0,42,
C005297,WS0003,INDIVIDUAL,2023-02-13,İzmir,Ege,0,WHATSAPP,WALK_IN,Customer_005297,1,,SYNTHETIC,1.3.0,42,
C005298,WS0009,INDIVIDUAL,2021-08-08,Samsun,Karadeniz,0,WHATSAPP,WALK_IN,Customer_005298,1,,SYNTHETIC,1.3.0,42,
C005299,WS0002,INDIVIDUAL,2024-02-18,Ankara,İç Anadolu,0,SMS,GOOGLE_MAPS,Customer_005299,1,,SYNTHETIC,1.3.0,42,
C005300,WS0001,INDIVIDUAL,2024-03-11,İstanbul,Marmara,0,PHONE,ORGANIC,Customer_005300,1,,SYNTHETIC,1.3.0,42,
C005301,WS0005,INDIVIDUAL,2025-11-21,Antalya,Akdeniz,0,WHATSAPP,GOOGLE_MAPS,Customer_005301,1,,SYNTHETIC,1.3.0,42,
C005302,WS0001,INDIVIDUAL,2022-07-11,İstanbul,Marmara,0,SMS,REFERRAL,Customer_005302,1,,SYNTHETIC,1.3.0,42,
C005303,WS0003,INDIVIDUAL,2022-02-08,İzmir,Ege,0,SMS,WALK_IN,Customer_005303,1,,SYNTHETIC,1.3.0,42,
C005304,WS0003,INDIVIDUAL,2024-05-29,İzmir,Ege,0,PHONE,REFERRAL,Customer_005304,1,,SYNTHETIC,1.3.0,42,
C005305,WS0009,COMMERCIAL,2022-09-15,Samsun,Karadeniz,0,EMAIL,DIRECT_SALES,Customer_005305,1,,SYNTHETIC,1.3.0,42,
C005306,WS0010,INDIVIDUAL,2022-02-05,Eskişehir,İç Anadolu,0,WHATSAPP,ORGANIC,Customer_005306,1,,SYNTHETIC,1.3.0,42,
C005307,WS0008,INDIVIDUAL,2023-08-17,Gaziantep,Güneydoğu Anadolu,0,SMS,REFERRAL,Customer_005307,0,2026-05-13,SYNTHETIC,1.3.0,42,
C005308,WS0003,INDIVIDUAL,2021-09-24,İzmir,Ege,0,SMS,REFERRAL,Customer_005308,1,,SYNTHETIC,1.3.0,42,
C005309,WS0006,INDIVIDUAL,2024-09-28,Konya,İç Anadolu,0,WHATSAPP,REFERRAL,Customer_005309,1,,SYNTHETIC,1.3.0,42,
C005310,WS0003,INDIVIDUAL,2022-06-16,İzmir,Ege,0,WHATSAPP,REFERRAL,Customer_005310,1,,SYNTHETIC,1.3.0,42,
C005311,WS0003,INDIVIDUAL,2026-03-15,İzmir,Ege,0,WHATSAPP,GOOGLE_MAPS,Customer_005311,1,,SYNTHETIC,1.3.0,42,
C005312,WS0006,INDIVIDUAL,2023-09-17,Konya,İç Anadolu,0,EMAIL,GOOGLE_MAPS,Customer_005312,1,,SYNTHETIC,1.3.0,42,
C005313,WS0001,INDIVIDUAL,2021-02-20,İstanbul,Marmara,0,SMS,ORGANIC,Customer_005313,0,2023-02-02,SYNTHETIC,1.3.0,42,
C005314,WS0002,INDIVIDUAL,2024-05-03,Ankara,İç Anadolu,0,WHATSAPP,GOOGLE_MAPS,Customer_005314,1,,SYNTHETIC,1.3.0,42,
C005315,WS0009,INDIVIDUAL,2021-08-22,Samsun,Karadeniz,0,SMS,GOOGLE_MAPS,Customer_005315,1,,SYNTHETIC,1.3.0,42,
C005316,WS0001,INDIVIDUAL,2026-05-30,İstanbul,Marmara,0,WHATSAPP,SOCIAL_MEDIA,Customer_005316,1,,SYNTHETIC,1.3.0,42,
C005317,WS0006,INDIVIDUAL,2021-05-23,Konya,İç Anadolu,0,WHATSAPP,GOOGLE_MAPS,Customer_005317,1,,SYNTHETIC,1.3.0,42,
C005318,WS0004,INDIVIDUAL,2024-02-09,Bursa,Marmara,0,WHATSAPP,GOOGLE_MAPS,Customer_005318,1,,SYNTHETIC,1.3.0,42,
C005319,WS0002,INDIVIDUAL,2023-06-29,Ankara,İç Anadolu,0,EMAIL,REFERRAL,Customer_005319,1,,SYNTHETIC,1.3.0,42,
C005320,WS0006,INDIVIDUAL,2025-04-26,Konya,İç Anadolu,0,WHATSAPP,ORGANIC,Customer_005320,1,,SYNTHETIC,1.3.0,42,
C005321,WS0004,INDIVIDUAL,2021-03-11,Bursa,Marmara,0,WHATSAPP,REFERRAL,Customer_005321,1,,SYNTHETIC,1.3.0,42,
C005322,WS0007,INDIVIDUAL,2021-03-10,Adana,Akdeniz,0,WHATSAPP,REFERRAL,Customer_005322,1,,SYNTHETIC,1.3.0,42,
C005323,WS0008,INDIVIDUAL,2022-10-26,Gaziantep,Güneydoğu Anadolu,0,WHATSAPP,GOOGLE_MAPS,Customer_005323,1,,SYNTHETIC,1.3.0,42,
C005324,WS0003,INDIVIDUAL,2023-11-16,İzmir,Ege,0,WHATSAPP,GOOGLE_MAPS,Customer_005324,1,,SYNTHETIC,1.3.0,42,
C005325,WS0002,INDIVIDUAL,2024-08-29,Ankara,İç Anadolu,0,WHATSAPP,ORGANIC,Customer_005325,1,,SYNTHETIC,1.3.0,42,
C005326,WS0010,INDIVIDUAL,2025-07-16,Eskişehir,İç Anadolu,0,WHATSAPP,ORGANIC,Customer_005326,1,,SYNTHETIC,1.3.0,42,
C005327,WS0005,INDIVIDUAL,2024-01-03,Antalya,Akdeniz,0,PHONE,GOOGLE_MAPS,Customer_005327,1,,SYNTHETIC,1.3.0,42,
C005328,WS0006,INDIVIDUAL,2022-10-25,Konya,İç Anadolu,0,PHONE,SOCIAL_MEDIA,Customer_005328,1,,SYNTHETIC,1.3.0,42,
C005329,WS0008,INDIVIDUAL,2026-03-12,Gaziantep,Güneydoğu Anadolu,0,WHATSAPP,ORGANIC,Customer_005329,1,,SYNTHETIC,1.3.0,42,
C005330,WS0003,FLEET,2021-08-19,İzmir,Ege,1,PHONE,ORGANIC,Customer_005330,1,,SYNTHETIC,1.3.0,42,
C005331,WS0005,INDIVIDUAL,2023-11-23,Antalya,Akdeniz,0,WHATSAPP,ORGANIC,Customer_005331,1,,SYNTHETIC,1.3.0,42,
C005332,WS0004,INDIVIDUAL,2023-01-31,Bursa,Marmara,0,PHONE,WALK_IN,Customer_005332,1,,SYNTHETIC,1.3.0,42,
C005333,WS0003,INDIVIDUAL,2021-11-28,İzmir,Ege,0,PHONE,WALK_IN,Customer_005333,1,,SYNTHETIC,1.3.0,42,
C005334,WS0008,INDIVIDUAL,2025-05-27,Gaziantep,Güneydoğu Anadolu,0,WHATSAPP,ORGANIC,Customer_005334,1,,SYNTHETIC,1.3.0,42,
C005335,WS0004,INDIVIDUAL,2021-02-10,Bursa,Marmara,0,WHATSAPP,ORGANIC,Customer_005335,0,2025-06-12,SYNTHETIC,1.3.0,42,
C005336,WS0007,INDIVIDUAL,2023-12-09,Adana,Akdeniz,0,WHATSAPP,WALK_IN,Customer_005336,1,,SYNTHETIC,1.3.0,42,
C005337,WS0004,INDIVIDUAL,2021-07-18,Bursa,Marmara,0,PHONE,GOOGLE_MAPS,Customer_005337,1,,SYNTHETIC,1.3.0,42,
C005338,WS0006,INDIVIDUAL,2021-04-26,Konya,İç Anadolu,0,WHATSAPP,GOOGLE_MAPS,Customer_005338,1,,SYNTHETIC,1.3.0,42,
C005339,WS0009,COMMERCIAL,2021-07-21,Samsun,Karadeniz,0,WHATSAPP,FLEET_PARTNERSHIP,Customer_005339,1,,SYNTHETIC,1.3.0,42,
C005340,WS0007,INDIVIDUAL,2022-08-27,Adana,Akdeniz,0,WHATSAPP,SOCIAL_MEDIA,Customer_005340,1,,SYNTHETIC,1.3.0,42,
C005341,WS0001,INDIVIDUAL,2026-05-27,İstanbul,Marmara,0,PHONE,WALK_IN,Customer_005341,1,,SYNTHETIC,1.3.0,42,
C005342,WS0002,INDIVIDUAL,2022-01-15,Ankara,İç Anadolu,0,WHATSAPP,REFERRAL,Customer_005342,1,,SYNTHETIC,1.3.0,42,
C005343,WS0001,INDIVIDUAL,2025-06-22,İstanbul,Marmara,0,WHATSAPP,REFERRAL,Customer_005343,1,,SYNTHETIC,1.3.0,42,
C005344,WS0004,COMMERCIAL,2024-05-03,Bursa,Marmara,0,EMAIL,REFERRAL,Customer_005344,1,,SYNTHETIC,1.3.0,42,
C005345,WS0010,INDIVIDUAL,2021-09-23,Eskişehir,İç Anadolu,0,SMS,REFERRAL,Customer_005345,1,,SYNTHETIC,1.3.0,42,
C005346,WS0008,INDIVIDUAL,2021-03-19,Gaziantep,Güneydoğu Anadolu,0,PHONE,ORGANIC,Customer_005346,1,,SYNTHETIC,1.3.0,42,
C005347,WS0002,INDIVIDUAL,2022-10-10,Ankara,İç Anadolu,0,WHATSAPP,SOCIAL_MEDIA,Customer_005347,1,,SYNTHETIC,1.3.0,42,
C005348,WS0002,INDIVIDUAL,2023-01-25,Ankara,İç Anadolu,0,WHATSAPP,ORGANIC,Customer_005348,0,2026-02-15,SYNTHETIC,1.3.0,42,
C005349,WS0004,INDIVIDUAL,2024-02-08,Bursa,Marmara,0,WHATSAPP,REFERRAL,Customer_005349,1,,SYNTHETIC,1.3.0,42,
C005350,WS0010,INDIVIDUAL,2022-02-01,Eskişehir,İç Anadolu,0,EMAIL,REFERRAL,Customer_005350,1,,SYNTHETIC,1.3.0,42,
C005351,WS0004,INDIVIDUAL,2025-06-04,Bursa,Marmara,0,WHATSAPP,ORGANIC,Customer_005351,0,2026-05-28,SYNTHETIC,1.3.0,42,
C005352,WS0009,INDIVIDUAL,2021-02-13,Samsun,Karadeniz,0,WHATSAPP,GOOGLE_MAPS,Customer_005352,1,,SYNTHETIC,1.3.0,42,
C005353,WS0009,INDIVIDUAL,2023-05-30,Samsun,Karadeniz,0,WHATSAPP,ORGANIC,Customer_005353,1,,SYNTHETIC,1.3.0,42,
C005354,WS0010,INDIVIDUAL,2023-03-10,Eskişehir,İç Anadolu,0,WHATSAPP,REFERRAL,Customer_005354,1,,SYNTHETIC,1.3.0,42,
C005355,WS0008,INDIVIDUAL,2023-08-16,Gaziantep,Güneydoğu Anadolu,0,PHONE,REFERRAL,Customer_005355,1,,SYNTHETIC,1.3.0,42,
C005356,WS0007,INDIVIDUAL,2026-01-11,Adana,Akdeniz,0,WHATSAPP,ORGANIC,Customer_005356,1,,SYNTHETIC,1.3.0,42,
C005357,WS0008,INDIVIDUAL,2022-11-18,Gaziantep,Güneydoğu Anadolu,0,PHONE,WALK_IN,Customer_005357,1,,SYNTHETIC,1.3.0,42,
C005358,WS0001,INDIVIDUAL,2025-05-23,İstanbul,Marmara,0,WHATSAPP,WALK_IN,Customer_005358,1,,SYNTHETIC,1.3.0,42,
C005359,WS0007,INDIVIDUAL,2022-03-21,Adana,Akdeniz,0,PHONE,ORGANIC,Customer_005359,1,,SYNTHETIC,1.3.0,42,
C005360,WS0005,INDIVIDUAL,2024-05-11,Antalya,Akdeniz,0,WHATSAPP,REFERRAL,Customer_005360,1,,SYNTHETIC,1.3.0,42,
C005361,WS0009,COMMERCIAL,2023-09-03,Samsun,Karadeniz,0,EMAIL,DIRECT_SALES,Customer_005361,1,,SYNTHETIC,1.3.0,42,
C005362,WS0008,INDIVIDUAL,2024-06-13,Gaziantep,Güneydoğu Anadolu,0,WHATSAPP,ORGANIC,Customer_005362,1,,SYNTHETIC,1.3.0,42,
C005363,WS0005,INDIVIDUAL,2025-03-29,Antalya,Akdeniz,0,EMAIL,WALK_IN,Customer_005363,1,,SYNTHETIC,1.3.0,42,
C005364,WS0010,INDIVIDUAL,2022-10-15,Eskişehir,İç Anadolu,0,WHATSAPP,SOCIAL_MEDIA,Customer_005364,1,,SYNTHETIC,1.3.0,42,
C005365,WS0010,INDIVIDUAL,2026-02-10,Eskişehir,İç Anadolu,0,PHONE,WALK_IN,Customer_005365,1,,SYNTHETIC,1.3.0,42,
C005366,WS0007,COMMERCIAL,2021-12-31,Adana,Akdeniz,0,EMAIL,ORGANIC,Customer_005366,1,,SYNTHETIC,1.3.0,42,
C005367,WS0009,INDIVIDUAL,2025-04-16,Samsun,Karadeniz,0,PHONE,WALK_IN,Customer_005367,0,2026-02-07,SYNTHETIC,1.3.0,42,
C005368,WS0002,INDIVIDUAL,2021-02-24,Ankara,İç Anadolu,0,PHONE,ORGANIC,Customer_005368,1,,SYNTHETIC,1.3.0,42,
C005369,WS0001,COMMERCIAL,2022-09-07,İstanbul,Marmara,0,WHATSAPP,FLEET_PARTNERSHIP,Customer_005369,1,,SYNTHETIC,1.3.0,42,
C005370,WS0008,INDIVIDUAL,2021-07-08,Gaziantep,Güneydoğu Anadolu,0,PHONE,WALK_IN,Customer_005370,1,,SYNTHETIC,1.3.0,42,
C005371,WS0010,INDIVIDUAL,2025-03-22,Eskişehir,İç Anadolu,0,EMAIL,GOOGLE_MAPS,Customer_005371,1,,SYNTHETIC,1.3.0,42,
C005372,WS0004,INDIVIDUAL,2025-02-25,Bursa,Marmara,0,EMAIL,WALK_IN,Customer_005372,1,,SYNTHETIC,1.3.0,42,
C005373,WS0010,INDIVIDUAL,2025-06-13,Eskişehir,İç Anadolu,0,WHATSAPP,SOCIAL_MEDIA,Customer_005373,1,,SYNTHETIC,1.3.0,42,
C005374,WS0008,INDIVIDUAL,2024-03-09,Gaziantep,Güneydoğu Anadolu,0,PHONE,GOOGLE_MAPS,Customer_005374,0,2025-07-04,SYNTHETIC,1.3.0,42,
C005375,WS0007,INDIVIDUAL,2021-08-31,Adana,Akdeniz,0,WHATSAPP,REFERRAL,Customer_005375,1,,SYNTHETIC,1.3.0,42,
C005376,WS0002,INDIVIDUAL,2021-01-31,Ankara,İç Anadolu,0,EMAIL,REFERRAL,Customer_005376,0,2022-08-06,SYNTHETIC,1.3.0,42,
C005377,WS0004,INDIVIDUAL,2021-04-12,Bursa,Marmara,0,PHONE,REFERRAL,Customer_005377,1,,SYNTHETIC,1.3.0,42,
C005378,WS0002,INDIVIDUAL,2021-09-06,Ankara,İç Anadolu,0,EMAIL,SOCIAL_MEDIA,Customer_005378,1,,SYNTHETIC,1.3.0,42,
C005379,WS0004,INDIVIDUAL,2024-03-21,Bursa,Marmara,0,WHATSAPP,GOOGLE_MAPS,Customer_005379,1,,SYNTHETIC,1.3.0,42,
C005380,WS0006,INDIVIDUAL,2024-11-20,Konya,İç Anadolu,0,PHONE,WALK_IN,Customer_005380,1,,SYNTHETIC,1.3.0,42,
C005381,WS0008,INDIVIDUAL,2021-07-13,Gaziantep,Güneydoğu Anadolu,0,WHATSAPP,WALK_IN,Customer_005381,1,,SYNTHETIC,1.3.0,42,
C005382,WS0009,INDIVIDUAL,2022-09-08,Samsun,Karadeniz,0,WHATSAPP,WALK_IN,Customer_005382,1,,SYNTHETIC,1.3.0,42,
C005383,WS0009,INDIVIDUAL,2021-11-22,Samsun,Karadeniz,0,SMS,ORGANIC,Customer_005383,1,,SYNTHETIC,1.3.0,42,
C005384,WS0006,COMMERCIAL,2021-02-14,Konya,İç Anadolu,0,EMAIL,REFERRAL,Customer_005384,1,,SYNTHETIC,1.3.0,42,
C005385,WS0008,INDIVIDUAL,2022-12-19,Gaziantep,Güneydoğu Anadolu,0,SMS,SOCIAL_MEDIA,Customer_005385,1,,SYNTHETIC,1.3.0,42,
C005386,WS0010,INDIVIDUAL,2023-05-01,Eskişehir,İç Anadolu,0,PHONE,WALK_IN,Customer_005386,1,,SYNTHETIC,1.3.0,42,
C005387,WS0006,INDIVIDUAL,2021-11-11,Konya,İç Anadolu,0,WHATSAPP,REFERRAL,Customer_005387,1,,SYNTHETIC,1.3.0,42,
C005388,WS0005,INDIVIDUAL,2022-05-20,Antalya,Akdeniz,0,PHONE,REFERRAL,Customer_005388,1,,SYNTHETIC,1.3.0,42,
C005389,WS0007,INDIVIDUAL,2022-05-10,Adana,Akdeniz,0,PHONE,ORGANIC,Customer_005389,1,,SYNTHETIC,1.3.0,42,
C005390,WS0004,INDIVIDUAL,2023-03-10,Bursa,Marmara,0,EMAIL,SOCIAL_MEDIA,Customer_005390,1,,SYNTHETIC,1.3.0,42,
C005391,WS0008,FLEET,2021-06-22,Gaziantep,Güneydoğu Anadolu,1,PHONE,DIRECT_SALES,Customer_005391,0,2026-06-02,SYNTHETIC,1.3.0,42,
C005392,WS0009,INDIVIDUAL,2024-12-13,Samsun,Karadeniz,0,WHATSAPP,WALK_IN,Customer_005392,1,,SYNTHETIC,1.3.0,42,
C005393,WS0004,INDIVIDUAL,2023-01-01,Bursa,Marmara,0,PHONE,GOOGLE_MAPS,Customer_005393,1,,SYNTHETIC,1.3.0,42,
C005394,WS0005,INDIVIDUAL,2023-04-09,Antalya,Akdeniz,0,PHONE,ORGANIC,Customer_005394,1,,SYNTHETIC,1.3.0,42,
C005395,WS0004,INDIVIDUAL,2021-12-25,Bursa,Marmara,0,WHATSAPP,GOOGLE_MAPS,Customer_005395,1,,SYNTHETIC,1.3.0,42,
C005396,WS0007,INDIVIDUAL,2024-03-13,Adana,Akdeniz,0,WHATSAPP,REFERRAL,Customer_005396,1,,SYNTHETIC,1.3.0,42,
C005397,WS0009,INDIVIDUAL,2024-11-22,Samsun,Karadeniz,0,SMS,GOOGLE_MAPS,Customer_005397,1,,SYNTHETIC,1.3.0,42,
C005398,WS0003,COMMERCIAL,2024-10-06,İzmir,Ege,0,PHONE,ORGANIC,Customer_005398,1,,SYNTHETIC,1.3.0,42,
C005399,WS0004,INDIVIDUAL,2023-01-17,Bursa,Marmara,0,WHATSAPP,ORGANIC,Customer_005399,1,,SYNTHETIC,1.3.0,42,
C005400,WS0002,INDIVIDUAL,2022-11-06,Ankara,İç Anadolu,0,PHONE,REFERRAL,Customer_005400,1,,SYNTHETIC,1.3.0,42,
C005401,WS0008,INDIVIDUAL,2024-12-02,Gaziantep,Güneydoğu Anadolu,0,PHONE,WALK_IN,Customer_005401,1,,SYNTHETIC,1.3.0,42,
C005402,WS0003,INDIVIDUAL,2026-07-26,İzmir,Ege,0,WHATSAPP,ORGANIC,Customer_005402,1,,SYNTHETIC,1.3.0,42,
C005403,WS0010,INDIVIDUAL,2021-05-01,Eskişehir,İç Anadolu,0,WHATSAPP,REFERRAL,Customer_005403,1,,SYNTHETIC,1.3.0,42,
C005404,WS0005,INDIVIDUAL,2025-12-09,Antalya,Akdeniz,0,SMS,ORGANIC,Customer_005404,1,,SYNTHETIC,1.3.0,42,
C005405,WS0003,INDIVIDUAL,2026-03-07,İzmir,Ege,0,WHATSAPP,GOOGLE_MAPS,Customer_005405,1,,SYNTHETIC,1.3.0,42,
C005406,WS0001,INDIVIDUAL,2022-05-27,İstanbul,Marmara,0,PHONE,REFERRAL,Customer_005406,1,,SYNTHETIC,1.3.0,42,
C005407,WS0006,INDIVIDUAL,2022-05-07,Konya,İç Anadolu,0,EMAIL,ORGANIC,Customer_005407,1,,SYNTHETIC,1.3.0,42,
C005408,WS0003,INDIVIDUAL,2021-05-14,İzmir,Ege,0,PHONE,REFERRAL,Customer_005408,1,,SYNTHETIC,1.3.0,42,
C005409,WS0001,INDIVIDUAL,2025-05-01,İstanbul,Marmara,0,WHATSAPP,SOCIAL_MEDIA,Customer_005409,1,,SYNTHETIC,1.3.0,42,
C005410,WS0010,INDIVIDUAL,2024-10-04,Eskişehir,İç Anadolu,0,SMS,ORGANIC,Customer_005410,1,,SYNTHETIC,1.3.0,42,
C005411,WS0001,INDIVIDUAL,2023-04-09,İstanbul,Marmara,0,PHONE,ORGANIC,Customer_005411,1,,SYNTHETIC,1.3.0,42,
C005412,WS0004,INDIVIDUAL,2026-05-28,Bursa,Marmara,0,SMS,ORGANIC,Customer_005412,1,,SYNTHETIC,1.3.0,42,
C005413,WS0010,INDIVIDUAL,2022-04-16,Eskişehir,İç Anadolu,0,PHONE,REFERRAL,Customer_005413,1,,SYNTHETIC,1.3.0,42,
C005414,WS0008,INDIVIDUAL,2021-04-18,Gaziantep,Güneydoğu Anadolu,0,SMS,SOCIAL_MEDIA,Customer_005414,1,,SYNTHETIC,1.3.0,42,
C005415,WS0010,INDIVIDUAL,2021-06-29,Eskişehir,İç Anadolu,0,WHATSAPP,REFERRAL,Customer_005415,1,,SYNTHETIC,1.3.0,42,
C005416,WS0005,INDIVIDUAL,2026-07-04,Antalya,Akdeniz,0,WHATSAPP,REFERRAL,Customer_005416,1,,SYNTHETIC,1.3.0,42,
C005417,WS0008,INDIVIDUAL,2023-01-10,Gaziantep,Güneydoğu Anadolu,0,SMS,ORGANIC,Customer_005417,1,,SYNTHETIC,1.3.0,42,
C005418,WS0009,INDIVIDUAL,2022-01-14,Samsun,Karadeniz,0,PHONE,ORGANIC,Customer_005418,1,,SYNTHETIC,1.3.0,42,
C005419,WS0007,INDIVIDUAL,2023-01-06,Adana,Akdeniz,0,WHATSAPP,WALK_IN,Customer_005419,1,,SYNTHETIC,1.3.0,42,
C005420,WS0003,INDIVIDUAL,2023-04-28,İzmir,Ege,0,PHONE,ORGANIC,Customer_005420,1,,SYNTHETIC,1.3.0,42,
C005421,WS0007,COMMERCIAL,2024-02-29,Adana,Akdeniz,0,EMAIL,DIRECT_SALES,Customer_005421,1,,SYNTHETIC,1.3.0,42,
C005422,WS0005,INDIVIDUAL,2024-06-05,Antalya,Akdeniz,0,SMS,ORGANIC,Customer_005422,1,,SYNTHETIC,1.3.0,42,
C005423,WS0004,INDIVIDUAL,2025-01-20,Bursa,Marmara,0,WHATSAPP,SOCIAL_MEDIA,Customer_005423,1,,SYNTHETIC,1.3.0,42,
C005424,WS0001,COMMERCIAL,2022-02-14,İstanbul,Marmara,0,WHATSAPP,REFERRAL,Customer_005424,1,,SYNTHETIC,1.3.0,42,
C005425,WS0007,INDIVIDUAL,2023-11-08,Adana,Akdeniz,0,WHATSAPP,WALK_IN,Customer_005425,1,,SYNTHETIC,1.3.0,42,
C005426,WS0001,INDIVIDUAL,2026-04-05,İstanbul,Marmara,0,WHATSAPP,REFERRAL,Customer_005426,1,,SYNTHETIC,1.3.0,42,
C005427,WS0002,INDIVIDUAL,2023-01-07,Ankara,İç Anadolu,0,PHONE,ORGANIC,Customer_005427,1,,SYNTHETIC,1.3.0,42,
C005428,WS0008,INDIVIDUAL,2026-03-27,Gaziantep,Güneydoğu Anadolu,0,WHATSAPP,REFERRAL,Customer_005428,1,,SYNTHETIC,1.3.0,42,
C005429,WS0009,INDIVIDUAL,2024-09-10,Samsun,Karadeniz,0,EMAIL,ORGANIC,Customer_005429,1,,SYNTHETIC,1.3.0,42,
C005430,WS0002,INDIVIDUAL,2022-11-05,Ankara,İç Anadolu,0,WHATSAPP,GOOGLE_MAPS,Customer_005430,1,,SYNTHETIC,1.3.0,42,
C005431,WS0006,INDIVIDUAL,2026-05-12,Konya,İç Anadolu,0,WHATSAPP,REFERRAL,Customer_005431,1,,SYNTHETIC,1.3.0,42,
C005432,WS0008,INDIVIDUAL,2021-12-12,Gaziantep,Güneydoğu Anadolu,0,WHATSAPP,WALK_IN,Customer_005432,0,2023-06-21,SYNTHETIC,1.3.0,42,
C005433,WS0003,INDIVIDUAL,2023-02-04,İzmir,Ege,0,EMAIL,WALK_IN,Customer_005433,1,,SYNTHETIC,1.3.0,42,
C005434,WS0001,INDIVIDUAL,2022-08-12,İstanbul,Marmara,0,SMS,ORGANIC,Customer_005434,1,,SYNTHETIC,1.3.0,42,
C005435,WS0010,INDIVIDUAL,2021-07-02,Eskişehir,İç Anadolu,0,WHATSAPP,GOOGLE_MAPS,Customer_005435,1,,SYNTHETIC,1.3.0,42,
C005436,WS0009,COMMERCIAL,2023-03-19,Samsun,Karadeniz,0,WHATSAPP,DIRECT_SALES,Customer_005436,1,,SYNTHETIC,1.3.0,42,
C005437,WS0003,INDIVIDUAL,2021-10-03,İzmir,Ege,0,PHONE,GOOGLE_MAPS,Customer_005437,1,,SYNTHETIC,1.3.0,42,
C005438,WS0007,INDIVIDUAL,2021-01-16,Adana,Akdeniz,0,SMS,WALK_IN,Customer_005438,1,,SYNTHETIC,1.3.0,42,
C005439,WS0002,INDIVIDUAL,2021-02-09,Ankara,İç Anadolu,0,WHATSAPP,ORGANIC,Customer_005439,1,,SYNTHETIC,1.3.0,42,
C005440,WS0005,INDIVIDUAL,2021-12-09,Antalya,Akdeniz,0,SMS,WALK_IN,Customer_005440,0,2024-12-11,SYNTHETIC,1.3.0,42,
C005441,WS0001,INDIVIDUAL,2024-08-08,İstanbul,Marmara,0,PHONE,GOOGLE_MAPS,Customer_005441,1,,SYNTHETIC,1.3.0,42,
C005442,WS0007,INDIVIDUAL,2021-06-17,Adana,Akdeniz,0,WHATSAPP,WALK_IN,Customer_005442,1,,SYNTHETIC,1.3.0,42,
C005443,WS0007,INDIVIDUAL,2022-02-15,Adana,Akdeniz,0,SMS,REFERRAL,Customer_005443,1,,SYNTHETIC,1.3.0,42,
C005444,WS0006,INDIVIDUAL,2024-01-12,Konya,İç Anadolu,0,PHONE,GOOGLE_MAPS,Customer_005444,1,,SYNTHETIC,1.3.0,42,
C005445,WS0007,INDIVIDUAL,2025-08-08,Adana,Akdeniz,0,EMAIL,ORGANIC,Customer_005445,1,,SYNTHETIC,1.3.0,42,
C005446,WS0008,INDIVIDUAL,2021-05-13,Gaziantep,Güneydoğu Anadolu,0,WHATSAPP,ORGANIC,Customer_005446,1,,SYNTHETIC,1.3.0,42,
C005447,WS0009,INDIVIDUAL,2024-08-10,Samsun,Karadeniz,0,WHATSAPP,REFERRAL,Customer_005447,1,,SYNTHETIC,1.3.0,42,
C005448,WS0005,INDIVIDUAL,2024-07-28,Antalya,Akdeniz,0,PHONE,ORGANIC,Customer_005448,1,,SYNTHETIC,1.3.0,42,
C005449,WS0001,INDIVIDUAL,2024-06-14,İstanbul,Marmara,0,WHATSAPP,SOCIAL_MEDIA,Customer_005449,1,,SYNTHETIC,1.3.0,42,
C005450,WS0006,COMMERCIAL,2026-06-15,Konya,İç Anadolu,0,WHATSAPP,REFERRAL,Customer_005450,1,,SYNTHETIC,1.3.0,42,
C005451,WS0006,INDIVIDUAL,2021-08-03,Konya,İç Anadolu,0,PHONE,ORGANIC,Customer_005451,1,,SYNTHETIC,1.3.0,42,
C005452,WS0007,INDIVIDUAL,2023-04-19,Adana,Akdeniz,0,WHATSAPP,GOOGLE_MAPS,Customer_005452,1,,SYNTHETIC,1.3.0,42,
C005453,WS0002,INDIVIDUAL,2021-04-12,Ankara,İç Anadolu,0,SMS,ORGANIC,Customer_005453,1,,SYNTHETIC,1.3.0,42,
C005454,WS0007,INDIVIDUAL,2023-04-12,Adana,Akdeniz,0,SMS,ORGANIC,Customer_005454,1,,SYNTHETIC,1.3.0,42,
C005455,WS0001,INDIVIDUAL,2024-06-11,İstanbul,Marmara,0,SMS,GOOGLE_MAPS,Customer_005455,0,2025-12-28,SYNTHETIC,1.3.0,42,
C005456,WS0008,INDIVIDUAL,2024-10-09,Gaziantep,Güneydoğu Anadolu,0,WHATSAPP,ORGANIC,Customer_005456,1,,SYNTHETIC,1.3.0,42,
C005457,WS0009,INDIVIDUAL,2023-11-26,Samsun,Karadeniz,0,EMAIL,SOCIAL_MEDIA,Customer_005457,1,,SYNTHETIC,1.3.0,42,
C005458,WS0006,INDIVIDUAL,2022-11-30,Konya,İç Anadolu,0,PHONE,REFERRAL,Customer_005458,1,,SYNTHETIC,1.3.0,42,
C005459,WS0007,COMMERCIAL,2021-09-23,Adana,Akdeniz,0,PHONE,REFERRAL,Customer_005459,1,,SYNTHETIC,1.3.0,42,
C005460,WS0005,INDIVIDUAL,2021-09-08,Antalya,Akdeniz,0,WHATSAPP,ORGANIC,Customer_005460,1,,SYNTHETIC,1.3.0,42,
C005461,WS0010,INDIVIDUAL,2026-06-12,Eskişehir,İç Anadolu,0,EMAIL,WALK_IN,Customer_005461,1,,SYNTHETIC,1.3.0,42,
C005462,WS0005,INDIVIDUAL,2026-02-08,Antalya,Akdeniz,0,PHONE,REFERRAL,Customer_005462,1,,SYNTHETIC,1.3.0,42,
C005463,WS0007,COMMERCIAL,2021-12-28,Adana,Akdeniz,0,EMAIL,REFERRAL,Customer_005463,1,,SYNTHETIC,1.3.0,42,
C005464,WS0004,INDIVIDUAL,2023-08-12,Bursa,Marmara,0,WHATSAPP,REFERRAL,Customer_005464,1,,SYNTHETIC,1.3.0,42,
C005465,WS0008,INDIVIDUAL,2023-12-09,Gaziantep,Güneydoğu Anadolu,0,WHATSAPP,REFERRAL,Customer_005465,1,,SYNTHETIC,1.3.0,42,
C005466,WS0005,INDIVIDUAL,2021-09-08,Antalya,Akdeniz,0,PHONE,ORGANIC,Customer_005466,1,,SYNTHETIC,1.3.0,42,
C005467,WS0005,INDIVIDUAL,2021-04-10,Antalya,Akdeniz,0,WHATSAPP,REFERRAL,Customer_005467,1,,SYNTHETIC,1.3.0,42,
C005468,WS0001,INDIVIDUAL,2026-02-24,İstanbul,Marmara,0,WHATSAPP,REFERRAL,Customer_005468,1,,SYNTHETIC,1.3.0,42,
C005469,WS0005,INDIVIDUAL,2024-11-08,Antalya,Akdeniz,0,WHATSAPP,SOCIAL_MEDIA,Customer_005469,1,,SYNTHETIC,1.3.0,42,
C005470,WS0010,INDIVIDUAL,2023-05-28,Eskişehir,İç Anadolu,0,SMS,REFERRAL,Customer_005470,1,,SYNTHETIC,1.3.0,42,
C005471,WS0006,INDIVIDUAL,2023-08-11,Konya,İç Anadolu,0,PHONE,REFERRAL,Customer_005471,1,,SYNTHETIC,1.3.0,42,
C005472,WS0002,INDIVIDUAL,2023-08-09,Ankara,İç Anadolu,0,PHONE,GOOGLE_MAPS,Customer_005472,0,2025-07-21,SYNTHETIC,1.3.0,42,
C005473,WS0001,INDIVIDUAL,2024-04-06,İstanbul,Marmara,0,WHATSAPP,SOCIAL_MEDIA,Customer_005473,1,,SYNTHETIC,1.3.0,42,
C005474,WS0010,INDIVIDUAL,2025-08-15,Eskişehir,İç Anadolu,0,WHATSAPP,REFERRAL,Customer_005474,1,,SYNTHETIC,1.3.0,42,
C005475,WS0007,INDIVIDUAL,2021-04-15,Adana,Akdeniz,0,PHONE,ORGANIC,Customer_005475,1,,SYNTHETIC,1.3.0,42,
C005476,WS0010,INDIVIDUAL,2026-06-14,Eskişehir,İç Anadolu,0,EMAIL,WALK_IN,Customer_005476,1,,SYNTHETIC,1.3.0,42,
C005477,WS0001,COMMERCIAL,2024-04-25,İstanbul,Marmara,0,WHATSAPP,DIRECT_SALES,Customer_005477,1,,SYNTHETIC,1.3.0,42,
C005478,WS0008,COMMERCIAL,2021-04-03,Gaziantep,Güneydoğu Anadolu,0,EMAIL,REFERRAL,Customer_005478,1,,SYNTHETIC,1.3.0,42,
C005479,WS0007,INDIVIDUAL,2026-01-04,Adana,Akdeniz,0,PHONE,SOCIAL_MEDIA,Customer_005479,1,,SYNTHETIC,1.3.0,42,
C005480,WS0008,INDIVIDUAL,2024-03-21,Gaziantep,Güneydoğu Anadolu,0,PHONE,ORGANIC,Customer_005480,1,,SYNTHETIC,1.3.0,42,
C005481,WS0009,INDIVIDUAL,2024-06-08,Samsun,Karadeniz,0,WHATSAPP,SOCIAL_MEDIA,Customer_005481,0,2024-10-07,SYNTHETIC,1.3.0,42,
C005482,WS0003,INDIVIDUAL,2021-11-21,İzmir,Ege,0,WHATSAPP,WALK_IN,Customer_005482,1,,SYNTHETIC,1.3.0,42,
C005483,WS0002,COMMERCIAL,2021-05-23,Ankara,İç Anadolu,0,EMAIL,DIRECT_SALES,Customer_005483,1,,SYNTHETIC,1.3.0,42,
C005484,WS0001,INDIVIDUAL,2024-07-06,İstanbul,Marmara,0,PHONE,WALK_IN,Customer_005484,1,,SYNTHETIC,1.3.0,42,
C005485,WS0003,INDIVIDUAL,2026-02-12,İzmir,Ege,0,SMS,WALK_IN,Customer_005485,0,2026-05-21,SYNTHETIC,1.3.0,42,
C005486,WS0002,INDIVIDUAL,2025-07-24,Ankara,İç Anadolu,0,PHONE,WALK_IN,Customer_005486,0,2026-01-06,SYNTHETIC,1.3.0,42,
C005487,WS0008,INDIVIDUAL,2021-10-10,Gaziantep,Güneydoğu Anadolu,0,PHONE,ORGANIC,Customer_005487,1,,SYNTHETIC,1.3.0,42,
C005488,WS0009,INDIVIDUAL,2024-03-03,Samsun,Karadeniz,0,WHATSAPP,REFERRAL,Customer_005488,1,,SYNTHETIC,1.3.0,42,
C005489,WS0006,INDIVIDUAL,2022-05-04,Konya,İç Anadolu,0,SMS,SOCIAL_MEDIA,Customer_005489,1,,SYNTHETIC,1.3.0,42,
C005490,WS0002,COMMERCIAL,2024-07-02,Ankara,İç Anadolu,0,EMAIL,REFERRAL,Customer_005490,1,,SYNTHETIC,1.3.0,42,
C005491,WS0004,INDIVIDUAL,2022-12-02,Bursa,Marmara,0,WHATSAPP,REFERRAL,Customer_005491,1,,SYNTHETIC,1.3.0,42,
C005492,WS0004,INDIVIDUAL,2023-09-26,Bursa,Marmara,0,EMAIL,ORGANIC,Customer_005492,1,,SYNTHETIC,1.3.0,42,
C005493,WS0008,INDIVIDUAL,2022-09-20,Gaziantep,Güneydoğu Anadolu,0,PHONE,WALK_IN,Customer_005493,1,,SYNTHETIC,1.3.0,42,
C005494,WS0003,INDIVIDUAL,2021-04-06,İzmir,Ege,0,PHONE,REFERRAL,Customer_005494,1,,SYNTHETIC,1.3.0,42,
C005495,WS0001,INDIVIDUAL,2026-07-15,İstanbul,Marmara,0,EMAIL,SOCIAL_MEDIA,Customer_005495,1,,SYNTHETIC,1.3.0,42,
C005496,WS0005,COMMERCIAL,2021-12-31,Antalya,Akdeniz,0,EMAIL,DIRECT_SALES,Customer_005496,1,,SYNTHETIC,1.3.0,42,
C005497,WS0002,INDIVIDUAL,2025-02-16,Ankara,İç Anadolu,0,WHATSAPP,REFERRAL,Customer_005497,1,,SYNTHETIC,1.3.0,42,
C005498,WS0005,INDIVIDUAL,2021-08-20,Antalya,Akdeniz,0,WHATSAPP,ORGANIC,Customer_005498,0,2025-11-06,SYNTHETIC,1.3.0,42,
C005499,WS0005,INDIVIDUAL,2025-09-16,Antalya,Akdeniz,0,SMS,GOOGLE_MAPS,Customer_005499,1,,SYNTHETIC,1.3.0,42,
C005500,WS0005,INDIVIDUAL,2021-08-03,Antalya,Akdeniz,0,WHATSAPP,ORGANIC,Customer_005500,1,,SYNTHETIC,1.3.0,42,
C005501,WS0006,INDIVIDUAL,2021-03-30,Konya,İç Anadolu,0,SMS,REFERRAL,Customer_005501,1,,SYNTHETIC,1.3.0,42,
C005502,WS0001,INDIVIDUAL,2024-07-07,İstanbul,Marmara,0,WHATSAPP,REFERRAL,Customer_005502,1,,SYNTHETIC,1.3.0,42,
C005503,WS0008,INDIVIDUAL,2023-12-31,Gaziantep,Güneydoğu Anadolu,0,WHATSAPP,SOCIAL_MEDIA,Customer_005503,1,,SYNTHETIC,1.3.0,42,
C005504,WS0002,INDIVIDUAL,2025-08-06,Ankara,İç Anadolu,0,PHONE,GOOGLE_MAPS,Customer_005504,1,,SYNTHETIC,1.3.0,42,
C005505,WS0002,INDIVIDUAL,2025-07-07,Ankara,İç Anadolu,0,WHATSAPP,ORGANIC,Customer_005505,1,,SYNTHETIC,1.3.0,42,
C005506,WS0005,INDIVIDUAL,2021-08-09,Antalya,Akdeniz,0,PHONE,WALK_IN,Customer_005506,1,,SYNTHETIC,1.3.0,42,
C005507,WS0007,INDIVIDUAL,2022-07-20,Adana,Akdeniz,0,EMAIL,ORGANIC,Customer_005507,1,,SYNTHETIC,1.3.0,42,
C005508,WS0005,INDIVIDUAL,2021-06-20,Antalya,Akdeniz,0,WHATSAPP,REFERRAL,Customer_005508,1,,SYNTHETIC,1.3.0,42,
C005509,WS0008,COMMERCIAL,2024-07-15,Gaziantep,Güneydoğu Anadolu,0,WHATSAPP,ORGANIC,Customer_005509,1,,SYNTHETIC,1.3.0,42,
C005510,WS0002,INDIVIDUAL,2025-08-24,Ankara,İç Anadolu,0,WHATSAPP,SOCIAL_MEDIA,Customer_005510,1,,SYNTHETIC,1.3.0,42,
C005511,WS0010,INDIVIDUAL,2023-07-29,Eskişehir,İç Anadolu,0,SMS,GOOGLE_MAPS,Customer_005511,1,,SYNTHETIC,1.3.0,42,
C005512,WS0005,INDIVIDUAL,2022-05-16,Antalya,Akdeniz,0,PHONE,REFERRAL,Customer_005512,1,,SYNTHETIC,1.3.0,42,
C005513,WS0007,INDIVIDUAL,2022-06-04,Adana,Akdeniz,0,WHATSAPP,SOCIAL_MEDIA,Customer_005513,1,,SYNTHETIC,1.3.0,42,
C005514,WS0001,INDIVIDUAL,2022-01-22,İstanbul,Marmara,0,SMS,ORGANIC,Customer_005514,1,,SYNTHETIC,1.3.0,42,
C005515,WS0003,FLEET,2023-04-18,İzmir,Ege,1,PHONE,FLEET_PARTNERSHIP,Customer_005515,1,,SYNTHETIC,1.3.0,42,
C005516,WS0001,INDIVIDUAL,2022-07-24,İstanbul,Marmara,0,WHATSAPP,REFERRAL,Customer_005516,1,,SYNTHETIC,1.3.0,42,
C005517,WS0004,INDIVIDUAL,2021-08-25,Bursa,Marmara,0,WHATSAPP,ORGANIC,Customer_005517,1,,SYNTHETIC,1.3.0,42,
C005518,WS0002,INDIVIDUAL,2024-07-30,Ankara,İç Anadolu,0,WHATSAPP,SOCIAL_MEDIA,Customer_005518,1,,SYNTHETIC,1.3.0,42,
C005519,WS0005,COMMERCIAL,2025-09-15,Antalya,Akdeniz,0,PHONE,REFERRAL,Customer_005519,1,,SYNTHETIC,1.3.0,42,
C005520,WS0008,COMMERCIAL,2021-01-01,Gaziantep,Güneydoğu Anadolu,0,PHONE,FLEET_PARTNERSHIP,Customer_005520,0,2022-11-16,SYNTHETIC,1.3.0,42,
C005521,WS0007,INDIVIDUAL,2022-06-04,Adana,Akdeniz,0,SMS,REFERRAL,Customer_005521,1,,SYNTHETIC,1.3.0,42,
C005522,WS0001,FLEET,2026-01-29,İstanbul,Marmara,1,WHATSAPP,REFERRAL,Customer_005522,1,,SYNTHETIC,1.3.0,42,
C005523,WS0001,INDIVIDUAL,2023-09-09,İstanbul,Marmara,0,PHONE,ORGANIC,Customer_005523,1,,SYNTHETIC,1.3.0,42,
C005524,WS0008,INDIVIDUAL,2022-03-14,Gaziantep,Güneydoğu Anadolu,0,WHATSAPP,REFERRAL,Customer_005524,1,,SYNTHETIC,1.3.0,42,
C005525,WS0008,INDIVIDUAL,2022-11-19,Gaziantep,Güneydoğu Anadolu,0,WHATSAPP,ORGANIC,Customer_005525,1,,SYNTHETIC,1.3.0,42,
C005526,WS0002,INDIVIDUAL,2024-01-22,Ankara,İç Anadolu,0,WHATSAPP,REFERRAL,Customer_005526,1,,SYNTHETIC,1.3.0,42,
C005527,WS0009,INDIVIDUAL,2024-04-25,Samsun,Karadeniz,0,SMS,ORGANIC,Customer_005527,1,,SYNTHETIC,1.3.0,42,
C005528,WS0006,INDIVIDUAL,2025-06-09,Konya,İç Anadolu,0,PHONE,REFERRAL,Customer_005528,1,,SYNTHETIC,1.3.0,42,
C005529,WS0003,INDIVIDUAL,2026-03-24,İzmir,Ege,0,WHATSAPP,REFERRAL,Customer_005529,1,,SYNTHETIC,1.3.0,42,
C005530,WS0009,INDIVIDUAL,2022-04-14,Samsun,Karadeniz,0,SMS,REFERRAL,Customer_005530,1,,SYNTHETIC,1.3.0,42,
C005531,WS0006,INDIVIDUAL,2025-05-24,Konya,İç Anadolu,0,SMS,REFERRAL,Customer_005531,1,,SYNTHETIC,1.3.0,42,
C005532,WS0005,INDIVIDUAL,2025-08-10,Antalya,Akdeniz,0,PHONE,ORGANIC,Customer_005532,1,,SYNTHETIC,1.3.0,42,
C005533,WS0005,INDIVIDUAL,2021-03-14,Antalya,Akdeniz,0,SMS,SOCIAL_MEDIA,Customer_005533,1,,SYNTHETIC,1.3.0,42,
C005534,WS0004,COMMERCIAL,2023-11-12,Bursa,Marmara,0,EMAIL,FLEET_PARTNERSHIP,Customer_005534,1,,SYNTHETIC,1.3.0,42,
C005535,WS0006,FLEET,2026-07-23,Konya,İç Anadolu,1,WHATSAPP,DIRECT_SALES,Customer_005535,1,,SYNTHETIC,1.3.0,42,
C005536,WS0005,INDIVIDUAL,2025-07-06,Antalya,Akdeniz,0,WHATSAPP,REFERRAL,Customer_005536,1,,SYNTHETIC,1.3.0,42,
C005537,WS0004,INDIVIDUAL,2025-02-08,Bursa,Marmara,0,SMS,SOCIAL_MEDIA,Customer_005537,0,2025-12-11,SYNTHETIC,1.3.0,42,
C005538,WS0008,INDIVIDUAL,2024-09-19,Gaziantep,Güneydoğu Anadolu,0,WHATSAPP,WALK_IN,Customer_005538,1,,SYNTHETIC,1.3.0,42,
C005539,WS0006,INDIVIDUAL,2022-10-23,Konya,İç Anadolu,0,WHATSAPP,WALK_IN,Customer_005539,1,,SYNTHETIC,1.3.0,42,
C005540,WS0007,INDIVIDUAL,2022-07-22,Adana,Akdeniz,0,PHONE,SOCIAL_MEDIA,Customer_005540,1,,SYNTHETIC,1.3.0,42,
C005541,WS0001,INDIVIDUAL,2026-02-14,İstanbul,Marmara,0,PHONE,ORGANIC,Customer_005541,1,,SYNTHETIC,1.3.0,42,
C005542,WS0009,INDIVIDUAL,2022-07-23,Samsun,Karadeniz,0,WHATSAPP,ORGANIC,Customer_005542,1,,SYNTHETIC,1.3.0,42,
C005543,WS0002,INDIVIDUAL,2022-05-05,Ankara,İç Anadolu,0,PHONE,SOCIAL_MEDIA,Customer_005543,1,,SYNTHETIC,1.3.0,42,
C005544,WS0007,INDIVIDUAL,2022-10-04,Adana,Akdeniz,0,WHATSAPP,REFERRAL,Customer_005544,1,,SYNTHETIC,1.3.0,42,
C005545,WS0010,INDIVIDUAL,2022-03-26,Eskişehir,İç Anadolu,0,WHATSAPP,GOOGLE_MAPS,Customer_005545,1,,SYNTHETIC,1.3.0,42,
C005546,WS0009,COMMERCIAL,2025-05-23,Samsun,Karadeniz,0,WHATSAPP,REFERRAL,Customer_005546,1,,SYNTHETIC,1.3.0,42,
C005547,WS0010,INDIVIDUAL,2026-02-14,Eskişehir,İç Anadolu,0,SMS,GOOGLE_MAPS,Customer_005547,1,,SYNTHETIC,1.3.0,42,
C005548,WS0002,INDIVIDUAL,2025-08-24,Ankara,İç Anadolu,0,SMS,WALK_IN,Customer_005548,1,,SYNTHETIC,1.3.0,42,
C005549,WS0008,INDIVIDUAL,2026-07-19,Gaziantep,Güneydoğu Anadolu,0,WHATSAPP,REFERRAL,Customer_005549,0,2026-08-23,SYNTHETIC,1.3.0,42,
C005550,WS0010,INDIVIDUAL,2023-10-24,Eskişehir,İç Anadolu,0,PHONE,SOCIAL_MEDIA,Customer_005550,1,,SYNTHETIC,1.3.0,42,
C005551,WS0004,INDIVIDUAL,2022-11-30,Bursa,Marmara,0,SMS,ORGANIC,Customer_005551,1,,SYNTHETIC,1.3.0,42,
C005552,WS0010,INDIVIDUAL,2024-06-21,Eskişehir,İç Anadolu,0,WHATSAPP,REFERRAL,Customer_005552,1,,SYNTHETIC,1.3.0,42,
C005553,WS0009,INDIVIDUAL,2024-12-25,Samsun,Karadeniz,0,WHATSAPP,SOCIAL_MEDIA,Customer_005553,1,,SYNTHETIC,1.3.0,42,
C005554,WS0005,INDIVIDUAL,2022-09-11,Antalya,Akdeniz,0,WHATSAPP,WALK_IN,Customer_005554,1,,SYNTHETIC,1.3.0,42,
C005555,WS0004,INDIVIDUAL,2025-05-25,Bursa,Marmara,0,EMAIL,ORGANIC,Customer_005555,1,,SYNTHETIC,1.3.0,42,
C005556,WS0001,INDIVIDUAL,2022-01-12,İstanbul,Marmara,0,WHATSAPP,ORGANIC,Customer_005556,0,2026-03-14,SYNTHETIC,1.3.0,42,
C005557,WS0003,INDIVIDUAL,2022-01-29,İzmir,Ege,0,SMS,WALK_IN,Customer_005557,1,,SYNTHETIC,1.3.0,42,
C005558,WS0003,INDIVIDUAL,2023-01-10,İzmir,Ege,0,WHATSAPP,WALK_IN,Customer_005558,0,2026-03-14,SYNTHETIC,1.3.0,42,
C005559,WS0006,INDIVIDUAL,2022-08-13,Konya,İç Anadolu,0,SMS,GOOGLE_MAPS,Customer_005559,1,,SYNTHETIC,1.3.0,42,
C005560,WS0001,INDIVIDUAL,2024-12-04,İstanbul,Marmara,0,WHATSAPP,GOOGLE_MAPS,Customer_005560,1,,SYNTHETIC,1.3.0,42,
C005561,WS0001,COMMERCIAL,2021-12-25,İstanbul,Marmara,0,WHATSAPP,DIRECT_SALES,Customer_005561,1,,SYNTHETIC,1.3.0,42,
C005562,WS0005,INDIVIDUAL,2021-10-24,Antalya,Akdeniz,0,PHONE,WALK_IN,Customer_005562,1,,SYNTHETIC,1.3.0,42,
C005563,WS0010,INDIVIDUAL,2021-03-25,Eskişehir,İç Anadolu,0,WHATSAPP,REFERRAL,Customer_005563,1,,SYNTHETIC,1.3.0,42,
C005564,WS0004,INDIVIDUAL,2025-01-29,Bursa,Marmara,0,SMS,WALK_IN,Customer_005564,1,,SYNTHETIC,1.3.0,42,
C005565,WS0010,INDIVIDUAL,2021-03-20,Eskişehir,İç Anadolu,0,SMS,SOCIAL_MEDIA,Customer_005565,1,,SYNTHETIC,1.3.0,42,
C005566,WS0004,INDIVIDUAL,2021-06-20,Bursa,Marmara,0,WHATSAPP,GOOGLE_MAPS,Customer_005566,0,2025-04-19,SYNTHETIC,1.3.0,42,
C005567,WS0004,INDIVIDUAL,2024-08-24,Bursa,Marmara,0,WHATSAPP,REFERRAL,Customer_005567,1,,SYNTHETIC,1.3.0,42,
C005568,WS0010,INDIVIDUAL,2025-11-28,Eskişehir,İç Anadolu,0,WHATSAPP,ORGANIC,Customer_005568,1,,SYNTHETIC,1.3.0,42,
C005569,WS0010,INDIVIDUAL,2025-03-17,Eskişehir,İç Anadolu,0,PHONE,GOOGLE_MAPS,Customer_005569,0,2025-10-23,SYNTHETIC,1.3.0,42,
C005570,WS0005,INDIVIDUAL,2021-06-10,Antalya,Akdeniz,0,PHONE,WALK_IN,Customer_005570,1,,SYNTHETIC,1.3.0,42,
C005571,WS0007,COMMERCIAL,2024-08-21,Adana,Akdeniz,0,WHATSAPP,REFERRAL,Customer_005571,1,,SYNTHETIC,1.3.0,42,
C005572,WS0005,FLEET,2022-01-10,Antalya,Akdeniz,1,EMAIL,FLEET_PARTNERSHIP,Customer_005572,1,,SYNTHETIC,1.3.0,42,
C005573,WS0006,FLEET,2024-05-09,Konya,İç Anadolu,1,WHATSAPP,REFERRAL,Customer_005573,1,,SYNTHETIC,1.3.0,42,
C005574,WS0005,INDIVIDUAL,2021-10-12,Antalya,Akdeniz,0,PHONE,WALK_IN,Customer_005574,1,,SYNTHETIC,1.3.0,42,
C005575,WS0004,INDIVIDUAL,2023-08-16,Bursa,Marmara,0,WHATSAPP,WALK_IN,Customer_005575,1,,SYNTHETIC,1.3.0,42,
C005576,WS0010,INDIVIDUAL,2026-06-04,Eskişehir,İç Anadolu,0,WHATSAPP,WALK_IN,Customer_005576,1,,SYNTHETIC,1.3.0,42,
C005577,WS0009,INDIVIDUAL,2024-02-01,Samsun,Karadeniz,0,WHATSAPP,GOOGLE_MAPS,Customer_005577,1,,SYNTHETIC,1.3.0,42,
C005578,WS0006,COMMERCIAL,2026-04-10,Konya,İç Anadolu,0,EMAIL,FLEET_PARTNERSHIP,Customer_005578,0,2026-08-01,SYNTHETIC,1.3.0,42,
C005579,WS0008,INDIVIDUAL,2022-03-14,Gaziantep,Güneydoğu Anadolu,0,PHONE,REFERRAL,Customer_005579,0,2025-10-18,SYNTHETIC,1.3.0,42,
C005580,WS0003,INDIVIDUAL,2023-01-14,İzmir,Ege,0,WHATSAPP,GOOGLE_MAPS,Customer_005580,1,,SYNTHETIC,1.3.0,42,
C005581,WS0001,INDIVIDUAL,2024-03-11,İstanbul,Marmara,0,PHONE,GOOGLE_MAPS,Customer_005581,1,,SYNTHETIC,1.3.0,42,
C005582,WS0006,INDIVIDUAL,2021-07-06,Konya,İç Anadolu,0,PHONE,GOOGLE_MAPS,Customer_005582,1,,SYNTHETIC,1.3.0,42,
C005583,WS0006,COMMERCIAL,2023-12-31,Konya,İç Anadolu,0,WHATSAPP,DIRECT_SALES,Customer_005583,1,,SYNTHETIC,1.3.0,42,
C005584,WS0001,INDIVIDUAL,2022-10-11,İstanbul,Marmara,0,PHONE,SOCIAL_MEDIA,Customer_005584,1,,SYNTHETIC,1.3.0,42,
C005585,WS0008,INDIVIDUAL,2024-04-04,Gaziantep,Güneydoğu Anadolu,0,WHATSAPP,ORGANIC,Customer_005585,1,,SYNTHETIC,1.3.0,42,
C005586,WS0007,INDIVIDUAL,2021-03-01,Adana,Akdeniz,0,WHATSAPP,ORGANIC,Customer_005586,1,,SYNTHETIC,1.3.0,42,
C005587,WS0009,INDIVIDUAL,2022-07-22,Samsun,Karadeniz,0,PHONE,REFERRAL,Customer_005587,1,,SYNTHETIC,1.3.0,42,
C005588,WS0002,COMMERCIAL,2024-08-09,Ankara,İç Anadolu,0,EMAIL,REFERRAL,Customer_005588,1,,SYNTHETIC,1.3.0,42,
C005589,WS0008,INDIVIDUAL,2022-01-13,Gaziantep,Güneydoğu Anadolu,0,WHATSAPP,ORGANIC,Customer_005589,1,,SYNTHETIC,1.3.0,42,
C005590,WS0002,INDIVIDUAL,2024-12-19,Ankara,İç Anadolu,0,WHATSAPP,REFERRAL,Customer_005590,1,,SYNTHETIC,1.3.0,42,
C005591,WS0008,INDIVIDUAL,2022-02-24,Gaziantep,Güneydoğu Anadolu,0,WHATSAPP,GOOGLE_MAPS,Customer_005591,1,,SYNTHETIC,1.3.0,42,
C005592,WS0008,INDIVIDUAL,2021-10-07,Gaziantep,Güneydoğu Anadolu,0,EMAIL,SOCIAL_MEDIA,Customer_005592,1,,SYNTHETIC,1.3.0,42,
C005593,WS0009,INDIVIDUAL,2024-02-20,Samsun,Karadeniz,0,SMS,REFERRAL,Customer_005593,1,,SYNTHETIC,1.3.0,42,
C005594,WS0007,INDIVIDUAL,2025-04-29,Adana,Akdeniz,0,WHATSAPP,SOCIAL_MEDIA,Customer_005594,1,,SYNTHETIC,1.3.0,42,
C005595,WS0007,INDIVIDUAL,2022-05-26,Adana,Akdeniz,0,WHATSAPP,GOOGLE_MAPS,Customer_005595,1,,SYNTHETIC,1.3.0,42,
C005596,WS0008,INDIVIDUAL,2025-09-08,Gaziantep,Güneydoğu Anadolu,0,SMS,REFERRAL,Customer_005596,1,,SYNTHETIC,1.3.0,42,
C005597,WS0001,INDIVIDUAL,2021-12-21,İstanbul,Marmara,0,WHATSAPP,ORGANIC,Customer_005597,1,,SYNTHETIC,1.3.0,42,
C005598,WS0003,INDIVIDUAL,2021-10-10,İzmir,Ege,0,WHATSAPP,SOCIAL_MEDIA,Customer_005598,0,2022-09-11,SYNTHETIC,1.3.0,42,
C005599,WS0002,INDIVIDUAL,2026-06-01,Ankara,İç Anadolu,0,WHATSAPP,ORGANIC,Customer_005599,1,,SYNTHETIC,1.3.0,42,
C005600,WS0009,INDIVIDUAL,2022-02-24,Samsun,Karadeniz,0,PHONE,ORGANIC,Customer_005600,1,,SYNTHETIC,1.3.0,42,
C005601,WS0007,INDIVIDUAL,2026-06-02,Adana,Akdeniz,0,WHATSAPP,SOCIAL_MEDIA,Customer_005601,1,,SYNTHETIC,1.3.0,42,
C005602,WS0006,INDIVIDUAL,2021-10-04,Konya,İç Anadolu,0,EMAIL,REFERRAL,Customer_005602,1,,SYNTHETIC,1.3.0,42,
C005603,WS0009,INDIVIDUAL,2021-07-04,Samsun,Karadeniz,0,SMS,GOOGLE_MAPS,Customer_005603,1,,SYNTHETIC,1.3.0,42,
C005604,WS0005,INDIVIDUAL,2021-01-30,Antalya,Akdeniz,0,SMS,REFERRAL,Customer_005604,0,2026-02-23,SYNTHETIC,1.3.0,42,
C005605,WS0002,COMMERCIAL,2024-10-16,Ankara,İç Anadolu,0,EMAIL,DIRECT_SALES,Customer_005605,1,,SYNTHETIC,1.3.0,42,
C005606,WS0001,INDIVIDUAL,2025-12-03,İstanbul,Marmara,0,PHONE,SOCIAL_MEDIA,Customer_005606,1,,SYNTHETIC,1.3.0,42,
C005607,WS0007,INDIVIDUAL,2022-07-03,Adana,Akdeniz,0,PHONE,REFERRAL,Customer_005607,1,,SYNTHETIC,1.3.0,42,
C005608,WS0008,INDIVIDUAL,2025-04-23,Gaziantep,Güneydoğu Anadolu,0,PHONE,ORGANIC,Customer_005608,1,,SYNTHETIC,1.3.0,42,
C005609,WS0003,INDIVIDUAL,2022-09-18,İzmir,Ege,0,WHATSAPP,ORGANIC,Customer_005609,0,2023-08-11,SYNTHETIC,1.3.0,42,
C005610,WS0008,INDIVIDUAL,2021-12-18,Gaziantep,Güneydoğu Anadolu,0,WHATSAPP,ORGANIC,Customer_005610,1,,SYNTHETIC,1.3.0,42,
C005611,WS0007,INDIVIDUAL,2022-01-04,Adana,Akdeniz,0,WHATSAPP,ORGANIC,Customer_005611,1,,SYNTHETIC,1.3.0,42,
C005612,WS0002,INDIVIDUAL,2024-04-15,Ankara,İç Anadolu,0,EMAIL,REFERRAL,Customer_005612,1,,SYNTHETIC,1.3.0,42,
C005613,WS0009,INDIVIDUAL,2024-10-22,Samsun,Karadeniz,0,WHATSAPP,WALK_IN,Customer_005613,1,,SYNTHETIC,1.3.0,42,
C005614,WS0008,FLEET,2021-06-27,Gaziantep,Güneydoğu Anadolu,1,PHONE,ORGANIC,Customer_005614,1,,SYNTHETIC,1.3.0,42,
C005615,WS0006,INDIVIDUAL,2026-01-24,Konya,İç Anadolu,0,SMS,REFERRAL,Customer_005615,1,,SYNTHETIC,1.3.0,42,
C005616,WS0007,COMMERCIAL,2021-04-05,Adana,Akdeniz,0,EMAIL,REFERRAL,Customer_005616,1,,SYNTHETIC,1.3.0,42,
C005617,WS0002,INDIVIDUAL,2021-04-02,Ankara,İç Anadolu,0,WHATSAPP,ORGANIC,Customer_005617,1,,SYNTHETIC,1.3.0,42,
C005618,WS0006,INDIVIDUAL,2022-05-05,Konya,İç Anadolu,0,SMS,SOCIAL_MEDIA,Customer_005618,1,,SYNTHETIC,1.3.0,42,
C005619,WS0005,COMMERCIAL,2021-09-22,Antalya,Akdeniz,0,EMAIL,FLEET_PARTNERSHIP,Customer_005619,1,,SYNTHETIC,1.3.0,42,
C005620,WS0005,COMMERCIAL,2022-11-28,Antalya,Akdeniz,0,EMAIL,REFERRAL,Customer_005620,1,,SYNTHETIC,1.3.0,42,
C005621,WS0006,INDIVIDUAL,2022-09-25,Konya,İç Anadolu,0,EMAIL,ORGANIC,Customer_005621,1,,SYNTHETIC,1.3.0,42,
C005622,WS0009,INDIVIDUAL,2022-10-10,Samsun,Karadeniz,0,SMS,ORGANIC,Customer_005622,1,,SYNTHETIC,1.3.0,42,
C005623,WS0003,INDIVIDUAL,2022-06-21,İzmir,Ege,0,WHATSAPP,REFERRAL,Customer_005623,0,2026-01-13,SYNTHETIC,1.3.0,42,
C005624,WS0010,INDIVIDUAL,2026-07-29,Eskişehir,İç Anadolu,0,PHONE,GOOGLE_MAPS,Customer_005624,1,,SYNTHETIC,1.3.0,42,
C005625,WS0010,INDIVIDUAL,2023-10-06,Eskişehir,İç Anadolu,0,SMS,GOOGLE_MAPS,Customer_005625,0,2024-05-28,SYNTHETIC,1.3.0,42,
C005626,WS0009,INDIVIDUAL,2022-07-16,Samsun,Karadeniz,0,PHONE,ORGANIC,Customer_005626,1,,SYNTHETIC,1.3.0,42,
C005627,WS0001,INDIVIDUAL,2025-11-11,İstanbul,Marmara,0,EMAIL,WALK_IN,Customer_005627,1,,SYNTHETIC,1.3.0,42,
C005628,WS0001,INDIVIDUAL,2022-03-13,İstanbul,Marmara,0,WHATSAPP,ORGANIC,Customer_005628,1,,SYNTHETIC,1.3.0,42,
C005629,WS0002,INDIVIDUAL,2026-03-02,Ankara,İç Anadolu,0,SMS,SOCIAL_MEDIA,Customer_005629,1,,SYNTHETIC,1.3.0,42,
C005630,WS0008,INDIVIDUAL,2023-08-28,Gaziantep,Güneydoğu Anadolu,0,WHATSAPP,ORGANIC,Customer_005630,1,,SYNTHETIC,1.3.0,42,
C005631,WS0002,INDIVIDUAL,2022-07-24,Ankara,İç Anadolu,0,SMS,SOCIAL_MEDIA,Customer_005631,1,,SYNTHETIC,1.3.0,42,
C005632,WS0002,INDIVIDUAL,2026-07-19,Ankara,İç Anadolu,0,WHATSAPP,ORGANIC,Customer_005632,1,,SYNTHETIC,1.3.0,42,
C005633,WS0005,INDIVIDUAL,2026-03-08,Antalya,Akdeniz,0,EMAIL,REFERRAL,Customer_005633,1,,SYNTHETIC,1.3.0,42,
C005634,WS0007,INDIVIDUAL,2024-06-26,Adana,Akdeniz,0,PHONE,GOOGLE_MAPS,Customer_005634,1,,SYNTHETIC,1.3.0,42,
C005635,WS0004,INDIVIDUAL,2022-07-28,Bursa,Marmara,0,WHATSAPP,WALK_IN,Customer_005635,1,,SYNTHETIC,1.3.0,42,
C005636,WS0005,INDIVIDUAL,2023-05-10,Antalya,Akdeniz,0,EMAIL,WALK_IN,Customer_005636,1,,SYNTHETIC,1.3.0,42,
C005637,WS0007,COMMERCIAL,2021-02-04,Adana,Akdeniz,0,WHATSAPP,DIRECT_SALES,Customer_005637,1,,SYNTHETIC,1.3.0,42,
C005638,WS0009,INDIVIDUAL,2026-04-25,Samsun,Karadeniz,0,PHONE,WALK_IN,Customer_005638,1,,SYNTHETIC,1.3.0,42,
C005639,WS0010,INDIVIDUAL,2024-02-18,Eskişehir,İç Anadolu,0,PHONE,WALK_IN,Customer_005639,1,,SYNTHETIC,1.3.0,42,
C005640,WS0005,INDIVIDUAL,2021-10-12,Antalya,Akdeniz,0,WHATSAPP,ORGANIC,Customer_005640,1,,SYNTHETIC,1.3.0,42,
C005641,WS0005,INDIVIDUAL,2022-12-09,Antalya,Akdeniz,0,PHONE,REFERRAL,Customer_005641,0,2023-04-25,SYNTHETIC,1.3.0,42,
C005642,WS0008,INDIVIDUAL,2023-09-11,Gaziantep,Güneydoğu Anadolu,0,PHONE,REFERRAL,Customer_005642,1,,SYNTHETIC,1.3.0,42,
C005643,WS0001,INDIVIDUAL,2021-12-11,İstanbul,Marmara,0,PHONE,GOOGLE_MAPS,Customer_005643,1,,SYNTHETIC,1.3.0,42,
C005644,WS0001,INDIVIDUAL,2024-03-19,İstanbul,Marmara,0,WHATSAPP,GOOGLE_MAPS,Customer_005644,1,,SYNTHETIC,1.3.0,42,
C005645,WS0001,INDIVIDUAL,2022-09-01,İstanbul,Marmara,0,PHONE,WALK_IN,Customer_005645,1,,SYNTHETIC,1.3.0,42,
C005646,WS0007,FLEET,2023-10-31,Adana,Akdeniz,1,PHONE,ORGANIC,Customer_005646,1,,SYNTHETIC,1.3.0,42,
C005647,WS0006,INDIVIDUAL,2023-11-04,Konya,İç Anadolu,0,WHATSAPP,ORGANIC,Customer_005647,1,,SYNTHETIC,1.3.0,42,
C005648,WS0005,INDIVIDUAL,2023-09-04,Antalya,Akdeniz,0,EMAIL,SOCIAL_MEDIA,Customer_005648,1,,SYNTHETIC,1.3.0,42,
C005649,WS0009,INDIVIDUAL,2021-03-16,Samsun,Karadeniz,0,WHATSAPP,REFERRAL,Customer_005649,1,,SYNTHETIC,1.3.0,42,
C005650,WS0001,INDIVIDUAL,2022-03-01,İstanbul,Marmara,0,WHATSAPP,ORGANIC,Customer_005650,1,,SYNTHETIC,1.3.0,42,
C005651,WS0001,INDIVIDUAL,2023-04-30,İstanbul,Marmara,0,EMAIL,GOOGLE_MAPS,Customer_005651,0,2026-02-10,SYNTHETIC,1.3.0,42,
C005652,WS0010,INDIVIDUAL,2022-02-23,Eskişehir,İç Anadolu,0,WHATSAPP,SOCIAL_MEDIA,Customer_005652,1,,SYNTHETIC,1.3.0,42,
C005653,WS0002,COMMERCIAL,2023-02-26,Ankara,İç Anadolu,0,EMAIL,FLEET_PARTNERSHIP,Customer_005653,1,,SYNTHETIC,1.3.0,42,
C005654,WS0002,INDIVIDUAL,2026-07-11,Ankara,İç Anadolu,0,PHONE,ORGANIC,Customer_005654,1,,SYNTHETIC,1.3.0,42,
C005655,WS0003,INDIVIDUAL,2025-04-02,İzmir,Ege,0,WHATSAPP,REFERRAL,Customer_005655,1,,SYNTHETIC,1.3.0,42,
C005656,WS0009,INDIVIDUAL,2023-05-31,Samsun,Karadeniz,0,WHATSAPP,ORGANIC,Customer_005656,1,,SYNTHETIC,1.3.0,42,
C005657,WS0007,INDIVIDUAL,2023-03-10,Adana,Akdeniz,0,WHATSAPP,GOOGLE_MAPS,Customer_005657,1,,SYNTHETIC,1.3.0,42,
C005658,WS0001,INDIVIDUAL,2022-11-16,İstanbul,Marmara,0,SMS,ORGANIC,Customer_005658,1,,SYNTHETIC,1.3.0,42,
C005659,WS0002,INDIVIDUAL,2026-03-27,Ankara,İç Anadolu,0,WHATSAPP,WALK_IN,Customer_005659,1,,SYNTHETIC,1.3.0,42,
C005660,WS0003,INDIVIDUAL,2024-10-06,İzmir,Ege,0,WHATSAPP,ORGANIC,Customer_005660,1,,SYNTHETIC,1.3.0,42,
C005661,WS0004,INDIVIDUAL,2023-01-21,Bursa,Marmara,0,WHATSAPP,SOCIAL_MEDIA,Customer_005661,1,,SYNTHETIC,1.3.0,42,
C005662,WS0008,INDIVIDUAL,2022-05-24,Gaziantep,Güneydoğu Anadolu,0,PHONE,REFERRAL,Customer_005662,1,,SYNTHETIC,1.3.0,42,
C005663,WS0006,INDIVIDUAL,2026-01-06,Konya,İç Anadolu,0,WHATSAPP,ORGANIC,Customer_005663,1,,SYNTHETIC,1.3.0,42,
C005664,WS0004,INDIVIDUAL,2024-06-28,Bursa,Marmara,0,WHATSAPP,GOOGLE_MAPS,Customer_005664,1,,SYNTHETIC,1.3.0,42,
C005665,WS0010,INDIVIDUAL,2021-04-11,Eskişehir,İç Anadolu,0,SMS,ORGANIC,Customer_005665,1,,SYNTHETIC,1.3.0,42,
C005666,WS0003,INDIVIDUAL,2021-04-22,İzmir,Ege,0,EMAIL,REFERRAL,Customer_005666,1,,SYNTHETIC,1.3.0,42,
C005667,WS0004,COMMERCIAL,2022-11-04,Bursa,Marmara,0,PHONE,FLEET_PARTNERSHIP,Customer_005667,1,,SYNTHETIC,1.3.0,42,
C005668,WS0004,INDIVIDUAL,2024-06-12,Bursa,Marmara,0,WHATSAPP,ORGANIC,Customer_005668,1,,SYNTHETIC,1.3.0,42,
C005669,WS0002,COMMERCIAL,2023-10-20,Ankara,İç Anadolu,0,EMAIL,REFERRAL,Customer_005669,1,,SYNTHETIC,1.3.0,42,
C005670,WS0007,COMMERCIAL,2025-06-13,Adana,Akdeniz,0,PHONE,ORGANIC,Customer_005670,1,,SYNTHETIC,1.3.0,42,
C005671,WS0008,INDIVIDUAL,2025-09-17,Gaziantep,Güneydoğu Anadolu,0,WHATSAPP,REFERRAL,Customer_005671,1,,SYNTHETIC,1.3.0,42,
C005672,WS0001,INDIVIDUAL,2023-05-23,İstanbul,Marmara,0,PHONE,REFERRAL,Customer_005672,1,,SYNTHETIC,1.3.0,42,
C005673,WS0010,INDIVIDUAL,2021-06-14,Eskişehir,İç Anadolu,0,WHATSAPP,GOOGLE_MAPS,Customer_005673,1,,SYNTHETIC,1.3.0,42,
C005674,WS0004,INDIVIDUAL,2021-08-03,Bursa,Marmara,0,SMS,ORGANIC,Customer_005674,1,,SYNTHETIC,1.3.0,42,
C005675,WS0009,INDIVIDUAL,2021-12-12,Samsun,Karadeniz,0,WHATSAPP,ORGANIC,Customer_005675,0,2025-02-10,SYNTHETIC,1.3.0,42,
C005676,WS0007,INDIVIDUAL,2024-04-17,Adana,Akdeniz,0,WHATSAPP,REFERRAL,Customer_005676,1,,SYNTHETIC,1.3.0,42,
C005677,WS0006,INDIVIDUAL,2021-10-18,Konya,İç Anadolu,0,WHATSAPP,SOCIAL_MEDIA,Customer_005677,1,,SYNTHETIC,1.3.0,42,
C005678,WS0005,INDIVIDUAL,2022-10-12,Antalya,Akdeniz,0,PHONE,GOOGLE_MAPS,Customer_005678,1,,SYNTHETIC,1.3.0,42,
C005679,WS0004,INDIVIDUAL,2024-07-01,Bursa,Marmara,0,WHATSAPP,GOOGLE_MAPS,Customer_005679,1,,SYNTHETIC,1.3.0,42,
C005680,WS0004,COMMERCIAL,2023-07-06,Bursa,Marmara,0,EMAIL,REFERRAL,Customer_005680,1,,SYNTHETIC,1.3.0,42,
C005681,WS0007,INDIVIDUAL,2026-03-11,Adana,Akdeniz,0,WHATSAPP,ORGANIC,Customer_005681,0,2026-07-28,SYNTHETIC,1.3.0,42,
C005682,WS0001,INDIVIDUAL,2022-11-24,İstanbul,Marmara,0,WHATSAPP,REFERRAL,Customer_005682,0,2023-06-03,SYNTHETIC,1.3.0,42,
C005683,WS0008,INDIVIDUAL,2024-05-30,Gaziantep,Güneydoğu Anadolu,0,WHATSAPP,ORGANIC,Customer_005683,1,,SYNTHETIC,1.3.0,42,
C005684,WS0007,INDIVIDUAL,2022-04-13,Adana,Akdeniz,0,WHATSAPP,ORGANIC,Customer_005684,1,,SYNTHETIC,1.3.0,42,
C005685,WS0009,INDIVIDUAL,2023-06-23,Samsun,Karadeniz,0,SMS,GOOGLE_MAPS,Customer_005685,1,,SYNTHETIC,1.3.0,42,
C005686,WS0009,INDIVIDUAL,2025-05-12,Samsun,Karadeniz,0,WHATSAPP,ORGANIC,Customer_005686,1,,SYNTHETIC,1.3.0,42,
C005687,WS0001,INDIVIDUAL,2024-10-07,İstanbul,Marmara,0,PHONE,ORGANIC,Customer_005687,1,,SYNTHETIC,1.3.0,42,
C005688,WS0001,INDIVIDUAL,2024-10-07,İstanbul,Marmara,0,WHATSAPP,ORGANIC,Customer_005688,1,,SYNTHETIC,1.3.0,42,
C005689,WS0009,FLEET,2021-08-08,Samsun,Karadeniz,1,PHONE,REFERRAL,Customer_005689,1,,SYNTHETIC,1.3.0,42,
C005690,WS0002,INDIVIDUAL,2023-12-30,Ankara,İç Anadolu,0,WHATSAPP,ORGANIC,Customer_005690,1,,SYNTHETIC,1.3.0,42,
C005691,WS0005,INDIVIDUAL,2022-04-28,Antalya,Akdeniz,0,EMAIL,WALK_IN,Customer_005691,1,,SYNTHETIC,1.3.0,42,
C005692,WS0003,INDIVIDUAL,2026-05-04,İzmir,Ege,0,PHONE,SOCIAL_MEDIA,Customer_005692,1,,SYNTHETIC,1.3.0,42,
C005693,WS0009,COMMERCIAL,2023-11-02,Samsun,Karadeniz,0,EMAIL,DIRECT_SALES,Customer_005693,1,,SYNTHETIC,1.3.0,42,
C005694,WS0008,INDIVIDUAL,2023-11-19,Gaziantep,Güneydoğu Anadolu,0,WHATSAPP,REFERRAL,Customer_005694,1,,SYNTHETIC,1.3.0,42,
C005695,WS0006,COMMERCIAL,2021-01-07,Konya,İç Anadolu,0,EMAIL,ORGANIC,Customer_005695,1,,SYNTHETIC,1.3.0,42,
C005696,WS0006,INDIVIDUAL,2025-12-04,Konya,İç Anadolu,0,WHATSAPP,GOOGLE_MAPS,Customer_005696,1,,SYNTHETIC,1.3.0,42,
C005697,WS0001,INDIVIDUAL,2024-10-19,İstanbul,Marmara,0,PHONE,ORGANIC,Customer_005697,1,,SYNTHETIC,1.3.0,42,
C005698,WS0008,FLEET,2026-01-11,Gaziantep,Güneydoğu Anadolu,1,EMAIL,ORGANIC,Customer_005698,1,,SYNTHETIC,1.3.0,42,
C005699,WS0007,INDIVIDUAL,2024-12-04,Adana,Akdeniz,0,WHATSAPP,GOOGLE_MAPS,Customer_005699,1,,SYNTHETIC,1.3.0,42,
C005700,WS0005,INDIVIDUAL,2023-07-03,Antalya,Akdeniz,0,WHATSAPP,REFERRAL,Customer_005700,1,,SYNTHETIC,1.3.0,42,
C005701,WS0002,INDIVIDUAL,2021-07-30,Ankara,İç Anadolu,0,WHATSAPP,ORGANIC,Customer_005701,1,,SYNTHETIC,1.3.0,42,
C005702,WS0009,INDIVIDUAL,2022-01-18,Samsun,Karadeniz,0,SMS,REFERRAL,Customer_005702,1,,SYNTHETIC,1.3.0,42,
C005703,WS0001,INDIVIDUAL,2023-01-24,İstanbul,Marmara,0,PHONE,SOCIAL_MEDIA,Customer_005703,1,,SYNTHETIC,1.3.0,42,
C005704,WS0009,FLEET,2022-04-21,Samsun,Karadeniz,1,WHATSAPP,REFERRAL,Customer_005704,1,,SYNTHETIC,1.3.0,42,
C005705,WS0007,INDIVIDUAL,2022-03-02,Adana,Akdeniz,0,SMS,REFERRAL,Customer_005705,1,,SYNTHETIC,1.3.0,42,
C005706,WS0006,INDIVIDUAL,2022-01-07,Konya,İç Anadolu,0,WHATSAPP,ORGANIC,Customer_005706,1,,SYNTHETIC,1.3.0,42,
C005707,WS0003,INDIVIDUAL,2021-12-22,İzmir,Ege,0,EMAIL,ORGANIC,Customer_005707,1,,SYNTHETIC,1.3.0,42,
C005708,WS0002,INDIVIDUAL,2025-12-17,Ankara,İç Anadolu,0,WHATSAPP,WALK_IN,Customer_005708,1,,SYNTHETIC,1.3.0,42,
C005709,WS0010,INDIVIDUAL,2022-07-16,Eskişehir,İç Anadolu,0,WHATSAPP,GOOGLE_MAPS,Customer_005709,1,,SYNTHETIC,1.3.0,42,
C005710,WS0006,INDIVIDUAL,2022-04-20,Konya,İç Anadolu,0,WHATSAPP,ORGANIC,Customer_005710,1,,SYNTHETIC,1.3.0,42,
C005711,WS0007,COMMERCIAL,2025-11-25,Adana,Akdeniz,0,EMAIL,DIRECT_SALES,Customer_005711,1,,SYNTHETIC,1.3.0,42,
C005712,WS0001,INDIVIDUAL,2025-09-15,İstanbul,Marmara,0,WHATSAPP,REFERRAL,Customer_005712,1,,SYNTHETIC,1.3.0,42,
C005713,WS0002,INDIVIDUAL,2024-08-24,Ankara,İç Anadolu,0,WHATSAPP,SOCIAL_MEDIA,Customer_005713,1,,SYNTHETIC,1.3.0,42,
C005714,WS0006,INDIVIDUAL,2023-06-23,Konya,İç Anadolu,0,WHATSAPP,ORGANIC,Customer_005714,1,,SYNTHETIC,1.3.0,42,
C005715,WS0001,INDIVIDUAL,2021-05-23,İstanbul,Marmara,0,SMS,WALK_IN,Customer_005715,1,,SYNTHETIC,1.3.0,42,
C005716,WS0007,INDIVIDUAL,2022-03-25,Adana,Akdeniz,0,WHATSAPP,GOOGLE_MAPS,Customer_005716,0,2025-05-04,SYNTHETIC,1.3.0,42,
C005717,WS0007,COMMERCIAL,2021-09-17,Adana,Akdeniz,0,EMAIL,REFERRAL,Customer_005717,1,,SYNTHETIC,1.3.0,42,
C005718,WS0009,INDIVIDUAL,2023-03-30,Samsun,Karadeniz,0,WHATSAPP,REFERRAL,Customer_005718,1,,SYNTHETIC,1.3.0,42,
C005719,WS0003,INDIVIDUAL,2023-10-11,İzmir,Ege,0,SMS,REFERRAL,Customer_005719,1,,SYNTHETIC,1.3.0,42,
C005720,WS0009,INDIVIDUAL,2026-03-30,Samsun,Karadeniz,0,PHONE,ORGANIC,Customer_005720,1,,SYNTHETIC,1.3.0,42,
C005721,WS0007,INDIVIDUAL,2022-09-26,Adana,Akdeniz,0,PHONE,WALK_IN,Customer_005721,1,,SYNTHETIC,1.3.0,42,
C005722,WS0005,INDIVIDUAL,2023-08-19,Antalya,Akdeniz,0,SMS,ORGANIC,Customer_005722,1,,SYNTHETIC,1.3.0,42,
C005723,WS0004,INDIVIDUAL,2026-07-25,Bursa,Marmara,0,PHONE,ORGANIC,Customer_005723,1,,SYNTHETIC,1.3.0,42,
C005724,WS0002,INDIVIDUAL,2023-05-07,Ankara,İç Anadolu,0,WHATSAPP,GOOGLE_MAPS,Customer_005724,1,,SYNTHETIC,1.3.0,42,
C005725,WS0001,COMMERCIAL,2024-08-02,İstanbul,Marmara,0,EMAIL,DIRECT_SALES,Customer_005725,1,,SYNTHETIC,1.3.0,42,
C005726,WS0008,INDIVIDUAL,2026-06-13,Gaziantep,Güneydoğu Anadolu,0,PHONE,GOOGLE_MAPS,Customer_005726,1,,SYNTHETIC,1.3.0,42,
C005727,WS0001,INDIVIDUAL,2024-07-18,İstanbul,Marmara,0,EMAIL,WALK_IN,Customer_005727,1,,SYNTHETIC,1.3.0,42,
C005728,WS0010,INDIVIDUAL,2024-05-04,Eskişehir,İç Anadolu,0,WHATSAPP,REFERRAL,Customer_005728,1,,SYNTHETIC,1.3.0,42,
C005729,WS0010,INDIVIDUAL,2026-07-02,Eskişehir,İç Anadolu,0,PHONE,REFERRAL,Customer_005729,1,,SYNTHETIC,1.3.0,42,
C005730,WS0006,INDIVIDUAL,2025-05-03,Konya,İç Anadolu,0,PHONE,WALK_IN,Customer_005730,1,,SYNTHETIC,1.3.0,42,
C005731,WS0007,INDIVIDUAL,2021-09-16,Adana,Akdeniz,0,WHATSAPP,SOCIAL_MEDIA,Customer_005731,1,,SYNTHETIC,1.3.0,42,
C005732,WS0006,INDIVIDUAL,2021-02-12,Konya,İç Anadolu,0,WHATSAPP,WALK_IN,Customer_005732,1,,SYNTHETIC,1.3.0,42,
C005733,WS0001,INDIVIDUAL,2024-03-18,İstanbul,Marmara,0,EMAIL,ORGANIC,Customer_005733,1,,SYNTHETIC,1.3.0,42,
C005734,WS0003,INDIVIDUAL,2021-08-12,İzmir,Ege,0,SMS,SOCIAL_MEDIA,Customer_005734,1,,SYNTHETIC,1.3.0,42,
C005735,WS0003,INDIVIDUAL,2024-02-13,İzmir,Ege,0,EMAIL,WALK_IN,Customer_005735,1,,SYNTHETIC,1.3.0,42,
C005736,WS0006,INDIVIDUAL,2021-01-13,Konya,İç Anadolu,0,WHATSAPP,ORGANIC,Customer_005736,1,,SYNTHETIC,1.3.0,42,
C005737,WS0003,INDIVIDUAL,2023-11-22,İzmir,Ege,0,WHATSAPP,WALK_IN,Customer_005737,1,,SYNTHETIC,1.3.0,42,
C005738,WS0002,INDIVIDUAL,2023-01-23,Ankara,İç Anadolu,0,EMAIL,WALK_IN,Customer_005738,1,,SYNTHETIC,1.3.0,42,
C005739,WS0010,INDIVIDUAL,2021-10-12,Eskişehir,İç Anadolu,0,PHONE,SOCIAL_MEDIA,Customer_005739,0,2023-05-05,SYNTHETIC,1.3.0,42,
C005740,WS0002,INDIVIDUAL,2026-03-24,Ankara,İç Anadolu,0,PHONE,WALK_IN,Customer_005740,1,,SYNTHETIC,1.3.0,42,
C005741,WS0001,FLEET,2024-12-31,İstanbul,Marmara,1,WHATSAPP,DIRECT_SALES,Customer_005741,1,,SYNTHETIC,1.3.0,42,
C005742,WS0003,COMMERCIAL,2023-02-02,İzmir,Ege,0,EMAIL,DIRECT_SALES,Customer_005742,1,,SYNTHETIC,1.3.0,42,
C005743,WS0002,INDIVIDUAL,2025-12-02,Ankara,İç Anadolu,0,SMS,REFERRAL,Customer_005743,1,,SYNTHETIC,1.3.0,42,
C005744,WS0002,INDIVIDUAL,2023-01-12,Ankara,İç Anadolu,0,WHATSAPP,SOCIAL_MEDIA,Customer_005744,1,,SYNTHETIC,1.3.0,42,
C005745,WS0009,INDIVIDUAL,2022-05-03,Samsun,Karadeniz,0,WHATSAPP,GOOGLE_MAPS,Customer_005745,1,,SYNTHETIC,1.3.0,42,
C005746,WS0005,INDIVIDUAL,2021-08-02,Antalya,Akdeniz,0,WHATSAPP,WALK_IN,Customer_005746,1,,SYNTHETIC,1.3.0,42,
C005747,WS0009,INDIVIDUAL,2024-10-21,Samsun,Karadeniz,0,WHATSAPP,ORGANIC,Customer_005747,1,,SYNTHETIC,1.3.0,42,
C005748,WS0004,INDIVIDUAL,2021-05-07,Bursa,Marmara,0,EMAIL,SOCIAL_MEDIA,Customer_005748,1,,SYNTHETIC,1.3.0,42,
C005749,WS0008,INDIVIDUAL,2025-07-15,Gaziantep,Güneydoğu Anadolu,0,WHATSAPP,ORGANIC,Customer_005749,1,,SYNTHETIC,1.3.0,42,
C005750,WS0002,INDIVIDUAL,2021-12-09,Ankara,İç Anadolu,0,PHONE,REFERRAL,Customer_005750,1,,SYNTHETIC,1.3.0,42,
C005751,WS0005,INDIVIDUAL,2024-12-17,Antalya,Akdeniz,0,EMAIL,REFERRAL,Customer_005751,1,,SYNTHETIC,1.3.0,42,
C005752,WS0003,INDIVIDUAL,2025-02-19,İzmir,Ege,0,EMAIL,WALK_IN,Customer_005752,1,,SYNTHETIC,1.3.0,42,
C005753,WS0001,INDIVIDUAL,2021-09-05,İstanbul,Marmara,0,PHONE,REFERRAL,Customer_005753,1,,SYNTHETIC,1.3.0,42,
C005754,WS0007,INDIVIDUAL,2022-02-05,Adana,Akdeniz,0,WHATSAPP,ORGANIC,Customer_005754,0,2022-06-01,SYNTHETIC,1.3.0,42,
C005755,WS0004,INDIVIDUAL,2023-09-29,Bursa,Marmara,0,WHATSAPP,ORGANIC,Customer_005755,1,,SYNTHETIC,1.3.0,42,
C005756,WS0001,INDIVIDUAL,2021-04-11,İstanbul,Marmara,0,WHATSAPP,GOOGLE_MAPS,Customer_005756,1,,SYNTHETIC,1.3.0,42,
C005757,WS0004,INDIVIDUAL,2021-06-09,Bursa,Marmara,0,WHATSAPP,WALK_IN,Customer_005757,0,2024-10-04,SYNTHETIC,1.3.0,42,
C005758,WS0010,INDIVIDUAL,2025-09-08,Eskişehir,İç Anadolu,0,WHATSAPP,WALK_IN,Customer_005758,1,,SYNTHETIC,1.3.0,42,
C005759,WS0009,INDIVIDUAL,2026-07-02,Samsun,Karadeniz,0,WHATSAPP,REFERRAL,Customer_005759,0,2026-08-25,SYNTHETIC,1.3.0,42,
C005760,WS0005,INDIVIDUAL,2021-03-17,Antalya,Akdeniz,0,WHATSAPP,WALK_IN,Customer_005760,1,,SYNTHETIC,1.3.0,42,
C005761,WS0007,INDIVIDUAL,2024-03-04,Adana,Akdeniz,0,WHATSAPP,WALK_IN,Customer_005761,1,,SYNTHETIC,1.3.0,42,
C005762,WS0002,INDIVIDUAL,2023-04-16,Ankara,İç Anadolu,0,PHONE,WALK_IN,Customer_005762,1,,SYNTHETIC,1.3.0,42,
C005763,WS0007,INDIVIDUAL,2023-10-05,Adana,Akdeniz,0,SMS,ORGANIC,Customer_005763,1,,SYNTHETIC,1.3.0,42,
C005764,WS0005,INDIVIDUAL,2022-02-01,Antalya,Akdeniz,0,PHONE,ORGANIC,Customer_005764,1,,SYNTHETIC,1.3.0,42,
C005765,WS0010,COMMERCIAL,2026-04-15,Eskişehir,İç Anadolu,0,EMAIL,DIRECT_SALES,Customer_005765,1,,SYNTHETIC,1.3.0,42,
C005766,WS0007,INDIVIDUAL,2024-12-17,Adana,Akdeniz,0,WHATSAPP,WALK_IN,Customer_005766,1,,SYNTHETIC,1.3.0,42,
C005767,WS0006,INDIVIDUAL,2022-11-04,Konya,İç Anadolu,0,WHATSAPP,WALK_IN,Customer_005767,1,,SYNTHETIC,1.3.0,42,
C005768,WS0009,INDIVIDUAL,2023-10-24,Samsun,Karadeniz,0,WHATSAPP,REFERRAL,Customer_005768,1,,SYNTHETIC,1.3.0,42,
C005769,WS0006,INDIVIDUAL,2026-01-25,Konya,İç Anadolu,0,SMS,SOCIAL_MEDIA,Customer_005769,1,,SYNTHETIC,1.3.0,42,
C005770,WS0003,INDIVIDUAL,2021-02-01,İzmir,Ege,0,WHATSAPP,SOCIAL_MEDIA,Customer_005770,1,,SYNTHETIC,1.3.0,42,
C005771,WS0010,INDIVIDUAL,2024-03-08,Eskişehir,İç Anadolu,0,WHATSAPP,SOCIAL_MEDIA,Customer_005771,1,,SYNTHETIC,1.3.0,42,
C005772,WS0006,INDIVIDUAL,2022-05-03,Konya,İç Anadolu,0,PHONE,ORGANIC,Customer_005772,1,,SYNTHETIC,1.3.0,42,
C005773,WS0006,INDIVIDUAL,2022-02-12,Konya,İç Anadolu,0,WHATSAPP,REFERRAL,Customer_005773,1,,SYNTHETIC,1.3.0,42,
C005774,WS0003,INDIVIDUAL,2021-09-20,İzmir,Ege,0,PHONE,WALK_IN,Customer_005774,1,,SYNTHETIC,1.3.0,42,
C005775,WS0001,COMMERCIAL,2021-08-26,İstanbul,Marmara,0,PHONE,REFERRAL,Customer_005775,1,,SYNTHETIC,1.3.0,42,
C005776,WS0003,INDIVIDUAL,2025-03-26,İzmir,Ege,0,WHATSAPP,REFERRAL,Customer_005776,1,,SYNTHETIC,1.3.0,42,
C005777,WS0002,INDIVIDUAL,2022-03-27,Ankara,İç Anadolu,0,WHATSAPP,GOOGLE_MAPS,Customer_005777,1,,SYNTHETIC,1.3.0,42,
C005778,WS0008,INDIVIDUAL,2022-04-04,Gaziantep,Güneydoğu Anadolu,0,WHATSAPP,ORGANIC,Customer_005778,1,,SYNTHETIC,1.3.0,42,
C005779,WS0007,INDIVIDUAL,2021-09-23,Adana,Akdeniz,0,WHATSAPP,GOOGLE_MAPS,Customer_005779,1,,SYNTHETIC,1.3.0,42,
C005780,WS0009,INDIVIDUAL,2022-10-26,Samsun,Karadeniz,0,WHATSAPP,WALK_IN,Customer_005780,1,,SYNTHETIC,1.3.0,42,
C005781,WS0006,INDIVIDUAL,2025-03-20,Konya,İç Anadolu,0,PHONE,SOCIAL_MEDIA,Customer_005781,1,,SYNTHETIC,1.3.0,42,
C005782,WS0006,INDIVIDUAL,2024-03-24,Konya,İç Anadolu,0,WHATSAPP,ORGANIC,Customer_005782,1,,SYNTHETIC,1.3.0,42,
C005783,WS0002,INDIVIDUAL,2026-06-29,Ankara,İç Anadolu,0,EMAIL,REFERRAL,Customer_005783,1,,SYNTHETIC,1.3.0,42,
C005784,WS0006,INDIVIDUAL,2023-07-19,Konya,İç Anadolu,0,PHONE,ORGANIC,Customer_005784,1,,SYNTHETIC,1.3.0,42,
C005785,WS0009,INDIVIDUAL,2022-08-19,Samsun,Karadeniz,0,PHONE,GOOGLE_MAPS,Customer_005785,1,,SYNTHETIC,1.3.0,42,
C005786,WS0008,INDIVIDUAL,2021-11-11,Gaziantep,Güneydoğu Anadolu,0,WHATSAPP,REFERRAL,Customer_005786,1,,SYNTHETIC,1.3.0,42,
C005787,WS0002,INDIVIDUAL,2021-05-12,Ankara,İç Anadolu,0,SMS,ORGANIC,Customer_005787,1,,SYNTHETIC,1.3.0,42,
C005788,WS0010,INDIVIDUAL,2025-11-01,Eskişehir,İç Anadolu,0,WHATSAPP,GOOGLE_MAPS,Customer_005788,1,,SYNTHETIC,1.3.0,42,
C005789,WS0009,COMMERCIAL,2022-05-12,Samsun,Karadeniz,0,PHONE,ORGANIC,Customer_005789,1,,SYNTHETIC,1.3.0,42,
C005790,WS0001,INDIVIDUAL,2021-07-17,İstanbul,Marmara,0,WHATSAPP,GOOGLE_MAPS,Customer_005790,1,,SYNTHETIC,1.3.0,42,
C005791,WS0007,INDIVIDUAL,2023-07-09,Adana,Akdeniz,0,WHATSAPP,ORGANIC,Customer_005791,1,,SYNTHETIC,1.3.0,42,
C005792,WS0006,INDIVIDUAL,2025-03-27,Konya,İç Anadolu,0,WHATSAPP,ORGANIC,Customer_005792,1,,SYNTHETIC,1.3.0,42,
C005793,WS0002,INDIVIDUAL,2021-03-28,Ankara,İç Anadolu,0,SMS,SOCIAL_MEDIA,Customer_005793,1,,SYNTHETIC,1.3.0,42,
C005794,WS0001,INDIVIDUAL,2026-06-26,İstanbul,Marmara,0,WHATSAPP,REFERRAL,Customer_005794,1,,SYNTHETIC,1.3.0,42,
C005795,WS0010,INDIVIDUAL,2022-01-02,Eskişehir,İç Anadolu,0,SMS,SOCIAL_MEDIA,Customer_005795,1,,SYNTHETIC,1.3.0,42,
C005796,WS0003,INDIVIDUAL,2024-07-03,İzmir,Ege,0,WHATSAPP,REFERRAL,Customer_005796,1,,SYNTHETIC,1.3.0,42,
C005797,WS0001,INDIVIDUAL,2026-02-02,İstanbul,Marmara,0,WHATSAPP,ORGANIC,Customer_005797,1,,SYNTHETIC,1.3.0,42,
C005798,WS0005,INDIVIDUAL,2022-05-06,Antalya,Akdeniz,0,PHONE,WALK_IN,Customer_005798,1,,SYNTHETIC,1.3.0,42,
C005799,WS0004,COMMERCIAL,2024-08-18,Bursa,Marmara,0,EMAIL,REFERRAL,Customer_005799,1,,SYNTHETIC,1.3.0,42,
C005800,WS0005,COMMERCIAL,2021-02-23,Antalya,Akdeniz,0,WHATSAPP,DIRECT_SALES,Customer_005800,1,,SYNTHETIC,1.3.0,42,
C005801,WS0003,INDIVIDUAL,2025-06-23,İzmir,Ege,0,WHATSAPP,REFERRAL,Customer_005801,1,,SYNTHETIC,1.3.0,42,
C005802,WS0002,INDIVIDUAL,2022-04-02,Ankara,İç Anadolu,0,WHATSAPP,REFERRAL,Customer_005802,1,,SYNTHETIC,1.3.0,42,
C005803,WS0006,INDIVIDUAL,2021-06-02,Konya,İç Anadolu,0,SMS,ORGANIC,Customer_005803,1,,SYNTHETIC,1.3.0,42,
C005804,WS0009,COMMERCIAL,2021-03-31,Samsun,Karadeniz,0,PHONE,DIRECT_SALES,Customer_005804,1,,SYNTHETIC,1.3.0,42,
C005805,WS0001,INDIVIDUAL,2022-07-24,İstanbul,Marmara,0,PHONE,GOOGLE_MAPS,Customer_005805,1,,SYNTHETIC,1.3.0,42,
C005806,WS0005,INDIVIDUAL,2023-03-21,Antalya,Akdeniz,0,WHATSAPP,REFERRAL,Customer_005806,1,,SYNTHETIC,1.3.0,42,
C005807,WS0009,INDIVIDUAL,2022-09-24,Samsun,Karadeniz,0,PHONE,REFERRAL,Customer_005807,1,,SYNTHETIC,1.3.0,42,
C005808,WS0006,INDIVIDUAL,2023-01-02,Konya,İç Anadolu,0,WHATSAPP,ORGANIC,Customer_005808,1,,SYNTHETIC,1.3.0,42,
C005809,WS0006,INDIVIDUAL,2022-12-24,Konya,İç Anadolu,0,PHONE,GOOGLE_MAPS,Customer_005809,1,,SYNTHETIC,1.3.0,42,
C005810,WS0006,FLEET,2023-07-24,Konya,İç Anadolu,1,EMAIL,DIRECT_SALES,Customer_005810,0,2026-02-24,SYNTHETIC,1.3.0,42,
C005811,WS0003,INDIVIDUAL,2021-02-01,İzmir,Ege,0,WHATSAPP,WALK_IN,Customer_005811,1,,SYNTHETIC,1.3.0,42,
C005812,WS0010,COMMERCIAL,2021-05-21,Eskişehir,İç Anadolu,0,PHONE,REFERRAL,Customer_005812,1,,SYNTHETIC,1.3.0,42,
C005813,WS0001,INDIVIDUAL,2026-02-11,İstanbul,Marmara,0,SMS,REFERRAL,Customer_005813,1,,SYNTHETIC,1.3.0,42,
C005814,WS0008,INDIVIDUAL,2022-06-06,Gaziantep,Güneydoğu Anadolu,0,EMAIL,GOOGLE_MAPS,Customer_005814,1,,SYNTHETIC,1.3.0,42,
C005815,WS0007,INDIVIDUAL,2021-08-26,Adana,Akdeniz,0,SMS,REFERRAL,Customer_005815,1,,SYNTHETIC,1.3.0,42,
C005816,WS0001,INDIVIDUAL,2022-06-29,İstanbul,Marmara,0,WHATSAPP,GOOGLE_MAPS,Customer_005816,1,,SYNTHETIC,1.3.0,42,
C005817,WS0006,INDIVIDUAL,2025-01-31,Konya,İç Anadolu,0,PHONE,ORGANIC,Customer_005817,1,,SYNTHETIC,1.3.0,42,
C005818,WS0007,INDIVIDUAL,2023-02-13,Adana,Akdeniz,0,EMAIL,SOCIAL_MEDIA,Customer_005818,1,,SYNTHETIC,1.3.0,42,
C005819,WS0009,INDIVIDUAL,2022-06-04,Samsun,Karadeniz,0,SMS,ORGANIC,Customer_005819,1,,SYNTHETIC,1.3.0,42,
C005820,WS0010,INDIVIDUAL,2025-02-23,Eskişehir,İç Anadolu,0,EMAIL,ORGANIC,Customer_005820,1,,SYNTHETIC,1.3.0,42,
C005821,WS0002,INDIVIDUAL,2022-02-18,Ankara,İç Anadolu,0,SMS,WALK_IN,Customer_005821,1,,SYNTHETIC,1.3.0,42,
C005822,WS0007,COMMERCIAL,2026-04-13,Adana,Akdeniz,0,EMAIL,FLEET_PARTNERSHIP,Customer_005822,1,,SYNTHETIC,1.3.0,42,
C005823,WS0002,INDIVIDUAL,2022-05-31,Ankara,İç Anadolu,0,PHONE,REFERRAL,Customer_005823,1,,SYNTHETIC,1.3.0,42,
C005824,WS0009,INDIVIDUAL,2026-01-21,Samsun,Karadeniz,0,WHATSAPP,ORGANIC,Customer_005824,1,,SYNTHETIC,1.3.0,42,
C005825,WS0003,COMMERCIAL,2021-12-19,İzmir,Ege,0,EMAIL,DIRECT_SALES,Customer_005825,1,,SYNTHETIC,1.3.0,42,
C005826,WS0003,INDIVIDUAL,2021-09-12,İzmir,Ege,0,SMS,ORGANIC,Customer_005826,1,,SYNTHETIC,1.3.0,42,
C005827,WS0010,INDIVIDUAL,2023-04-12,Eskişehir,İç Anadolu,0,SMS,GOOGLE_MAPS,Customer_005827,1,,SYNTHETIC,1.3.0,42,
C005828,WS0001,INDIVIDUAL,2024-11-17,İstanbul,Marmara,0,WHATSAPP,WALK_IN,Customer_005828,1,,SYNTHETIC,1.3.0,42,
C005829,WS0003,INDIVIDUAL,2024-08-17,İzmir,Ege,0,WHATSAPP,ORGANIC,Customer_005829,1,,SYNTHETIC,1.3.0,42,
C005830,WS0002,INDIVIDUAL,2022-11-13,Ankara,İç Anadolu,0,PHONE,WALK_IN,Customer_005830,1,,SYNTHETIC,1.3.0,42,
C005831,WS0010,INDIVIDUAL,2022-10-22,Eskişehir,İç Anadolu,0,PHONE,ORGANIC,Customer_005831,1,,SYNTHETIC,1.3.0,42,
C005832,WS0008,INDIVIDUAL,2022-06-28,Gaziantep,Güneydoğu Anadolu,0,WHATSAPP,WALK_IN,Customer_005832,1,,SYNTHETIC,1.3.0,42,
C005833,WS0008,INDIVIDUAL,2025-11-17,Gaziantep,Güneydoğu Anadolu,0,WHATSAPP,WALK_IN,Customer_005833,1,,SYNTHETIC,1.3.0,42,
C005834,WS0006,INDIVIDUAL,2021-10-31,Konya,İç Anadolu,0,PHONE,ORGANIC,Customer_005834,1,,SYNTHETIC,1.3.0,42,
C005835,WS0009,INDIVIDUAL,2022-05-30,Samsun,Karadeniz,0,WHATSAPP,ORGANIC,Customer_005835,1,,SYNTHETIC,1.3.0,42,
C005836,WS0006,INDIVIDUAL,2022-03-28,Konya,İç Anadolu,0,WHATSAPP,ORGANIC,Customer_005836,1,,SYNTHETIC,1.3.0,42,
C005837,WS0006,INDIVIDUAL,2021-01-12,Konya,İç Anadolu,0,SMS,REFERRAL,Customer_005837,1,,SYNTHETIC,1.3.0,42,
C005838,WS0001,INDIVIDUAL,2024-12-12,İstanbul,Marmara,0,WHATSAPP,SOCIAL_MEDIA,Customer_005838,1,,SYNTHETIC,1.3.0,42,
C005839,WS0007,INDIVIDUAL,2022-06-06,Adana,Akdeniz,0,PHONE,REFERRAL,Customer_005839,1,,SYNTHETIC,1.3.0,42,
C005840,WS0007,INDIVIDUAL,2022-12-02,Adana,Akdeniz,0,WHATSAPP,SOCIAL_MEDIA,Customer_005840,1,,SYNTHETIC,1.3.0,42,
C005841,WS0007,INDIVIDUAL,2023-03-04,Adana,Akdeniz,0,WHATSAPP,ORGANIC,Customer_005841,1,,SYNTHETIC,1.3.0,42,
C005842,WS0007,INDIVIDUAL,2025-05-20,Adana,Akdeniz,0,WHATSAPP,ORGANIC,Customer_005842,1,,SYNTHETIC,1.3.0,42,
C005843,WS0008,INDIVIDUAL,2022-09-25,Gaziantep,Güneydoğu Anadolu,0,WHATSAPP,REFERRAL,Customer_005843,1,,SYNTHETIC,1.3.0,42,
C005844,WS0002,INDIVIDUAL,2022-12-03,Ankara,İç Anadolu,0,EMAIL,WALK_IN,Customer_005844,1,,SYNTHETIC,1.3.0,42,
C005845,WS0001,COMMERCIAL,2026-02-23,İstanbul,Marmara,0,WHATSAPP,ORGANIC,Customer_005845,1,,SYNTHETIC,1.3.0,42,
C005846,WS0002,INDIVIDUAL,2023-08-04,Ankara,İç Anadolu,0,SMS,ORGANIC,Customer_005846,1,,SYNTHETIC,1.3.0,42,
C005847,WS0002,INDIVIDUAL,2025-01-24,Ankara,İç Anadolu,0,WHATSAPP,REFERRAL,Customer_005847,1,,SYNTHETIC,1.3.0,42,
C005848,WS0007,INDIVIDUAL,2025-10-05,Adana,Akdeniz,0,SMS,REFERRAL,Customer_005848,1,,SYNTHETIC,1.3.0,42,
C005849,WS0004,COMMERCIAL,2025-03-22,Bursa,Marmara,0,EMAIL,DIRECT_SALES,Customer_005849,1,,SYNTHETIC,1.3.0,42,
C005850,WS0007,INDIVIDUAL,2025-03-16,Adana,Akdeniz,0,PHONE,ORGANIC,Customer_005850,1,,SYNTHETIC,1.3.0,42,
C005851,WS0003,INDIVIDUAL,2022-05-02,İzmir,Ege,0,WHATSAPP,WALK_IN,Customer_005851,0,2026-04-30,SYNTHETIC,1.3.0,42,
C005852,WS0008,INDIVIDUAL,2021-11-28,Gaziantep,Güneydoğu Anadolu,0,WHATSAPP,ORGANIC,Customer_005852,1,,SYNTHETIC,1.3.0,42,
C005853,WS0009,INDIVIDUAL,2023-07-12,Samsun,Karadeniz,0,SMS,REFERRAL,Customer_005853,1,,SYNTHETIC,1.3.0,42,
C005854,WS0008,COMMERCIAL,2021-02-01,Gaziantep,Güneydoğu Anadolu,0,EMAIL,ORGANIC,Customer_005854,1,,SYNTHETIC,1.3.0,42,
C005855,WS0001,INDIVIDUAL,2022-11-25,İstanbul,Marmara,0,PHONE,GOOGLE_MAPS,Customer_005855,1,,SYNTHETIC,1.3.0,42,
C005856,WS0003,INDIVIDUAL,2023-08-01,İzmir,Ege,0,WHATSAPP,GOOGLE_MAPS,Customer_005856,1,,SYNTHETIC,1.3.0,42,
C005857,WS0003,INDIVIDUAL,2025-03-28,İzmir,Ege,0,WHATSAPP,ORGANIC,Customer_005857,1,,SYNTHETIC,1.3.0,42,
C005858,WS0001,FLEET,2022-02-11,İstanbul,Marmara,1,PHONE,DIRECT_SALES,Customer_005858,1,,SYNTHETIC,1.3.0,42,
C005859,WS0004,COMMERCIAL,2025-06-17,Bursa,Marmara,0,EMAIL,FLEET_PARTNERSHIP,Customer_005859,1,,SYNTHETIC,1.3.0,42,
C005860,WS0004,INDIVIDUAL,2022-11-21,Bursa,Marmara,0,SMS,WALK_IN,Customer_005860,0,2023-07-17,SYNTHETIC,1.3.0,42,
C005861,WS0004,INDIVIDUAL,2021-10-31,Bursa,Marmara,0,WHATSAPP,SOCIAL_MEDIA,Customer_005861,1,,SYNTHETIC,1.3.0,42,
C005862,WS0003,INDIVIDUAL,2025-08-14,İzmir,Ege,0,WHATSAPP,SOCIAL_MEDIA,Customer_005862,1,,SYNTHETIC,1.3.0,42,
C005863,WS0004,INDIVIDUAL,2026-01-25,Bursa,Marmara,0,WHATSAPP,GOOGLE_MAPS,Customer_005863,1,,SYNTHETIC,1.3.0,42,
C005864,WS0010,INDIVIDUAL,2021-10-13,Eskişehir,İç Anadolu,0,PHONE,ORGANIC,Customer_005864,1,,SYNTHETIC,1.3.0,42,
C005865,WS0006,INDIVIDUAL,2025-03-22,Konya,İç Anadolu,0,SMS,ORGANIC,Customer_005865,1,,SYNTHETIC,1.3.0,42,
C005866,WS0010,COMMERCIAL,2023-01-13,Eskişehir,İç Anadolu,0,PHONE,FLEET_PARTNERSHIP,Customer_005866,1,,SYNTHETIC,1.3.0,42,
C005867,WS0005,INDIVIDUAL,2026-07-10,Antalya,Akdeniz,0,WHATSAPP,SOCIAL_MEDIA,Customer_005867,1,,SYNTHETIC,1.3.0,42,
C005868,WS0006,INDIVIDUAL,2026-05-25,Konya,İç Anadolu,0,WHATSAPP,WALK_IN,Customer_005868,1,,SYNTHETIC,1.3.0,42,
C005869,WS0003,INDIVIDUAL,2023-04-09,İzmir,Ege,0,WHATSAPP,REFERRAL,Customer_005869,1,,SYNTHETIC,1.3.0,42,
C005870,WS0009,INDIVIDUAL,2022-04-02,Samsun,Karadeniz,0,WHATSAPP,REFERRAL,Customer_005870,1,,SYNTHETIC,1.3.0,42,
C005871,WS0003,INDIVIDUAL,2024-03-18,İzmir,Ege,0,PHONE,REFERRAL,Customer_005871,1,,SYNTHETIC,1.3.0,42,
C005872,WS0001,INDIVIDUAL,2022-04-29,İstanbul,Marmara,0,WHATSAPP,WALK_IN,Customer_005872,1,,SYNTHETIC,1.3.0,42,
C005873,WS0002,INDIVIDUAL,2025-02-26,Ankara,İç Anadolu,0,PHONE,WALK_IN,Customer_005873,1,,SYNTHETIC,1.3.0,42,
C005874,WS0004,INDIVIDUAL,2026-01-28,Bursa,Marmara,0,WHATSAPP,REFERRAL,Customer_005874,1,,SYNTHETIC,1.3.0,42,
C005875,WS0008,INDIVIDUAL,2021-07-11,Gaziantep,Güneydoğu Anadolu,0,SMS,WALK_IN,Customer_005875,1,,SYNTHETIC,1.3.0,42,
C005876,WS0007,INDIVIDUAL,2023-07-17,Adana,Akdeniz,0,WHATSAPP,GOOGLE_MAPS,Customer_005876,1,,SYNTHETIC,1.3.0,42,
C005877,WS0005,INDIVIDUAL,2022-10-15,Antalya,Akdeniz,0,PHONE,REFERRAL,Customer_005877,1,,SYNTHETIC,1.3.0,42,
C005878,WS0004,INDIVIDUAL,2023-10-31,Bursa,Marmara,0,WHATSAPP,ORGANIC,Customer_005878,0,2026-02-28,SYNTHETIC,1.3.0,42,
C005879,WS0006,INDIVIDUAL,2022-03-22,Konya,İç Anadolu,0,SMS,SOCIAL_MEDIA,Customer_005879,0,2024-10-24,SYNTHETIC,1.3.0,42,
C005880,WS0007,INDIVIDUAL,2022-08-15,Adana,Akdeniz,0,WHATSAPP,WALK_IN,Customer_005880,1,,SYNTHETIC,1.3.0,42,
C005881,WS0001,INDIVIDUAL,2025-01-30,İstanbul,Marmara,0,EMAIL,SOCIAL_MEDIA,Customer_005881,1,,SYNTHETIC,1.3.0,42,
C005882,WS0006,INDIVIDUAL,2022-12-13,Konya,İç Anadolu,0,PHONE,ORGANIC,Customer_005882,1,,SYNTHETIC,1.3.0,42,
C005883,WS0008,INDIVIDUAL,2025-11-28,Gaziantep,Güneydoğu Anadolu,0,WHATSAPP,REFERRAL,Customer_005883,0,2026-04-28,SYNTHETIC,1.3.0,42,
C005884,WS0009,INDIVIDUAL,2026-04-11,Samsun,Karadeniz,0,PHONE,ORGANIC,Customer_005884,1,,SYNTHETIC,1.3.0,42,
C005885,WS0009,INDIVIDUAL,2022-04-14,Samsun,Karadeniz,0,EMAIL,WALK_IN,Customer_005885,1,,SYNTHETIC,1.3.0,42,
C005886,WS0004,INDIVIDUAL,2023-11-19,Bursa,Marmara,0,WHATSAPP,REFERRAL,Customer_005886,1,,SYNTHETIC,1.3.0,42,
C005887,WS0005,INDIVIDUAL,2021-03-14,Antalya,Akdeniz,0,WHATSAPP,REFERRAL,Customer_005887,1,,SYNTHETIC,1.3.0,42,
C005888,WS0003,INDIVIDUAL,2025-06-04,İzmir,Ege,0,EMAIL,ORGANIC,Customer_005888,1,,SYNTHETIC,1.3.0,42,
C005889,WS0002,INDIVIDUAL,2024-10-30,Ankara,İç Anadolu,0,WHATSAPP,WALK_IN,Customer_005889,1,,SYNTHETIC,1.3.0,42,
C005890,WS0009,INDIVIDUAL,2024-01-11,Samsun,Karadeniz,0,EMAIL,WALK_IN,Customer_005890,1,,SYNTHETIC,1.3.0,42,
C005891,WS0002,INDIVIDUAL,2022-02-02,Ankara,İç Anadolu,0,WHATSAPP,WALK_IN,Customer_005891,1,,SYNTHETIC,1.3.0,42,
C005892,WS0002,INDIVIDUAL,2021-03-29,Ankara,İç Anadolu,0,WHATSAPP,WALK_IN,Customer_005892,0,2023-10-31,SYNTHETIC,1.3.0,42,
C005893,WS0009,INDIVIDUAL,2024-03-05,Samsun,Karadeniz,0,WHATSAPP,ORGANIC,Customer_005893,1,,SYNTHETIC,1.3.0,42,
C005894,WS0009,INDIVIDUAL,2024-11-07,Samsun,Karadeniz,0,WHATSAPP,REFERRAL,Customer_005894,1,,SYNTHETIC,1.3.0,42,
C005895,WS0005,COMMERCIAL,2021-10-11,Antalya,Akdeniz,0,WHATSAPP,DIRECT_SALES,Customer_005895,0,2025-08-08,SYNTHETIC,1.3.0,42,
C005896,WS0008,INDIVIDUAL,2023-05-28,Gaziantep,Güneydoğu Anadolu,0,WHATSAPP,WALK_IN,Customer_005896,1,,SYNTHETIC,1.3.0,42,
C005897,WS0004,COMMERCIAL,2021-09-05,Bursa,Marmara,0,EMAIL,FLEET_PARTNERSHIP,Customer_005897,1,,SYNTHETIC,1.3.0,42,
C005898,WS0006,INDIVIDUAL,2025-06-17,Konya,İç Anadolu,0,WHATSAPP,ORGANIC,Customer_005898,1,,SYNTHETIC,1.3.0,42,
C005899,WS0008,INDIVIDUAL,2021-06-29,Gaziantep,Güneydoğu Anadolu,0,EMAIL,REFERRAL,Customer_005899,1,,SYNTHETIC,1.3.0,42,
C005900,WS0008,INDIVIDUAL,2023-02-03,Gaziantep,Güneydoğu Anadolu,0,EMAIL,WALK_IN,Customer_005900,1,,SYNTHETIC,1.3.0,42,
C005901,WS0003,INDIVIDUAL,2021-02-07,İzmir,Ege,0,EMAIL,ORGANIC,Customer_005901,1,,SYNTHETIC,1.3.0,42,
C005902,WS0001,INDIVIDUAL,2021-06-15,İstanbul,Marmara,0,PHONE,WALK_IN,Customer_005902,1,,SYNTHETIC,1.3.0,42,
C005903,WS0009,INDIVIDUAL,2022-12-26,Samsun,Karadeniz,0,WHATSAPP,ORGANIC,Customer_005903,1,,SYNTHETIC,1.3.0,42,
C005904,WS0010,INDIVIDUAL,2024-12-02,Eskişehir,İç Anadolu,0,SMS,GOOGLE_MAPS,Customer_005904,1,,SYNTHETIC,1.3.0,42,
C005905,WS0005,INDIVIDUAL,2024-11-26,Antalya,Akdeniz,0,WHATSAPP,REFERRAL,Customer_005905,1,,SYNTHETIC,1.3.0,42,
C005906,WS0002,COMMERCIAL,2021-08-01,Ankara,İç Anadolu,0,EMAIL,REFERRAL,Customer_005906,1,,SYNTHETIC,1.3.0,42,
C005907,WS0005,INDIVIDUAL,2024-03-03,Antalya,Akdeniz,0,SMS,REFERRAL,Customer_005907,1,,SYNTHETIC,1.3.0,42,
C005908,WS0001,INDIVIDUAL,2021-11-15,İstanbul,Marmara,0,EMAIL,REFERRAL,Customer_005908,1,,SYNTHETIC,1.3.0,42,
C005909,WS0007,INDIVIDUAL,2023-10-26,Adana,Akdeniz,0,SMS,REFERRAL,Customer_005909,1,,SYNTHETIC,1.3.0,42,
C005910,WS0002,INDIVIDUAL,2021-02-14,Ankara,İç Anadolu,0,PHONE,ORGANIC,Customer_005910,1,,SYNTHETIC,1.3.0,42,
C005911,WS0008,COMMERCIAL,2023-08-06,Gaziantep,Güneydoğu Anadolu,0,EMAIL,REFERRAL,Customer_005911,1,,SYNTHETIC,1.3.0,42,
C005912,WS0003,INDIVIDUAL,2025-05-29,İzmir,Ege,0,PHONE,GOOGLE_MAPS,Customer_005912,1,,SYNTHETIC,1.3.0,42,
C005913,WS0007,COMMERCIAL,2022-10-15,Adana,Akdeniz,0,PHONE,ORGANIC,Customer_005913,1,,SYNTHETIC,1.3.0,42,
C005914,WS0002,COMMERCIAL,2021-08-30,Ankara,İç Anadolu,0,WHATSAPP,DIRECT_SALES,Customer_005914,1,,SYNTHETIC,1.3.0,42,
C005915,WS0010,INDIVIDUAL,2021-01-30,Eskişehir,İç Anadolu,0,SMS,SOCIAL_MEDIA,Customer_005915,1,,SYNTHETIC,1.3.0,42,
C005916,WS0001,COMMERCIAL,2021-05-28,İstanbul,Marmara,0,EMAIL,FLEET_PARTNERSHIP,Customer_005916,1,,SYNTHETIC,1.3.0,42,
C005917,WS0002,INDIVIDUAL,2025-10-16,Ankara,İç Anadolu,0,WHATSAPP,REFERRAL,Customer_005917,1,,SYNTHETIC,1.3.0,42,
C005918,WS0010,FLEET,2025-05-22,Eskişehir,İç Anadolu,1,PHONE,REFERRAL,Customer_005918,1,,SYNTHETIC,1.3.0,42,
C005919,WS0006,INDIVIDUAL,2023-08-25,Konya,İç Anadolu,0,WHATSAPP,ORGANIC,Customer_005919,1,,SYNTHETIC,1.3.0,42,
C005920,WS0009,INDIVIDUAL,2021-01-19,Samsun,Karadeniz,0,SMS,WALK_IN,Customer_005920,1,,SYNTHETIC,1.3.0,42,
C005921,WS0004,INDIVIDUAL,2021-02-02,Bursa,Marmara,0,WHATSAPP,SOCIAL_MEDIA,Customer_005921,1,,SYNTHETIC,1.3.0,42,
C005922,WS0004,INDIVIDUAL,2025-12-28,Bursa,Marmara,0,SMS,WALK_IN,Customer_005922,1,,SYNTHETIC,1.3.0,42,
C005923,WS0005,INDIVIDUAL,2023-11-17,Antalya,Akdeniz,0,SMS,REFERRAL,Customer_005923,1,,SYNTHETIC,1.3.0,42,
C005924,WS0010,INDIVIDUAL,2023-01-18,Eskişehir,İç Anadolu,0,WHATSAPP,REFERRAL,Customer_005924,1,,SYNTHETIC,1.3.0,42,
C005925,WS0007,INDIVIDUAL,2024-06-07,Adana,Akdeniz,0,PHONE,SOCIAL_MEDIA,Customer_005925,1,,SYNTHETIC,1.3.0,42,
C005926,WS0006,INDIVIDUAL,2025-09-14,Konya,İç Anadolu,0,EMAIL,ORGANIC,Customer_005926,1,,SYNTHETIC,1.3.0,42,
C005927,WS0010,INDIVIDUAL,2026-07-18,Eskişehir,İç Anadolu,0,WHATSAPP,ORGANIC,Customer_005927,0,2026-08-25,SYNTHETIC,1.3.0,42,
C005928,WS0003,INDIVIDUAL,2021-07-27,İzmir,Ege,0,WHATSAPP,WALK_IN,Customer_005928,1,,SYNTHETIC,1.3.0,42,
C005929,WS0004,INDIVIDUAL,2022-12-29,Bursa,Marmara,0,WHATSAPP,SOCIAL_MEDIA,Customer_005929,1,,SYNTHETIC,1.3.0,42,
C005930,WS0009,INDIVIDUAL,2022-07-28,Samsun,Karadeniz,0,PHONE,REFERRAL,Customer_005930,1,,SYNTHETIC,1.3.0,42,
C005931,WS0002,INDIVIDUAL,2021-12-01,Ankara,İç Anadolu,0,WHATSAPP,REFERRAL,Customer_005931,1,,SYNTHETIC,1.3.0,42,
C005932,WS0010,INDIVIDUAL,2023-10-29,Eskişehir,İç Anadolu,0,PHONE,GOOGLE_MAPS,Customer_005932,1,,SYNTHETIC,1.3.0,42,
C005933,WS0006,INDIVIDUAL,2021-11-06,Konya,İç Anadolu,0,WHATSAPP,WALK_IN,Customer_005933,1,,SYNTHETIC,1.3.0,42,
C005934,WS0003,INDIVIDUAL,2023-12-16,İzmir,Ege,0,WHATSAPP,REFERRAL,Customer_005934,1,,SYNTHETIC,1.3.0,42,
C005935,WS0008,INDIVIDUAL,2023-07-03,Gaziantep,Güneydoğu Anadolu,0,SMS,REFERRAL,Customer_005935,1,,SYNTHETIC,1.3.0,42,
C005936,WS0008,INDIVIDUAL,2023-07-29,Gaziantep,Güneydoğu Anadolu,0,WHATSAPP,SOCIAL_MEDIA,Customer_005936,1,,SYNTHETIC,1.3.0,42,
C005937,WS0010,INDIVIDUAL,2021-07-24,Eskişehir,İç Anadolu,0,PHONE,ORGANIC,Customer_005937,1,,SYNTHETIC,1.3.0,42,
C005938,WS0001,INDIVIDUAL,2022-01-09,İstanbul,Marmara,0,WHATSAPP,REFERRAL,Customer_005938,1,,SYNTHETIC,1.3.0,42,
C005939,WS0009,INDIVIDUAL,2026-01-12,Samsun,Karadeniz,0,PHONE,REFERRAL,Customer_005939,0,2026-05-09,SYNTHETIC,1.3.0,42,
C005940,WS0007,INDIVIDUAL,2022-06-19,Adana,Akdeniz,0,WHATSAPP,REFERRAL,Customer_005940,1,,SYNTHETIC,1.3.0,42,
C005941,WS0004,INDIVIDUAL,2022-05-02,Bursa,Marmara,0,EMAIL,ORGANIC,Customer_005941,1,,SYNTHETIC,1.3.0,42,
C005942,WS0004,INDIVIDUAL,2021-11-26,Bursa,Marmara,0,WHATSAPP,ORGANIC,Customer_005942,0,2023-12-29,SYNTHETIC,1.3.0,42,
C005943,WS0008,COMMERCIAL,2026-02-22,Gaziantep,Güneydoğu Anadolu,0,PHONE,REFERRAL,Customer_005943,1,,SYNTHETIC,1.3.0,42,
C005944,WS0008,INDIVIDUAL,2023-10-23,Gaziantep,Güneydoğu Anadolu,0,PHONE,SOCIAL_MEDIA,Customer_005944,1,,SYNTHETIC,1.3.0,42,
C005945,WS0004,COMMERCIAL,2026-03-09,Bursa,Marmara,0,WHATSAPP,FLEET_PARTNERSHIP,Customer_005945,1,,SYNTHETIC,1.3.0,42,
C005946,WS0007,INDIVIDUAL,2021-02-28,Adana,Akdeniz,0,WHATSAPP,SOCIAL_MEDIA,Customer_005946,1,,SYNTHETIC,1.3.0,42,
C005947,WS0006,INDIVIDUAL,2021-08-19,Konya,İç Anadolu,0,SMS,ORGANIC,Customer_005947,1,,SYNTHETIC,1.3.0,42,
C005948,WS0006,INDIVIDUAL,2023-12-28,Konya,İç Anadolu,0,WHATSAPP,REFERRAL,Customer_005948,1,,SYNTHETIC,1.3.0,42,
C005949,WS0007,INDIVIDUAL,2021-02-11,Adana,Akdeniz,0,WHATSAPP,WALK_IN,Customer_005949,1,,SYNTHETIC,1.3.0,42,
C005950,WS0006,INDIVIDUAL,2023-03-01,Konya,İç Anadolu,0,PHONE,SOCIAL_MEDIA,Customer_005950,1,,SYNTHETIC,1.3.0,42,
C005951,WS0007,INDIVIDUAL,2024-05-31,Adana,Akdeniz,0,WHATSAPP,REFERRAL,Customer_005951,1,,SYNTHETIC,1.3.0,42,
C005952,WS0009,INDIVIDUAL,2021-02-19,Samsun,Karadeniz,0,WHATSAPP,REFERRAL,Customer_005952,1,,SYNTHETIC,1.3.0,42,
C005953,WS0005,INDIVIDUAL,2021-06-24,Antalya,Akdeniz,0,WHATSAPP,WALK_IN,Customer_005953,1,,SYNTHETIC,1.3.0,42,
C005954,WS0009,INDIVIDUAL,2021-10-01,Samsun,Karadeniz,0,PHONE,REFERRAL,Customer_005954,1,,SYNTHETIC,1.3.0,42,
C005955,WS0004,INDIVIDUAL,2024-11-13,Bursa,Marmara,0,PHONE,ORGANIC,Customer_005955,1,,SYNTHETIC,1.3.0,42,
C005956,WS0007,INDIVIDUAL,2023-04-14,Adana,Akdeniz,0,WHATSAPP,SOCIAL_MEDIA,Customer_005956,1,,SYNTHETIC,1.3.0,42,
C005957,WS0003,INDIVIDUAL,2024-11-10,İzmir,Ege,0,WHATSAPP,ORGANIC,Customer_005957,1,,SYNTHETIC,1.3.0,42,
C005958,WS0008,INDIVIDUAL,2026-03-14,Gaziantep,Güneydoğu Anadolu,0,WHATSAPP,REFERRAL,Customer_005958,1,,SYNTHETIC,1.3.0,42,
C005959,WS0007,COMMERCIAL,2023-06-09,Adana,Akdeniz,0,WHATSAPP,FLEET_PARTNERSHIP,Customer_005959,1,,SYNTHETIC,1.3.0,42,
C005960,WS0008,INDIVIDUAL,2021-11-18,Gaziantep,Güneydoğu Anadolu,0,WHATSAPP,GOOGLE_MAPS,Customer_005960,1,,SYNTHETIC,1.3.0,42,
C005961,WS0002,INDIVIDUAL,2024-02-02,Ankara,İç Anadolu,0,SMS,GOOGLE_MAPS,Customer_005961,1,,SYNTHETIC,1.3.0,42,
C005962,WS0010,INDIVIDUAL,2023-08-02,Eskişehir,İç Anadolu,0,WHATSAPP,SOCIAL_MEDIA,Customer_005962,1,,SYNTHETIC,1.3.0,42,
C005963,WS0004,INDIVIDUAL,2021-12-30,Bursa,Marmara,0,WHATSAPP,ORGANIC,Customer_005963,1,,SYNTHETIC,1.3.0,42,
C005964,WS0008,COMMERCIAL,2022-12-28,Gaziantep,Güneydoğu Anadolu,0,EMAIL,DIRECT_SALES,Customer_005964,1,,SYNTHETIC,1.3.0,42,
C005965,WS0004,INDIVIDUAL,2023-09-09,Bursa,Marmara,0,SMS,ORGANIC,Customer_005965,1,,SYNTHETIC,1.3.0,42,
C005966,WS0001,COMMERCIAL,2021-07-14,İstanbul,Marmara,0,PHONE,ORGANIC,Customer_005966,1,,SYNTHETIC,1.3.0,42,
C005967,WS0007,INDIVIDUAL,2023-05-03,Adana,Akdeniz,0,WHATSAPP,REFERRAL,Customer_005967,1,,SYNTHETIC,1.3.0,42,
C005968,WS0010,INDIVIDUAL,2025-11-22,Eskişehir,İç Anadolu,0,WHATSAPP,REFERRAL,Customer_005968,1,,SYNTHETIC,1.3.0,42,
C005969,WS0009,INDIVIDUAL,2022-08-13,Samsun,Karadeniz,0,WHATSAPP,ORGANIC,Customer_005969,1,,SYNTHETIC,1.3.0,42,
C005970,WS0004,INDIVIDUAL,2021-05-05,Bursa,Marmara,0,WHATSAPP,GOOGLE_MAPS,Customer_005970,0,2024-03-25,SYNTHETIC,1.3.0,42,
C005971,WS0002,INDIVIDUAL,2023-02-03,Ankara,İç Anadolu,0,WHATSAPP,GOOGLE_MAPS,Customer_005971,1,,SYNTHETIC,1.3.0,42,
C005972,WS0007,INDIVIDUAL,2022-04-25,Adana,Akdeniz,0,PHONE,WALK_IN,Customer_005972,1,,SYNTHETIC,1.3.0,42,
C005973,WS0001,INDIVIDUAL,2022-01-05,İstanbul,Marmara,0,SMS,GOOGLE_MAPS,Customer_005973,1,,SYNTHETIC,1.3.0,42,
C005974,WS0002,INDIVIDUAL,2026-06-15,Ankara,İç Anadolu,0,SMS,REFERRAL,Customer_005974,1,,SYNTHETIC,1.3.0,42,
C005975,WS0002,COMMERCIAL,2022-08-30,Ankara,İç Anadolu,0,EMAIL,ORGANIC,Customer_005975,1,,SYNTHETIC,1.3.0,42,
C005976,WS0007,INDIVIDUAL,2024-01-17,Adana,Akdeniz,0,WHATSAPP,ORGANIC,Customer_005976,1,,SYNTHETIC,1.3.0,42,
C005977,WS0004,INDIVIDUAL,2023-09-27,Bursa,Marmara,0,PHONE,ORGANIC,Customer_005977,1,,SYNTHETIC,1.3.0,42,
C005978,WS0008,INDIVIDUAL,2024-03-06,Gaziantep,Güneydoğu Anadolu,0,SMS,GOOGLE_MAPS,Customer_005978,1,,SYNTHETIC,1.3.0,42,
C005979,WS0003,INDIVIDUAL,2024-07-12,İzmir,Ege,0,WHATSAPP,WALK_IN,Customer_005979,1,,SYNTHETIC,1.3.0,42,
C005980,WS0009,INDIVIDUAL,2025-11-05,Samsun,Karadeniz,0,SMS,REFERRAL,Customer_005980,1,,SYNTHETIC,1.3.0,42,
C005981,WS0009,INDIVIDUAL,2026-02-20,Samsun,Karadeniz,0,WHATSAPP,GOOGLE_MAPS,Customer_005981,1,,SYNTHETIC,1.3.0,42,
C005982,WS0005,COMMERCIAL,2025-03-28,Antalya,Akdeniz,0,EMAIL,FLEET_PARTNERSHIP,Customer_005982,1,,SYNTHETIC,1.3.0,42,
C005983,WS0008,COMMERCIAL,2026-03-11,Gaziantep,Güneydoğu Anadolu,0,WHATSAPP,REFERRAL,Customer_005983,1,,SYNTHETIC,1.3.0,42,
C005984,WS0005,INDIVIDUAL,2025-11-07,Antalya,Akdeniz,0,WHATSAPP,ORGANIC,Customer_005984,1,,SYNTHETIC,1.3.0,42,
C005985,WS0006,INDIVIDUAL,2023-03-11,Konya,İç Anadolu,0,EMAIL,REFERRAL,Customer_005985,1,,SYNTHETIC,1.3.0,42,
C005986,WS0008,INDIVIDUAL,2025-05-25,Gaziantep,Güneydoğu Anadolu,0,WHATSAPP,GOOGLE_MAPS,Customer_005986,1,,SYNTHETIC,1.3.0,42,
C005987,WS0008,INDIVIDUAL,2022-11-25,Gaziantep,Güneydoğu Anadolu,0,WHATSAPP,REFERRAL,Customer_005987,1,,SYNTHETIC,1.3.0,42,
C005988,WS0001,INDIVIDUAL,2024-11-12,İstanbul,Marmara,0,WHATSAPP,WALK_IN,Customer_005988,1,,SYNTHETIC,1.3.0,42,
C005989,WS0004,INDIVIDUAL,2022-02-19,Bursa,Marmara,0,PHONE,GOOGLE_MAPS,Customer_005989,1,,SYNTHETIC,1.3.0,42,
C005990,WS0002,INDIVIDUAL,2024-08-04,Ankara,İç Anadolu,0,WHATSAPP,REFERRAL,Customer_005990,1,,SYNTHETIC,1.3.0,42,
C005991,WS0002,INDIVIDUAL,2021-02-01,Ankara,İç Anadolu,0,WHATSAPP,REFERRAL,Customer_005991,1,,SYNTHETIC,1.3.0,42,
C005992,WS0010,INDIVIDUAL,2021-12-27,Eskişehir,İç Anadolu,0,SMS,REFERRAL,Customer_005992,1,,SYNTHETIC,1.3.0,42,
C005993,WS0009,INDIVIDUAL,2024-09-07,Samsun,Karadeniz,0,PHONE,ORGANIC,Customer_005993,1,,SYNTHETIC,1.3.0,42,
C005994,WS0006,INDIVIDUAL,2023-12-21,Konya,İç Anadolu,0,PHONE,SOCIAL_MEDIA,Customer_005994,1,,SYNTHETIC,1.3.0,42,
C005995,WS0008,INDIVIDUAL,2025-11-08,Gaziantep,Güneydoğu Anadolu,0,WHATSAPP,REFERRAL,Customer_005995,1,,SYNTHETIC,1.3.0,42,
C005996,WS0002,INDIVIDUAL,2022-03-12,Ankara,İç Anadolu,0,WHATSAPP,WALK_IN,Customer_005996,1,,SYNTHETIC,1.3.0,42,
C005997,WS0008,INDIVIDUAL,2022-09-23,Gaziantep,Güneydoğu Anadolu,0,WHATSAPP,ORGANIC,Customer_005997,1,,SYNTHETIC,1.3.0,42,
C005998,WS0009,INDIVIDUAL,2021-02-12,Samsun,Karadeniz,0,PHONE,ORGANIC,Customer_005998,1,,SYNTHETIC,1.3.0,42,
C005999,WS0010,INDIVIDUAL,2024-07-05,Eskişehir,İç Anadolu,0,EMAIL,GOOGLE_MAPS,Customer_005999,1,,SYNTHETIC,1.3.0,42,
C006000,WS0009,INDIVIDUAL,2025-12-01,Samsun,Karadeniz,0,WHATSAPP,ORGANIC,Customer_006000,1,,SYNTHETIC,1.3.0,42,
C006001,WS0010,INDIVIDUAL,2022-06-04,Eskişehir,İç Anadolu,0,PHONE,REFERRAL,Customer_006001,1,,SYNTHETIC,1.3.0,42,
C006002,WS0009,INDIVIDUAL,2026-04-29,Samsun,Karadeniz,0,WHATSAPP,SOCIAL_MEDIA,Customer_006002,1,,SYNTHETIC,1.3.0,42,
C006003,WS0004,INDIVIDUAL,2023-02-26,Bursa,Marmara,0,SMS,WALK_IN,Customer_006003,1,,SYNTHETIC,1.3.0,42,
C006004,WS0005,INDIVIDUAL,2025-11-16,Antalya,Akdeniz,0,WHATSAPP,WALK_IN,Customer_006004,1,,SYNTHETIC,1.3.0,42,
C006005,WS0004,INDIVIDUAL,2022-02-19,Bursa,Marmara,0,WHATSAPP,REFERRAL,Customer_006005,1,,SYNTHETIC,1.3.0,42,
C006006,WS0008,INDIVIDUAL,2024-05-21,Gaziantep,Güneydoğu Anadolu,0,PHONE,REFERRAL,Customer_006006,1,,SYNTHETIC,1.3.0,42,
C006007,WS0004,INDIVIDUAL,2022-12-23,Bursa,Marmara,0,WHATSAPP,SOCIAL_MEDIA,Customer_006007,1,,SYNTHETIC,1.3.0,42,
C006008,WS0006,INDIVIDUAL,2025-01-07,Konya,İç Anadolu,0,WHATSAPP,WALK_IN,Customer_006008,1,,SYNTHETIC,1.3.0,42,
C006009,WS0009,INDIVIDUAL,2024-01-04,Samsun,Karadeniz,0,PHONE,REFERRAL,Customer_006009,1,,SYNTHETIC,1.3.0,42,
C006010,WS0005,INDIVIDUAL,2021-12-08,Antalya,Akdeniz,0,WHATSAPP,ORGANIC,Customer_006010,1,,SYNTHETIC,1.3.0,42,
C006011,WS0006,INDIVIDUAL,2023-09-12,Konya,İç Anadolu,0,SMS,ORGANIC,Customer_006011,1,,SYNTHETIC,1.3.0,42,
C006012,WS0001,INDIVIDUAL,2023-01-23,İstanbul,Marmara,0,WHATSAPP,REFERRAL,Customer_006012,1,,SYNTHETIC,1.3.0,42,
C006013,WS0005,INDIVIDUAL,2021-06-18,Antalya,Akdeniz,0,SMS,ORGANIC,Customer_006013,0,2022-06-22,SYNTHETIC,1.3.0,42,
C006014,WS0002,INDIVIDUAL,2025-12-28,Ankara,İç Anadolu,0,SMS,REFERRAL,Customer_006014,0,2026-04-26,SYNTHETIC,1.3.0,42,
C006015,WS0008,INDIVIDUAL,2023-08-31,Gaziantep,Güneydoğu Anadolu,0,WHATSAPP,WALK_IN,Customer_006015,1,,SYNTHETIC,1.3.0,42,
C006016,WS0001,INDIVIDUAL,2022-10-08,İstanbul,Marmara,0,WHATSAPP,ORGANIC,Customer_006016,1,,SYNTHETIC,1.3.0,42,
C006017,WS0008,INDIVIDUAL,2023-09-11,Gaziantep,Güneydoğu Anadolu,0,WHATSAPP,GOOGLE_MAPS,Customer_006017,0,2025-05-03,SYNTHETIC,1.3.0,42,
C006018,WS0007,INDIVIDUAL,2026-06-23,Adana,Akdeniz,0,WHATSAPP,SOCIAL_MEDIA,Customer_006018,1,,SYNTHETIC,1.3.0,42,
C006019,WS0003,INDIVIDUAL,2026-06-13,İzmir,Ege,0,WHATSAPP,ORGANIC,Customer_006019,1,,SYNTHETIC,1.3.0,42,
C006020,WS0003,INDIVIDUAL,2022-01-13,İzmir,Ege,0,WHATSAPP,ORGANIC,Customer_006020,1,,SYNTHETIC,1.3.0,42,
C006021,WS0010,INDIVIDUAL,2022-04-30,Eskişehir,İç Anadolu,0,EMAIL,ORGANIC,Customer_006021,1,,SYNTHETIC,1.3.0,42,
C006022,WS0007,INDIVIDUAL,2026-04-28,Adana,Akdeniz,0,SMS,ORGANIC,Customer_006022,1,,SYNTHETIC,1.3.0,42,
C006023,WS0005,INDIVIDUAL,2025-11-04,Antalya,Akdeniz,0,SMS,WALK_IN,Customer_006023,1,,SYNTHETIC,1.3.0,42,
C006024,WS0003,INDIVIDUAL,2024-01-05,İzmir,Ege,0,WHATSAPP,REFERRAL,Customer_006024,1,,SYNTHETIC,1.3.0,42,
C006025,WS0001,INDIVIDUAL,2025-04-26,İstanbul,Marmara,0,WHATSAPP,REFERRAL,Customer_006025,1,,SYNTHETIC,1.3.0,42,
C006026,WS0006,INDIVIDUAL,2025-06-21,Konya,İç Anadolu,0,WHATSAPP,SOCIAL_MEDIA,Customer_006026,1,,SYNTHETIC,1.3.0,42,
C006027,WS0006,INDIVIDUAL,2022-12-16,Konya,İç Anadolu,0,PHONE,GOOGLE_MAPS,Customer_006027,1,,SYNTHETIC,1.3.0,42,
C006028,WS0003,INDIVIDUAL,2022-09-18,İzmir,Ege,0,WHATSAPP,ORGANIC,Customer_006028,1,,SYNTHETIC,1.3.0,42,
C006029,WS0004,INDIVIDUAL,2024-06-21,Bursa,Marmara,0,PHONE,GOOGLE_MAPS,Customer_006029,1,,SYNTHETIC,1.3.0,42,
C006030,WS0001,INDIVIDUAL,2024-11-11,İstanbul,Marmara,0,PHONE,ORGANIC,Customer_006030,1,,SYNTHETIC,1.3.0,42,
C006031,WS0002,INDIVIDUAL,2022-07-13,Ankara,İç Anadolu,0,EMAIL,ORGANIC,Customer_006031,1,,SYNTHETIC,1.3.0,42,
C006032,WS0007,INDIVIDUAL,2023-05-09,Adana,Akdeniz,0,WHATSAPP,ORGANIC,Customer_006032,1,,SYNTHETIC,1.3.0,42,
C006033,WS0004,INDIVIDUAL,2025-03-26,Bursa,Marmara,0,SMS,WALK_IN,Customer_006033,1,,SYNTHETIC,1.3.0,42,
C006034,WS0004,INDIVIDUAL,2024-05-06,Bursa,Marmara,0,WHATSAPP,ORGANIC,Customer_006034,1,,SYNTHETIC,1.3.0,42,
C006035,WS0001,INDIVIDUAL,2023-06-07,İstanbul,Marmara,0,EMAIL,REFERRAL,Customer_006035,1,,SYNTHETIC,1.3.0,42,
C006036,WS0008,INDIVIDUAL,2025-08-01,Gaziantep,Güneydoğu Anadolu,0,WHATSAPP,ORGANIC,Customer_006036,1,,SYNTHETIC,1.3.0,42,
C006037,WS0004,INDIVIDUAL,2024-12-12,Bursa,Marmara,0,WHATSAPP,ORGANIC,Customer_006037,1,,SYNTHETIC,1.3.0,42,
C006038,WS0009,INDIVIDUAL,2026-03-07,Samsun,Karadeniz,0,EMAIL,GOOGLE_MAPS,Customer_006038,1,,SYNTHETIC,1.3.0,42,
C006039,WS0004,INDIVIDUAL,2025-02-25,Bursa,Marmara,0,WHATSAPP,ORGANIC,Customer_006039,0,2026-05-23,SYNTHETIC,1.3.0,42,
C006040,WS0005,INDIVIDUAL,2021-11-18,Antalya,Akdeniz,0,EMAIL,REFERRAL,Customer_006040,1,,SYNTHETIC,1.3.0,42,
C006041,WS0003,INDIVIDUAL,2025-09-20,İzmir,Ege,0,WHATSAPP,WALK_IN,Customer_006041,0,2026-04-19,SYNTHETIC,1.3.0,42,
C006042,WS0002,INDIVIDUAL,2026-05-01,Ankara,İç Anadolu,0,SMS,ORGANIC,Customer_006042,0,2026-07-31,SYNTHETIC,1.3.0,42,
C006043,WS0001,INDIVIDUAL,2025-08-13,İstanbul,Marmara,0,PHONE,REFERRAL,Customer_006043,0,2026-05-09,SYNTHETIC,1.3.0,42,
C006044,WS0008,INDIVIDUAL,2024-04-16,Gaziantep,Güneydoğu Anadolu,0,SMS,GOOGLE_MAPS,Customer_006044,1,,SYNTHETIC,1.3.0,42,
C006045,WS0001,COMMERCIAL,2025-12-13,İstanbul,Marmara,0,WHATSAPP,FLEET_PARTNERSHIP,Customer_006045,1,,SYNTHETIC,1.3.0,42,
C006046,WS0009,INDIVIDUAL,2022-11-06,Samsun,Karadeniz,0,WHATSAPP,WALK_IN,Customer_006046,1,,SYNTHETIC,1.3.0,42,
C006047,WS0010,INDIVIDUAL,2023-05-11,Eskişehir,İç Anadolu,0,EMAIL,GOOGLE_MAPS,Customer_006047,1,,SYNTHETIC,1.3.0,42,
C006048,WS0004,INDIVIDUAL,2024-12-17,Bursa,Marmara,0,EMAIL,ORGANIC,Customer_006048,1,,SYNTHETIC,1.3.0,42,
C006049,WS0007,INDIVIDUAL,2021-07-21,Adana,Akdeniz,0,WHATSAPP,GOOGLE_MAPS,Customer_006049,0,2022-06-29,SYNTHETIC,1.3.0,42,
C006050,WS0008,INDIVIDUAL,2022-03-26,Gaziantep,Güneydoğu Anadolu,0,WHATSAPP,REFERRAL,Customer_006050,1,,SYNTHETIC,1.3.0,42,
C006051,WS0009,INDIVIDUAL,2025-10-30,Samsun,Karadeniz,0,WHATSAPP,REFERRAL,Customer_006051,1,,SYNTHETIC,1.3.0,42,
C006052,WS0002,COMMERCIAL,2021-09-13,Ankara,İç Anadolu,0,EMAIL,REFERRAL,Customer_006052,1,,SYNTHETIC,1.3.0,42,
C006053,WS0008,INDIVIDUAL,2022-06-12,Gaziantep,Güneydoğu Anadolu,0,PHONE,SOCIAL_MEDIA,Customer_006053,1,,SYNTHETIC,1.3.0,42,
C006054,WS0002,INDIVIDUAL,2023-08-21,Ankara,İç Anadolu,0,EMAIL,GOOGLE_MAPS,Customer_006054,1,,SYNTHETIC,1.3.0,42,
C006055,WS0001,COMMERCIAL,2024-02-27,İstanbul,Marmara,0,EMAIL,DIRECT_SALES,Customer_006055,1,,SYNTHETIC,1.3.0,42,
C006056,WS0006,INDIVIDUAL,2021-09-04,Konya,İç Anadolu,0,EMAIL,ORGANIC,Customer_006056,1,,SYNTHETIC,1.3.0,42,
C006057,WS0008,INDIVIDUAL,2024-03-08,Gaziantep,Güneydoğu Anadolu,0,WHATSAPP,WALK_IN,Customer_006057,1,,SYNTHETIC,1.3.0,42,
C006058,WS0006,INDIVIDUAL,2023-01-27,Konya,İç Anadolu,0,EMAIL,GOOGLE_MAPS,Customer_006058,1,,SYNTHETIC,1.3.0,42,
C006059,WS0002,INDIVIDUAL,2022-09-23,Ankara,İç Anadolu,0,EMAIL,WALK_IN,Customer_006059,1,,SYNTHETIC,1.3.0,42,
C006060,WS0001,INDIVIDUAL,2024-02-02,İstanbul,Marmara,0,WHATSAPP,ORGANIC,Customer_006060,1,,SYNTHETIC,1.3.0,42,
C006061,WS0003,INDIVIDUAL,2025-01-13,İzmir,Ege,0,SMS,ORGANIC,Customer_006061,1,,SYNTHETIC,1.3.0,42,
C006062,WS0008,INDIVIDUAL,2023-01-23,Gaziantep,Güneydoğu Anadolu,0,PHONE,SOCIAL_MEDIA,Customer_006062,1,,SYNTHETIC,1.3.0,42,
C006063,WS0001,COMMERCIAL,2022-07-09,İstanbul,Marmara,0,PHONE,DIRECT_SALES,Customer_006063,1,,SYNTHETIC,1.3.0,42,
C006064,WS0008,INDIVIDUAL,2021-03-07,Gaziantep,Güneydoğu Anadolu,0,WHATSAPP,ORGANIC,Customer_006064,1,,SYNTHETIC,1.3.0,42,
C006065,WS0010,COMMERCIAL,2021-11-28,Eskişehir,İç Anadolu,0,PHONE,FLEET_PARTNERSHIP,Customer_006065,1,,SYNTHETIC,1.3.0,42,
C006066,WS0008,INDIVIDUAL,2024-01-28,Gaziantep,Güneydoğu Anadolu,0,WHATSAPP,ORGANIC,Customer_006066,1,,SYNTHETIC,1.3.0,42,
C006067,WS0003,INDIVIDUAL,2024-03-10,İzmir,Ege,0,PHONE,REFERRAL,Customer_006067,0,2025-02-03,SYNTHETIC,1.3.0,42,
C006068,WS0010,INDIVIDUAL,2021-05-14,Eskişehir,İç Anadolu,0,SMS,ORGANIC,Customer_006068,1,,SYNTHETIC,1.3.0,42,
C006069,WS0009,INDIVIDUAL,2023-05-04,Samsun,Karadeniz,0,WHATSAPP,GOOGLE_MAPS,Customer_006069,1,,SYNTHETIC,1.3.0,42,
C006070,WS0005,INDIVIDUAL,2024-12-28,Antalya,Akdeniz,0,WHATSAPP,GOOGLE_MAPS,Customer_006070,1,,SYNTHETIC,1.3.0,42,
C006071,WS0008,INDIVIDUAL,2026-01-11,Gaziantep,Güneydoğu Anadolu,0,WHATSAPP,ORGANIC,Customer_006071,1,,SYNTHETIC,1.3.0,42,
C006072,WS0007,COMMERCIAL,2023-12-11,Adana,Akdeniz,0,PHONE,FLEET_PARTNERSHIP,Customer_006072,1,,SYNTHETIC,1.3.0,42,
C006073,WS0004,INDIVIDUAL,2024-11-04,Bursa,Marmara,0,WHATSAPP,REFERRAL,Customer_006073,1,,SYNTHETIC,1.3.0,42,
C006074,WS0007,INDIVIDUAL,2022-03-31,Adana,Akdeniz,0,PHONE,GOOGLE_MAPS,Customer_006074,1,,SYNTHETIC,1.3.0,42,
C006075,WS0002,INDIVIDUAL,2021-05-30,Ankara,İç Anadolu,0,WHATSAPP,WALK_IN,Customer_006075,1,,SYNTHETIC,1.3.0,42,
C006076,WS0006,INDIVIDUAL,2023-11-14,Konya,İç Anadolu,0,WHATSAPP,SOCIAL_MEDIA,Customer_006076,1,,SYNTHETIC,1.3.0,42,
C006077,WS0005,INDIVIDUAL,2021-03-24,Antalya,Akdeniz,0,WHATSAPP,REFERRAL,Customer_006077,1,,SYNTHETIC,1.3.0,42,
C006078,WS0001,INDIVIDUAL,2023-05-28,İstanbul,Marmara,0,SMS,GOOGLE_MAPS,Customer_006078,0,2024-04-11,SYNTHETIC,1.3.0,42,
C006079,WS0008,INDIVIDUAL,2025-11-09,Gaziantep,Güneydoğu Anadolu,0,WHATSAPP,ORGANIC,Customer_006079,0,2026-07-03,SYNTHETIC,1.3.0,42,
C006080,WS0003,INDIVIDUAL,2025-10-02,İzmir,Ege,0,PHONE,ORGANIC,Customer_006080,1,,SYNTHETIC,1.3.0,42,
C006081,WS0006,INDIVIDUAL,2022-02-03,Konya,İç Anadolu,0,SMS,REFERRAL,Customer_006081,1,,SYNTHETIC,1.3.0,42,
C006082,WS0007,INDIVIDUAL,2024-08-10,Adana,Akdeniz,0,PHONE,WALK_IN,Customer_006082,1,,SYNTHETIC,1.3.0,42,
C006083,WS0003,INDIVIDUAL,2026-01-16,İzmir,Ege,0,WHATSAPP,WALK_IN,Customer_006083,1,,SYNTHETIC,1.3.0,42,
C006084,WS0002,INDIVIDUAL,2025-06-06,Ankara,İç Anadolu,0,SMS,ORGANIC,Customer_006084,1,,SYNTHETIC,1.3.0,42,
C006085,WS0005,INDIVIDUAL,2021-10-23,Antalya,Akdeniz,0,SMS,REFERRAL,Customer_006085,1,,SYNTHETIC,1.3.0,42,
C006086,WS0007,INDIVIDUAL,2023-06-23,Adana,Akdeniz,0,WHATSAPP,SOCIAL_MEDIA,Customer_006086,1,,SYNTHETIC,1.3.0,42,
C006087,WS0003,INDIVIDUAL,2024-06-22,İzmir,Ege,0,WHATSAPP,WALK_IN,Customer_006087,1,,SYNTHETIC,1.3.0,42,
C006088,WS0003,INDIVIDUAL,2023-02-01,İzmir,Ege,0,WHATSAPP,ORGANIC,Customer_006088,1,,SYNTHETIC,1.3.0,42,
C006089,WS0004,INDIVIDUAL,2024-12-21,Bursa,Marmara,0,WHATSAPP,WALK_IN,Customer_006089,1,,SYNTHETIC,1.3.0,42,
C006090,WS0003,INDIVIDUAL,2021-07-08,İzmir,Ege,0,WHATSAPP,REFERRAL,Customer_006090,1,,SYNTHETIC,1.3.0,42,
C006091,WS0006,INDIVIDUAL,2021-04-14,Konya,İç Anadolu,0,WHATSAPP,ORGANIC,Customer_006091,1,,SYNTHETIC,1.3.0,42,
C006092,WS0010,INDIVIDUAL,2021-03-23,Eskişehir,İç Anadolu,0,PHONE,REFERRAL,Customer_006092,1,,SYNTHETIC,1.3.0,42,
C006093,WS0008,COMMERCIAL,2021-06-08,Gaziantep,Güneydoğu Anadolu,0,WHATSAPP,DIRECT_SALES,Customer_006093,1,,SYNTHETIC,1.3.0,42,
C006094,WS0002,INDIVIDUAL,2023-12-24,Ankara,İç Anadolu,0,PHONE,REFERRAL,Customer_006094,1,,SYNTHETIC,1.3.0,42,
C006095,WS0002,FLEET,2023-07-04,Ankara,İç Anadolu,1,PHONE,ORGANIC,Customer_006095,1,,SYNTHETIC,1.3.0,42,
C006096,WS0009,INDIVIDUAL,2024-12-23,Samsun,Karadeniz,0,WHATSAPP,ORGANIC,Customer_006096,1,,SYNTHETIC,1.3.0,42,
C006097,WS0010,INDIVIDUAL,2023-06-11,Eskişehir,İç Anadolu,0,PHONE,ORGANIC,Customer_006097,1,,SYNTHETIC,1.3.0,42,
C006098,WS0003,INDIVIDUAL,2026-01-06,İzmir,Ege,0,PHONE,WALK_IN,Customer_006098,0,2026-06-30,SYNTHETIC,1.3.0,42,
C006099,WS0001,INDIVIDUAL,2024-04-25,İstanbul,Marmara,0,PHONE,REFERRAL,Customer_006099,1,,SYNTHETIC,1.3.0,42,
C006100,WS0007,INDIVIDUAL,2025-07-06,Adana,Akdeniz,0,WHATSAPP,GOOGLE_MAPS,Customer_006100,1,,SYNTHETIC,1.3.0,42,
C006101,WS0007,INDIVIDUAL,2021-03-29,Adana,Akdeniz,0,WHATSAPP,WALK_IN,Customer_006101,1,,SYNTHETIC,1.3.0,42,
C006102,WS0003,INDIVIDUAL,2025-07-10,İzmir,Ege,0,EMAIL,WALK_IN,Customer_006102,1,,SYNTHETIC,1.3.0,42,
C006103,WS0004,INDIVIDUAL,2022-12-23,Bursa,Marmara,0,SMS,GOOGLE_MAPS,Customer_006103,1,,SYNTHETIC,1.3.0,42,
C006104,WS0009,INDIVIDUAL,2025-09-21,Samsun,Karadeniz,0,WHATSAPP,SOCIAL_MEDIA,Customer_006104,1,,SYNTHETIC,1.3.0,42,
C006105,WS0004,INDIVIDUAL,2023-06-15,Bursa,Marmara,0,SMS,SOCIAL_MEDIA,Customer_006105,1,,SYNTHETIC,1.3.0,42,
C006106,WS0009,INDIVIDUAL,2021-06-27,Samsun,Karadeniz,0,PHONE,ORGANIC,Customer_006106,1,,SYNTHETIC,1.3.0,42,
C006107,WS0004,INDIVIDUAL,2022-05-07,Bursa,Marmara,0,WHATSAPP,REFERRAL,Customer_006107,1,,SYNTHETIC,1.3.0,42,
C006108,WS0002,FLEET,2023-12-24,Ankara,İç Anadolu,1,EMAIL,DIRECT_SALES,Customer_006108,1,,SYNTHETIC,1.3.0,42,
C006109,WS0006,INDIVIDUAL,2025-04-08,Konya,İç Anadolu,0,SMS,WALK_IN,Customer_006109,1,,SYNTHETIC,1.3.0,42,
C006110,WS0010,INDIVIDUAL,2026-06-19,Eskişehir,İç Anadolu,0,WHATSAPP,WALK_IN,Customer_006110,1,,SYNTHETIC,1.3.0,42,
C006111,WS0007,FLEET,2023-09-07,Adana,Akdeniz,1,PHONE,DIRECT_SALES,Customer_006111,1,,SYNTHETIC,1.3.0,42,
C006112,WS0004,INDIVIDUAL,2021-04-14,Bursa,Marmara,0,EMAIL,REFERRAL,Customer_006112,1,,SYNTHETIC,1.3.0,42,
C006113,WS0006,INDIVIDUAL,2024-05-08,Konya,İç Anadolu,0,EMAIL,REFERRAL,Customer_006113,1,,SYNTHETIC,1.3.0,42,
C006114,WS0007,INDIVIDUAL,2021-11-11,Adana,Akdeniz,0,PHONE,ORGANIC,Customer_006114,0,2025-06-11,SYNTHETIC,1.3.0,42,
C006115,WS0008,INDIVIDUAL,2025-10-14,Gaziantep,Güneydoğu Anadolu,0,PHONE,WALK_IN,Customer_006115,1,,SYNTHETIC,1.3.0,42,
C006116,WS0007,INDIVIDUAL,2023-01-24,Adana,Akdeniz,0,WHATSAPP,REFERRAL,Customer_006116,0,2024-08-04,SYNTHETIC,1.3.0,42,
C006117,WS0003,INDIVIDUAL,2021-04-19,İzmir,Ege,0,PHONE,SOCIAL_MEDIA,Customer_006117,1,,SYNTHETIC,1.3.0,42,
C006118,WS0008,FLEET,2023-05-17,Gaziantep,Güneydoğu Anadolu,1,WHATSAPP,FLEET_PARTNERSHIP,Customer_006118,1,,SYNTHETIC,1.3.0,42,
C006119,WS0008,COMMERCIAL,2026-01-02,Gaziantep,Güneydoğu Anadolu,0,WHATSAPP,DIRECT_SALES,Customer_006119,0,2026-04-08,SYNTHETIC,1.3.0,42,
C006120,WS0003,INDIVIDUAL,2024-08-20,İzmir,Ege,0,SMS,ORGANIC,Customer_006120,0,2026-03-29,SYNTHETIC,1.3.0,42,
C006121,WS0008,INDIVIDUAL,2023-08-22,Gaziantep,Güneydoğu Anadolu,0,SMS,WALK_IN,Customer_006121,1,,SYNTHETIC,1.3.0,42,
C006122,WS0005,INDIVIDUAL,2025-12-18,Antalya,Akdeniz,0,WHATSAPP,REFERRAL,Customer_006122,1,,SYNTHETIC,1.3.0,42,
C006123,WS0007,INDIVIDUAL,2026-06-29,Adana,Akdeniz,0,WHATSAPP,REFERRAL,Customer_006123,1,,SYNTHETIC,1.3.0,42,
C006124,WS0006,INDIVIDUAL,2021-06-15,Konya,İç Anadolu,0,SMS,GOOGLE_MAPS,Customer_006124,1,,SYNTHETIC,1.3.0,42,
C006125,WS0009,INDIVIDUAL,2024-05-29,Samsun,Karadeniz,0,SMS,WALK_IN,Customer_006125,1,,SYNTHETIC,1.3.0,42,
C006126,WS0008,COMMERCIAL,2023-03-07,Gaziantep,Güneydoğu Anadolu,0,PHONE,FLEET_PARTNERSHIP,Customer_006126,1,,SYNTHETIC,1.3.0,42,
C006127,WS0003,INDIVIDUAL,2023-11-13,İzmir,Ege,0,EMAIL,GOOGLE_MAPS,Customer_006127,1,,SYNTHETIC,1.3.0,42,
C006128,WS0005,INDIVIDUAL,2024-01-25,Antalya,Akdeniz,0,WHATSAPP,ORGANIC,Customer_006128,1,,SYNTHETIC,1.3.0,42,
C006129,WS0001,COMMERCIAL,2025-09-21,İstanbul,Marmara,0,PHONE,DIRECT_SALES,Customer_006129,0,2026-07-08,SYNTHETIC,1.3.0,42,
C006130,WS0004,INDIVIDUAL,2021-02-28,Bursa,Marmara,0,PHONE,GOOGLE_MAPS,Customer_006130,1,,SYNTHETIC,1.3.0,42,
C006131,WS0005,INDIVIDUAL,2021-04-12,Antalya,Akdeniz,0,WHATSAPP,GOOGLE_MAPS,Customer_006131,1,,SYNTHETIC,1.3.0,42,
C006132,WS0003,INDIVIDUAL,2023-11-19,İzmir,Ege,0,EMAIL,WALK_IN,Customer_006132,1,,SYNTHETIC,1.3.0,42,
C006133,WS0004,INDIVIDUAL,2022-06-13,Bursa,Marmara,0,PHONE,GOOGLE_MAPS,Customer_006133,1,,SYNTHETIC,1.3.0,42,
C006134,WS0006,INDIVIDUAL,2024-03-26,Konya,İç Anadolu,0,WHATSAPP,REFERRAL,Customer_006134,1,,SYNTHETIC,1.3.0,42,
C006135,WS0005,INDIVIDUAL,2023-04-20,Antalya,Akdeniz,0,EMAIL,REFERRAL,Customer_006135,1,,SYNTHETIC,1.3.0,42,
C006136,WS0007,INDIVIDUAL,2022-06-18,Adana,Akdeniz,0,EMAIL,ORGANIC,Customer_006136,1,,SYNTHETIC,1.3.0,42,
C006137,WS0003,INDIVIDUAL,2021-11-28,İzmir,Ege,0,EMAIL,GOOGLE_MAPS,Customer_006137,1,,SYNTHETIC,1.3.0,42,
C006138,WS0006,INDIVIDUAL,2021-06-24,Konya,İç Anadolu,0,WHATSAPP,REFERRAL,Customer_006138,1,,SYNTHETIC,1.3.0,42,
C006139,WS0003,INDIVIDUAL,2024-07-12,İzmir,Ege,0,WHATSAPP,ORGANIC,Customer_006139,1,,SYNTHETIC,1.3.0,42,
C006140,WS0001,INDIVIDUAL,2022-08-16,İstanbul,Marmara,0,PHONE,GOOGLE_MAPS,Customer_006140,1,,SYNTHETIC,1.3.0,42,
C006141,WS0009,INDIVIDUAL,2021-03-06,Samsun,Karadeniz,0,EMAIL,ORGANIC,Customer_006141,1,,SYNTHETIC,1.3.0,42,
C006142,WS0002,INDIVIDUAL,2021-05-14,Ankara,İç Anadolu,0,WHATSAPP,WALK_IN,Customer_006142,0,2026-04-12,SYNTHETIC,1.3.0,42,
C006143,WS0005,INDIVIDUAL,2021-06-26,Antalya,Akdeniz,0,EMAIL,REFERRAL,Customer_006143,1,,SYNTHETIC,1.3.0,42,
C006144,WS0004,INDIVIDUAL,2023-03-29,Bursa,Marmara,0,WHATSAPP,ORGANIC,Customer_006144,1,,SYNTHETIC,1.3.0,42,
C006145,WS0009,INDIVIDUAL,2022-08-04,Samsun,Karadeniz,0,WHATSAPP,ORGANIC,Customer_006145,1,,SYNTHETIC,1.3.0,42,
C006146,WS0009,INDIVIDUAL,2022-08-09,Samsun,Karadeniz,0,EMAIL,GOOGLE_MAPS,Customer_006146,1,,SYNTHETIC,1.3.0,42,
C006147,WS0001,INDIVIDUAL,2023-05-22,İstanbul,Marmara,0,WHATSAPP,WALK_IN,Customer_006147,1,,SYNTHETIC,1.3.0,42,
C006148,WS0003,INDIVIDUAL,2021-05-06,İzmir,Ege,0,WHATSAPP,REFERRAL,Customer_006148,0,2025-11-07,SYNTHETIC,1.3.0,42,
C006149,WS0009,INDIVIDUAL,2022-12-15,Samsun,Karadeniz,0,WHATSAPP,GOOGLE_MAPS,Customer_006149,1,,SYNTHETIC,1.3.0,42,
C006150,WS0008,FLEET,2022-04-28,Gaziantep,Güneydoğu Anadolu,1,PHONE,ORGANIC,Customer_006150,1,,SYNTHETIC,1.3.0,42,
C006151,WS0004,INDIVIDUAL,2025-09-28,Bursa,Marmara,0,WHATSAPP,REFERRAL,Customer_006151,1,,SYNTHETIC,1.3.0,42,
C006152,WS0009,INDIVIDUAL,2026-07-27,Samsun,Karadeniz,0,SMS,REFERRAL,Customer_006152,1,,SYNTHETIC,1.3.0,42,
C006153,WS0001,INDIVIDUAL,2026-02-18,İstanbul,Marmara,0,WHATSAPP,GOOGLE_MAPS,Customer_006153,1,,SYNTHETIC,1.3.0,42,
C006154,WS0010,INDIVIDUAL,2022-11-18,Eskişehir,İç Anadolu,0,SMS,ORGANIC,Customer_006154,1,,SYNTHETIC,1.3.0,42,
C006155,WS0006,INDIVIDUAL,2021-09-13,Konya,İç Anadolu,0,SMS,SOCIAL_MEDIA,Customer_006155,1,,SYNTHETIC,1.3.0,42,
C006156,WS0001,INDIVIDUAL,2023-09-17,İstanbul,Marmara,0,EMAIL,REFERRAL,Customer_006156,1,,SYNTHETIC,1.3.0,42,
C006157,WS0009,COMMERCIAL,2021-11-29,Samsun,Karadeniz,0,WHATSAPP,DIRECT_SALES,Customer_006157,1,,SYNTHETIC,1.3.0,42,
C006158,WS0001,INDIVIDUAL,2021-09-05,İstanbul,Marmara,0,WHATSAPP,WALK_IN,Customer_006158,1,,SYNTHETIC,1.3.0,42,
C006159,WS0008,INDIVIDUAL,2025-05-21,Gaziantep,Güneydoğu Anadolu,0,WHATSAPP,WALK_IN,Customer_006159,1,,SYNTHETIC,1.3.0,42,
C006160,WS0004,INDIVIDUAL,2021-04-24,Bursa,Marmara,0,PHONE,REFERRAL,Customer_006160,1,,SYNTHETIC,1.3.0,42,
C006161,WS0007,INDIVIDUAL,2026-07-07,Adana,Akdeniz,0,WHATSAPP,ORGANIC,Customer_006161,1,,SYNTHETIC,1.3.0,42,
C006162,WS0001,COMMERCIAL,2025-07-23,İstanbul,Marmara,0,EMAIL,ORGANIC,Customer_006162,1,,SYNTHETIC,1.3.0,42,
C006163,WS0005,INDIVIDUAL,2025-01-27,Antalya,Akdeniz,0,SMS,WALK_IN,Customer_006163,1,,SYNTHETIC,1.3.0,42,
C006164,WS0005,INDIVIDUAL,2025-06-29,Antalya,Akdeniz,0,WHATSAPP,SOCIAL_MEDIA,Customer_006164,1,,SYNTHETIC,1.3.0,42,
C006165,WS0004,INDIVIDUAL,2024-11-15,Bursa,Marmara,0,WHATSAPP,WALK_IN,Customer_006165,1,,SYNTHETIC,1.3.0,42,
C006166,WS0010,INDIVIDUAL,2026-06-04,Eskişehir,İç Anadolu,0,WHATSAPP,WALK_IN,Customer_006166,1,,SYNTHETIC,1.3.0,42,
C006167,WS0005,INDIVIDUAL,2025-04-15,Antalya,Akdeniz,0,PHONE,SOCIAL_MEDIA,Customer_006167,1,,SYNTHETIC,1.3.0,42,
C006168,WS0001,INDIVIDUAL,2022-05-04,İstanbul,Marmara,0,WHATSAPP,ORGANIC,Customer_006168,1,,SYNTHETIC,1.3.0,42,
C006169,WS0005,INDIVIDUAL,2022-03-17,Antalya,Akdeniz,0,PHONE,ORGANIC,Customer_006169,1,,SYNTHETIC,1.3.0,42,
C006170,WS0008,INDIVIDUAL,2024-07-11,Gaziantep,Güneydoğu Anadolu,0,WHATSAPP,WALK_IN,Customer_006170,1,,SYNTHETIC,1.3.0,42,
C006171,WS0004,INDIVIDUAL,2026-02-27,Bursa,Marmara,0,WHATSAPP,ORGANIC,Customer_006171,1,,SYNTHETIC,1.3.0,42,
C006172,WS0005,INDIVIDUAL,2022-10-24,Antalya,Akdeniz,0,WHATSAPP,GOOGLE_MAPS,Customer_006172,1,,SYNTHETIC,1.3.0,42,
C006173,WS0005,INDIVIDUAL,2024-07-13,Antalya,Akdeniz,0,SMS,ORGANIC,Customer_006173,1,,SYNTHETIC,1.3.0,42,
C006174,WS0002,INDIVIDUAL,2021-04-17,Ankara,İç Anadolu,0,WHATSAPP,SOCIAL_MEDIA,Customer_006174,1,,SYNTHETIC,1.3.0,42,
C006175,WS0002,INDIVIDUAL,2022-08-07,Ankara,İç Anadolu,0,WHATSAPP,GOOGLE_MAPS,Customer_006175,1,,SYNTHETIC,1.3.0,42,
C006176,WS0010,INDIVIDUAL,2025-02-05,Eskişehir,İç Anadolu,0,WHATSAPP,WALK_IN,Customer_006176,0,2026-05-12,SYNTHETIC,1.3.0,42,
C006177,WS0010,INDIVIDUAL,2024-05-09,Eskişehir,İç Anadolu,0,PHONE,WALK_IN,Customer_006177,1,,SYNTHETIC,1.3.0,42,
C006178,WS0010,INDIVIDUAL,2023-07-02,Eskişehir,İç Anadolu,0,WHATSAPP,REFERRAL,Customer_006178,1,,SYNTHETIC,1.3.0,42,
C006179,WS0005,INDIVIDUAL,2021-02-22,Antalya,Akdeniz,0,SMS,ORGANIC,Customer_006179,1,,SYNTHETIC,1.3.0,42,
C006180,WS0005,COMMERCIAL,2026-03-19,Antalya,Akdeniz,0,EMAIL,ORGANIC,Customer_006180,1,,SYNTHETIC,1.3.0,42,
C006181,WS0010,INDIVIDUAL,2023-01-31,Eskişehir,İç Anadolu,0,SMS,GOOGLE_MAPS,Customer_006181,1,,SYNTHETIC,1.3.0,42,
C006182,WS0009,INDIVIDUAL,2022-12-16,Samsun,Karadeniz,0,WHATSAPP,REFERRAL,Customer_006182,1,,SYNTHETIC,1.3.0,42,
C006183,WS0004,COMMERCIAL,2022-03-06,Bursa,Marmara,0,EMAIL,ORGANIC,Customer_006183,1,,SYNTHETIC,1.3.0,42,
C006184,WS0006,INDIVIDUAL,2022-03-07,Konya,İç Anadolu,0,SMS,REFERRAL,Customer_006184,1,,SYNTHETIC,1.3.0,42,
C006185,WS0007,INDIVIDUAL,2021-12-06,Adana,Akdeniz,0,WHATSAPP,WALK_IN,Customer_006185,1,,SYNTHETIC,1.3.0,42,
C006186,WS0002,INDIVIDUAL,2023-02-10,Ankara,İç Anadolu,0,WHATSAPP,GOOGLE_MAPS,Customer_006186,1,,SYNTHETIC,1.3.0,42,
C006187,WS0001,INDIVIDUAL,2025-12-02,İstanbul,Marmara,0,WHATSAPP,WALK_IN,Customer_006187,1,,SYNTHETIC,1.3.0,42,
C006188,WS0005,INDIVIDUAL,2021-04-17,Antalya,Akdeniz,0,SMS,REFERRAL,Customer_006188,1,,SYNTHETIC,1.3.0,42,
C006189,WS0004,INDIVIDUAL,2025-07-29,Bursa,Marmara,0,EMAIL,SOCIAL_MEDIA,Customer_006189,1,,SYNTHETIC,1.3.0,42,
C006190,WS0009,COMMERCIAL,2025-09-18,Samsun,Karadeniz,0,EMAIL,DIRECT_SALES,Customer_006190,1,,SYNTHETIC,1.3.0,42,
C006191,WS0001,INDIVIDUAL,2025-07-31,İstanbul,Marmara,0,WHATSAPP,ORGANIC,Customer_006191,1,,SYNTHETIC,1.3.0,42,
C006192,WS0004,INDIVIDUAL,2024-05-06,Bursa,Marmara,0,WHATSAPP,GOOGLE_MAPS,Customer_006192,1,,SYNTHETIC,1.3.0,42,
C006193,WS0003,INDIVIDUAL,2023-02-11,İzmir,Ege,0,WHATSAPP,ORGANIC,Customer_006193,0,2025-01-10,SYNTHETIC,1.3.0,42,
C006194,WS0009,INDIVIDUAL,2021-03-15,Samsun,Karadeniz,0,EMAIL,REFERRAL,Customer_006194,1,,SYNTHETIC,1.3.0,42,
C006195,WS0003,INDIVIDUAL,2023-03-16,İzmir,Ege,0,EMAIL,GOOGLE_MAPS,Customer_006195,0,2023-07-29,SYNTHETIC,1.3.0,42,
C006196,WS0006,INDIVIDUAL,2021-04-14,Konya,İç Anadolu,0,WHATSAPP,REFERRAL,Customer_006196,1,,SYNTHETIC,1.3.0,42,
C006197,WS0009,INDIVIDUAL,2023-11-01,Samsun,Karadeniz,0,SMS,REFERRAL,Customer_006197,1,,SYNTHETIC,1.3.0,42,
C006198,WS0003,INDIVIDUAL,2022-10-11,İzmir,Ege,0,WHATSAPP,GOOGLE_MAPS,Customer_006198,1,,SYNTHETIC,1.3.0,42,
C006199,WS0009,INDIVIDUAL,2022-11-19,Samsun,Karadeniz,0,WHATSAPP,GOOGLE_MAPS,Customer_006199,1,,SYNTHETIC,1.3.0,42,
C006200,WS0005,COMMERCIAL,2022-06-12,Antalya,Akdeniz,0,EMAIL,DIRECT_SALES,Customer_006200,1,,SYNTHETIC,1.3.0,42,
C006201,WS0005,INDIVIDUAL,2026-04-25,Antalya,Akdeniz,0,WHATSAPP,ORGANIC,Customer_006201,1,,SYNTHETIC,1.3.0,42,
C006202,WS0008,COMMERCIAL,2026-03-22,Gaziantep,Güneydoğu Anadolu,0,WHATSAPP,ORGANIC,Customer_006202,1,,SYNTHETIC,1.3.0,42,
C006203,WS0005,COMMERCIAL,2022-07-22,Antalya,Akdeniz,0,EMAIL,DIRECT_SALES,Customer_006203,1,,SYNTHETIC,1.3.0,42,
C006204,WS0001,INDIVIDUAL,2022-11-26,İstanbul,Marmara,0,WHATSAPP,ORGANIC,Customer_006204,1,,SYNTHETIC,1.3.0,42,
C006205,WS0008,INDIVIDUAL,2021-07-20,Gaziantep,Güneydoğu Anadolu,0,WHATSAPP,REFERRAL,Customer_006205,1,,SYNTHETIC,1.3.0,42,
C006206,WS0007,INDIVIDUAL,2024-03-15,Adana,Akdeniz,0,SMS,SOCIAL_MEDIA,Customer_006206,1,,SYNTHETIC,1.3.0,42,
C006207,WS0008,INDIVIDUAL,2021-08-23,Gaziantep,Güneydoğu Anadolu,0,WHATSAPP,WALK_IN,Customer_006207,1,,SYNTHETIC,1.3.0,42,
C006208,WS0009,INDIVIDUAL,2022-07-20,Samsun,Karadeniz,0,WHATSAPP,GOOGLE_MAPS,Customer_006208,1,,SYNTHETIC,1.3.0,42,
C006209,WS0007,INDIVIDUAL,2026-05-17,Adana,Akdeniz,0,WHATSAPP,ORGANIC,Customer_006209,1,,SYNTHETIC,1.3.0,42,
C006210,WS0004,INDIVIDUAL,2021-10-28,Bursa,Marmara,0,EMAIL,REFERRAL,Customer_006210,1,,SYNTHETIC,1.3.0,42,
C006211,WS0009,INDIVIDUAL,2021-02-16,Samsun,Karadeniz,0,WHATSAPP,REFERRAL,Customer_006211,1,,SYNTHETIC,1.3.0,42,
C006212,WS0010,INDIVIDUAL,2024-06-19,Eskişehir,İç Anadolu,0,WHATSAPP,SOCIAL_MEDIA,Customer_006212,1,,SYNTHETIC,1.3.0,42,
C006213,WS0004,INDIVIDUAL,2026-05-02,Bursa,Marmara,0,SMS,GOOGLE_MAPS,Customer_006213,1,,SYNTHETIC,1.3.0,42,
C006214,WS0003,FLEET,2022-06-07,İzmir,Ege,1,PHONE,DIRECT_SALES,Customer_006214,1,,SYNTHETIC,1.3.0,42,
C006215,WS0005,INDIVIDUAL,2025-10-07,Antalya,Akdeniz,0,SMS,GOOGLE_MAPS,Customer_006215,1,,SYNTHETIC,1.3.0,42,
C006216,WS0002,INDIVIDUAL,2026-01-14,Ankara,İç Anadolu,0,WHATSAPP,GOOGLE_MAPS,Customer_006216,1,,SYNTHETIC,1.3.0,42,
C006217,WS0002,INDIVIDUAL,2023-06-26,Ankara,İç Anadolu,0,SMS,GOOGLE_MAPS,Customer_006217,1,,SYNTHETIC,1.3.0,42,
C006218,WS0010,INDIVIDUAL,2021-02-02,Eskişehir,İç Anadolu,0,WHATSAPP,ORGANIC,Customer_006218,1,,SYNTHETIC,1.3.0,42,
C006219,WS0005,INDIVIDUAL,2022-12-13,Antalya,Akdeniz,0,SMS,REFERRAL,Customer_006219,1,,SYNTHETIC,1.3.0,42,
C006220,WS0009,INDIVIDUAL,2023-05-27,Samsun,Karadeniz,0,WHATSAPP,WALK_IN,Customer_006220,1,,SYNTHETIC,1.3.0,42,
C006221,WS0006,INDIVIDUAL,2023-09-13,Konya,İç Anadolu,0,WHATSAPP,ORGANIC,Customer_006221,1,,SYNTHETIC,1.3.0,42,
C006222,WS0007,INDIVIDUAL,2025-07-16,Adana,Akdeniz,0,WHATSAPP,WALK_IN,Customer_006222,0,2026-02-22,SYNTHETIC,1.3.0,42,
C006223,WS0003,INDIVIDUAL,2023-09-15,İzmir,Ege,0,WHATSAPP,REFERRAL,Customer_006223,0,2025-07-22,SYNTHETIC,1.3.0,42,
C006224,WS0004,INDIVIDUAL,2021-07-30,Bursa,Marmara,0,WHATSAPP,ORGANIC,Customer_006224,1,,SYNTHETIC,1.3.0,42,
C006225,WS0001,INDIVIDUAL,2024-10-05,İstanbul,Marmara,0,WHATSAPP,REFERRAL,Customer_006225,1,,SYNTHETIC,1.3.0,42,
C006226,WS0010,INDIVIDUAL,2025-02-11,Eskişehir,İç Anadolu,0,EMAIL,GOOGLE_MAPS,Customer_006226,1,,SYNTHETIC,1.3.0,42,
C006227,WS0007,INDIVIDUAL,2025-09-24,Adana,Akdeniz,0,WHATSAPP,ORGANIC,Customer_006227,1,,SYNTHETIC,1.3.0,42,
C006228,WS0005,INDIVIDUAL,2025-08-03,Antalya,Akdeniz,0,WHATSAPP,SOCIAL_MEDIA,Customer_006228,1,,SYNTHETIC,1.3.0,42,
C006229,WS0005,INDIVIDUAL,2023-06-24,Antalya,Akdeniz,0,PHONE,ORGANIC,Customer_006229,1,,SYNTHETIC,1.3.0,42,
C006230,WS0001,INDIVIDUAL,2024-04-11,İstanbul,Marmara,0,WHATSAPP,REFERRAL,Customer_006230,1,,SYNTHETIC,1.3.0,42,
C006231,WS0009,INDIVIDUAL,2025-04-16,Samsun,Karadeniz,0,PHONE,SOCIAL_MEDIA,Customer_006231,1,,SYNTHETIC,1.3.0,42,
C006232,WS0001,INDIVIDUAL,2022-08-04,İstanbul,Marmara,0,WHATSAPP,WALK_IN,Customer_006232,1,,SYNTHETIC,1.3.0,42,
C006233,WS0007,INDIVIDUAL,2021-01-16,Adana,Akdeniz,0,PHONE,REFERRAL,Customer_006233,1,,SYNTHETIC,1.3.0,42,
C006234,WS0007,INDIVIDUAL,2022-07-07,Adana,Akdeniz,0,WHATSAPP,REFERRAL,Customer_006234,1,,SYNTHETIC,1.3.0,42,
C006235,WS0010,INDIVIDUAL,2024-07-02,Eskişehir,İç Anadolu,0,WHATSAPP,WALK_IN,Customer_006235,1,,SYNTHETIC,1.3.0,42,
C006236,WS0009,INDIVIDUAL,2021-12-04,Samsun,Karadeniz,0,SMS,ORGANIC,Customer_006236,1,,SYNTHETIC,1.3.0,42,
C006237,WS0005,INDIVIDUAL,2021-12-19,Antalya,Akdeniz,0,SMS,WALK_IN,Customer_006237,1,,SYNTHETIC,1.3.0,42,
C006238,WS0003,INDIVIDUAL,2023-11-26,İzmir,Ege,0,SMS,ORGANIC,Customer_006238,1,,SYNTHETIC,1.3.0,42,
C006239,WS0005,INDIVIDUAL,2025-06-11,Antalya,Akdeniz,0,SMS,WALK_IN,Customer_006239,1,,SYNTHETIC,1.3.0,42,
C006240,WS0007,INDIVIDUAL,2022-04-30,Adana,Akdeniz,0,WHATSAPP,WALK_IN,Customer_006240,1,,SYNTHETIC,1.3.0,42,
C006241,WS0010,INDIVIDUAL,2023-01-14,Eskişehir,İç Anadolu,0,WHATSAPP,ORGANIC,Customer_006241,1,,SYNTHETIC,1.3.0,42,
C006242,WS0008,INDIVIDUAL,2025-07-27,Gaziantep,Güneydoğu Anadolu,0,WHATSAPP,ORGANIC,Customer_006242,1,,SYNTHETIC,1.3.0,42,
C006243,WS0008,INDIVIDUAL,2021-06-27,Gaziantep,Güneydoğu Anadolu,0,WHATSAPP,SOCIAL_MEDIA,Customer_006243,1,,SYNTHETIC,1.3.0,42,
C006244,WS0008,INDIVIDUAL,2023-10-19,Gaziantep,Güneydoğu Anadolu,0,PHONE,WALK_IN,Customer_006244,1,,SYNTHETIC,1.3.0,42,
C006245,WS0006,INDIVIDUAL,2025-09-07,Konya,İç Anadolu,0,WHATSAPP,ORGANIC,Customer_006245,1,,SYNTHETIC,1.3.0,42,
C006246,WS0003,INDIVIDUAL,2025-06-06,İzmir,Ege,0,SMS,GOOGLE_MAPS,Customer_006246,1,,SYNTHETIC,1.3.0,42,
C006247,WS0008,INDIVIDUAL,2021-07-12,Gaziantep,Güneydoğu Anadolu,0,PHONE,REFERRAL,Customer_006247,1,,SYNTHETIC,1.3.0,42,
C006248,WS0008,INDIVIDUAL,2024-09-15,Gaziantep,Güneydoğu Anadolu,0,WHATSAPP,SOCIAL_MEDIA,Customer_006248,1,,SYNTHETIC,1.3.0,42,
C006249,WS0003,INDIVIDUAL,2021-09-27,İzmir,Ege,0,WHATSAPP,ORGANIC,Customer_006249,1,,SYNTHETIC,1.3.0,42,
C006250,WS0001,INDIVIDUAL,2026-03-11,İstanbul,Marmara,0,WHATSAPP,WALK_IN,Customer_006250,1,,SYNTHETIC,1.3.0,42,
C006251,WS0003,INDIVIDUAL,2021-04-03,İzmir,Ege,0,WHATSAPP,REFERRAL,Customer_006251,1,,SYNTHETIC,1.3.0,42,
C006252,WS0005,INDIVIDUAL,2023-01-15,Antalya,Akdeniz,0,WHATSAPP,WALK_IN,Customer_006252,1,,SYNTHETIC,1.3.0,42,
C006253,WS0006,INDIVIDUAL,2024-08-09,Konya,İç Anadolu,0,PHONE,WALK_IN,Customer_006253,1,,SYNTHETIC,1.3.0,42,
C006254,WS0005,INDIVIDUAL,2022-09-10,Antalya,Akdeniz,0,PHONE,GOOGLE_MAPS,Customer_006254,1,,SYNTHETIC,1.3.0,42,
C006255,WS0001,INDIVIDUAL,2022-08-19,İstanbul,Marmara,0,WHATSAPP,ORGANIC,Customer_006255,1,,SYNTHETIC,1.3.0,42,
C006256,WS0005,INDIVIDUAL,2022-03-04,Antalya,Akdeniz,0,WHATSAPP,WALK_IN,Customer_006256,1,,SYNTHETIC,1.3.0,42,
C006257,WS0006,INDIVIDUAL,2026-01-30,Konya,İç Anadolu,0,SMS,WALK_IN,Customer_006257,1,,SYNTHETIC,1.3.0,42,
C006258,WS0001,COMMERCIAL,2026-04-05,İstanbul,Marmara,0,WHATSAPP,FLEET_PARTNERSHIP,Customer_006258,1,,SYNTHETIC,1.3.0,42,
C006259,WS0008,INDIVIDUAL,2025-03-28,Gaziantep,Güneydoğu Anadolu,0,PHONE,SOCIAL_MEDIA,Customer_006259,1,,SYNTHETIC,1.3.0,42,
C006260,WS0007,INDIVIDUAL,2022-06-05,Adana,Akdeniz,0,WHATSAPP,ORGANIC,Customer_006260,1,,SYNTHETIC,1.3.0,42,
C006261,WS0006,INDIVIDUAL,2021-10-25,Konya,İç Anadolu,0,WHATSAPP,GOOGLE_MAPS,Customer_006261,1,,SYNTHETIC,1.3.0,42,
C006262,WS0010,COMMERCIAL,2021-12-14,Eskişehir,İç Anadolu,0,WHATSAPP,REFERRAL,Customer_006262,1,,SYNTHETIC,1.3.0,42,
C006263,WS0010,INDIVIDUAL,2021-06-28,Eskişehir,İç Anadolu,0,SMS,WALK_IN,Customer_006263,1,,SYNTHETIC,1.3.0,42,
C006264,WS0009,INDIVIDUAL,2025-04-17,Samsun,Karadeniz,0,SMS,SOCIAL_MEDIA,Customer_006264,0,2026-02-26,SYNTHETIC,1.3.0,42,
C006265,WS0004,INDIVIDUAL,2026-04-21,Bursa,Marmara,0,WHATSAPP,GOOGLE_MAPS,Customer_006265,1,,SYNTHETIC,1.3.0,42,
C006266,WS0001,INDIVIDUAL,2023-11-17,İstanbul,Marmara,0,WHATSAPP,WALK_IN,Customer_006266,1,,SYNTHETIC,1.3.0,42,
C006267,WS0003,INDIVIDUAL,2024-11-10,İzmir,Ege,0,SMS,REFERRAL,Customer_006267,1,,SYNTHETIC,1.3.0,42,
C006268,WS0001,INDIVIDUAL,2022-08-06,İstanbul,Marmara,0,PHONE,GOOGLE_MAPS,Customer_006268,0,2024-05-25,SYNTHETIC,1.3.0,42,
C006269,WS0001,INDIVIDUAL,2025-05-27,İstanbul,Marmara,0,WHATSAPP,SOCIAL_MEDIA,Customer_006269,0,2025-11-08,SYNTHETIC,1.3.0,42,
C006270,WS0003,INDIVIDUAL,2021-01-05,İzmir,Ege,0,WHATSAPP,SOCIAL_MEDIA,Customer_006270,1,,SYNTHETIC,1.3.0,42,
C006271,WS0003,INDIVIDUAL,2021-07-03,İzmir,Ege,0,PHONE,ORGANIC,Customer_006271,1,,SYNTHETIC,1.3.0,42,
C006272,WS0008,INDIVIDUAL,2021-04-02,Gaziantep,Güneydoğu Anadolu,0,SMS,REFERRAL,Customer_006272,0,2026-02-16,SYNTHETIC,1.3.0,42,
C006273,WS0004,INDIVIDUAL,2026-01-14,Bursa,Marmara,0,WHATSAPP,WALK_IN,Customer_006273,1,,SYNTHETIC,1.3.0,42,
C006274,WS0009,INDIVIDUAL,2022-12-27,Samsun,Karadeniz,0,SMS,WALK_IN,Customer_006274,1,,SYNTHETIC,1.3.0,42,
C006275,WS0002,INDIVIDUAL,2024-10-02,Ankara,İç Anadolu,0,PHONE,REFERRAL,Customer_006275,1,,SYNTHETIC,1.3.0,42,
C006276,WS0007,INDIVIDUAL,2021-04-21,Adana,Akdeniz,0,SMS,SOCIAL_MEDIA,Customer_006276,1,,SYNTHETIC,1.3.0,42,
C006277,WS0006,INDIVIDUAL,2022-08-17,Konya,İç Anadolu,0,SMS,REFERRAL,Customer_006277,0,2023-05-14,SYNTHETIC,1.3.0,42,
C006278,WS0003,INDIVIDUAL,2023-07-29,İzmir,Ege,0,WHATSAPP,ORGANIC,Customer_006278,1,,SYNTHETIC,1.3.0,42,
C006279,WS0007,INDIVIDUAL,2021-06-06,Adana,Akdeniz,0,WHATSAPP,SOCIAL_MEDIA,Customer_006279,1,,SYNTHETIC,1.3.0,42,
C006280,WS0004,INDIVIDUAL,2023-01-26,Bursa,Marmara,0,WHATSAPP,WALK_IN,Customer_006280,1,,SYNTHETIC,1.3.0,42,
C006281,WS0008,COMMERCIAL,2021-05-27,Gaziantep,Güneydoğu Anadolu,0,PHONE,DIRECT_SALES,Customer_006281,1,,SYNTHETIC,1.3.0,42,
C006282,WS0004,INDIVIDUAL,2022-07-28,Bursa,Marmara,0,WHATSAPP,ORGANIC,Customer_006282,1,,SYNTHETIC,1.3.0,42,
C006283,WS0004,INDIVIDUAL,2022-01-10,Bursa,Marmara,0,PHONE,WALK_IN,Customer_006283,1,,SYNTHETIC,1.3.0,42,
C006284,WS0008,COMMERCIAL,2022-07-31,Gaziantep,Güneydoğu Anadolu,0,WHATSAPP,REFERRAL,Customer_006284,1,,SYNTHETIC,1.3.0,42,
C006285,WS0009,INDIVIDUAL,2022-12-06,Samsun,Karadeniz,0,WHATSAPP,WALK_IN,Customer_006285,1,,SYNTHETIC,1.3.0,42,
C006286,WS0007,INDIVIDUAL,2021-02-11,Adana,Akdeniz,0,SMS,ORGANIC,Customer_006286,1,,SYNTHETIC,1.3.0,42,
C006287,WS0006,INDIVIDUAL,2024-11-16,Konya,İç Anadolu,0,WHATSAPP,WALK_IN,Customer_006287,0,2025-11-18,SYNTHETIC,1.3.0,42,
C006288,WS0001,INDIVIDUAL,2026-03-08,İstanbul,Marmara,0,WHATSAPP,WALK_IN,Customer_006288,1,,SYNTHETIC,1.3.0,42,
C006289,WS0008,INDIVIDUAL,2021-04-08,Gaziantep,Güneydoğu Anadolu,0,WHATSAPP,REFERRAL,Customer_006289,1,,SYNTHETIC,1.3.0,42,
C006290,WS0004,COMMERCIAL,2024-10-17,Bursa,Marmara,0,PHONE,REFERRAL,Customer_006290,1,,SYNTHETIC,1.3.0,42,
C006291,WS0006,INDIVIDUAL,2023-09-05,Konya,İç Anadolu,0,PHONE,WALK_IN,Customer_006291,1,,SYNTHETIC,1.3.0,42,
C006292,WS0005,INDIVIDUAL,2022-01-13,Antalya,Akdeniz,0,PHONE,ORGANIC,Customer_006292,1,,SYNTHETIC,1.3.0,42,
C006293,WS0007,INDIVIDUAL,2021-09-11,Adana,Akdeniz,0,WHATSAPP,REFERRAL,Customer_006293,1,,SYNTHETIC,1.3.0,42,
C006294,WS0001,COMMERCIAL,2025-04-19,İstanbul,Marmara,0,PHONE,DIRECT_SALES,Customer_006294,1,,SYNTHETIC,1.3.0,42,
C006295,WS0009,INDIVIDUAL,2023-02-08,Samsun,Karadeniz,0,EMAIL,ORGANIC,Customer_006295,1,,SYNTHETIC,1.3.0,42,
C006296,WS0003,INDIVIDUAL,2021-05-25,İzmir,Ege,0,PHONE,REFERRAL,Customer_006296,1,,SYNTHETIC,1.3.0,42,
C006297,WS0002,INDIVIDUAL,2023-11-13,Ankara,İç Anadolu,0,PHONE,GOOGLE_MAPS,Customer_006297,1,,SYNTHETIC,1.3.0,42,
C006298,WS0006,INDIVIDUAL,2023-11-27,Konya,İç Anadolu,0,PHONE,ORGANIC,Customer_006298,1,,SYNTHETIC,1.3.0,42,
C006299,WS0001,INDIVIDUAL,2023-04-18,İstanbul,Marmara,0,WHATSAPP,WALK_IN,Customer_006299,1,,SYNTHETIC,1.3.0,42,
C006300,WS0001,INDIVIDUAL,2024-10-19,İstanbul,Marmara,0,SMS,GOOGLE_MAPS,Customer_006300,1,,SYNTHETIC,1.3.0,42,
C006301,WS0004,COMMERCIAL,2022-10-11,Bursa,Marmara,0,EMAIL,REFERRAL,Customer_006301,1,,SYNTHETIC,1.3.0,42,
C006302,WS0003,INDIVIDUAL,2024-01-13,İzmir,Ege,0,WHATSAPP,ORGANIC,Customer_006302,1,,SYNTHETIC,1.3.0,42,
C006303,WS0009,INDIVIDUAL,2023-06-29,Samsun,Karadeniz,0,WHATSAPP,ORGANIC,Customer_006303,1,,SYNTHETIC,1.3.0,42,
C006304,WS0002,INDIVIDUAL,2022-01-28,Ankara,İç Anadolu,0,WHATSAPP,ORGANIC,Customer_006304,1,,SYNTHETIC,1.3.0,42,
C006305,WS0007,INDIVIDUAL,2022-11-08,Adana,Akdeniz,0,WHATSAPP,REFERRAL,Customer_006305,1,,SYNTHETIC,1.3.0,42,
C006306,WS0001,INDIVIDUAL,2026-06-07,İstanbul,Marmara,0,WHATSAPP,GOOGLE_MAPS,Customer_006306,1,,SYNTHETIC,1.3.0,42,
C006307,WS0006,INDIVIDUAL,2026-03-26,Konya,İç Anadolu,0,WHATSAPP,ORGANIC,Customer_006307,0,2026-07-29,SYNTHETIC,1.3.0,42,
C006308,WS0004,INDIVIDUAL,2023-01-12,Bursa,Marmara,0,WHATSAPP,GOOGLE_MAPS,Customer_006308,1,,SYNTHETIC,1.3.0,42,
C006309,WS0009,INDIVIDUAL,2021-05-29,Samsun,Karadeniz,0,SMS,ORGANIC,Customer_006309,1,,SYNTHETIC,1.3.0,42,
C006310,WS0003,COMMERCIAL,2024-02-27,İzmir,Ege,0,PHONE,DIRECT_SALES,Customer_006310,1,,SYNTHETIC,1.3.0,42,
C006311,WS0001,INDIVIDUAL,2024-11-08,İstanbul,Marmara,0,WHATSAPP,REFERRAL,Customer_006311,1,,SYNTHETIC,1.3.0,42,
C006312,WS0007,INDIVIDUAL,2026-05-24,Adana,Akdeniz,0,WHATSAPP,GOOGLE_MAPS,Customer_006312,1,,SYNTHETIC,1.3.0,42,
C006313,WS0001,COMMERCIAL,2026-02-08,İstanbul,Marmara,0,EMAIL,ORGANIC,Customer_006313,1,,SYNTHETIC,1.3.0,42,
C006314,WS0003,INDIVIDUAL,2025-01-20,İzmir,Ege,0,WHATSAPP,WALK_IN,Customer_006314,0,2025-07-25,SYNTHETIC,1.3.0,42,
C006315,WS0002,INDIVIDUAL,2025-07-12,Ankara,İç Anadolu,0,EMAIL,REFERRAL,Customer_006315,1,,SYNTHETIC,1.3.0,42,
C006316,WS0010,INDIVIDUAL,2023-07-28,Eskişehir,İç Anadolu,0,SMS,WALK_IN,Customer_006316,1,,SYNTHETIC,1.3.0,42,
C006317,WS0005,INDIVIDUAL,2021-09-13,Antalya,Akdeniz,0,SMS,ORGANIC,Customer_006317,1,,SYNTHETIC,1.3.0,42,
C006318,WS0003,INDIVIDUAL,2021-05-01,İzmir,Ege,0,PHONE,REFERRAL,Customer_006318,1,,SYNTHETIC,1.3.0,42,
C006319,WS0003,INDIVIDUAL,2022-09-06,İzmir,Ege,0,SMS,ORGANIC,Customer_006319,0,2024-08-30,SYNTHETIC,1.3.0,42,
C006320,WS0001,COMMERCIAL,2022-09-25,İstanbul,Marmara,0,PHONE,ORGANIC,Customer_006320,1,,SYNTHETIC,1.3.0,42,
C006321,WS0010,FLEET,2024-03-05,Eskişehir,İç Anadolu,1,PHONE,ORGANIC,Customer_006321,1,,SYNTHETIC,1.3.0,42,
C006322,WS0008,INDIVIDUAL,2021-01-04,Gaziantep,Güneydoğu Anadolu,0,WHATSAPP,ORGANIC,Customer_006322,1,,SYNTHETIC,1.3.0,42,
C006323,WS0002,COMMERCIAL,2022-03-24,Ankara,İç Anadolu,0,EMAIL,REFERRAL,Customer_006323,1,,SYNTHETIC,1.3.0,42,
C006324,WS0003,FLEET,2023-05-29,İzmir,Ege,1,EMAIL,FLEET_PARTNERSHIP,Customer_006324,1,,SYNTHETIC,1.3.0,42,
C006325,WS0002,COMMERCIAL,2025-08-14,Ankara,İç Anadolu,0,WHATSAPP,FLEET_PARTNERSHIP,Customer_006325,1,,SYNTHETIC,1.3.0,42,
C006326,WS0005,INDIVIDUAL,2022-02-03,Antalya,Akdeniz,0,WHATSAPP,GOOGLE_MAPS,Customer_006326,0,2023-10-19,SYNTHETIC,1.3.0,42,
C006327,WS0001,INDIVIDUAL,2022-03-19,İstanbul,Marmara,0,WHATSAPP,GOOGLE_MAPS,Customer_006327,1,,SYNTHETIC,1.3.0,42,
C006328,WS0002,INDIVIDUAL,2022-03-29,Ankara,İç Anadolu,0,PHONE,REFERRAL,Customer_006328,1,,SYNTHETIC,1.3.0,42,
C006329,WS0003,INDIVIDUAL,2024-03-03,İzmir,Ege,0,PHONE,GOOGLE_MAPS,Customer_006329,1,,SYNTHETIC,1.3.0,42,
C006330,WS0008,INDIVIDUAL,2022-03-14,Gaziantep,Güneydoğu Anadolu,0,WHATSAPP,GOOGLE_MAPS,Customer_006330,1,,SYNTHETIC,1.3.0,42,
C006331,WS0003,INDIVIDUAL,2026-07-04,İzmir,Ege,0,PHONE,REFERRAL,Customer_006331,0,2026-08-25,SYNTHETIC,1.3.0,42,
C006332,WS0002,INDIVIDUAL,2022-04-16,Ankara,İç Anadolu,0,EMAIL,REFERRAL,Customer_006332,1,,SYNTHETIC,1.3.0,42,
C006333,WS0003,INDIVIDUAL,2021-12-18,İzmir,Ege,0,SMS,ORGANIC,Customer_006333,0,2023-11-17,SYNTHETIC,1.3.0,42,
C006334,WS0010,INDIVIDUAL,2022-08-28,Eskişehir,İç Anadolu,0,WHATSAPP,ORGANIC,Customer_006334,1,,SYNTHETIC,1.3.0,42,
C006335,WS0001,COMMERCIAL,2026-03-07,İstanbul,Marmara,0,EMAIL,FLEET_PARTNERSHIP,Customer_006335,1,,SYNTHETIC,1.3.0,42,
C006336,WS0007,INDIVIDUAL,2023-05-16,Adana,Akdeniz,0,EMAIL,ORGANIC,Customer_006336,1,,SYNTHETIC,1.3.0,42,
C006337,WS0008,INDIVIDUAL,2026-04-24,Gaziantep,Güneydoğu Anadolu,0,WHATSAPP,REFERRAL,Customer_006337,1,,SYNTHETIC,1.3.0,42,
C006338,WS0008,INDIVIDUAL,2026-06-30,Gaziantep,Güneydoğu Anadolu,0,PHONE,ORGANIC,Customer_006338,1,,SYNTHETIC,1.3.0,42,
C006339,WS0003,COMMERCIAL,2025-04-20,İzmir,Ege,0,PHONE,ORGANIC,Customer_006339,1,,SYNTHETIC,1.3.0,42,
C006340,WS0004,INDIVIDUAL,2023-09-25,Bursa,Marmara,0,SMS,SOCIAL_MEDIA,Customer_006340,0,2025-09-08,SYNTHETIC,1.3.0,42,
C006341,WS0001,COMMERCIAL,2021-08-13,İstanbul,Marmara,0,PHONE,REFERRAL,Customer_006341,1,,SYNTHETIC,1.3.0,42,
C006342,WS0004,INDIVIDUAL,2022-09-15,Bursa,Marmara,0,WHATSAPP,REFERRAL,Customer_006342,1,,SYNTHETIC,1.3.0,42,
C006343,WS0002,INDIVIDUAL,2025-11-08,Ankara,İç Anadolu,0,PHONE,WALK_IN,Customer_006343,1,,SYNTHETIC,1.3.0,42,
C006344,WS0002,INDIVIDUAL,2026-04-19,Ankara,İç Anadolu,0,SMS,REFERRAL,Customer_006344,1,,SYNTHETIC,1.3.0,42,
C006345,WS0008,INDIVIDUAL,2025-05-25,Gaziantep,Güneydoğu Anadolu,0,WHATSAPP,ORGANIC,Customer_006345,1,,SYNTHETIC,1.3.0,42,
C006346,WS0007,INDIVIDUAL,2022-05-03,Adana,Akdeniz,0,PHONE,WALK_IN,Customer_006346,1,,SYNTHETIC,1.3.0,42,
C006347,WS0004,INDIVIDUAL,2024-06-20,Bursa,Marmara,0,WHATSAPP,WALK_IN,Customer_006347,1,,SYNTHETIC,1.3.0,42,
C006348,WS0004,INDIVIDUAL,2024-06-22,Bursa,Marmara,0,SMS,ORGANIC,Customer_006348,1,,SYNTHETIC,1.3.0,42,
C006349,WS0010,INDIVIDUAL,2022-08-22,Eskişehir,İç Anadolu,0,PHONE,SOCIAL_MEDIA,Customer_006349,1,,SYNTHETIC,1.3.0,42,
C006350,WS0003,INDIVIDUAL,2022-12-19,İzmir,Ege,0,PHONE,ORGANIC,Customer_006350,1,,SYNTHETIC,1.3.0,42,
C006351,WS0007,INDIVIDUAL,2022-12-14,Adana,Akdeniz,0,WHATSAPP,GOOGLE_MAPS,Customer_006351,1,,SYNTHETIC,1.3.0,42,
C006352,WS0001,INDIVIDUAL,2026-03-25,İstanbul,Marmara,0,WHATSAPP,REFERRAL,Customer_006352,1,,SYNTHETIC,1.3.0,42,
C006353,WS0002,INDIVIDUAL,2021-02-14,Ankara,İç Anadolu,0,PHONE,ORGANIC,Customer_006353,1,,SYNTHETIC,1.3.0,42,
C006354,WS0003,INDIVIDUAL,2021-11-19,İzmir,Ege,0,WHATSAPP,ORGANIC,Customer_006354,1,,SYNTHETIC,1.3.0,42,
C006355,WS0003,INDIVIDUAL,2024-06-22,İzmir,Ege,0,WHATSAPP,WALK_IN,Customer_006355,1,,SYNTHETIC,1.3.0,42,
C006356,WS0009,INDIVIDUAL,2023-09-25,Samsun,Karadeniz,0,PHONE,GOOGLE_MAPS,Customer_006356,1,,SYNTHETIC,1.3.0,42,
C006357,WS0008,INDIVIDUAL,2024-06-16,Gaziantep,Güneydoğu Anadolu,0,WHATSAPP,REFERRAL,Customer_006357,1,,SYNTHETIC,1.3.0,42,
C006358,WS0002,INDIVIDUAL,2025-01-10,Ankara,İç Anadolu,0,PHONE,ORGANIC,Customer_006358,1,,SYNTHETIC,1.3.0,42,
C006359,WS0007,INDIVIDUAL,2026-06-13,Adana,Akdeniz,0,PHONE,REFERRAL,Customer_006359,1,,SYNTHETIC,1.3.0,42,
C006360,WS0009,INDIVIDUAL,2021-03-20,Samsun,Karadeniz,0,WHATSAPP,GOOGLE_MAPS,Customer_006360,0,2025-04-11,SYNTHETIC,1.3.0,42,
C006361,WS0010,INDIVIDUAL,2022-05-14,Eskişehir,İç Anadolu,0,WHATSAPP,ORGANIC,Customer_006361,1,,SYNTHETIC,1.3.0,42,
C006362,WS0002,INDIVIDUAL,2022-05-10,Ankara,İç Anadolu,0,PHONE,WALK_IN,Customer_006362,1,,SYNTHETIC,1.3.0,42,
C006363,WS0006,COMMERCIAL,2021-11-05,Konya,İç Anadolu,0,PHONE,ORGANIC,Customer_006363,1,,SYNTHETIC,1.3.0,42,
C006364,WS0010,INDIVIDUAL,2024-02-21,Eskişehir,İç Anadolu,0,WHATSAPP,SOCIAL_MEDIA,Customer_006364,1,,SYNTHETIC,1.3.0,42,
C006365,WS0003,INDIVIDUAL,2022-04-29,İzmir,Ege,0,WHATSAPP,GOOGLE_MAPS,Customer_006365,1,,SYNTHETIC,1.3.0,42,
C006366,WS0007,INDIVIDUAL,2025-01-03,Adana,Akdeniz,0,PHONE,ORGANIC,Customer_006366,1,,SYNTHETIC,1.3.0,42,
C006367,WS0009,INDIVIDUAL,2022-08-09,Samsun,Karadeniz,0,WHATSAPP,REFERRAL,Customer_006367,1,,SYNTHETIC,1.3.0,42,
C006368,WS0008,INDIVIDUAL,2021-01-30,Gaziantep,Güneydoğu Anadolu,0,WHATSAPP,SOCIAL_MEDIA,Customer_006368,1,,SYNTHETIC,1.3.0,42,
C006369,WS0004,INDIVIDUAL,2022-02-15,Bursa,Marmara,0,PHONE,GOOGLE_MAPS,Customer_006369,1,,SYNTHETIC,1.3.0,42,
C006370,WS0001,COMMERCIAL,2026-05-01,İstanbul,Marmara,0,WHATSAPP,FLEET_PARTNERSHIP,Customer_006370,1,,SYNTHETIC,1.3.0,42,
C006371,WS0003,INDIVIDUAL,2023-02-04,İzmir,Ege,0,WHATSAPP,SOCIAL_MEDIA,Customer_006371,1,,SYNTHETIC,1.3.0,42,
C006372,WS0003,INDIVIDUAL,2026-04-28,İzmir,Ege,0,EMAIL,REFERRAL,Customer_006372,1,,SYNTHETIC,1.3.0,42,
C006373,WS0009,INDIVIDUAL,2022-09-11,Samsun,Karadeniz,0,WHATSAPP,REFERRAL,Customer_006373,1,,SYNTHETIC,1.3.0,42,
C006374,WS0006,INDIVIDUAL,2021-01-15,Konya,İç Anadolu,0,SMS,REFERRAL,Customer_006374,1,,SYNTHETIC,1.3.0,42,
C006375,WS0004,COMMERCIAL,2026-07-01,Bursa,Marmara,0,EMAIL,DIRECT_SALES,Customer_006375,0,2026-08-25,SYNTHETIC,1.3.0,42,
C006376,WS0001,INDIVIDUAL,2024-03-23,İstanbul,Marmara,0,WHATSAPP,ORGANIC,Customer_006376,1,,SYNTHETIC,1.3.0,42,
C006377,WS0010,INDIVIDUAL,2021-10-13,Eskişehir,İç Anadolu,0,WHATSAPP,GOOGLE_MAPS,Customer_006377,0,2024-12-27,SYNTHETIC,1.3.0,42,
C006378,WS0009,INDIVIDUAL,2023-12-02,Samsun,Karadeniz,0,WHATSAPP,ORGANIC,Customer_006378,1,,SYNTHETIC,1.3.0,42,
C006379,WS0003,INDIVIDUAL,2021-01-22,İzmir,Ege,0,WHATSAPP,ORGANIC,Customer_006379,1,,SYNTHETIC,1.3.0,42,
C006380,WS0005,INDIVIDUAL,2024-03-06,Antalya,Akdeniz,0,SMS,REFERRAL,Customer_006380,1,,SYNTHETIC,1.3.0,42,
C006381,WS0008,INDIVIDUAL,2024-02-08,Gaziantep,Güneydoğu Anadolu,0,PHONE,ORGANIC,Customer_006381,1,,SYNTHETIC,1.3.0,42,
C006382,WS0002,INDIVIDUAL,2025-07-19,Ankara,İç Anadolu,0,WHATSAPP,REFERRAL,Customer_006382,1,,SYNTHETIC,1.3.0,42,
C006383,WS0003,COMMERCIAL,2024-04-22,İzmir,Ege,0,PHONE,REFERRAL,Customer_006383,1,,SYNTHETIC,1.3.0,42,
C006384,WS0006,INDIVIDUAL,2022-09-15,Konya,İç Anadolu,0,WHATSAPP,REFERRAL,Customer_006384,1,,SYNTHETIC,1.3.0,42,
C006385,WS0004,INDIVIDUAL,2023-01-06,Bursa,Marmara,0,PHONE,ORGANIC,Customer_006385,1,,SYNTHETIC,1.3.0,42,
C006386,WS0009,INDIVIDUAL,2023-09-28,Samsun,Karadeniz,0,WHATSAPP,ORGANIC,Customer_006386,1,,SYNTHETIC,1.3.0,42,
C006387,WS0005,INDIVIDUAL,2025-09-02,Antalya,Akdeniz,0,SMS,REFERRAL,Customer_006387,1,,SYNTHETIC,1.3.0,42,
C006388,WS0007,INDIVIDUAL,2025-06-22,Adana,Akdeniz,0,PHONE,REFERRAL,Customer_006388,1,,SYNTHETIC,1.3.0,42,
C006389,WS0002,INDIVIDUAL,2023-07-20,Ankara,İç Anadolu,0,WHATSAPP,ORGANIC,Customer_006389,1,,SYNTHETIC,1.3.0,42,
C006390,WS0002,INDIVIDUAL,2025-11-10,Ankara,İç Anadolu,0,WHATSAPP,ORGANIC,Customer_006390,1,,SYNTHETIC,1.3.0,42,
C006391,WS0008,INDIVIDUAL,2021-07-15,Gaziantep,Güneydoğu Anadolu,0,PHONE,GOOGLE_MAPS,Customer_006391,0,2023-05-28,SYNTHETIC,1.3.0,42,
C006392,WS0001,INDIVIDUAL,2022-01-13,İstanbul,Marmara,0,WHATSAPP,REFERRAL,Customer_006392,1,,SYNTHETIC,1.3.0,42,
C006393,WS0003,INDIVIDUAL,2025-01-11,İzmir,Ege,0,PHONE,WALK_IN,Customer_006393,1,,SYNTHETIC,1.3.0,42,
C006394,WS0003,INDIVIDUAL,2025-04-17,İzmir,Ege,0,EMAIL,ORGANIC,Customer_006394,1,,SYNTHETIC,1.3.0,42,
C006395,WS0010,INDIVIDUAL,2021-05-30,Eskişehir,İç Anadolu,0,WHATSAPP,SOCIAL_MEDIA,Customer_006395,1,,SYNTHETIC,1.3.0,42,
C006396,WS0009,INDIVIDUAL,2022-04-11,Samsun,Karadeniz,0,WHATSAPP,ORGANIC,Customer_006396,1,,SYNTHETIC,1.3.0,42,
C006397,WS0007,COMMERCIAL,2025-06-26,Adana,Akdeniz,0,PHONE,ORGANIC,Customer_006397,1,,SYNTHETIC,1.3.0,42,
C006398,WS0008,INDIVIDUAL,2025-12-25,Gaziantep,Güneydoğu Anadolu,0,SMS,GOOGLE_MAPS,Customer_006398,1,,SYNTHETIC,1.3.0,42,
C006399,WS0008,INDIVIDUAL,2026-05-21,Gaziantep,Güneydoğu Anadolu,0,PHONE,ORGANIC,Customer_006399,1,,SYNTHETIC,1.3.0,42,
C006400,WS0002,COMMERCIAL,2025-01-18,Ankara,İç Anadolu,0,PHONE,DIRECT_SALES,Customer_006400,0,2026-07-16,SYNTHETIC,1.3.0,42,
C006401,WS0004,INDIVIDUAL,2025-03-04,Bursa,Marmara,0,WHATSAPP,GOOGLE_MAPS,Customer_006401,0,2025-12-09,SYNTHETIC,1.3.0,42,
C006402,WS0001,INDIVIDUAL,2021-09-06,İstanbul,Marmara,0,WHATSAPP,SOCIAL_MEDIA,Customer_006402,1,,SYNTHETIC,1.3.0,42,
C006403,WS0002,INDIVIDUAL,2021-09-20,Ankara,İç Anadolu,0,PHONE,SOCIAL_MEDIA,Customer_006403,1,,SYNTHETIC,1.3.0,42,
C006404,WS0006,INDIVIDUAL,2025-07-11,Konya,İç Anadolu,0,WHATSAPP,GOOGLE_MAPS,Customer_006404,1,,SYNTHETIC,1.3.0,42,
C006405,WS0007,FLEET,2026-07-15,Adana,Akdeniz,1,PHONE,DIRECT_SALES,Customer_006405,1,,SYNTHETIC,1.3.0,42,
C006406,WS0004,INDIVIDUAL,2021-07-14,Bursa,Marmara,0,WHATSAPP,SOCIAL_MEDIA,Customer_006406,1,,SYNTHETIC,1.3.0,42,
C006407,WS0007,INDIVIDUAL,2026-02-14,Adana,Akdeniz,0,EMAIL,REFERRAL,Customer_006407,1,,SYNTHETIC,1.3.0,42,
C006408,WS0008,INDIVIDUAL,2025-04-11,Gaziantep,Güneydoğu Anadolu,0,PHONE,REFERRAL,Customer_006408,1,,SYNTHETIC,1.3.0,42,
C006409,WS0005,INDIVIDUAL,2023-01-19,Antalya,Akdeniz,0,WHATSAPP,GOOGLE_MAPS,Customer_006409,1,,SYNTHETIC,1.3.0,42,
C006410,WS0002,INDIVIDUAL,2026-07-03,Ankara,İç Anadolu,0,WHATSAPP,SOCIAL_MEDIA,Customer_006410,1,,SYNTHETIC,1.3.0,42,
C006411,WS0008,INDIVIDUAL,2023-04-02,Gaziantep,Güneydoğu Anadolu,0,WHATSAPP,ORGANIC,Customer_006411,1,,SYNTHETIC,1.3.0,42,
C006412,WS0001,INDIVIDUAL,2023-01-23,İstanbul,Marmara,0,WHATSAPP,GOOGLE_MAPS,Customer_006412,1,,SYNTHETIC,1.3.0,42,
C006413,WS0002,INDIVIDUAL,2026-06-03,Ankara,İç Anadolu,0,EMAIL,ORGANIC,Customer_006413,1,,SYNTHETIC,1.3.0,42,
C006414,WS0005,COMMERCIAL,2024-04-03,Antalya,Akdeniz,0,PHONE,DIRECT_SALES,Customer_006414,1,,SYNTHETIC,1.3.0,42,
C006415,WS0004,INDIVIDUAL,2026-01-26,Bursa,Marmara,0,WHATSAPP,REFERRAL,Customer_006415,1,,SYNTHETIC,1.3.0,42,
C006416,WS0004,INDIVIDUAL,2021-10-30,Bursa,Marmara,0,PHONE,ORGANIC,Customer_006416,1,,SYNTHETIC,1.3.0,42,
C006417,WS0007,INDIVIDUAL,2023-10-12,Adana,Akdeniz,0,SMS,GOOGLE_MAPS,Customer_006417,1,,SYNTHETIC,1.3.0,42,
C006418,WS0005,INDIVIDUAL,2022-09-06,Antalya,Akdeniz,0,PHONE,GOOGLE_MAPS,Customer_006418,1,,SYNTHETIC,1.3.0,42,
C006419,WS0006,INDIVIDUAL,2023-03-03,Konya,İç Anadolu,0,SMS,WALK_IN,Customer_006419,1,,SYNTHETIC,1.3.0,42,
C006420,WS0009,INDIVIDUAL,2022-02-19,Samsun,Karadeniz,0,EMAIL,ORGANIC,Customer_006420,0,2023-05-01,SYNTHETIC,1.3.0,42,
C006421,WS0004,INDIVIDUAL,2026-06-12,Bursa,Marmara,0,SMS,WALK_IN,Customer_006421,1,,SYNTHETIC,1.3.0,42,
C006422,WS0007,COMMERCIAL,2025-10-30,Adana,Akdeniz,0,PHONE,REFERRAL,Customer_006422,1,,SYNTHETIC,1.3.0,42,
C006423,WS0004,INDIVIDUAL,2024-10-27,Bursa,Marmara,0,PHONE,REFERRAL,Customer_006423,1,,SYNTHETIC,1.3.0,42,
C006424,WS0007,INDIVIDUAL,2024-03-20,Adana,Akdeniz,0,SMS,REFERRAL,Customer_006424,1,,SYNTHETIC,1.3.0,42,
C006425,WS0002,COMMERCIAL,2026-02-07,Ankara,İç Anadolu,0,WHATSAPP,FLEET_PARTNERSHIP,Customer_006425,1,,SYNTHETIC,1.3.0,42,
C006426,WS0009,INDIVIDUAL,2021-02-18,Samsun,Karadeniz,0,WHATSAPP,WALK_IN,Customer_006426,1,,SYNTHETIC,1.3.0,42,
C006427,WS0007,INDIVIDUAL,2021-04-11,Adana,Akdeniz,0,WHATSAPP,GOOGLE_MAPS,Customer_006427,1,,SYNTHETIC,1.3.0,42,
C006428,WS0008,INDIVIDUAL,2025-10-03,Gaziantep,Güneydoğu Anadolu,0,WHATSAPP,SOCIAL_MEDIA,Customer_006428,0,2026-05-30,SYNTHETIC,1.3.0,42,
C006429,WS0008,INDIVIDUAL,2024-05-29,Gaziantep,Güneydoğu Anadolu,0,SMS,WALK_IN,Customer_006429,1,,SYNTHETIC,1.3.0,42,
C006430,WS0010,INDIVIDUAL,2026-02-09,Eskişehir,İç Anadolu,0,WHATSAPP,WALK_IN,Customer_006430,1,,SYNTHETIC,1.3.0,42,
C006431,WS0002,INDIVIDUAL,2024-03-04,Ankara,İç Anadolu,0,PHONE,REFERRAL,Customer_006431,1,,SYNTHETIC,1.3.0,42,
C006432,WS0008,INDIVIDUAL,2023-07-28,Gaziantep,Güneydoğu Anadolu,0,PHONE,WALK_IN,Customer_006432,1,,SYNTHETIC,1.3.0,42,
C006433,WS0002,INDIVIDUAL,2021-12-24,Ankara,İç Anadolu,0,WHATSAPP,SOCIAL_MEDIA,Customer_006433,1,,SYNTHETIC,1.3.0,42,
C006434,WS0001,COMMERCIAL,2025-05-11,İstanbul,Marmara,0,WHATSAPP,DIRECT_SALES,Customer_006434,0,2025-12-21,SYNTHETIC,1.3.0,42,
C006435,WS0007,INDIVIDUAL,2022-08-31,Adana,Akdeniz,0,PHONE,WALK_IN,Customer_006435,1,,SYNTHETIC,1.3.0,42,
C006436,WS0006,INDIVIDUAL,2022-01-08,Konya,İç Anadolu,0,WHATSAPP,SOCIAL_MEDIA,Customer_006436,1,,SYNTHETIC,1.3.0,42,
C006437,WS0007,COMMERCIAL,2026-07-09,Adana,Akdeniz,0,EMAIL,DIRECT_SALES,Customer_006437,1,,SYNTHETIC,1.3.0,42,
C006438,WS0009,INDIVIDUAL,2026-02-10,Samsun,Karadeniz,0,WHATSAPP,GOOGLE_MAPS,Customer_006438,0,2026-05-23,SYNTHETIC,1.3.0,42,
C006439,WS0006,INDIVIDUAL,2023-10-06,Konya,İç Anadolu,0,SMS,GOOGLE_MAPS,Customer_006439,1,,SYNTHETIC,1.3.0,42,
C006440,WS0007,INDIVIDUAL,2024-10-10,Adana,Akdeniz,0,SMS,ORGANIC,Customer_006440,1,,SYNTHETIC,1.3.0,42,
C006441,WS0008,INDIVIDUAL,2021-04-23,Gaziantep,Güneydoğu Anadolu,0,WHATSAPP,ORGANIC,Customer_006441,1,,SYNTHETIC,1.3.0,42,
C006442,WS0001,INDIVIDUAL,2025-07-01,İstanbul,Marmara,0,PHONE,ORGANIC,Customer_006442,1,,SYNTHETIC,1.3.0,42,
C006443,WS0008,COMMERCIAL,2025-12-06,Gaziantep,Güneydoğu Anadolu,0,WHATSAPP,DIRECT_SALES,Customer_006443,1,,SYNTHETIC,1.3.0,42,
C006444,WS0007,INDIVIDUAL,2022-03-26,Adana,Akdeniz,0,WHATSAPP,ORGANIC,Customer_006444,1,,SYNTHETIC,1.3.0,42,
C006445,WS0003,INDIVIDUAL,2021-02-15,İzmir,Ege,0,WHATSAPP,WALK_IN,Customer_006445,1,,SYNTHETIC,1.3.0,42,
C006446,WS0007,INDIVIDUAL,2022-12-13,Adana,Akdeniz,0,WHATSAPP,REFERRAL,Customer_006446,1,,SYNTHETIC,1.3.0,42,
C006447,WS0008,INDIVIDUAL,2022-02-18,Gaziantep,Güneydoğu Anadolu,0,EMAIL,REFERRAL,Customer_006447,1,,SYNTHETIC,1.3.0,42,
C006448,WS0007,INDIVIDUAL,2023-06-20,Adana,Akdeniz,0,WHATSAPP,REFERRAL,Customer_006448,1,,SYNTHETIC,1.3.0,42,
C006449,WS0001,INDIVIDUAL,2024-06-20,İstanbul,Marmara,0,WHATSAPP,WALK_IN,Customer_006449,0,2025-06-01,SYNTHETIC,1.3.0,42,
C006450,WS0007,INDIVIDUAL,2025-09-20,Adana,Akdeniz,0,WHATSAPP,WALK_IN,Customer_006450,1,,SYNTHETIC,1.3.0,42,
C006451,WS0006,COMMERCIAL,2021-04-05,Konya,İç Anadolu,0,WHATSAPP,REFERRAL,Customer_006451,1,,SYNTHETIC,1.3.0,42,
C006452,WS0001,INDIVIDUAL,2023-03-06,İstanbul,Marmara,0,WHATSAPP,ORGANIC,Customer_006452,1,,SYNTHETIC,1.3.0,42,
C006453,WS0002,INDIVIDUAL,2026-02-23,Ankara,İç Anadolu,0,WHATSAPP,REFERRAL,Customer_006453,1,,SYNTHETIC,1.3.0,42,
C006454,WS0003,INDIVIDUAL,2024-08-27,İzmir,Ege,0,WHATSAPP,GOOGLE_MAPS,Customer_006454,1,,SYNTHETIC,1.3.0,42,
C006455,WS0009,INDIVIDUAL,2024-11-18,Samsun,Karadeniz,0,WHATSAPP,ORGANIC,Customer_006455,1,,SYNTHETIC,1.3.0,42,
C006456,WS0007,INDIVIDUAL,2026-06-17,Adana,Akdeniz,0,PHONE,ORGANIC,Customer_006456,1,,SYNTHETIC,1.3.0,42,
C006457,WS0008,INDIVIDUAL,2026-05-26,Gaziantep,Güneydoğu Anadolu,0,WHATSAPP,REFERRAL,Customer_006457,1,,SYNTHETIC,1.3.0,42,
C006458,WS0007,INDIVIDUAL,2022-12-07,Adana,Akdeniz,0,SMS,REFERRAL,Customer_006458,1,,SYNTHETIC,1.3.0,42,
C006459,WS0005,COMMERCIAL,2023-06-26,Antalya,Akdeniz,0,PHONE,DIRECT_SALES,Customer_006459,1,,SYNTHETIC,1.3.0,42,
C006460,WS0003,INDIVIDUAL,2021-05-19,İzmir,Ege,0,SMS,WALK_IN,Customer_006460,1,,SYNTHETIC,1.3.0,42,
C006461,WS0002,INDIVIDUAL,2025-12-13,Ankara,İç Anadolu,0,SMS,GOOGLE_MAPS,Customer_006461,1,,SYNTHETIC,1.3.0,42,
C006462,WS0001,COMMERCIAL,2021-10-25,İstanbul,Marmara,0,PHONE,REFERRAL,Customer_006462,1,,SYNTHETIC,1.3.0,42,
C006463,WS0004,INDIVIDUAL,2024-01-14,Bursa,Marmara,0,WHATSAPP,ORGANIC,Customer_006463,1,,SYNTHETIC,1.3.0,42,
C006464,WS0007,INDIVIDUAL,2022-11-05,Adana,Akdeniz,0,WHATSAPP,WALK_IN,Customer_006464,1,,SYNTHETIC,1.3.0,42,
C006465,WS0006,INDIVIDUAL,2021-10-04,Konya,İç Anadolu,0,WHATSAPP,ORGANIC,Customer_006465,1,,SYNTHETIC,1.3.0,42,
C006466,WS0009,INDIVIDUAL,2021-09-29,Samsun,Karadeniz,0,WHATSAPP,ORGANIC,Customer_006466,1,,SYNTHETIC,1.3.0,42,
C006467,WS0010,INDIVIDUAL,2025-03-20,Eskişehir,İç Anadolu,0,WHATSAPP,WALK_IN,Customer_006467,1,,SYNTHETIC,1.3.0,42,
C006468,WS0004,INDIVIDUAL,2024-09-27,Bursa,Marmara,0,WHATSAPP,SOCIAL_MEDIA,Customer_006468,1,,SYNTHETIC,1.3.0,42,
C006469,WS0008,INDIVIDUAL,2023-08-11,Gaziantep,Güneydoğu Anadolu,0,PHONE,REFERRAL,Customer_006469,1,,SYNTHETIC,1.3.0,42,
C006470,WS0004,INDIVIDUAL,2024-09-04,Bursa,Marmara,0,PHONE,ORGANIC,Customer_006470,1,,SYNTHETIC,1.3.0,42,
C006471,WS0008,INDIVIDUAL,2023-06-29,Gaziantep,Güneydoğu Anadolu,0,SMS,ORGANIC,Customer_006471,1,,SYNTHETIC,1.3.0,42,
C006472,WS0001,INDIVIDUAL,2025-03-30,İstanbul,Marmara,0,WHATSAPP,ORGANIC,Customer_006472,1,,SYNTHETIC,1.3.0,42,
C006473,WS0004,INDIVIDUAL,2025-02-23,Bursa,Marmara,0,PHONE,ORGANIC,Customer_006473,1,,SYNTHETIC,1.3.0,42,
C006474,WS0003,INDIVIDUAL,2023-07-17,İzmir,Ege,0,SMS,WALK_IN,Customer_006474,1,,SYNTHETIC,1.3.0,42,
C006475,WS0004,INDIVIDUAL,2025-01-02,Bursa,Marmara,0,WHATSAPP,REFERRAL,Customer_006475,1,,SYNTHETIC,1.3.0,42,
C006476,WS0008,INDIVIDUAL,2022-12-08,Gaziantep,Güneydoğu Anadolu,0,PHONE,WALK_IN,Customer_006476,1,,SYNTHETIC,1.3.0,42,
C006477,WS0001,COMMERCIAL,2026-01-12,İstanbul,Marmara,0,EMAIL,DIRECT_SALES,Customer_006477,1,,SYNTHETIC,1.3.0,42,
C006478,WS0009,INDIVIDUAL,2025-03-30,Samsun,Karadeniz,0,SMS,ORGANIC,Customer_006478,1,,SYNTHETIC,1.3.0,42,
C006479,WS0008,INDIVIDUAL,2022-10-23,Gaziantep,Güneydoğu Anadolu,0,WHATSAPP,REFERRAL,Customer_006479,1,,SYNTHETIC,1.3.0,42,
C006480,WS0008,INDIVIDUAL,2025-07-28,Gaziantep,Güneydoğu Anadolu,0,WHATSAPP,REFERRAL,Customer_006480,1,,SYNTHETIC,1.3.0,42,
C006481,WS0007,INDIVIDUAL,2022-10-14,Adana,Akdeniz,0,WHATSAPP,REFERRAL,Customer_006481,1,,SYNTHETIC,1.3.0,42,
C006482,WS0001,INDIVIDUAL,2022-04-22,İstanbul,Marmara,0,PHONE,ORGANIC,Customer_006482,1,,SYNTHETIC,1.3.0,42,
C006483,WS0007,INDIVIDUAL,2022-04-06,Adana,Akdeniz,0,WHATSAPP,WALK_IN,Customer_006483,1,,SYNTHETIC,1.3.0,42,
C006484,WS0003,INDIVIDUAL,2023-09-13,İzmir,Ege,0,WHATSAPP,WALK_IN,Customer_006484,1,,SYNTHETIC,1.3.0,42,
C006485,WS0003,INDIVIDUAL,2021-04-19,İzmir,Ege,0,PHONE,ORGANIC,Customer_006485,0,2024-04-12,SYNTHETIC,1.3.0,42,
C006486,WS0006,INDIVIDUAL,2023-02-14,Konya,İç Anadolu,0,SMS,WALK_IN,Customer_006486,1,,SYNTHETIC,1.3.0,42,
C006487,WS0008,INDIVIDUAL,2024-02-01,Gaziantep,Güneydoğu Anadolu,0,WHATSAPP,REFERRAL,Customer_006487,1,,SYNTHETIC,1.3.0,42,
C006488,WS0002,INDIVIDUAL,2021-06-10,Ankara,İç Anadolu,0,WHATSAPP,ORGANIC,Customer_006488,1,,SYNTHETIC,1.3.0,42,
C006489,WS0004,INDIVIDUAL,2021-05-19,Bursa,Marmara,0,WHATSAPP,REFERRAL,Customer_006489,1,,SYNTHETIC,1.3.0,42,
C006490,WS0004,INDIVIDUAL,2023-02-10,Bursa,Marmara,0,WHATSAPP,GOOGLE_MAPS,Customer_006490,1,,SYNTHETIC,1.3.0,42,
C006491,WS0001,COMMERCIAL,2023-06-04,İstanbul,Marmara,0,EMAIL,DIRECT_SALES,Customer_006491,1,,SYNTHETIC,1.3.0,42,
C006492,WS0001,INDIVIDUAL,2026-05-04,İstanbul,Marmara,0,SMS,SOCIAL_MEDIA,Customer_006492,1,,SYNTHETIC,1.3.0,42,
C006493,WS0001,INDIVIDUAL,2024-01-01,İstanbul,Marmara,0,WHATSAPP,GOOGLE_MAPS,Customer_006493,1,,SYNTHETIC,1.3.0,42,
C006494,WS0001,INDIVIDUAL,2021-07-25,İstanbul,Marmara,0,SMS,WALK_IN,Customer_006494,1,,SYNTHETIC,1.3.0,42,
C006495,WS0001,INDIVIDUAL,2021-10-02,İstanbul,Marmara,0,WHATSAPP,REFERRAL,Customer_006495,1,,SYNTHETIC,1.3.0,42,
C006496,WS0010,INDIVIDUAL,2024-06-16,Eskişehir,İç Anadolu,0,PHONE,ORGANIC,Customer_006496,1,,SYNTHETIC,1.3.0,42,
C006497,WS0002,INDIVIDUAL,2022-02-10,Ankara,İç Anadolu,0,WHATSAPP,REFERRAL,Customer_006497,1,,SYNTHETIC,1.3.0,42,
C006498,WS0010,INDIVIDUAL,2026-01-12,Eskişehir,İç Anadolu,0,WHATSAPP,SOCIAL_MEDIA,Customer_006498,1,,SYNTHETIC,1.3.0,42,
C006499,WS0007,INDIVIDUAL,2026-01-09,Adana,Akdeniz,0,WHATSAPP,REFERRAL,Customer_006499,1,,SYNTHETIC,1.3.0,42,
C006500,WS0009,INDIVIDUAL,2021-06-25,Samsun,Karadeniz,0,WHATSAPP,REFERRAL,Customer_006500,1,,SYNTHETIC,1.3.0,42,
C006501,WS0003,INDIVIDUAL,2021-07-03,İzmir,Ege,0,SMS,REFERRAL,Customer_006501,1,,SYNTHETIC,1.3.0,42,
C006502,WS0003,INDIVIDUAL,2021-08-07,İzmir,Ege,0,WHATSAPP,ORGANIC,Customer_006502,1,,SYNTHETIC,1.3.0,42,
C006503,WS0008,INDIVIDUAL,2025-01-21,Gaziantep,Güneydoğu Anadolu,0,PHONE,ORGANIC,Customer_006503,1,,SYNTHETIC,1.3.0,42,
C006504,WS0009,INDIVIDUAL,2026-02-02,Samsun,Karadeniz,0,WHATSAPP,GOOGLE_MAPS,Customer_006504,1,,SYNTHETIC,1.3.0,42,
C006505,WS0009,INDIVIDUAL,2025-05-01,Samsun,Karadeniz,0,PHONE,REFERRAL,Customer_006505,1,,SYNTHETIC,1.3.0,42,
C006506,WS0001,COMMERCIAL,2022-01-06,İstanbul,Marmara,0,EMAIL,ORGANIC,Customer_006506,1,,SYNTHETIC,1.3.0,42,
C006507,WS0004,INDIVIDUAL,2022-08-23,Bursa,Marmara,0,PHONE,WALK_IN,Customer_006507,1,,SYNTHETIC,1.3.0,42,
C006508,WS0010,INDIVIDUAL,2026-07-18,Eskişehir,İç Anadolu,0,WHATSAPP,GOOGLE_MAPS,Customer_006508,1,,SYNTHETIC,1.3.0,42,
C006509,WS0004,INDIVIDUAL,2023-08-10,Bursa,Marmara,0,WHATSAPP,SOCIAL_MEDIA,Customer_006509,1,,SYNTHETIC,1.3.0,42,
C006510,WS0005,INDIVIDUAL,2026-05-21,Antalya,Akdeniz,0,PHONE,ORGANIC,Customer_006510,0,2026-08-25,SYNTHETIC,1.3.0,42,
C006511,WS0008,INDIVIDUAL,2024-11-07,Gaziantep,Güneydoğu Anadolu,0,SMS,ORGANIC,Customer_006511,1,,SYNTHETIC,1.3.0,42,
C006512,WS0008,COMMERCIAL,2022-02-15,Gaziantep,Güneydoğu Anadolu,0,PHONE,ORGANIC,Customer_006512,1,,SYNTHETIC,1.3.0,42,
C006513,WS0009,INDIVIDUAL,2022-05-21,Samsun,Karadeniz,0,PHONE,GOOGLE_MAPS,Customer_006513,1,,SYNTHETIC,1.3.0,42,
C006514,WS0007,COMMERCIAL,2021-10-31,Adana,Akdeniz,0,PHONE,DIRECT_SALES,Customer_006514,1,,SYNTHETIC,1.3.0,42,
C006515,WS0004,INDIVIDUAL,2023-06-30,Bursa,Marmara,0,EMAIL,SOCIAL_MEDIA,Customer_006515,1,,SYNTHETIC,1.3.0,42,
C006516,WS0008,INDIVIDUAL,2021-10-12,Gaziantep,Güneydoğu Anadolu,0,WHATSAPP,ORGANIC,Customer_006516,1,,SYNTHETIC,1.3.0,42,
C006517,WS0007,INDIVIDUAL,2025-12-13,Adana,Akdeniz,0,WHATSAPP,GOOGLE_MAPS,Customer_006517,1,,SYNTHETIC,1.3.0,42,
C006518,WS0003,INDIVIDUAL,2021-03-04,İzmir,Ege,0,WHATSAPP,ORGANIC,Customer_006518,1,,SYNTHETIC,1.3.0,42,
C006519,WS0008,INDIVIDUAL,2022-04-26,Gaziantep,Güneydoğu Anadolu,0,WHATSAPP,ORGANIC,Customer_006519,1,,SYNTHETIC,1.3.0,42,
C006520,WS0001,INDIVIDUAL,2026-01-24,İstanbul,Marmara,0,WHATSAPP,GOOGLE_MAPS,Customer_006520,1,,SYNTHETIC,1.3.0,42,
C006521,WS0009,INDIVIDUAL,2022-08-01,Samsun,Karadeniz,0,WHATSAPP,SOCIAL_MEDIA,Customer_006521,1,,SYNTHETIC,1.3.0,42,
C006522,WS0007,INDIVIDUAL,2021-12-28,Adana,Akdeniz,0,EMAIL,SOCIAL_MEDIA,Customer_006522,1,,SYNTHETIC,1.3.0,42,
C006523,WS0002,INDIVIDUAL,2024-05-22,Ankara,İç Anadolu,0,WHATSAPP,REFERRAL,Customer_006523,1,,SYNTHETIC,1.3.0,42,
C006524,WS0004,INDIVIDUAL,2021-04-19,Bursa,Marmara,0,WHATSAPP,GOOGLE_MAPS,Customer_006524,1,,SYNTHETIC,1.3.0,42,
C006525,WS0007,INDIVIDUAL,2024-10-17,Adana,Akdeniz,0,WHATSAPP,REFERRAL,Customer_006525,0,2025-05-09,SYNTHETIC,1.3.0,42,
C006526,WS0001,INDIVIDUAL,2022-08-15,İstanbul,Marmara,0,WHATSAPP,ORGANIC,Customer_006526,1,,SYNTHETIC,1.3.0,42,
C006527,WS0009,INDIVIDUAL,2021-01-24,Samsun,Karadeniz,0,PHONE,GOOGLE_MAPS,Customer_006527,0,2022-08-24,SYNTHETIC,1.3.0,42,
C006528,WS0007,INDIVIDUAL,2026-05-19,Adana,Akdeniz,0,EMAIL,GOOGLE_MAPS,Customer_006528,1,,SYNTHETIC,1.3.0,42,
C006529,WS0007,INDIVIDUAL,2021-11-14,Adana,Akdeniz,0,WHATSAPP,REFERRAL,Customer_006529,1,,SYNTHETIC,1.3.0,42,
C006530,WS0009,INDIVIDUAL,2024-02-06,Samsun,Karadeniz,0,SMS,SOCIAL_MEDIA,Customer_006530,1,,SYNTHETIC,1.3.0,42,
C006531,WS0003,INDIVIDUAL,2023-12-13,İzmir,Ege,0,WHATSAPP,SOCIAL_MEDIA,Customer_006531,1,,SYNTHETIC,1.3.0,42,
C006532,WS0007,INDIVIDUAL,2022-10-01,Adana,Akdeniz,0,WHATSAPP,ORGANIC,Customer_006532,1,,SYNTHETIC,1.3.0,42,
C006533,WS0006,INDIVIDUAL,2024-03-11,Konya,İç Anadolu,0,PHONE,GOOGLE_MAPS,Customer_006533,1,,SYNTHETIC,1.3.0,42,
C006534,WS0006,INDIVIDUAL,2022-11-26,Konya,İç Anadolu,0,WHATSAPP,REFERRAL,Customer_006534,1,,SYNTHETIC,1.3.0,42,
C006535,WS0010,INDIVIDUAL,2025-12-31,Eskişehir,İç Anadolu,0,PHONE,REFERRAL,Customer_006535,1,,SYNTHETIC,1.3.0,42,
C006536,WS0007,FLEET,2022-10-03,Adana,Akdeniz,1,WHATSAPP,DIRECT_SALES,Customer_006536,1,,SYNTHETIC,1.3.0,42,
C006537,WS0008,INDIVIDUAL,2022-12-03,Gaziantep,Güneydoğu Anadolu,0,PHONE,GOOGLE_MAPS,Customer_006537,1,,SYNTHETIC,1.3.0,42,
C006538,WS0010,INDIVIDUAL,2025-05-08,Eskişehir,İç Anadolu,0,WHATSAPP,REFERRAL,Customer_006538,1,,SYNTHETIC,1.3.0,42,
C006539,WS0001,COMMERCIAL,2023-02-23,İstanbul,Marmara,0,EMAIL,REFERRAL,Customer_006539,1,,SYNTHETIC,1.3.0,42,
C006540,WS0007,INDIVIDUAL,2022-10-10,Adana,Akdeniz,0,WHATSAPP,SOCIAL_MEDIA,Customer_006540,1,,SYNTHETIC,1.3.0,42,
C006541,WS0006,INDIVIDUAL,2023-08-12,Konya,İç Anadolu,0,PHONE,GOOGLE_MAPS,Customer_006541,1,,SYNTHETIC,1.3.0,42,
C006542,WS0003,INDIVIDUAL,2023-09-01,İzmir,Ege,0,WHATSAPP,GOOGLE_MAPS,Customer_006542,0,2025-11-03,SYNTHETIC,1.3.0,42,
C006543,WS0008,INDIVIDUAL,2025-02-24,Gaziantep,Güneydoğu Anadolu,0,SMS,SOCIAL_MEDIA,Customer_006543,1,,SYNTHETIC,1.3.0,42,
C006544,WS0009,INDIVIDUAL,2023-03-06,Samsun,Karadeniz,0,WHATSAPP,REFERRAL,Customer_006544,1,,SYNTHETIC,1.3.0,42,
C006545,WS0002,INDIVIDUAL,2021-09-18,Ankara,İç Anadolu,0,WHATSAPP,REFERRAL,Customer_006545,1,,SYNTHETIC,1.3.0,42,
C006546,WS0007,INDIVIDUAL,2025-07-11,Adana,Akdeniz,0,WHATSAPP,REFERRAL,Customer_006546,1,,SYNTHETIC,1.3.0,42,
C006547,WS0007,INDIVIDUAL,2024-07-30,Adana,Akdeniz,0,PHONE,REFERRAL,Customer_006547,1,,SYNTHETIC,1.3.0,42,
C006548,WS0002,INDIVIDUAL,2021-09-24,Ankara,İç Anadolu,0,WHATSAPP,ORGANIC,Customer_006548,1,,SYNTHETIC,1.3.0,42,
C006549,WS0004,INDIVIDUAL,2026-04-16,Bursa,Marmara,0,WHATSAPP,SOCIAL_MEDIA,Customer_006549,1,,SYNTHETIC,1.3.0,42,
C006550,WS0001,INDIVIDUAL,2025-03-18,İstanbul,Marmara,0,WHATSAPP,REFERRAL,Customer_006550,1,,SYNTHETIC,1.3.0,42,
C006551,WS0005,INDIVIDUAL,2025-07-28,Antalya,Akdeniz,0,WHATSAPP,WALK_IN,Customer_006551,0,2026-02-06,SYNTHETIC,1.3.0,42,
C006552,WS0010,INDIVIDUAL,2025-09-25,Eskişehir,İç Anadolu,0,SMS,WALK_IN,Customer_006552,1,,SYNTHETIC,1.3.0,42,
C006553,WS0006,INDIVIDUAL,2022-11-04,Konya,İç Anadolu,0,PHONE,GOOGLE_MAPS,Customer_006553,1,,SYNTHETIC,1.3.0,42,
C006554,WS0002,INDIVIDUAL,2022-08-15,Ankara,İç Anadolu,0,SMS,ORGANIC,Customer_006554,1,,SYNTHETIC,1.3.0,42,
C006555,WS0009,INDIVIDUAL,2024-08-02,Samsun,Karadeniz,0,SMS,SOCIAL_MEDIA,Customer_006555,1,,SYNTHETIC,1.3.0,42,
C006556,WS0003,INDIVIDUAL,2025-07-07,İzmir,Ege,0,WHATSAPP,REFERRAL,Customer_006556,1,,SYNTHETIC,1.3.0,42,
C006557,WS0005,INDIVIDUAL,2023-07-10,Antalya,Akdeniz,0,SMS,GOOGLE_MAPS,Customer_006557,1,,SYNTHETIC,1.3.0,42,
C006558,WS0006,INDIVIDUAL,2022-12-01,Konya,İç Anadolu,0,WHATSAPP,ORGANIC,Customer_006558,1,,SYNTHETIC,1.3.0,42,
C006559,WS0002,INDIVIDUAL,2021-04-15,Ankara,İç Anadolu,0,SMS,REFERRAL,Customer_006559,1,,SYNTHETIC,1.3.0,42,
C006560,WS0002,INDIVIDUAL,2025-05-26,Ankara,İç Anadolu,0,PHONE,GOOGLE_MAPS,Customer_006560,1,,SYNTHETIC,1.3.0,42,
C006561,WS0004,INDIVIDUAL,2026-07-31,Bursa,Marmara,0,WHATSAPP,GOOGLE_MAPS,Customer_006561,1,,SYNTHETIC,1.3.0,42,
C006562,WS0009,INDIVIDUAL,2025-02-27,Samsun,Karadeniz,0,EMAIL,SOCIAL_MEDIA,Customer_006562,1,,SYNTHETIC,1.3.0,42,
C006563,WS0007,INDIVIDUAL,2025-11-15,Adana,Akdeniz,0,WHATSAPP,GOOGLE_MAPS,Customer_006563,1,,SYNTHETIC,1.3.0,42,
C006564,WS0006,COMMERCIAL,2022-11-15,Konya,İç Anadolu,0,EMAIL,REFERRAL,Customer_006564,1,,SYNTHETIC,1.3.0,42,
C006565,WS0008,INDIVIDUAL,2023-11-04,Gaziantep,Güneydoğu Anadolu,0,WHATSAPP,SOCIAL_MEDIA,Customer_006565,0,2024-06-30,SYNTHETIC,1.3.0,42,
C006566,WS0008,INDIVIDUAL,2024-02-08,Gaziantep,Güneydoğu Anadolu,0,SMS,REFERRAL,Customer_006566,1,,SYNTHETIC,1.3.0,42,
C006567,WS0010,INDIVIDUAL,2021-10-13,Eskişehir,İç Anadolu,0,WHATSAPP,WALK_IN,Customer_006567,1,,SYNTHETIC,1.3.0,42,
C006568,WS0010,INDIVIDUAL,2023-02-18,Eskişehir,İç Anadolu,0,EMAIL,WALK_IN,Customer_006568,1,,SYNTHETIC,1.3.0,42,
C006569,WS0009,INDIVIDUAL,2022-05-12,Samsun,Karadeniz,0,WHATSAPP,REFERRAL,Customer_006569,1,,SYNTHETIC,1.3.0,42,
C006570,WS0001,COMMERCIAL,2025-07-14,İstanbul,Marmara,0,EMAIL,DIRECT_SALES,Customer_006570,1,,SYNTHETIC,1.3.0,42,
C006571,WS0006,INDIVIDUAL,2024-03-07,Konya,İç Anadolu,0,PHONE,REFERRAL,Customer_006571,1,,SYNTHETIC,1.3.0,42,
C006572,WS0008,INDIVIDUAL,2021-05-22,Gaziantep,Güneydoğu Anadolu,0,WHATSAPP,REFERRAL,Customer_006572,1,,SYNTHETIC,1.3.0,42,
C006573,WS0005,INDIVIDUAL,2023-11-21,Antalya,Akdeniz,0,EMAIL,WALK_IN,Customer_006573,1,,SYNTHETIC,1.3.0,42,
C006574,WS0001,INDIVIDUAL,2024-09-27,İstanbul,Marmara,0,SMS,ORGANIC,Customer_006574,1,,SYNTHETIC,1.3.0,42,
C006575,WS0008,COMMERCIAL,2024-08-13,Gaziantep,Güneydoğu Anadolu,0,PHONE,FLEET_PARTNERSHIP,Customer_006575,1,,SYNTHETIC,1.3.0,42,
C006576,WS0005,INDIVIDUAL,2023-02-11,Antalya,Akdeniz,0,EMAIL,ORGANIC,Customer_006576,1,,SYNTHETIC,1.3.0,42,
C006577,WS0006,INDIVIDUAL,2022-04-09,Konya,İç Anadolu,0,WHATSAPP,WALK_IN,Customer_006577,1,,SYNTHETIC,1.3.0,42,
C006578,WS0009,INDIVIDUAL,2025-05-30,Samsun,Karadeniz,0,EMAIL,ORGANIC,Customer_006578,1,,SYNTHETIC,1.3.0,42,
C006579,WS0007,INDIVIDUAL,2022-07-31,Adana,Akdeniz,0,WHATSAPP,ORGANIC,Customer_006579,1,,SYNTHETIC,1.3.0,42,
C006580,WS0006,INDIVIDUAL,2024-03-23,Konya,İç Anadolu,0,WHATSAPP,REFERRAL,Customer_006580,1,,SYNTHETIC,1.3.0,42,
C006581,WS0004,INDIVIDUAL,2023-03-31,Bursa,Marmara,0,PHONE,WALK_IN,Customer_006581,1,,SYNTHETIC,1.3.0,42,
C006582,WS0007,INDIVIDUAL,2021-11-19,Adana,Akdeniz,0,PHONE,ORGANIC,Customer_006582,1,,SYNTHETIC,1.3.0,42,
C006583,WS0008,INDIVIDUAL,2025-01-28,Gaziantep,Güneydoğu Anadolu,0,SMS,ORGANIC,Customer_006583,1,,SYNTHETIC,1.3.0,42,
C006584,WS0004,INDIVIDUAL,2023-01-30,Bursa,Marmara,0,PHONE,REFERRAL,Customer_006584,1,,SYNTHETIC,1.3.0,42,
C006585,WS0003,INDIVIDUAL,2021-12-25,İzmir,Ege,0,PHONE,REFERRAL,Customer_006585,1,,SYNTHETIC,1.3.0,42,
C006586,WS0004,INDIVIDUAL,2026-03-21,Bursa,Marmara,0,PHONE,WALK_IN,Customer_006586,1,,SYNTHETIC,1.3.0,42,
C006587,WS0004,INDIVIDUAL,2021-02-16,Bursa,Marmara,0,WHATSAPP,ORGANIC,Customer_006587,1,,SYNTHETIC,1.3.0,42,
C006588,WS0001,INDIVIDUAL,2024-06-14,İstanbul,Marmara,0,WHATSAPP,GOOGLE_MAPS,Customer_006588,0,2026-04-10,SYNTHETIC,1.3.0,42,
C006589,WS0008,INDIVIDUAL,2025-04-06,Gaziantep,Güneydoğu Anadolu,0,SMS,SOCIAL_MEDIA,Customer_006589,1,,SYNTHETIC,1.3.0,42,
C006590,WS0001,INDIVIDUAL,2024-09-14,İstanbul,Marmara,0,SMS,REFERRAL,Customer_006590,1,,SYNTHETIC,1.3.0,42,
C006591,WS0002,INDIVIDUAL,2021-07-15,Ankara,İç Anadolu,0,SMS,ORGANIC,Customer_006591,1,,SYNTHETIC,1.3.0,42,
C006592,WS0003,COMMERCIAL,2023-06-24,İzmir,Ege,0,EMAIL,DIRECT_SALES,Customer_006592,1,,SYNTHETIC,1.3.0,42,
C006593,WS0002,INDIVIDUAL,2024-11-01,Ankara,İç Anadolu,0,WHATSAPP,GOOGLE_MAPS,Customer_006593,1,,SYNTHETIC,1.3.0,42,
C006594,WS0007,INDIVIDUAL,2024-01-17,Adana,Akdeniz,0,WHATSAPP,WALK_IN,Customer_006594,1,,SYNTHETIC,1.3.0,42,
C006595,WS0008,INDIVIDUAL,2026-04-13,Gaziantep,Güneydoğu Anadolu,0,PHONE,ORGANIC,Customer_006595,1,,SYNTHETIC,1.3.0,42,
C006596,WS0005,INDIVIDUAL,2025-05-05,Antalya,Akdeniz,0,WHATSAPP,ORGANIC,Customer_006596,1,,SYNTHETIC,1.3.0,42,
C006597,WS0002,INDIVIDUAL,2026-01-31,Ankara,İç Anadolu,0,PHONE,SOCIAL_MEDIA,Customer_006597,1,,SYNTHETIC,1.3.0,42,
C006598,WS0001,INDIVIDUAL,2024-03-24,İstanbul,Marmara,0,WHATSAPP,REFERRAL,Customer_006598,1,,SYNTHETIC,1.3.0,42,
C006599,WS0002,COMMERCIAL,2021-10-08,Ankara,İç Anadolu,0,WHATSAPP,REFERRAL,Customer_006599,1,,SYNTHETIC,1.3.0,42,
C006600,WS0005,INDIVIDUAL,2025-10-08,Antalya,Akdeniz,0,WHATSAPP,GOOGLE_MAPS,Customer_006600,1,,SYNTHETIC,1.3.0,42,
C006601,WS0001,INDIVIDUAL,2022-09-22,İstanbul,Marmara,0,WHATSAPP,REFERRAL,Customer_006601,0,2025-12-13,SYNTHETIC,1.3.0,42,
C006602,WS0002,INDIVIDUAL,2021-11-16,Ankara,İç Anadolu,0,EMAIL,ORGANIC,Customer_006602,1,,SYNTHETIC,1.3.0,42,
C006603,WS0007,INDIVIDUAL,2022-03-11,Adana,Akdeniz,0,WHATSAPP,WALK_IN,Customer_006603,0,2024-08-17,SYNTHETIC,1.3.0,42,
C006604,WS0002,COMMERCIAL,2025-01-03,Ankara,İç Anadolu,0,EMAIL,FLEET_PARTNERSHIP,Customer_006604,1,,SYNTHETIC,1.3.0,42,
C006605,WS0009,INDIVIDUAL,2022-10-17,Samsun,Karadeniz,0,PHONE,REFERRAL,Customer_006605,1,,SYNTHETIC,1.3.0,42,
C006606,WS0003,INDIVIDUAL,2023-04-08,İzmir,Ege,0,SMS,ORGANIC,Customer_006606,1,,SYNTHETIC,1.3.0,42,
C006607,WS0003,INDIVIDUAL,2022-04-12,İzmir,Ege,0,WHATSAPP,REFERRAL,Customer_006607,1,,SYNTHETIC,1.3.0,42,
C006608,WS0002,INDIVIDUAL,2024-06-20,Ankara,İç Anadolu,0,SMS,ORGANIC,Customer_006608,1,,SYNTHETIC,1.3.0,42,
C006609,WS0004,COMMERCIAL,2026-02-13,Bursa,Marmara,0,WHATSAPP,FLEET_PARTNERSHIP,Customer_006609,1,,SYNTHETIC,1.3.0,42,
C006610,WS0009,INDIVIDUAL,2022-03-26,Samsun,Karadeniz,0,WHATSAPP,WALK_IN,Customer_006610,1,,SYNTHETIC,1.3.0,42,
C006611,WS0010,INDIVIDUAL,2021-08-26,Eskişehir,İç Anadolu,0,WHATSAPP,SOCIAL_MEDIA,Customer_006611,1,,SYNTHETIC,1.3.0,42,
C006612,WS0004,INDIVIDUAL,2024-07-02,Bursa,Marmara,0,WHATSAPP,REFERRAL,Customer_006612,1,,SYNTHETIC,1.3.0,42,
C006613,WS0003,INDIVIDUAL,2025-01-17,İzmir,Ege,0,PHONE,WALK_IN,Customer_006613,1,,SYNTHETIC,1.3.0,42,
C006614,WS0006,INDIVIDUAL,2025-10-22,Konya,İç Anadolu,0,WHATSAPP,GOOGLE_MAPS,Customer_006614,1,,SYNTHETIC,1.3.0,42,
C006615,WS0004,INDIVIDUAL,2025-10-15,Bursa,Marmara,0,WHATSAPP,ORGANIC,Customer_006615,1,,SYNTHETIC,1.3.0,42,
C006616,WS0009,COMMERCIAL,2024-04-29,Samsun,Karadeniz,0,EMAIL,DIRECT_SALES,Customer_006616,1,,SYNTHETIC,1.3.0,42,
C006617,WS0004,INDIVIDUAL,2025-02-14,Bursa,Marmara,0,WHATSAPP,WALK_IN,Customer_006617,1,,SYNTHETIC,1.3.0,42,
C006618,WS0003,INDIVIDUAL,2026-03-13,İzmir,Ege,0,PHONE,WALK_IN,Customer_006618,1,,SYNTHETIC,1.3.0,42,
C006619,WS0001,COMMERCIAL,2022-10-29,İstanbul,Marmara,0,EMAIL,DIRECT_SALES,Customer_006619,1,,SYNTHETIC,1.3.0,42,
C006620,WS0005,INDIVIDUAL,2025-08-03,Antalya,Akdeniz,0,EMAIL,GOOGLE_MAPS,Customer_006620,1,,SYNTHETIC,1.3.0,42,
C006621,WS0001,INDIVIDUAL,2024-08-07,İstanbul,Marmara,0,WHATSAPP,GOOGLE_MAPS,Customer_006621,1,,SYNTHETIC,1.3.0,42,
C006622,WS0005,INDIVIDUAL,2025-06-26,Antalya,Akdeniz,0,WHATSAPP,GOOGLE_MAPS,Customer_006622,1,,SYNTHETIC,1.3.0,42,
C006623,WS0004,INDIVIDUAL,2026-07-22,Bursa,Marmara,0,WHATSAPP,SOCIAL_MEDIA,Customer_006623,1,,SYNTHETIC,1.3.0,42,
C006624,WS0001,INDIVIDUAL,2025-11-21,İstanbul,Marmara,0,SMS,REFERRAL,Customer_006624,1,,SYNTHETIC,1.3.0,42,
C006625,WS0008,FLEET,2025-03-25,Gaziantep,Güneydoğu Anadolu,1,WHATSAPP,FLEET_PARTNERSHIP,Customer_006625,1,,SYNTHETIC,1.3.0,42,
C006626,WS0003,INDIVIDUAL,2022-07-09,İzmir,Ege,0,PHONE,GOOGLE_MAPS,Customer_006626,1,,SYNTHETIC,1.3.0,42,
C006627,WS0008,INDIVIDUAL,2021-06-21,Gaziantep,Güneydoğu Anadolu,0,EMAIL,GOOGLE_MAPS,Customer_006627,1,,SYNTHETIC,1.3.0,42,
C006628,WS0007,INDIVIDUAL,2022-03-07,Adana,Akdeniz,0,WHATSAPP,SOCIAL_MEDIA,Customer_006628,1,,SYNTHETIC,1.3.0,42,
C006629,WS0008,INDIVIDUAL,2023-07-01,Gaziantep,Güneydoğu Anadolu,0,SMS,ORGANIC,Customer_006629,1,,SYNTHETIC,1.3.0,42,
C006630,WS0005,INDIVIDUAL,2026-03-19,Antalya,Akdeniz,0,WHATSAPP,ORGANIC,Customer_006630,1,,SYNTHETIC,1.3.0,42,
C006631,WS0003,FLEET,2022-11-03,İzmir,Ege,1,EMAIL,FLEET_PARTNERSHIP,Customer_006631,1,,SYNTHETIC,1.3.0,42,
C006632,WS0004,INDIVIDUAL,2022-12-11,Bursa,Marmara,0,WHATSAPP,ORGANIC,Customer_006632,1,,SYNTHETIC,1.3.0,42,
C006633,WS0005,INDIVIDUAL,2021-08-29,Antalya,Akdeniz,0,WHATSAPP,GOOGLE_MAPS,Customer_006633,1,,SYNTHETIC,1.3.0,42,
C006634,WS0008,INDIVIDUAL,2024-03-06,Gaziantep,Güneydoğu Anadolu,0,SMS,REFERRAL,Customer_006634,1,,SYNTHETIC,1.3.0,42,
C006635,WS0010,INDIVIDUAL,2022-08-06,Eskişehir,İç Anadolu,0,WHATSAPP,GOOGLE_MAPS,Customer_006635,1,,SYNTHETIC,1.3.0,42,
C006636,WS0003,INDIVIDUAL,2023-09-29,İzmir,Ege,0,WHATSAPP,SOCIAL_MEDIA,Customer_006636,1,,SYNTHETIC,1.3.0,42,
C006637,WS0001,COMMERCIAL,2024-01-29,İstanbul,Marmara,0,WHATSAPP,REFERRAL,Customer_006637,1,,SYNTHETIC,1.3.0,42,
C006638,WS0007,INDIVIDUAL,2021-08-18,Adana,Akdeniz,0,WHATSAPP,REFERRAL,Customer_006638,1,,SYNTHETIC,1.3.0,42,
C006639,WS0010,INDIVIDUAL,2021-12-30,Eskişehir,İç Anadolu,0,EMAIL,SOCIAL_MEDIA,Customer_006639,1,,SYNTHETIC,1.3.0,42,
C006640,WS0006,INDIVIDUAL,2021-03-10,Konya,İç Anadolu,0,PHONE,GOOGLE_MAPS,Customer_006640,0,2026-07-20,SYNTHETIC,1.3.0,42,
C006641,WS0010,COMMERCIAL,2023-12-11,Eskişehir,İç Anadolu,0,EMAIL,FLEET_PARTNERSHIP,Customer_006641,0,2026-03-02,SYNTHETIC,1.3.0,42,
C006642,WS0007,INDIVIDUAL,2022-03-11,Adana,Akdeniz,0,WHATSAPP,GOOGLE_MAPS,Customer_006642,1,,SYNTHETIC,1.3.0,42,
C006643,WS0008,INDIVIDUAL,2021-12-23,Gaziantep,Güneydoğu Anadolu,0,WHATSAPP,ORGANIC,Customer_006643,1,,SYNTHETIC,1.3.0,42,
C006644,WS0007,INDIVIDUAL,2023-01-19,Adana,Akdeniz,0,SMS,WALK_IN,Customer_006644,1,,SYNTHETIC,1.3.0,42,
C006645,WS0006,INDIVIDUAL,2022-05-19,Konya,İç Anadolu,0,PHONE,GOOGLE_MAPS,Customer_006645,1,,SYNTHETIC,1.3.0,42,
C006646,WS0004,INDIVIDUAL,2022-09-27,Bursa,Marmara,0,WHATSAPP,GOOGLE_MAPS,Customer_006646,1,,SYNTHETIC,1.3.0,42,
C006647,WS0002,INDIVIDUAL,2026-07-09,Ankara,İç Anadolu,0,PHONE,ORGANIC,Customer_006647,1,,SYNTHETIC,1.3.0,42,
C006648,WS0001,INDIVIDUAL,2023-10-21,İstanbul,Marmara,0,PHONE,WALK_IN,Customer_006648,1,,SYNTHETIC,1.3.0,42,
C006649,WS0003,INDIVIDUAL,2025-02-06,İzmir,Ege,0,PHONE,SOCIAL_MEDIA,Customer_006649,0,2026-03-03,SYNTHETIC,1.3.0,42,
C006650,WS0005,INDIVIDUAL,2021-10-09,Antalya,Akdeniz,0,SMS,GOOGLE_MAPS,Customer_006650,1,,SYNTHETIC,1.3.0,42,
C006651,WS0006,COMMERCIAL,2026-05-18,Konya,İç Anadolu,0,PHONE,REFERRAL,Customer_006651,1,,SYNTHETIC,1.3.0,42,
C006652,WS0006,INDIVIDUAL,2025-02-23,Konya,İç Anadolu,0,PHONE,WALK_IN,Customer_006652,1,,SYNTHETIC,1.3.0,42,
C006653,WS0001,INDIVIDUAL,2025-12-18,İstanbul,Marmara,0,SMS,REFERRAL,Customer_006653,1,,SYNTHETIC,1.3.0,42,
C006654,WS0003,INDIVIDUAL,2025-05-19,İzmir,Ege,0,SMS,ORGANIC,Customer_006654,1,,SYNTHETIC,1.3.0,42,
C006655,WS0004,INDIVIDUAL,2026-05-08,Bursa,Marmara,0,WHATSAPP,GOOGLE_MAPS,Customer_006655,1,,SYNTHETIC,1.3.0,42,
C006656,WS0007,INDIVIDUAL,2021-10-30,Adana,Akdeniz,0,WHATSAPP,REFERRAL,Customer_006656,1,,SYNTHETIC,1.3.0,42,
C006657,WS0003,INDIVIDUAL,2022-03-13,İzmir,Ege,0,WHATSAPP,GOOGLE_MAPS,Customer_006657,1,,SYNTHETIC,1.3.0,42,
C006658,WS0006,INDIVIDUAL,2024-08-21,Konya,İç Anadolu,0,PHONE,WALK_IN,Customer_006658,1,,SYNTHETIC,1.3.0,42,
C006659,WS0008,INDIVIDUAL,2025-10-03,Gaziantep,Güneydoğu Anadolu,0,WHATSAPP,SOCIAL_MEDIA,Customer_006659,1,,SYNTHETIC,1.3.0,42,
C006660,WS0003,INDIVIDUAL,2022-01-11,İzmir,Ege,0,PHONE,REFERRAL,Customer_006660,1,,SYNTHETIC,1.3.0,42,
C006661,WS0004,INDIVIDUAL,2023-03-13,Bursa,Marmara,0,WHATSAPP,GOOGLE_MAPS,Customer_006661,1,,SYNTHETIC,1.3.0,42,
C006662,WS0005,INDIVIDUAL,2022-09-08,Antalya,Akdeniz,0,SMS,REFERRAL,Customer_006662,1,,SYNTHETIC,1.3.0,42,
C006663,WS0003,INDIVIDUAL,2024-11-18,İzmir,Ege,0,WHATSAPP,ORGANIC,Customer_006663,1,,SYNTHETIC,1.3.0,42,
C006664,WS0003,INDIVIDUAL,2021-10-22,İzmir,Ege,0,WHATSAPP,WALK_IN,Customer_006664,1,,SYNTHETIC,1.3.0,42,
C006665,WS0010,INDIVIDUAL,2021-06-26,Eskişehir,İç Anadolu,0,WHATSAPP,REFERRAL,Customer_006665,1,,SYNTHETIC,1.3.0,42,
C006666,WS0003,INDIVIDUAL,2022-02-11,İzmir,Ege,0,SMS,SOCIAL_MEDIA,Customer_006666,0,2022-10-30,SYNTHETIC,1.3.0,42,
C006667,WS0008,COMMERCIAL,2021-05-30,Gaziantep,Güneydoğu Anadolu,0,EMAIL,REFERRAL,Customer_006667,1,,SYNTHETIC,1.3.0,42,
C006668,WS0008,INDIVIDUAL,2021-12-13,Gaziantep,Güneydoğu Anadolu,0,SMS,ORGANIC,Customer_006668,1,,SYNTHETIC,1.3.0,42,
C006669,WS0004,COMMERCIAL,2021-07-28,Bursa,Marmara,0,EMAIL,DIRECT_SALES,Customer_006669,1,,SYNTHETIC,1.3.0,42,
C006670,WS0003,INDIVIDUAL,2021-08-20,İzmir,Ege,0,WHATSAPP,REFERRAL,Customer_006670,1,,SYNTHETIC,1.3.0,42,
C006671,WS0004,INDIVIDUAL,2021-06-18,Bursa,Marmara,0,WHATSAPP,GOOGLE_MAPS,Customer_006671,1,,SYNTHETIC,1.3.0,42,
C006672,WS0008,INDIVIDUAL,2023-05-01,Gaziantep,Güneydoğu Anadolu,0,WHATSAPP,ORGANIC,Customer_006672,1,,SYNTHETIC,1.3.0,42,
C006673,WS0007,INDIVIDUAL,2022-09-16,Adana,Akdeniz,0,EMAIL,ORGANIC,Customer_006673,1,,SYNTHETIC,1.3.0,42,
C006674,WS0009,COMMERCIAL,2021-04-23,Samsun,Karadeniz,0,EMAIL,REFERRAL,Customer_006674,1,,SYNTHETIC,1.3.0,42,
C006675,WS0006,INDIVIDUAL,2022-05-01,Konya,İç Anadolu,0,WHATSAPP,REFERRAL,Customer_006675,1,,SYNTHETIC,1.3.0,42,
C006676,WS0008,INDIVIDUAL,2023-02-11,Gaziantep,Güneydoğu Anadolu,0,WHATSAPP,REFERRAL,Customer_006676,1,,SYNTHETIC,1.3.0,42,
C006677,WS0002,INDIVIDUAL,2022-05-02,Ankara,İç Anadolu,0,WHATSAPP,WALK_IN,Customer_006677,1,,SYNTHETIC,1.3.0,42,
C006678,WS0010,INDIVIDUAL,2026-01-19,Eskişehir,İç Anadolu,0,PHONE,WALK_IN,Customer_006678,0,2026-06-16,SYNTHETIC,1.3.0,42,
C006679,WS0006,INDIVIDUAL,2023-06-12,Konya,İç Anadolu,0,PHONE,ORGANIC,Customer_006679,1,,SYNTHETIC,1.3.0,42,
C006680,WS0003,INDIVIDUAL,2021-08-30,İzmir,Ege,0,EMAIL,SOCIAL_MEDIA,Customer_006680,0,2022-12-09,SYNTHETIC,1.3.0,42,
C006681,WS0007,INDIVIDUAL,2021-12-31,Adana,Akdeniz,0,WHATSAPP,SOCIAL_MEDIA,Customer_006681,1,,SYNTHETIC,1.3.0,42,
C006682,WS0007,INDIVIDUAL,2022-03-10,Adana,Akdeniz,0,SMS,REFERRAL,Customer_006682,0,2022-10-25,SYNTHETIC,1.3.0,42,
C006683,WS0008,INDIVIDUAL,2023-09-14,Gaziantep,Güneydoğu Anadolu,0,SMS,GOOGLE_MAPS,Customer_006683,1,,SYNTHETIC,1.3.0,42,
C006684,WS0010,INDIVIDUAL,2021-03-07,Eskişehir,İç Anadolu,0,WHATSAPP,ORGANIC,Customer_006684,1,,SYNTHETIC,1.3.0,42,
C006685,WS0004,INDIVIDUAL,2023-06-14,Bursa,Marmara,0,PHONE,ORGANIC,Customer_006685,1,,SYNTHETIC,1.3.0,42,
C006686,WS0002,COMMERCIAL,2021-08-08,Ankara,İç Anadolu,0,EMAIL,ORGANIC,Customer_006686,1,,SYNTHETIC,1.3.0,42,
C006687,WS0009,INDIVIDUAL,2025-05-25,Samsun,Karadeniz,0,SMS,SOCIAL_MEDIA,Customer_006687,1,,SYNTHETIC,1.3.0,42,
C006688,WS0009,INDIVIDUAL,2021-04-04,Samsun,Karadeniz,0,WHATSAPP,REFERRAL,Customer_006688,1,,SYNTHETIC,1.3.0,42,
C006689,WS0008,INDIVIDUAL,2025-05-27,Gaziantep,Güneydoğu Anadolu,0,PHONE,REFERRAL,Customer_006689,1,,SYNTHETIC,1.3.0,42,
C006690,WS0009,INDIVIDUAL,2025-05-02,Samsun,Karadeniz,0,PHONE,ORGANIC,Customer_006690,1,,SYNTHETIC,1.3.0,42,
C006691,WS0010,INDIVIDUAL,2024-10-31,Eskişehir,İç Anadolu,0,WHATSAPP,GOOGLE_MAPS,Customer_006691,1,,SYNTHETIC,1.3.0,42,
C006692,WS0002,COMMERCIAL,2023-06-24,Ankara,İç Anadolu,0,EMAIL,ORGANIC,Customer_006692,1,,SYNTHETIC,1.3.0,42,
C006693,WS0001,INDIVIDUAL,2022-09-28,İstanbul,Marmara,0,WHATSAPP,WALK_IN,Customer_006693,1,,SYNTHETIC,1.3.0,42,
C006694,WS0008,INDIVIDUAL,2024-02-04,Gaziantep,Güneydoğu Anadolu,0,PHONE,WALK_IN,Customer_006694,1,,SYNTHETIC,1.3.0,42,
C006695,WS0002,INDIVIDUAL,2024-02-20,Ankara,İç Anadolu,0,PHONE,REFERRAL,Customer_006695,1,,SYNTHETIC,1.3.0,42,
C006696,WS0002,INDIVIDUAL,2025-01-30,Ankara,İç Anadolu,0,EMAIL,WALK_IN,Customer_006696,1,,SYNTHETIC,1.3.0,42,
C006697,WS0005,INDIVIDUAL,2024-03-25,Antalya,Akdeniz,0,WHATSAPP,REFERRAL,Customer_006697,0,2026-01-10,SYNTHETIC,1.3.0,42,
C006698,WS0008,INDIVIDUAL,2023-09-25,Gaziantep,Güneydoğu Anadolu,0,PHONE,SOCIAL_MEDIA,Customer_006698,1,,SYNTHETIC,1.3.0,42,
C006699,WS0007,INDIVIDUAL,2021-11-04,Adana,Akdeniz,0,WHATSAPP,WALK_IN,Customer_006699,1,,SYNTHETIC,1.3.0,42,
C006700,WS0007,INDIVIDUAL,2023-06-08,Adana,Akdeniz,0,WHATSAPP,ORGANIC,Customer_006700,1,,SYNTHETIC,1.3.0,42,
C006701,WS0007,INDIVIDUAL,2021-08-20,Adana,Akdeniz,0,SMS,REFERRAL,Customer_006701,1,,SYNTHETIC,1.3.0,42,
C006702,WS0006,INDIVIDUAL,2023-02-16,Konya,İç Anadolu,0,PHONE,REFERRAL,Customer_006702,1,,SYNTHETIC,1.3.0,42,
C006703,WS0004,INDIVIDUAL,2024-11-28,Bursa,Marmara,0,WHATSAPP,REFERRAL,Customer_006703,1,,SYNTHETIC,1.3.0,42,
C006704,WS0001,INDIVIDUAL,2022-07-13,İstanbul,Marmara,0,WHATSAPP,REFERRAL,Customer_006704,1,,SYNTHETIC,1.3.0,42,
C006705,WS0010,INDIVIDUAL,2021-08-20,Eskişehir,İç Anadolu,0,SMS,REFERRAL,Customer_006705,1,,SYNTHETIC,1.3.0,42,
C006706,WS0006,INDIVIDUAL,2021-07-02,Konya,İç Anadolu,0,EMAIL,ORGANIC,Customer_006706,1,,SYNTHETIC,1.3.0,42,
C006707,WS0009,INDIVIDUAL,2022-06-07,Samsun,Karadeniz,0,PHONE,REFERRAL,Customer_006707,1,,SYNTHETIC,1.3.0,42,
C006708,WS0002,INDIVIDUAL,2022-01-04,Ankara,İç Anadolu,0,WHATSAPP,GOOGLE_MAPS,Customer_006708,1,,SYNTHETIC,1.3.0,42,
C006709,WS0008,COMMERCIAL,2022-12-02,Gaziantep,Güneydoğu Anadolu,0,WHATSAPP,REFERRAL,Customer_006709,1,,SYNTHETIC,1.3.0,42,
C006710,WS0003,INDIVIDUAL,2025-12-20,İzmir,Ege,0,SMS,GOOGLE_MAPS,Customer_006710,1,,SYNTHETIC,1.3.0,42,
C006711,WS0001,INDIVIDUAL,2023-02-21,İstanbul,Marmara,0,EMAIL,REFERRAL,Customer_006711,0,2023-09-19,SYNTHETIC,1.3.0,42,
C006712,WS0010,INDIVIDUAL,2021-04-28,Eskişehir,İç Anadolu,0,WHATSAPP,REFERRAL,Customer_006712,1,,SYNTHETIC,1.3.0,42,
C006713,WS0005,INDIVIDUAL,2023-08-13,Antalya,Akdeniz,0,PHONE,SOCIAL_MEDIA,Customer_006713,1,,SYNTHETIC,1.3.0,42,
C006714,WS0001,INDIVIDUAL,2021-02-01,İstanbul,Marmara,0,PHONE,REFERRAL,Customer_006714,1,,SYNTHETIC,1.3.0,42,
C006715,WS0006,INDIVIDUAL,2021-05-01,Konya,İç Anadolu,0,EMAIL,ORGANIC,Customer_006715,1,,SYNTHETIC,1.3.0,42,
C006716,WS0009,INDIVIDUAL,2021-10-17,Samsun,Karadeniz,0,WHATSAPP,WALK_IN,Customer_006716,0,2022-12-19,SYNTHETIC,1.3.0,42,
C006717,WS0006,INDIVIDUAL,2022-02-08,Konya,İç Anadolu,0,SMS,GOOGLE_MAPS,Customer_006717,1,,SYNTHETIC,1.3.0,42,
C006718,WS0006,INDIVIDUAL,2022-10-21,Konya,İç Anadolu,0,WHATSAPP,ORGANIC,Customer_006718,1,,SYNTHETIC,1.3.0,42,
C006719,WS0008,COMMERCIAL,2024-03-10,Gaziantep,Güneydoğu Anadolu,0,WHATSAPP,DIRECT_SALES,Customer_006719,1,,SYNTHETIC,1.3.0,42,
C006720,WS0010,INDIVIDUAL,2025-09-24,Eskişehir,İç Anadolu,0,PHONE,WALK_IN,Customer_006720,0,2025-12-23,SYNTHETIC,1.3.0,42,
C006721,WS0001,INDIVIDUAL,2025-10-06,İstanbul,Marmara,0,WHATSAPP,REFERRAL,Customer_006721,1,,SYNTHETIC,1.3.0,42,
C006722,WS0007,INDIVIDUAL,2022-10-25,Adana,Akdeniz,0,WHATSAPP,REFERRAL,Customer_006722,1,,SYNTHETIC,1.3.0,42,
C006723,WS0008,INDIVIDUAL,2024-10-03,Gaziantep,Güneydoğu Anadolu,0,WHATSAPP,REFERRAL,Customer_006723,1,,SYNTHETIC,1.3.0,42,
C006724,WS0007,INDIVIDUAL,2023-04-16,Adana,Akdeniz,0,EMAIL,ORGANIC,Customer_006724,1,,SYNTHETIC,1.3.0,42,
C006725,WS0006,INDIVIDUAL,2023-11-24,Konya,İç Anadolu,0,PHONE,ORGANIC,Customer_006725,1,,SYNTHETIC,1.3.0,42,
C006726,WS0005,INDIVIDUAL,2022-01-06,Antalya,Akdeniz,0,WHATSAPP,REFERRAL,Customer_006726,1,,SYNTHETIC,1.3.0,42,
C006727,WS0001,INDIVIDUAL,2025-10-17,İstanbul,Marmara,0,EMAIL,ORGANIC,Customer_006727,1,,SYNTHETIC,1.3.0,42,
C006728,WS0003,INDIVIDUAL,2026-05-01,İzmir,Ege,0,WHATSAPP,REFERRAL,Customer_006728,1,,SYNTHETIC,1.3.0,42,
C006729,WS0006,INDIVIDUAL,2021-03-15,Konya,İç Anadolu,0,WHATSAPP,GOOGLE_MAPS,Customer_006729,1,,SYNTHETIC,1.3.0,42,
C006730,WS0002,INDIVIDUAL,2024-06-15,Ankara,İç Anadolu,0,PHONE,GOOGLE_MAPS,Customer_006730,1,,SYNTHETIC,1.3.0,42,
C006731,WS0004,INDIVIDUAL,2025-09-15,Bursa,Marmara,0,WHATSAPP,GOOGLE_MAPS,Customer_006731,1,,SYNTHETIC,1.3.0,42,
C006732,WS0005,INDIVIDUAL,2024-07-23,Antalya,Akdeniz,0,WHATSAPP,SOCIAL_MEDIA,Customer_006732,1,,SYNTHETIC,1.3.0,42,
C006733,WS0005,INDIVIDUAL,2021-08-28,Antalya,Akdeniz,0,WHATSAPP,WALK_IN,Customer_006733,1,,SYNTHETIC,1.3.0,42,
C006734,WS0005,INDIVIDUAL,2025-05-22,Antalya,Akdeniz,0,WHATSAPP,ORGANIC,Customer_006734,1,,SYNTHETIC,1.3.0,42,
C006735,WS0002,INDIVIDUAL,2023-06-30,Ankara,İç Anadolu,0,WHATSAPP,REFERRAL,Customer_006735,1,,SYNTHETIC,1.3.0,42,
C006736,WS0001,COMMERCIAL,2021-07-15,İstanbul,Marmara,0,EMAIL,ORGANIC,Customer_006736,1,,SYNTHETIC,1.3.0,42,
C006737,WS0002,INDIVIDUAL,2023-03-28,Ankara,İç Anadolu,0,WHATSAPP,REFERRAL,Customer_006737,1,,SYNTHETIC,1.3.0,42,
C006738,WS0008,COMMERCIAL,2025-09-24,Gaziantep,Güneydoğu Anadolu,0,PHONE,ORGANIC,Customer_006738,1,,SYNTHETIC,1.3.0,42,
C006739,WS0001,INDIVIDUAL,2026-06-29,İstanbul,Marmara,0,WHATSAPP,WALK_IN,Customer_006739,1,,SYNTHETIC,1.3.0,42,
C006740,WS0003,INDIVIDUAL,2026-07-24,İzmir,Ege,0,WHATSAPP,SOCIAL_MEDIA,Customer_006740,1,,SYNTHETIC,1.3.0,42,
C006741,WS0006,INDIVIDUAL,2021-03-25,Konya,İç Anadolu,0,WHATSAPP,SOCIAL_MEDIA,Customer_006741,1,,SYNTHETIC,1.3.0,42,
C006742,WS0009,INDIVIDUAL,2023-02-26,Samsun,Karadeniz,0,WHATSAPP,REFERRAL,Customer_006742,1,,SYNTHETIC,1.3.0,42,
C006743,WS0003,INDIVIDUAL,2021-12-22,İzmir,Ege,0,PHONE,GOOGLE_MAPS,Customer_006743,1,,SYNTHETIC,1.3.0,42,
C006744,WS0009,COMMERCIAL,2022-11-07,Samsun,Karadeniz,0,PHONE,ORGANIC,Customer_006744,1,,SYNTHETIC,1.3.0,42,
C006745,WS0009,FLEET,2026-04-21,Samsun,Karadeniz,1,EMAIL,REFERRAL,Customer_006745,1,,SYNTHETIC,1.3.0,42,
C006746,WS0002,INDIVIDUAL,2024-06-20,Ankara,İç Anadolu,0,PHONE,WALK_IN,Customer_006746,1,,SYNTHETIC,1.3.0,42,
C006747,WS0008,INDIVIDUAL,2024-03-08,Gaziantep,Güneydoğu Anadolu,0,PHONE,WALK_IN,Customer_006747,0,2025-05-27,SYNTHETIC,1.3.0,42,
C006748,WS0007,INDIVIDUAL,2022-01-05,Adana,Akdeniz,0,PHONE,SOCIAL_MEDIA,Customer_006748,1,,SYNTHETIC,1.3.0,42,
C006749,WS0004,INDIVIDUAL,2026-04-18,Bursa,Marmara,0,WHATSAPP,SOCIAL_MEDIA,Customer_006749,1,,SYNTHETIC,1.3.0,42,
C006750,WS0002,INDIVIDUAL,2025-09-20,Ankara,İç Anadolu,0,PHONE,ORGANIC,Customer_006750,1,,SYNTHETIC,1.3.0,42,
C006751,WS0005,INDIVIDUAL,2025-02-21,Antalya,Akdeniz,0,PHONE,GOOGLE_MAPS,Customer_006751,1,,SYNTHETIC,1.3.0,42,
C006752,WS0008,INDIVIDUAL,2021-12-28,Gaziantep,Güneydoğu Anadolu,0,WHATSAPP,SOCIAL_MEDIA,Customer_006752,1,,SYNTHETIC,1.3.0,42,
C006753,WS0007,INDIVIDUAL,2024-03-20,Adana,Akdeniz,0,WHATSAPP,ORGANIC,Customer_006753,1,,SYNTHETIC,1.3.0,42,
C006754,WS0002,INDIVIDUAL,2022-11-02,Ankara,İç Anadolu,0,EMAIL,GOOGLE_MAPS,Customer_006754,0,2026-06-21,SYNTHETIC,1.3.0,42,
C006755,WS0008,INDIVIDUAL,2025-11-28,Gaziantep,Güneydoğu Anadolu,0,SMS,SOCIAL_MEDIA,Customer_006755,1,,SYNTHETIC,1.3.0,42,
C006756,WS0001,INDIVIDUAL,2021-01-16,İstanbul,Marmara,0,WHATSAPP,GOOGLE_MAPS,Customer_006756,1,,SYNTHETIC,1.3.0,42,
C006757,WS0002,COMMERCIAL,2022-12-02,Ankara,İç Anadolu,0,WHATSAPP,FLEET_PARTNERSHIP,Customer_006757,1,,SYNTHETIC,1.3.0,42,
C006758,WS0005,INDIVIDUAL,2024-08-07,Antalya,Akdeniz,0,WHATSAPP,WALK_IN,Customer_006758,1,,SYNTHETIC,1.3.0,42,
C006759,WS0010,FLEET,2025-05-28,Eskişehir,İç Anadolu,1,WHATSAPP,DIRECT_SALES,Customer_006759,1,,SYNTHETIC,1.3.0,42,
C006760,WS0007,INDIVIDUAL,2026-04-08,Adana,Akdeniz,0,SMS,GOOGLE_MAPS,Customer_006760,1,,SYNTHETIC,1.3.0,42,
C006761,WS0008,INDIVIDUAL,2022-10-12,Gaziantep,Güneydoğu Anadolu,0,WHATSAPP,GOOGLE_MAPS,Customer_006761,0,2025-11-04,SYNTHETIC,1.3.0,42,
C006762,WS0007,INDIVIDUAL,2021-05-31,Adana,Akdeniz,0,SMS,GOOGLE_MAPS,Customer_006762,1,,SYNTHETIC,1.3.0,42,
C006763,WS0010,INDIVIDUAL,2023-01-30,Eskişehir,İç Anadolu,0,WHATSAPP,REFERRAL,Customer_006763,1,,SYNTHETIC,1.3.0,42,
C006764,WS0001,INDIVIDUAL,2022-03-18,İstanbul,Marmara,0,PHONE,GOOGLE_MAPS,Customer_006764,1,,SYNTHETIC,1.3.0,42,
C006765,WS0005,COMMERCIAL,2022-08-01,Antalya,Akdeniz,0,EMAIL,ORGANIC,Customer_006765,1,,SYNTHETIC,1.3.0,42,
C006766,WS0010,INDIVIDUAL,2021-04-19,Eskişehir,İç Anadolu,0,WHATSAPP,GOOGLE_MAPS,Customer_006766,0,2025-06-24,SYNTHETIC,1.3.0,42,
C006767,WS0001,INDIVIDUAL,2021-07-16,İstanbul,Marmara,0,PHONE,ORGANIC,Customer_006767,1,,SYNTHETIC,1.3.0,42,
C006768,WS0005,INDIVIDUAL,2021-03-28,Antalya,Akdeniz,0,WHATSAPP,WALK_IN,Customer_006768,1,,SYNTHETIC,1.3.0,42,
C006769,WS0002,COMMERCIAL,2022-01-17,Ankara,İç Anadolu,0,EMAIL,FLEET_PARTNERSHIP,Customer_006769,1,,SYNTHETIC,1.3.0,42,
C006770,WS0005,INDIVIDUAL,2021-10-20,Antalya,Akdeniz,0,WHATSAPP,ORGANIC,Customer_006770,0,2025-02-23,SYNTHETIC,1.3.0,42,
C006771,WS0003,INDIVIDUAL,2021-02-28,İzmir,Ege,0,WHATSAPP,GOOGLE_MAPS,Customer_006771,1,,SYNTHETIC,1.3.0,42,
C006772,WS0003,INDIVIDUAL,2024-07-29,İzmir,Ege,0,WHATSAPP,ORGANIC,Customer_006772,1,,SYNTHETIC,1.3.0,42,
C006773,WS0005,INDIVIDUAL,2022-02-26,Antalya,Akdeniz,0,EMAIL,ORGANIC,Customer_006773,1,,SYNTHETIC,1.3.0,42,
C006774,WS0005,COMMERCIAL,2022-01-20,Antalya,Akdeniz,0,EMAIL,FLEET_PARTNERSHIP,Customer_006774,1,,SYNTHETIC,1.3.0,42,
C006775,WS0007,INDIVIDUAL,2022-04-24,Adana,Akdeniz,0,SMS,ORGANIC,Customer_006775,1,,SYNTHETIC,1.3.0,42,
C006776,WS0001,INDIVIDUAL,2024-12-08,İstanbul,Marmara,0,WHATSAPP,WALK_IN,Customer_006776,1,,SYNTHETIC,1.3.0,42,
C006777,WS0001,INDIVIDUAL,2025-05-23,İstanbul,Marmara,0,PHONE,REFERRAL,Customer_006777,1,,SYNTHETIC,1.3.0,42,
C006778,WS0001,INDIVIDUAL,2026-03-21,İstanbul,Marmara,0,WHATSAPP,SOCIAL_MEDIA,Customer_006778,1,,SYNTHETIC,1.3.0,42,
C006779,WS0002,INDIVIDUAL,2024-05-18,Ankara,İç Anadolu,0,WHATSAPP,ORGANIC,Customer_006779,1,,SYNTHETIC,1.3.0,42,
C006780,WS0003,INDIVIDUAL,2024-10-28,İzmir,Ege,0,WHATSAPP,WALK_IN,Customer_006780,1,,SYNTHETIC,1.3.0,42,
C006781,WS0007,INDIVIDUAL,2025-03-15,Adana,Akdeniz,0,WHATSAPP,GOOGLE_MAPS,Customer_006781,0,2026-03-10,SYNTHETIC,1.3.0,42,
C006782,WS0001,INDIVIDUAL,2023-05-16,İstanbul,Marmara,0,PHONE,ORGANIC,Customer_006782,1,,SYNTHETIC,1.3.0,42,
C006783,WS0004,INDIVIDUAL,2024-07-08,Bursa,Marmara,0,EMAIL,ORGANIC,Customer_006783,1,,SYNTHETIC,1.3.0,42,
C006784,WS0001,INDIVIDUAL,2023-05-31,İstanbul,Marmara,0,EMAIL,REFERRAL,Customer_006784,1,,SYNTHETIC,1.3.0,42,
C006785,WS0010,INDIVIDUAL,2023-09-02,Eskişehir,İç Anadolu,0,WHATSAPP,GOOGLE_MAPS,Customer_006785,1,,SYNTHETIC,1.3.0,42,
C006786,WS0006,INDIVIDUAL,2024-04-14,Konya,İç Anadolu,0,SMS,WALK_IN,Customer_006786,1,,SYNTHETIC,1.3.0,42,
C006787,WS0001,INDIVIDUAL,2023-02-09,İstanbul,Marmara,0,EMAIL,GOOGLE_MAPS,Customer_006787,1,,SYNTHETIC,1.3.0,42,
C006788,WS0006,INDIVIDUAL,2022-02-08,Konya,İç Anadolu,0,WHATSAPP,GOOGLE_MAPS,Customer_006788,1,,SYNTHETIC,1.3.0,42,
C006789,WS0004,INDIVIDUAL,2023-03-15,Bursa,Marmara,0,WHATSAPP,ORGANIC,Customer_006789,1,,SYNTHETIC,1.3.0,42,
C006790,WS0001,COMMERCIAL,2022-09-20,İstanbul,Marmara,0,PHONE,DIRECT_SALES,Customer_006790,1,,SYNTHETIC,1.3.0,42,
C006791,WS0010,INDIVIDUAL,2024-03-30,Eskişehir,İç Anadolu,0,EMAIL,REFERRAL,Customer_006791,1,,SYNTHETIC,1.3.0,42,
C006792,WS0001,INDIVIDUAL,2021-11-13,İstanbul,Marmara,0,PHONE,GOOGLE_MAPS,Customer_006792,0,2024-05-20,SYNTHETIC,1.3.0,42,
C006793,WS0010,INDIVIDUAL,2024-01-24,Eskişehir,İç Anadolu,0,WHATSAPP,ORGANIC,Customer_006793,1,,SYNTHETIC,1.3.0,42,
C006794,WS0006,INDIVIDUAL,2023-08-16,Konya,İç Anadolu,0,WHATSAPP,REFERRAL,Customer_006794,1,,SYNTHETIC,1.3.0,42,
C006795,WS0002,INDIVIDUAL,2021-01-31,Ankara,İç Anadolu,0,PHONE,GOOGLE_MAPS,Customer_006795,1,,SYNTHETIC,1.3.0,42,
C006796,WS0006,INDIVIDUAL,2024-04-03,Konya,İç Anadolu,0,WHATSAPP,REFERRAL,Customer_006796,1,,SYNTHETIC,1.3.0,42,
C006797,WS0004,COMMERCIAL,2023-11-12,Bursa,Marmara,0,EMAIL,REFERRAL,Customer_006797,1,,SYNTHETIC,1.3.0,42,
C006798,WS0009,INDIVIDUAL,2022-07-24,Samsun,Karadeniz,0,SMS,GOOGLE_MAPS,Customer_006798,1,,SYNTHETIC,1.3.0,42,
C006799,WS0003,INDIVIDUAL,2023-12-05,İzmir,Ege,0,PHONE,REFERRAL,Customer_006799,1,,SYNTHETIC,1.3.0,42,
C006800,WS0007,INDIVIDUAL,2026-07-26,Adana,Akdeniz,0,WHATSAPP,ORGANIC,Customer_006800,1,,SYNTHETIC,1.3.0,42,
C006801,WS0009,COMMERCIAL,2024-01-30,Samsun,Karadeniz,0,PHONE,DIRECT_SALES,Customer_006801,1,,SYNTHETIC,1.3.0,42,
C006802,WS0005,INDIVIDUAL,2023-04-23,Antalya,Akdeniz,0,SMS,SOCIAL_MEDIA,Customer_006802,1,,SYNTHETIC,1.3.0,42,
C006803,WS0004,INDIVIDUAL,2022-12-26,Bursa,Marmara,0,WHATSAPP,SOCIAL_MEDIA,Customer_006803,1,,SYNTHETIC,1.3.0,42,
C006804,WS0001,INDIVIDUAL,2024-09-15,İstanbul,Marmara,0,SMS,WALK_IN,Customer_006804,1,,SYNTHETIC,1.3.0,42,
C006805,WS0008,INDIVIDUAL,2024-03-20,Gaziantep,Güneydoğu Anadolu,0,WHATSAPP,GOOGLE_MAPS,Customer_006805,1,,SYNTHETIC,1.3.0,42,
C006806,WS0007,INDIVIDUAL,2022-02-22,Adana,Akdeniz,0,PHONE,WALK_IN,Customer_006806,1,,SYNTHETIC,1.3.0,42,
C006807,WS0004,INDIVIDUAL,2022-10-08,Bursa,Marmara,0,PHONE,GOOGLE_MAPS,Customer_006807,0,2024-08-31,SYNTHETIC,1.3.0,42,
C006808,WS0002,INDIVIDUAL,2021-02-20,Ankara,İç Anadolu,0,WHATSAPP,REFERRAL,Customer_006808,0,2023-05-12,SYNTHETIC,1.3.0,42,
C006809,WS0005,INDIVIDUAL,2023-06-28,Antalya,Akdeniz,0,EMAIL,REFERRAL,Customer_006809,1,,SYNTHETIC,1.3.0,42,
C006810,WS0005,COMMERCIAL,2021-12-21,Antalya,Akdeniz,0,PHONE,DIRECT_SALES,Customer_006810,1,,SYNTHETIC,1.3.0,42,
C006811,WS0007,INDIVIDUAL,2026-03-24,Adana,Akdeniz,0,EMAIL,ORGANIC,Customer_006811,1,,SYNTHETIC,1.3.0,42,
C006812,WS0010,INDIVIDUAL,2021-12-25,Eskişehir,İç Anadolu,0,PHONE,GOOGLE_MAPS,Customer_006812,1,,SYNTHETIC,1.3.0,42,
C006813,WS0009,FLEET,2025-02-16,Samsun,Karadeniz,1,WHATSAPP,FLEET_PARTNERSHIP,Customer_006813,1,,SYNTHETIC,1.3.0,42,
C006814,WS0007,COMMERCIAL,2023-01-04,Adana,Akdeniz,0,WHATSAPP,DIRECT_SALES,Customer_006814,1,,SYNTHETIC,1.3.0,42,
C006815,WS0002,INDIVIDUAL,2022-01-25,Ankara,İç Anadolu,0,WHATSAPP,ORGANIC,Customer_006815,1,,SYNTHETIC,1.3.0,42,
C006816,WS0009,INDIVIDUAL,2021-07-04,Samsun,Karadeniz,0,WHATSAPP,SOCIAL_MEDIA,Customer_006816,1,,SYNTHETIC,1.3.0,42,
C006817,WS0007,INDIVIDUAL,2023-06-24,Adana,Akdeniz,0,PHONE,GOOGLE_MAPS,Customer_006817,1,,SYNTHETIC,1.3.0,42,
C006818,WS0002,INDIVIDUAL,2021-04-19,Ankara,İç Anadolu,0,WHATSAPP,REFERRAL,Customer_006818,1,,SYNTHETIC,1.3.0,42,
C006819,WS0007,INDIVIDUAL,2023-05-20,Adana,Akdeniz,0,WHATSAPP,GOOGLE_MAPS,Customer_006819,1,,SYNTHETIC,1.3.0,42,
C006820,WS0008,INDIVIDUAL,2023-11-27,Gaziantep,Güneydoğu Anadolu,0,PHONE,WALK_IN,Customer_006820,1,,SYNTHETIC,1.3.0,42,
C006821,WS0003,INDIVIDUAL,2023-01-23,İzmir,Ege,0,EMAIL,WALK_IN,Customer_006821,1,,SYNTHETIC,1.3.0,42,
C006822,WS0007,INDIVIDUAL,2023-05-04,Adana,Akdeniz,0,PHONE,ORGANIC,Customer_006822,1,,SYNTHETIC,1.3.0,42,
C006823,WS0001,COMMERCIAL,2024-03-25,İstanbul,Marmara,0,PHONE,REFERRAL,Customer_006823,1,,SYNTHETIC,1.3.0,42,
C006824,WS0001,INDIVIDUAL,2024-01-28,İstanbul,Marmara,0,SMS,REFERRAL,Customer_006824,1,,SYNTHETIC,1.3.0,42,
C006825,WS0005,INDIVIDUAL,2023-12-23,Antalya,Akdeniz,0,SMS,WALK_IN,Customer_006825,0,2026-05-03,SYNTHETIC,1.3.0,42,
C006826,WS0001,COMMERCIAL,2023-02-04,İstanbul,Marmara,0,EMAIL,ORGANIC,Customer_006826,1,,SYNTHETIC,1.3.0,42,
C006827,WS0002,INDIVIDUAL,2022-02-24,Ankara,İç Anadolu,0,EMAIL,REFERRAL,Customer_006827,1,,SYNTHETIC,1.3.0,42,
C006828,WS0002,INDIVIDUAL,2025-12-29,Ankara,İç Anadolu,0,SMS,ORGANIC,Customer_006828,1,,SYNTHETIC,1.3.0,42,
C006829,WS0010,INDIVIDUAL,2024-10-28,Eskişehir,İç Anadolu,0,WHATSAPP,GOOGLE_MAPS,Customer_006829,1,,SYNTHETIC,1.3.0,42,
C006830,WS0005,FLEET,2022-06-15,Antalya,Akdeniz,1,WHATSAPP,REFERRAL,Customer_006830,1,,SYNTHETIC,1.3.0,42,
C006831,WS0010,INDIVIDUAL,2022-02-11,Eskişehir,İç Anadolu,0,WHATSAPP,SOCIAL_MEDIA,Customer_006831,1,,SYNTHETIC,1.3.0,42,
C006832,WS0009,INDIVIDUAL,2021-09-01,Samsun,Karadeniz,0,PHONE,GOOGLE_MAPS,Customer_006832,1,,SYNTHETIC,1.3.0,42,
C006833,WS0008,INDIVIDUAL,2021-06-30,Gaziantep,Güneydoğu Anadolu,0,SMS,GOOGLE_MAPS,Customer_006833,1,,SYNTHETIC,1.3.0,42,
C006834,WS0003,INDIVIDUAL,2025-11-22,İzmir,Ege,0,EMAIL,REFERRAL,Customer_006834,1,,SYNTHETIC,1.3.0,42,
C006835,WS0010,INDIVIDUAL,2022-06-18,Eskişehir,İç Anadolu,0,SMS,ORGANIC,Customer_006835,1,,SYNTHETIC,1.3.0,42,
C006836,WS0007,COMMERCIAL,2024-12-08,Adana,Akdeniz,0,EMAIL,REFERRAL,Customer_006836,1,,SYNTHETIC,1.3.0,42,
C006837,WS0007,INDIVIDUAL,2025-04-09,Adana,Akdeniz,0,PHONE,GOOGLE_MAPS,Customer_006837,1,,SYNTHETIC,1.3.0,42,
C006838,WS0006,INDIVIDUAL,2021-03-06,Konya,İç Anadolu,0,EMAIL,ORGANIC,Customer_006838,1,,SYNTHETIC,1.3.0,42,
C006839,WS0006,INDIVIDUAL,2026-07-20,Konya,İç Anadolu,0,WHATSAPP,WALK_IN,Customer_006839,0,2026-08-25,SYNTHETIC,1.3.0,42,
C006840,WS0005,INDIVIDUAL,2023-08-18,Antalya,Akdeniz,0,PHONE,WALK_IN,Customer_006840,1,,SYNTHETIC,1.3.0,42,
C006841,WS0006,INDIVIDUAL,2025-10-03,Konya,İç Anadolu,0,WHATSAPP,GOOGLE_MAPS,Customer_006841,1,,SYNTHETIC,1.3.0,42,
C006842,WS0006,INDIVIDUAL,2023-02-02,Konya,İç Anadolu,0,WHATSAPP,SOCIAL_MEDIA,Customer_006842,1,,SYNTHETIC,1.3.0,42,
C006843,WS0006,INDIVIDUAL,2022-07-08,Konya,İç Anadolu,0,WHATSAPP,REFERRAL,Customer_006843,1,,SYNTHETIC,1.3.0,42,
C006844,WS0001,INDIVIDUAL,2023-03-04,İstanbul,Marmara,0,PHONE,REFERRAL,Customer_006844,1,,SYNTHETIC,1.3.0,42,
C006845,WS0008,INDIVIDUAL,2026-02-19,Gaziantep,Güneydoğu Anadolu,0,SMS,WALK_IN,Customer_006845,0,2026-05-29,SYNTHETIC,1.3.0,42,
C006846,WS0004,INDIVIDUAL,2023-12-09,Bursa,Marmara,0,WHATSAPP,GOOGLE_MAPS,Customer_006846,0,2025-12-24,SYNTHETIC,1.3.0,42,
C006847,WS0005,INDIVIDUAL,2022-11-21,Antalya,Akdeniz,0,WHATSAPP,SOCIAL_MEDIA,Customer_006847,1,,SYNTHETIC,1.3.0,42,
C006848,WS0004,INDIVIDUAL,2026-06-21,Bursa,Marmara,0,WHATSAPP,ORGANIC,Customer_006848,1,,SYNTHETIC,1.3.0,42,
C006849,WS0009,INDIVIDUAL,2024-12-18,Samsun,Karadeniz,0,SMS,ORGANIC,Customer_006849,1,,SYNTHETIC,1.3.0,42,
C006850,WS0007,INDIVIDUAL,2022-11-22,Adana,Akdeniz,0,SMS,WALK_IN,Customer_006850,1,,SYNTHETIC,1.3.0,42,
C006851,WS0009,INDIVIDUAL,2025-04-23,Samsun,Karadeniz,0,SMS,WALK_IN,Customer_006851,0,2026-02-10,SYNTHETIC,1.3.0,42,
C006852,WS0003,INDIVIDUAL,2023-10-17,İzmir,Ege,0,SMS,REFERRAL,Customer_006852,1,,SYNTHETIC,1.3.0,42,
C006853,WS0005,INDIVIDUAL,2025-11-11,Antalya,Akdeniz,0,WHATSAPP,SOCIAL_MEDIA,Customer_006853,1,,SYNTHETIC,1.3.0,42,
C006854,WS0008,INDIVIDUAL,2024-03-05,Gaziantep,Güneydoğu Anadolu,0,PHONE,WALK_IN,Customer_006854,1,,SYNTHETIC,1.3.0,42,
C006855,WS0007,INDIVIDUAL,2021-07-29,Adana,Akdeniz,0,WHATSAPP,SOCIAL_MEDIA,Customer_006855,1,,SYNTHETIC,1.3.0,42,
C006856,WS0002,INDIVIDUAL,2021-05-27,Ankara,İç Anadolu,0,WHATSAPP,REFERRAL,Customer_006856,1,,SYNTHETIC,1.3.0,42,
C006857,WS0007,INDIVIDUAL,2023-11-24,Adana,Akdeniz,0,WHATSAPP,GOOGLE_MAPS,Customer_006857,0,2025-01-05,SYNTHETIC,1.3.0,42,
C006858,WS0001,INDIVIDUAL,2021-01-02,İstanbul,Marmara,0,EMAIL,WALK_IN,Customer_006858,1,,SYNTHETIC,1.3.0,42,
C006859,WS0009,INDIVIDUAL,2024-10-30,Samsun,Karadeniz,0,WHATSAPP,SOCIAL_MEDIA,Customer_006859,1,,SYNTHETIC,1.3.0,42,
C006860,WS0006,INDIVIDUAL,2022-05-12,Konya,İç Anadolu,0,WHATSAPP,ORGANIC,Customer_006860,0,2023-09-19,SYNTHETIC,1.3.0,42,
C006861,WS0010,INDIVIDUAL,2022-06-03,Eskişehir,İç Anadolu,0,WHATSAPP,REFERRAL,Customer_006861,1,,SYNTHETIC,1.3.0,42,
C006862,WS0002,INDIVIDUAL,2025-11-19,Ankara,İç Anadolu,0,PHONE,WALK_IN,Customer_006862,1,,SYNTHETIC,1.3.0,42,
C006863,WS0009,INDIVIDUAL,2023-01-22,Samsun,Karadeniz,0,WHATSAPP,GOOGLE_MAPS,Customer_006863,1,,SYNTHETIC,1.3.0,42,
C006864,WS0010,INDIVIDUAL,2022-12-26,Eskişehir,İç Anadolu,0,WHATSAPP,WALK_IN,Customer_006864,1,,SYNTHETIC,1.3.0,42,
C006865,WS0008,COMMERCIAL,2021-09-11,Gaziantep,Güneydoğu Anadolu,0,PHONE,FLEET_PARTNERSHIP,Customer_006865,1,,SYNTHETIC,1.3.0,42,
C006866,WS0001,COMMERCIAL,2024-05-20,İstanbul,Marmara,0,PHONE,ORGANIC,Customer_006866,1,,SYNTHETIC,1.3.0,42,
C006867,WS0006,INDIVIDUAL,2023-12-29,Konya,İç Anadolu,0,SMS,ORGANIC,Customer_006867,1,,SYNTHETIC,1.3.0,42,
C006868,WS0006,INDIVIDUAL,2025-07-04,Konya,İç Anadolu,0,SMS,REFERRAL,Customer_006868,1,,SYNTHETIC,1.3.0,42,
C006869,WS0010,COMMERCIAL,2022-06-27,Eskişehir,İç Anadolu,0,EMAIL,DIRECT_SALES,Customer_006869,1,,SYNTHETIC,1.3.0,42,
C006870,WS0002,INDIVIDUAL,2022-10-21,Ankara,İç Anadolu,0,PHONE,REFERRAL,Customer_006870,1,,SYNTHETIC,1.3.0,42,
C006871,WS0002,INDIVIDUAL,2021-05-31,Ankara,İç Anadolu,0,PHONE,ORGANIC,Customer_006871,1,,SYNTHETIC,1.3.0,42,
C006872,WS0004,INDIVIDUAL,2022-03-17,Bursa,Marmara,0,WHATSAPP,WALK_IN,Customer_006872,1,,SYNTHETIC,1.3.0,42,
C006873,WS0004,INDIVIDUAL,2021-05-03,Bursa,Marmara,0,WHATSAPP,SOCIAL_MEDIA,Customer_006873,1,,SYNTHETIC,1.3.0,42,
C006874,WS0006,INDIVIDUAL,2023-05-16,Konya,İç Anadolu,0,PHONE,ORGANIC,Customer_006874,1,,SYNTHETIC,1.3.0,42,
C006875,WS0007,INDIVIDUAL,2023-08-29,Adana,Akdeniz,0,PHONE,GOOGLE_MAPS,Customer_006875,1,,SYNTHETIC,1.3.0,42,
C006876,WS0008,INDIVIDUAL,2022-02-14,Gaziantep,Güneydoğu Anadolu,0,SMS,REFERRAL,Customer_006876,1,,SYNTHETIC,1.3.0,42,
C006877,WS0002,INDIVIDUAL,2022-04-09,Ankara,İç Anadolu,0,PHONE,REFERRAL,Customer_006877,1,,SYNTHETIC,1.3.0,42,
C006878,WS0005,INDIVIDUAL,2026-07-26,Antalya,Akdeniz,0,WHATSAPP,WALK_IN,Customer_006878,1,,SYNTHETIC,1.3.0,42,
C006879,WS0004,INDIVIDUAL,2021-01-13,Bursa,Marmara,0,WHATSAPP,GOOGLE_MAPS,Customer_006879,1,,SYNTHETIC,1.3.0,42,
C006880,WS0001,INDIVIDUAL,2023-04-23,İstanbul,Marmara,0,PHONE,ORGANIC,Customer_006880,1,,SYNTHETIC,1.3.0,42,
C006881,WS0003,INDIVIDUAL,2021-10-29,İzmir,Ege,0,WHATSAPP,SOCIAL_MEDIA,Customer_006881,1,,SYNTHETIC,1.3.0,42,
C006882,WS0005,INDIVIDUAL,2025-09-08,Antalya,Akdeniz,0,WHATSAPP,ORGANIC,Customer_006882,1,,SYNTHETIC,1.3.0,42,
C006883,WS0003,INDIVIDUAL,2022-11-09,İzmir,Ege,0,WHATSAPP,REFERRAL,Customer_006883,1,,SYNTHETIC,1.3.0,42,
C006884,WS0007,INDIVIDUAL,2026-07-02,Adana,Akdeniz,0,PHONE,ORGANIC,Customer_006884,1,,SYNTHETIC,1.3.0,42,
C006885,WS0010,INDIVIDUAL,2025-10-29,Eskişehir,İç Anadolu,0,WHATSAPP,WALK_IN,Customer_006885,0,2026-04-12,SYNTHETIC,1.3.0,42,
C006886,WS0002,COMMERCIAL,2021-07-23,Ankara,İç Anadolu,0,EMAIL,DIRECT_SALES,Customer_006886,1,,SYNTHETIC,1.3.0,42,
C006887,WS0004,INDIVIDUAL,2023-03-22,Bursa,Marmara,0,WHATSAPP,REFERRAL,Customer_006887,1,,SYNTHETIC,1.3.0,42,
C006888,WS0004,INDIVIDUAL,2022-07-13,Bursa,Marmara,0,WHATSAPP,REFERRAL,Customer_006888,1,,SYNTHETIC,1.3.0,42,
C006889,WS0007,INDIVIDUAL,2023-12-05,Adana,Akdeniz,0,WHATSAPP,SOCIAL_MEDIA,Customer_006889,1,,SYNTHETIC,1.3.0,42,
C006890,WS0007,INDIVIDUAL,2024-03-14,Adana,Akdeniz,0,WHATSAPP,GOOGLE_MAPS,Customer_006890,1,,SYNTHETIC,1.3.0,42,
C006891,WS0006,INDIVIDUAL,2021-08-21,Konya,İç Anadolu,0,WHATSAPP,WALK_IN,Customer_006891,1,,SYNTHETIC,1.3.0,42,
C006892,WS0003,INDIVIDUAL,2021-03-27,İzmir,Ege,0,SMS,ORGANIC,Customer_006892,1,,SYNTHETIC,1.3.0,42,
C006893,WS0005,INDIVIDUAL,2022-03-28,Antalya,Akdeniz,0,SMS,REFERRAL,Customer_006893,1,,SYNTHETIC,1.3.0,42,
C006894,WS0004,INDIVIDUAL,2025-04-01,Bursa,Marmara,0,WHATSAPP,ORGANIC,Customer_006894,1,,SYNTHETIC,1.3.0,42,
C006895,WS0003,COMMERCIAL,2025-05-29,İzmir,Ege,0,PHONE,REFERRAL,Customer_006895,1,,SYNTHETIC,1.3.0,42,
C006896,WS0002,INDIVIDUAL,2025-07-16,Ankara,İç Anadolu,0,PHONE,SOCIAL_MEDIA,Customer_006896,1,,SYNTHETIC,1.3.0,42,
C006897,WS0005,INDIVIDUAL,2023-11-25,Antalya,Akdeniz,0,WHATSAPP,WALK_IN,Customer_006897,1,,SYNTHETIC,1.3.0,42,
C006898,WS0001,INDIVIDUAL,2024-09-05,İstanbul,Marmara,0,SMS,ORGANIC,Customer_006898,1,,SYNTHETIC,1.3.0,42,
C006899,WS0010,INDIVIDUAL,2023-10-28,Eskişehir,İç Anadolu,0,WHATSAPP,ORGANIC,Customer_006899,1,,SYNTHETIC,1.3.0,42,
C006900,WS0009,INDIVIDUAL,2023-01-31,Samsun,Karadeniz,0,WHATSAPP,REFERRAL,Customer_006900,1,,SYNTHETIC,1.3.0,42,
C006901,WS0008,FLEET,2025-10-16,Gaziantep,Güneydoğu Anadolu,1,WHATSAPP,REFERRAL,Customer_006901,1,,SYNTHETIC,1.3.0,42,
C006902,WS0008,FLEET,2021-10-22,Gaziantep,Güneydoğu Anadolu,1,WHATSAPP,FLEET_PARTNERSHIP,Customer_006902,0,2025-05-31,SYNTHETIC,1.3.0,42,
C006903,WS0001,INDIVIDUAL,2021-07-30,İstanbul,Marmara,0,WHATSAPP,WALK_IN,Customer_006903,1,,SYNTHETIC,1.3.0,42,
C006904,WS0006,INDIVIDUAL,2024-07-25,Konya,İç Anadolu,0,WHATSAPP,GOOGLE_MAPS,Customer_006904,1,,SYNTHETIC,1.3.0,42,
C006905,WS0004,INDIVIDUAL,2021-07-04,Bursa,Marmara,0,WHATSAPP,GOOGLE_MAPS,Customer_006905,1,,SYNTHETIC,1.3.0,42,
C006906,WS0003,INDIVIDUAL,2025-04-30,İzmir,Ege,0,EMAIL,SOCIAL_MEDIA,Customer_006906,1,,SYNTHETIC,1.3.0,42,
C006907,WS0003,INDIVIDUAL,2022-08-30,İzmir,Ege,0,PHONE,REFERRAL,Customer_006907,1,,SYNTHETIC,1.3.0,42,
C006908,WS0009,INDIVIDUAL,2026-07-23,Samsun,Karadeniz,0,WHATSAPP,REFERRAL,Customer_006908,1,,SYNTHETIC,1.3.0,42,
C006909,WS0010,INDIVIDUAL,2024-10-09,Eskişehir,İç Anadolu,0,PHONE,ORGANIC,Customer_006909,1,,SYNTHETIC,1.3.0,42,
C006910,WS0002,INDIVIDUAL,2021-10-05,Ankara,İç Anadolu,0,WHATSAPP,WALK_IN,Customer_006910,1,,SYNTHETIC,1.3.0,42,
C006911,WS0006,INDIVIDUAL,2024-05-18,Konya,İç Anadolu,0,SMS,REFERRAL,Customer_006911,1,,SYNTHETIC,1.3.0,42,
C006912,WS0010,INDIVIDUAL,2024-06-22,Eskişehir,İç Anadolu,0,SMS,REFERRAL,Customer_006912,1,,SYNTHETIC,1.3.0,42,
C006913,WS0001,INDIVIDUAL,2024-02-21,İstanbul,Marmara,0,WHATSAPP,REFERRAL,Customer_006913,1,,SYNTHETIC,1.3.0,42,
C006914,WS0006,INDIVIDUAL,2025-04-21,Konya,İç Anadolu,0,WHATSAPP,ORGANIC,Customer_006914,1,,SYNTHETIC,1.3.0,42,
C006915,WS0001,INDIVIDUAL,2026-06-05,İstanbul,Marmara,0,WHATSAPP,REFERRAL,Customer_006915,1,,SYNTHETIC,1.3.0,42,
C006916,WS0010,INDIVIDUAL,2021-03-11,Eskişehir,İç Anadolu,0,EMAIL,SOCIAL_MEDIA,Customer_006916,1,,SYNTHETIC,1.3.0,42,
C006917,WS0010,INDIVIDUAL,2021-04-12,Eskişehir,İç Anadolu,0,WHATSAPP,WALK_IN,Customer_006917,1,,SYNTHETIC,1.3.0,42,
C006918,WS0005,INDIVIDUAL,2024-06-16,Antalya,Akdeniz,0,EMAIL,REFERRAL,Customer_006918,1,,SYNTHETIC,1.3.0,42,
C006919,WS0004,INDIVIDUAL,2024-12-22,Bursa,Marmara,0,WHATSAPP,ORGANIC,Customer_006919,1,,SYNTHETIC,1.3.0,42,
C006920,WS0009,INDIVIDUAL,2026-04-20,Samsun,Karadeniz,0,WHATSAPP,REFERRAL,Customer_006920,1,,SYNTHETIC,1.3.0,42,
C006921,WS0002,INDIVIDUAL,2022-07-24,Ankara,İç Anadolu,0,WHATSAPP,ORGANIC,Customer_006921,1,,SYNTHETIC,1.3.0,42,
C006922,WS0003,INDIVIDUAL,2026-02-04,İzmir,Ege,0,EMAIL,ORGANIC,Customer_006922,1,,SYNTHETIC,1.3.0,42,
C006923,WS0008,INDIVIDUAL,2023-05-06,Gaziantep,Güneydoğu Anadolu,0,WHATSAPP,REFERRAL,Customer_006923,1,,SYNTHETIC,1.3.0,42,
C006924,WS0001,INDIVIDUAL,2025-05-01,İstanbul,Marmara,0,WHATSAPP,REFERRAL,Customer_006924,0,2025-12-01,SYNTHETIC,1.3.0,42,
C006925,WS0005,INDIVIDUAL,2022-03-10,Antalya,Akdeniz,0,WHATSAPP,ORGANIC,Customer_006925,1,,SYNTHETIC,1.3.0,42,
C006926,WS0007,INDIVIDUAL,2023-07-27,Adana,Akdeniz,0,WHATSAPP,GOOGLE_MAPS,Customer_006926,1,,SYNTHETIC,1.3.0,42,
C006927,WS0007,FLEET,2021-08-15,Adana,Akdeniz,1,WHATSAPP,REFERRAL,Customer_006927,1,,SYNTHETIC,1.3.0,42,
C006928,WS0005,INDIVIDUAL,2021-04-02,Antalya,Akdeniz,0,WHATSAPP,GOOGLE_MAPS,Customer_006928,1,,SYNTHETIC,1.3.0,42,
C006929,WS0003,INDIVIDUAL,2022-06-30,İzmir,Ege,0,WHATSAPP,ORGANIC,Customer_006929,0,2024-09-16,SYNTHETIC,1.3.0,42,
C006930,WS0009,INDIVIDUAL,2022-06-15,Samsun,Karadeniz,0,EMAIL,WALK_IN,Customer_006930,1,,SYNTHETIC,1.3.0,42,
C006931,WS0004,INDIVIDUAL,2023-09-16,Bursa,Marmara,0,WHATSAPP,WALK_IN,Customer_006931,1,,SYNTHETIC,1.3.0,42,
C006932,WS0003,INDIVIDUAL,2023-09-05,İzmir,Ege,0,PHONE,GOOGLE_MAPS,Customer_006932,1,,SYNTHETIC,1.3.0,42,
C006933,WS0010,INDIVIDUAL,2023-02-16,Eskişehir,İç Anadolu,0,PHONE,WALK_IN,Customer_006933,0,2023-08-28,SYNTHETIC,1.3.0,42,
C006934,WS0003,INDIVIDUAL,2023-11-13,İzmir,Ege,0,WHATSAPP,GOOGLE_MAPS,Customer_006934,1,,SYNTHETIC,1.3.0,42,
C006935,WS0008,INDIVIDUAL,2023-05-19,Gaziantep,Güneydoğu Anadolu,0,EMAIL,ORGANIC,Customer_006935,0,2026-02-19,SYNTHETIC,1.3.0,42,
C006936,WS0005,COMMERCIAL,2022-10-07,Antalya,Akdeniz,0,WHATSAPP,FLEET_PARTNERSHIP,Customer_006936,1,,SYNTHETIC,1.3.0,42,
C006937,WS0003,INDIVIDUAL,2025-02-13,İzmir,Ege,0,WHATSAPP,GOOGLE_MAPS,Customer_006937,1,,SYNTHETIC,1.3.0,42,
C006938,WS0003,INDIVIDUAL,2023-09-03,İzmir,Ege,0,WHATSAPP,ORGANIC,Customer_006938,1,,SYNTHETIC,1.3.0,42,
C006939,WS0005,INDIVIDUAL,2022-04-17,Antalya,Akdeniz,0,WHATSAPP,GOOGLE_MAPS,Customer_006939,1,,SYNTHETIC,1.3.0,42,
C006940,WS0005,INDIVIDUAL,2024-03-04,Antalya,Akdeniz,0,WHATSAPP,GOOGLE_MAPS,Customer_006940,1,,SYNTHETIC,1.3.0,42,
C006941,WS0001,INDIVIDUAL,2024-07-05,İstanbul,Marmara,0,WHATSAPP,GOOGLE_MAPS,Customer_006941,0,2026-07-11,SYNTHETIC,1.3.0,42,
C006942,WS0008,INDIVIDUAL,2024-07-14,Gaziantep,Güneydoğu Anadolu,0,PHONE,REFERRAL,Customer_006942,1,,SYNTHETIC,1.3.0,42,
C006943,WS0005,INDIVIDUAL,2023-02-10,Antalya,Akdeniz,0,WHATSAPP,REFERRAL,Customer_006943,1,,SYNTHETIC,1.3.0,42,
C006944,WS0004,INDIVIDUAL,2021-11-02,Bursa,Marmara,0,WHATSAPP,REFERRAL,Customer_006944,1,,SYNTHETIC,1.3.0,42,
C006945,WS0001,INDIVIDUAL,2025-11-25,İstanbul,Marmara,0,WHATSAPP,SOCIAL_MEDIA,Customer_006945,1,,SYNTHETIC,1.3.0,42,
C006946,WS0010,INDIVIDUAL,2024-01-30,Eskişehir,İç Anadolu,0,WHATSAPP,SOCIAL_MEDIA,Customer_006946,1,,SYNTHETIC,1.3.0,42,
C006947,WS0001,INDIVIDUAL,2023-12-27,İstanbul,Marmara,0,PHONE,WALK_IN,Customer_006947,1,,SYNTHETIC,1.3.0,42,
C006948,WS0009,INDIVIDUAL,2022-01-31,Samsun,Karadeniz,0,WHATSAPP,REFERRAL,Customer_006948,1,,SYNTHETIC,1.3.0,42,
C006949,WS0010,INDIVIDUAL,2022-12-22,Eskişehir,İç Anadolu,0,SMS,SOCIAL_MEDIA,Customer_006949,1,,SYNTHETIC,1.3.0,42,
C006950,WS0006,INDIVIDUAL,2023-06-26,Konya,İç Anadolu,0,WHATSAPP,REFERRAL,Customer_006950,1,,SYNTHETIC,1.3.0,42,
C006951,WS0001,INDIVIDUAL,2022-12-21,İstanbul,Marmara,0,SMS,ORGANIC,Customer_006951,1,,SYNTHETIC,1.3.0,42,
C006952,WS0006,INDIVIDUAL,2026-02-12,Konya,İç Anadolu,0,PHONE,ORGANIC,Customer_006952,1,,SYNTHETIC,1.3.0,42,
C006953,WS0007,INDIVIDUAL,2021-09-10,Adana,Akdeniz,0,PHONE,ORGANIC,Customer_006953,0,2024-01-11,SYNTHETIC,1.3.0,42,
C006954,WS0008,INDIVIDUAL,2024-04-22,Gaziantep,Güneydoğu Anadolu,0,WHATSAPP,WALK_IN,Customer_006954,1,,SYNTHETIC,1.3.0,42,
C006955,WS0007,INDIVIDUAL,2026-07-22,Adana,Akdeniz,0,WHATSAPP,SOCIAL_MEDIA,Customer_006955,1,,SYNTHETIC,1.3.0,42,
C006956,WS0007,INDIVIDUAL,2021-01-22,Adana,Akdeniz,0,PHONE,ORGANIC,Customer_006956,1,,SYNTHETIC,1.3.0,42,
C006957,WS0010,INDIVIDUAL,2024-05-28,Eskişehir,İç Anadolu,0,EMAIL,REFERRAL,Customer_006957,1,,SYNTHETIC,1.3.0,42,
C006958,WS0001,INDIVIDUAL,2021-07-12,İstanbul,Marmara,0,SMS,ORGANIC,Customer_006958,1,,SYNTHETIC,1.3.0,42,
C006959,WS0010,INDIVIDUAL,2024-05-03,Eskişehir,İç Anadolu,0,WHATSAPP,ORGANIC,Customer_006959,1,,SYNTHETIC,1.3.0,42,
C006960,WS0007,INDIVIDUAL,2024-10-23,Adana,Akdeniz,0,WHATSAPP,WALK_IN,Customer_006960,1,,SYNTHETIC,1.3.0,42,
C006961,WS0010,INDIVIDUAL,2022-12-15,Eskişehir,İç Anadolu,0,SMS,GOOGLE_MAPS,Customer_006961,1,,SYNTHETIC,1.3.0,42,
C006962,WS0010,INDIVIDUAL,2026-04-05,Eskişehir,İç Anadolu,0,WHATSAPP,REFERRAL,Customer_006962,1,,SYNTHETIC,1.3.0,42,
C006963,WS0007,INDIVIDUAL,2026-07-22,Adana,Akdeniz,0,WHATSAPP,GOOGLE_MAPS,Customer_006963,1,,SYNTHETIC,1.3.0,42,
C006964,WS0007,INDIVIDUAL,2022-10-20,Adana,Akdeniz,0,WHATSAPP,GOOGLE_MAPS,Customer_006964,1,,SYNTHETIC,1.3.0,42,
C006965,WS0008,INDIVIDUAL,2022-11-01,Gaziantep,Güneydoğu Anadolu,0,WHATSAPP,REFERRAL,Customer_006965,1,,SYNTHETIC,1.3.0,42,
C006966,WS0009,INDIVIDUAL,2022-07-08,Samsun,Karadeniz,0,SMS,WALK_IN,Customer_006966,0,2023-04-01,SYNTHETIC,1.3.0,42,
C006967,WS0009,COMMERCIAL,2024-06-19,Samsun,Karadeniz,0,WHATSAPP,DIRECT_SALES,Customer_006967,1,,SYNTHETIC,1.3.0,42,
C006968,WS0010,COMMERCIAL,2026-07-14,Eskişehir,İç Anadolu,0,EMAIL,FLEET_PARTNERSHIP,Customer_006968,0,2026-08-25,SYNTHETIC,1.3.0,42,
C006969,WS0008,INDIVIDUAL,2024-12-05,Gaziantep,Güneydoğu Anadolu,0,SMS,GOOGLE_MAPS,Customer_006969,1,,SYNTHETIC,1.3.0,42,
C006970,WS0008,INDIVIDUAL,2026-04-29,Gaziantep,Güneydoğu Anadolu,0,EMAIL,ORGANIC,Customer_006970,1,,SYNTHETIC,1.3.0,42,
C006971,WS0007,INDIVIDUAL,2026-04-21,Adana,Akdeniz,0,EMAIL,WALK_IN,Customer_006971,0,2026-07-23,SYNTHETIC,1.3.0,42,
C006972,WS0008,FLEET,2021-06-26,Gaziantep,Güneydoğu Anadolu,1,EMAIL,DIRECT_SALES,Customer_006972,1,,SYNTHETIC,1.3.0,42,
C006973,WS0010,INDIVIDUAL,2022-02-06,Eskişehir,İç Anadolu,0,WHATSAPP,REFERRAL,Customer_006973,1,,SYNTHETIC,1.3.0,42,
C006974,WS0001,COMMERCIAL,2022-04-13,İstanbul,Marmara,0,PHONE,ORGANIC,Customer_006974,1,,SYNTHETIC,1.3.0,42,
C006975,WS0002,INDIVIDUAL,2024-03-28,Ankara,İç Anadolu,0,PHONE,WALK_IN,Customer_006975,1,,SYNTHETIC,1.3.0,42,
C006976,WS0008,FLEET,2021-04-22,Gaziantep,Güneydoğu Anadolu,1,PHONE,FLEET_PARTNERSHIP,Customer_006976,1,,SYNTHETIC,1.3.0,42,
C006977,WS0010,INDIVIDUAL,2021-07-13,Eskişehir,İç Anadolu,0,PHONE,ORGANIC,Customer_006977,1,,SYNTHETIC,1.3.0,42,
C006978,WS0010,INDIVIDUAL,2023-10-28,Eskişehir,İç Anadolu,0,WHATSAPP,REFERRAL,Customer_006978,1,,SYNTHETIC,1.3.0,42,
C006979,WS0004,INDIVIDUAL,2021-04-13,Bursa,Marmara,0,WHATSAPP,WALK_IN,Customer_006979,1,,SYNTHETIC,1.3.0,42,
C006980,WS0008,INDIVIDUAL,2022-03-05,Gaziantep,Güneydoğu Anadolu,0,PHONE,GOOGLE_MAPS,Customer_006980,1,,SYNTHETIC,1.3.0,42,
C006981,WS0008,INDIVIDUAL,2025-06-10,Gaziantep,Güneydoğu Anadolu,0,WHATSAPP,ORGANIC,Customer_006981,1,,SYNTHETIC,1.3.0,42,
C006982,WS0003,INDIVIDUAL,2022-07-16,İzmir,Ege,0,WHATSAPP,REFERRAL,Customer_006982,1,,SYNTHETIC,1.3.0,42,
C006983,WS0005,INDIVIDUAL,2025-10-12,Antalya,Akdeniz,0,WHATSAPP,REFERRAL,Customer_006983,1,,SYNTHETIC,1.3.0,42,
C006984,WS0002,COMMERCIAL,2021-07-04,Ankara,İç Anadolu,0,EMAIL,FLEET_PARTNERSHIP,Customer_006984,1,,SYNTHETIC,1.3.0,42,
C006985,WS0007,INDIVIDUAL,2021-03-03,Adana,Akdeniz,0,SMS,REFERRAL,Customer_006985,1,,SYNTHETIC,1.3.0,42,
C006986,WS0005,COMMERCIAL,2021-03-11,Antalya,Akdeniz,0,EMAIL,DIRECT_SALES,Customer_006986,1,,SYNTHETIC,1.3.0,42,
C006987,WS0007,INDIVIDUAL,2023-11-08,Adana,Akdeniz,0,PHONE,SOCIAL_MEDIA,Customer_006987,1,,SYNTHETIC,1.3.0,42,
C006988,WS0010,INDIVIDUAL,2024-09-29,Eskişehir,İç Anadolu,0,EMAIL,WALK_IN,Customer_006988,1,,SYNTHETIC,1.3.0,42,
C006989,WS0008,INDIVIDUAL,2026-06-16,Gaziantep,Güneydoğu Anadolu,0,SMS,GOOGLE_MAPS,Customer_006989,0,2026-08-25,SYNTHETIC,1.3.0,42,
C006990,WS0005,INDIVIDUAL,2023-12-07,Antalya,Akdeniz,0,WHATSAPP,WALK_IN,Customer_006990,1,,SYNTHETIC,1.3.0,42,
C006991,WS0010,INDIVIDUAL,2021-05-02,Eskişehir,İç Anadolu,0,WHATSAPP,SOCIAL_MEDIA,Customer_006991,0,2022-05-18,SYNTHETIC,1.3.0,42,
C006992,WS0003,INDIVIDUAL,2024-06-02,İzmir,Ege,0,WHATSAPP,REFERRAL,Customer_006992,0,2024-09-28,SYNTHETIC,1.3.0,42,
C006993,WS0008,FLEET,2021-07-18,Gaziantep,Güneydoğu Anadolu,1,WHATSAPP,DIRECT_SALES,Customer_006993,1,,SYNTHETIC,1.3.0,42,
C006994,WS0002,INDIVIDUAL,2023-02-24,Ankara,İç Anadolu,0,PHONE,GOOGLE_MAPS,Customer_006994,1,,SYNTHETIC,1.3.0,42,
C006995,WS0007,INDIVIDUAL,2021-05-20,Adana,Akdeniz,0,SMS,WALK_IN,Customer_006995,1,,SYNTHETIC,1.3.0,42,
C006996,WS0005,COMMERCIAL,2024-12-25,Antalya,Akdeniz,0,PHONE,REFERRAL,Customer_006996,1,,SYNTHETIC,1.3.0,42,
C006997,WS0008,INDIVIDUAL,2023-01-14,Gaziantep,Güneydoğu Anadolu,0,WHATSAPP,WALK_IN,Customer_006997,1,,SYNTHETIC,1.3.0,42,
C006998,WS0007,INDIVIDUAL,2023-10-11,Adana,Akdeniz,0,PHONE,ORGANIC,Customer_006998,1,,SYNTHETIC,1.3.0,42,
C006999,WS0008,COMMERCIAL,2026-03-19,Gaziantep,Güneydoğu Anadolu,0,PHONE,DIRECT_SALES,Customer_006999,0,2026-07-27,SYNTHETIC,1.3.0,42,
C007000,WS0007,INDIVIDUAL,2021-08-21,Adana,Akdeniz,0,WHATSAPP,ORGANIC,Customer_007000,1,,SYNTHETIC,1.3.0,42,
