policy_id,scope_type,model_id,policy_group,task_code,policy_kind,initial_trigger_km,recurring_km,initial_trigger_months,recurring_months,trigger_mode,severe_use_multiplier,courier_multiplier,offroad_multiplier,dusty_environment_multiplier,wear_mean_km,wear_sd_km,wear_min_km,wear_max_km,precedence,evidence_level,source_authority,source_model_or_family,source_url,source_page_or_note,confidence,is_manufacturer_exact_interval,is_generator_active,policy_version,notes
POL0001,GROUP,,EV_HUB_MOTOR,EV_TRACTION_BATTERY_HEALTH_CHECK,SCHEDULED,,12000.0,,12.0,WHICHEVER_FIRST,1.0,1.0,1.0,1.0,,,,,10,SIMULATION_PRIOR,RideBase simulation prior,,,,LOW,0,1,1.1.0,Simulation cadence only; not claimed as manufacturer exact.
POL0002,GROUP,,EV_HUB_MOTOR,EV_CHARGING_PORT_INSPECTION,SCHEDULED,,6000.0,,12.0,WHICHEVER_FIRST,1.0,1.0,1.0,1.0,,,,,10,SIMULATION_PRIOR,RideBase simulation prior,,,,LOW,0,1,1.1.0,
POL0003,GROUP,,EV_HUB_MOTOR,EV_HIGH_VOLTAGE_SYSTEM_INSPECTION,SCHEDULED,,12000.0,,12.0,WHICHEVER_FIRST,1.0,1.0,1.0,1.0,,,,,10,SIMULATION_PRIOR,RideBase simulation prior,,,,LOW,0,1,1.1.0,
POL0004,GROUP,,EV_HUB_MOTOR,EV_DRIVE_MOTOR_DIAGNOSTIC,CONDITION_BASED,,,,,CONDITION_ONLY,1.0,1.0,1.0,1.0,,,,,10,SIMULATION_PRIOR,RideBase simulation prior,,,,LOW,0,1,1.1.0,
POL0005,GROUP,,EV_HUB_MOTOR,GENERAL_SAFETY_INSPECTION,SCHEDULED,,6000.0,,12.0,WHICHEVER_FIRST,1.0,1.0,1.0,1.0,,,,,10,SIMULATION_BACKOFF,RideBase engineering backoff,,,,MEDIUM,0,1,1.1.0,
POL0006,GROUP,,EV_HUB_MOTOR,FRONT_BRAKE_PAD_INSPECTION,SCHEDULED,,6000.0,,12.0,WHICHEVER_FIRST,1.0,1.0,1.0,1.0,,,,,10,SIMULATION_BACKOFF,RideBase engineering backoff,,,,MEDIUM,0,1,1.1.0,
POL0007,GROUP,,EV_HUB_MOTOR,REAR_BRAKE_PAD_INSPECTION,SCHEDULED,,6000.0,,12.0,WHICHEVER_FIRST,1.0,1.0,1.0,1.0,,,,,10,SIMULATION_BACKOFF,RideBase engineering backoff,,,,MEDIUM,0,1,1.1.0,
POL0008,GROUP,,EV_HUB_MOTOR,FRONT_TIRE_INSPECTION,SCHEDULED,,6000.0,,12.0,WHICHEVER_FIRST,1.0,1.0,1.0,1.0,,,,,10,SIMULATION_BACKOFF,RideBase engineering backoff,,,,MEDIUM,0,1,1.1.0,
POL0009,GROUP,,EV_HUB_MOTOR,REAR_TIRE_INSPECTION,SCHEDULED,,6000.0,,12.0,WHICHEVER_FIRST,1.0,1.0,1.0,1.0,,,,,10,SIMULATION_BACKOFF,RideBase engineering backoff,,,,MEDIUM,0,1,1.1.0,
POL0010,GROUP,,EV_HUB_MOTOR,BRAKE_FLUID_CHANGE,SCHEDULED,,,,24.0,TIME_ONLY,1.0,1.0,1.0,1.0,,,,,10,REPRESENTATIVE_BACKOFF,Honda/KYMCO representative schedules,,https://www.honda.com.tr/assets/files/Bx6KmWpQrT1715073681294.pdf,PCX schedule lists brake fluid replacement every 2 years.,MEDIUM,0,1,1.1.0,
POL0011,GROUP,,EV_HUB_MOTOR,FRONT_TIRE_CHANGE,WEAR_BASED,,,,,CONDITION_ONLY,1.0,1.0,1.0,1.0,18000.0,5000.0,8000.0,35000.0,10,SIMULATION_PRIOR,RideBase simulation prior,,,,LOW,0,1,1.1.0,
POL0012,GROUP,,EV_HUB_MOTOR,REAR_TIRE_CHANGE,WEAR_BASED,,,,,CONDITION_ONLY,1.0,1.0,1.0,1.0,14000.0,4500.0,6000.0,30000.0,10,SIMULATION_PRIOR,RideBase simulation prior,,,,LOW,0,1,1.1.0,
POL0013,GROUP,,ICE_125_AIR_BELT,ENGINE_OIL_CHANGE,SCHEDULED,1000.0,5000.0,,12.0,WHICHEVER_FIRST,0.8,0.75,0.8,1.0,,,,,10,REPRESENTATIVE_BACKOFF,Official manufacturer maintenance manual(s),KYMCO X-Town CT family representative architecture,https://www.kymco.com.tr/upi/pdf/x-town-ct-250.pdf?v=we1,Architecture-derived backoff; not model-exact.,MEDIUM,0,1,1.1.0,
POL0014,GROUP,,ICE_125_AIR_BELT,AIR_FILTER_INSPECTION,SCHEDULED,,5000.0,,12.0,WHICHEVER_FIRST,0.75,0.85,0.6,0.5,,,,,10,REPRESENTATIVE_BACKOFF,Official manufacturer maintenance manual(s),KYMCO X-Town CT family representative architecture,https://www.kymco.com.tr/upi/pdf/x-town-ct-250.pdf?v=we1,,MEDIUM,0,1,1.1.0,
POL0015,GROUP,,ICE_125_AIR_BELT,AIR_FILTER_CHANGE,SCHEDULED,,10000.0,,24.0,WHICHEVER_FIRST,0.75,0.8,0.55,0.5,,,,,10,REPRESENTATIVE_BACKOFF,Official manufacturer maintenance manual(s),KYMCO X-Town CT family representative architecture,https://www.kymco.com.tr/upi/pdf/x-town-ct-250.pdf?v=we1,,MEDIUM,0,1,1.1.0,
POL0016,GROUP,,ICE_125_AIR_BELT,SPARK_PLUG_INSPECTION,SCHEDULED,,5000.0,,12.0,WHICHEVER_FIRST,1.0,1.0,1.0,1.0,,,,,10,REPRESENTATIVE_BACKOFF,Official manufacturer maintenance manual(s),KYMCO X-Town CT family representative architecture,https://www.kymco.com.tr/upi/pdf/x-town-ct-250.pdf?v=we1,,MEDIUM,0,1,1.1.0,
POL0017,GROUP,,ICE_125_AIR_BELT,SPARK_PLUG_CHANGE,SCHEDULED,,20000.0,,36.0,WHICHEVER_FIRST,1.0,1.0,1.0,1.0,,,,,10,REPRESENTATIVE_BACKOFF,Official manufacturer maintenance manual(s),KYMCO X-Town CT family representative architecture,https://www.kymco.com.tr/upi/pdf/x-town-ct-250.pdf?v=we1,,MEDIUM,0,1,1.1.0,
POL0018,GROUP,,ICE_125_AIR_BELT,VALVE_CLEARANCE_INSPECTION,SCHEDULED,,10000.0,,24.0,WHICHEVER_FIRST,1.0,1.0,1.0,1.0,,,,,10,REPRESENTATIVE_BACKOFF,Official manufacturer maintenance manual(s),KYMCO X-Town CT family representative architecture,https://www.kymco.com.tr/upi/pdf/x-town-ct-250.pdf?v=we1,,MEDIUM,0,1,1.1.0,
POL0019,GROUP,,ICE_125_AIR_BELT,BATTERY_TEST,SCHEDULED,,5000.0,,12.0,WHICHEVER_FIRST,1.0,1.0,1.0,1.0,,,,,10,SIMULATION_BACKOFF,RideBase engineering backoff,,,,MEDIUM,0,1,1.1.0,
POL0020,GROUP,,ICE_125_AIR_BELT,GENERAL_SAFETY_INSPECTION,SCHEDULED,,5000.0,,12.0,WHICHEVER_FIRST,1.0,1.0,1.0,1.0,,,,,10,SIMULATION_BACKOFF,RideBase engineering backoff,,,,MEDIUM,0,1,1.1.0,
POL0021,GROUP,,ICE_125_AIR_BELT,FRONT_BRAKE_PAD_INSPECTION,SCHEDULED,,5000.0,,12.0,WHICHEVER_FIRST,1.0,1.0,1.0,1.0,,,,,10,SIMULATION_BACKOFF,RideBase engineering backoff,,,,MEDIUM,0,1,1.1.0,
POL0022,GROUP,,ICE_125_AIR_BELT,REAR_BRAKE_PAD_INSPECTION,SCHEDULED,,5000.0,,12.0,WHICHEVER_FIRST,1.0,1.0,1.0,1.0,,,,,10,SIMULATION_BACKOFF,RideBase engineering backoff,,,,MEDIUM,0,1,1.1.0,
POL0023,GROUP,,ICE_125_AIR_BELT,BRAKE_FLUID_CHECK,SCHEDULED,,5000.0,,12.0,WHICHEVER_FIRST,1.0,1.0,1.0,1.0,,,,,10,SIMULATION_BACKOFF,RideBase engineering backoff,,,,MEDIUM,0,1,1.1.0,
POL0024,GROUP,,ICE_125_AIR_BELT,FRONT_TIRE_INSPECTION,SCHEDULED,,5000.0,,12.0,WHICHEVER_FIRST,1.0,1.0,1.0,1.0,,,,,10,SIMULATION_BACKOFF,RideBase engineering backoff,,,,MEDIUM,0,1,1.1.0,
POL0025,GROUP,,ICE_125_AIR_BELT,REAR_TIRE_INSPECTION,SCHEDULED,,5000.0,,12.0,WHICHEVER_FIRST,1.0,1.0,1.0,1.0,,,,,10,SIMULATION_BACKOFF,RideBase engineering backoff,,,,MEDIUM,0,1,1.1.0,
POL0026,GROUP,,ICE_125_AIR_BELT,FORK_INSPECTION,SCHEDULED,,5000.0,,12.0,WHICHEVER_FIRST,1.0,1.0,1.0,1.0,,,,,10,SIMULATION_BACKOFF,RideBase engineering backoff,,,,MEDIUM,0,1,1.1.0,
POL0027,GROUP,,ICE_125_AIR_BELT,STEERING_BEARING_INSPECTION,SCHEDULED,,5000.0,,12.0,WHICHEVER_FIRST,1.0,1.0,1.0,1.0,,,,,10,SIMULATION_BACKOFF,RideBase engineering backoff,,,,MEDIUM,0,1,1.1.0,
POL0028,GROUP,,ICE_125_AIR_BELT,WHEEL_BEARING_INSPECTION,SCHEDULED,,10000.0,,24.0,WHICHEVER_FIRST,1.0,1.0,1.0,1.0,,,,,10,SIMULATION_BACKOFF,RideBase engineering backoff,,,,MEDIUM,0,1,1.1.0,
POL0029,GROUP,,ICE_125_AIR_BELT,BRAKE_FLUID_CHANGE,SCHEDULED,,,,24.0,TIME_ONLY,1.0,1.0,1.0,1.0,,,,,10,REPRESENTATIVE_BACKOFF,Honda PCX125 representative schedule,Hydraulic brake system,https://www.honda.com.tr/assets/files/Bx6KmWpQrT1715073681294.pdf,PCX schedule explicitly lists brake fluid replacement every 2 years.,HIGH,0,1,1.1.0,
POL0030,GROUP,,ICE_125_AIR_BELT,FRONT_BRAKE_PAD_CHANGE,WEAR_BASED,,,,,CONDITION_ONLY,1.0,0.8,0.75,1.0,22000.0,7000.0,7000.0,45000.0,10,SIMULATION_PRIOR,RideBase simulation prior,,,,LOW,0,1,1.1.0,
POL0031,GROUP,,ICE_125_AIR_BELT,REAR_BRAKE_PAD_CHANGE,WEAR_BASED,,,,,CONDITION_ONLY,1.0,0.75,0.75,1.0,26000.0,8000.0,8000.0,55000.0,10,SIMULATION_PRIOR,RideBase simulation prior,,,,LOW,0,1,1.1.0,
POL0032,GROUP,,ICE_125_AIR_BELT,FRONT_TIRE_CHANGE,WEAR_BASED,,,,,CONDITION_ONLY,1.0,0.8,0.75,1.0,18000.0,5000.0,8000.0,35000.0,10,SIMULATION_PRIOR,RideBase simulation prior,,,,LOW,0,1,1.1.0,
POL0033,GROUP,,ICE_125_AIR_BELT,REAR_TIRE_CHANGE,WEAR_BASED,,,,,CONDITION_ONLY,1.0,0.75,0.75,1.0,14000.0,4500.0,6000.0,30000.0,10,SIMULATION_PRIOR,RideBase simulation prior,,,,LOW,0,1,1.1.0,
POL0034,GROUP,,ICE_125_AIR_BELT,BATTERY_CHANGE,WEAR_BASED,,,,36.0,CONDITION_ONLY,1.0,1.0,1.0,1.0,,,,,10,SIMULATION_PRIOR,RideBase simulation prior,,,,LOW,0,1,1.1.0,"36 months is a stochastic simulation center, not a manufacturer interval."
POL0035,GROUP,,ICE_125_AIR_BELT,CVT_CASE_INSPECTION,SCHEDULED,,5000.0,,12.0,WHICHEVER_FIRST,1.0,1.0,1.0,1.0,,,,,10,REPRESENTATIVE_BACKOFF,KYMCO X-Town CT family manual,CVT scooter representative,https://www.kymco.com.tr/upi/pdf/x-town-ct-250.pdf?v=we1,,MEDIUM,0,1,1.1.0,
POL0036,GROUP,,ICE_125_AIR_BELT,CVT_BELT_INSPECTION,SCHEDULED,,10000.0,,12.0,WHICHEVER_FIRST,1.0,1.0,1.0,1.0,,,,,10,REPRESENTATIVE_BACKOFF,KYMCO/Honda scooter schedules,CVT scooter representative,https://www.kymco.com.tr/upi/pdf/x-town-ct-250.pdf?v=we1,,MEDIUM,0,1,1.1.0,
POL0037,GROUP,,ICE_125_AIR_BELT,CVT_BELT_CHANGE,SCHEDULED,,20000.0,,36.0,WHICHEVER_FIRST,1.0,1.0,1.0,1.0,,,,,10,REPRESENTATIVE_BACKOFF,KYMCO X-Town CT family manual,CVT scooter representative,https://www.kymco.com.tr/upi/pdf/x-town-ct-250.pdf?v=we1,"Representative table shows belt inspections and replacement around 20,000 km.",MEDIUM,0,1,1.1.0,
POL0038,GROUP,,ICE_125_AIR_BELT,CVT_ROLLER_INSPECTION,SCHEDULED,,10000.0,,12.0,WHICHEVER_FIRST,1.0,1.0,1.0,1.0,,,,,10,SIMULATION_BACKOFF,RideBase CVT architecture backoff,,https://www.honda.com.tr/assets/files/Bx6KmWpQrT1715073681294.pdf,,LOW,0,1,1.1.0,
POL0039,GROUP,,ICE_125_AIR_BELT,CVT_ROLLER_CHANGE,WEAR_BASED,,,,,CONDITION_ONLY,1.0,1.0,1.0,1.0,22000.0,5000.0,12000.0,35000.0,10,SIMULATION_PRIOR,RideBase simulation prior,,,,LOW,0,1,1.1.0,
POL0040,GROUP,,ICE_125_AIR_BELT,FINAL_GEAR_OIL_CHANGE,SCHEDULED,,10000.0,,24.0,WHICHEVER_FIRST,1.0,1.0,1.0,1.0,,,,,10,SIMULATION_BACKOFF,Honda PCX/KYMCO representative schedules,CVT scooter architecture backoff,https://www.honda.com.tr/assets/files/Bx6KmWpQrT1715073681294.pdf,PCX explicitly has 2-year reduction-oil replacement; km cadence is a simulation backoff.,LOW,0,1,1.1.0,
POL0041,GROUP,,ICE_125_AIR_CHAIN,ENGINE_OIL_CHANGE,SCHEDULED,1000.0,5000.0,,12.0,WHICHEVER_FIRST,0.8,0.75,0.8,1.0,,,,,10,REPRESENTATIVE_BACKOFF,Official manufacturer maintenance manual(s),Bajaj NS200 UG2 representative chain schedule,https://bajajturkiye.com.tr/wp-content/uploads/2025/04/NS200UG2-Kullanim-Kilavuzu.pdf,Architecture-derived backoff; not model-exact.,MEDIUM,0,1,1.1.0,
POL0042,GROUP,,ICE_125_AIR_CHAIN,AIR_FILTER_INSPECTION,SCHEDULED,,5000.0,,12.0,WHICHEVER_FIRST,0.75,0.85,0.6,0.5,,,,,10,REPRESENTATIVE_BACKOFF,Official manufacturer maintenance manual(s),Bajaj NS200 UG2 representative chain schedule,https://bajajturkiye.com.tr/wp-content/uploads/2025/04/NS200UG2-Kullanim-Kilavuzu.pdf,,MEDIUM,0,1,1.1.0,
POL0043,GROUP,,ICE_125_AIR_CHAIN,AIR_FILTER_CHANGE,SCHEDULED,,10000.0,,24.0,WHICHEVER_FIRST,0.75,0.8,0.55,0.5,,,,,10,REPRESENTATIVE_BACKOFF,Official manufacturer maintenance manual(s),Bajaj NS200 UG2 representative chain schedule,https://bajajturkiye.com.tr/wp-content/uploads/2025/04/NS200UG2-Kullanim-Kilavuzu.pdf,,MEDIUM,0,1,1.1.0,
POL0044,GROUP,,ICE_125_AIR_CHAIN,SPARK_PLUG_INSPECTION,SCHEDULED,,5000.0,,12.0,WHICHEVER_FIRST,1.0,1.0,1.0,1.0,,,,,10,REPRESENTATIVE_BACKOFF,Official manufacturer maintenance manual(s),Bajaj NS200 UG2 representative chain schedule,https://bajajturkiye.com.tr/wp-content/uploads/2025/04/NS200UG2-Kullanim-Kilavuzu.pdf,,MEDIUM,0,1,1.1.0,
POL0045,GROUP,,ICE_125_AIR_CHAIN,SPARK_PLUG_CHANGE,SCHEDULED,,20000.0,,36.0,WHICHEVER_FIRST,1.0,1.0,1.0,1.0,,,,,10,REPRESENTATIVE_BACKOFF,Official manufacturer maintenance manual(s),Bajaj NS200 UG2 representative chain schedule,https://bajajturkiye.com.tr/wp-content/uploads/2025/04/NS200UG2-Kullanim-Kilavuzu.pdf,,MEDIUM,0,1,1.1.0,
POL0046,GROUP,,ICE_125_AIR_CHAIN,VALVE_CLEARANCE_INSPECTION,SCHEDULED,,10000.0,,24.0,WHICHEVER_FIRST,1.0,1.0,1.0,1.0,,,,,10,REPRESENTATIVE_BACKOFF,Official manufacturer maintenance manual(s),Bajaj NS200 UG2 representative chain schedule,https://bajajturkiye.com.tr/wp-content/uploads/2025/04/NS200UG2-Kullanim-Kilavuzu.pdf,,MEDIUM,0,1,1.1.0,
POL0047,GROUP,,ICE_125_AIR_CHAIN,BATTERY_TEST,SCHEDULED,,5000.0,,12.0,WHICHEVER_FIRST,1.0,1.0,1.0,1.0,,,,,10,SIMULATION_BACKOFF,RideBase engineering backoff,,,,MEDIUM,0,1,1.1.0,
POL0048,GROUP,,ICE_125_AIR_CHAIN,GENERAL_SAFETY_INSPECTION,SCHEDULED,,5000.0,,12.0,WHICHEVER_FIRST,1.0,1.0,1.0,1.0,,,,,10,SIMULATION_BACKOFF,RideBase engineering backoff,,,,MEDIUM,0,1,1.1.0,
POL0049,GROUP,,ICE_125_AIR_CHAIN,FRONT_BRAKE_PAD_INSPECTION,SCHEDULED,,5000.0,,12.0,WHICHEVER_FIRST,1.0,1.0,1.0,1.0,,,,,10,SIMULATION_BACKOFF,RideBase engineering backoff,,,,MEDIUM,0,1,1.1.0,
POL0050,GROUP,,ICE_125_AIR_CHAIN,REAR_BRAKE_PAD_INSPECTION,SCHEDULED,,5000.0,,12.0,WHICHEVER_FIRST,1.0,1.0,1.0,1.0,,,,,10,SIMULATION_BACKOFF,RideBase engineering backoff,,,,MEDIUM,0,1,1.1.0,
POL0051,GROUP,,ICE_125_AIR_CHAIN,BRAKE_FLUID_CHECK,SCHEDULED,,5000.0,,12.0,WHICHEVER_FIRST,1.0,1.0,1.0,1.0,,,,,10,SIMULATION_BACKOFF,RideBase engineering backoff,,,,MEDIUM,0,1,1.1.0,
POL0052,GROUP,,ICE_125_AIR_CHAIN,FRONT_TIRE_INSPECTION,SCHEDULED,,5000.0,,12.0,WHICHEVER_FIRST,1.0,1.0,1.0,1.0,,,,,10,SIMULATION_BACKOFF,RideBase engineering backoff,,,,MEDIUM,0,1,1.1.0,
POL0053,GROUP,,ICE_125_AIR_CHAIN,REAR_TIRE_INSPECTION,SCHEDULED,,5000.0,,12.0,WHICHEVER_FIRST,1.0,1.0,1.0,1.0,,,,,10,SIMULATION_BACKOFF,RideBase engineering backoff,,,,MEDIUM,0,1,1.1.0,
POL0054,GROUP,,ICE_125_AIR_CHAIN,FORK_INSPECTION,SCHEDULED,,5000.0,,12.0,WHICHEVER_FIRST,1.0,1.0,1.0,1.0,,,,,10,SIMULATION_BACKOFF,RideBase engineering backoff,,,,MEDIUM,0,1,1.1.0,
POL0055,GROUP,,ICE_125_AIR_CHAIN,STEERING_BEARING_INSPECTION,SCHEDULED,,5000.0,,12.0,WHICHEVER_FIRST,1.0,1.0,1.0,1.0,,,,,10,SIMULATION_BACKOFF,RideBase engineering backoff,,,,MEDIUM,0,1,1.1.0,
POL0056,GROUP,,ICE_125_AIR_CHAIN,WHEEL_BEARING_INSPECTION,SCHEDULED,,10000.0,,24.0,WHICHEVER_FIRST,1.0,1.0,1.0,1.0,,,,,10,SIMULATION_BACKOFF,RideBase engineering backoff,,,,MEDIUM,0,1,1.1.0,
POL0057,GROUP,,ICE_125_AIR_CHAIN,BRAKE_FLUID_CHANGE,SCHEDULED,,,,24.0,TIME_ONLY,1.0,1.0,1.0,1.0,,,,,10,REPRESENTATIVE_BACKOFF,Honda PCX125 representative schedule,Hydraulic brake system,https://www.honda.com.tr/assets/files/Bx6KmWpQrT1715073681294.pdf,PCX schedule explicitly lists brake fluid replacement every 2 years.,HIGH,0,1,1.1.0,
POL0058,GROUP,,ICE_125_AIR_CHAIN,FRONT_BRAKE_PAD_CHANGE,WEAR_BASED,,,,,CONDITION_ONLY,1.0,0.8,0.75,1.0,22000.0,7000.0,7000.0,45000.0,10,SIMULATION_PRIOR,RideBase simulation prior,,,,LOW,0,1,1.1.0,
POL0059,GROUP,,ICE_125_AIR_CHAIN,REAR_BRAKE_PAD_CHANGE,WEAR_BASED,,,,,CONDITION_ONLY,1.0,0.75,0.75,1.0,26000.0,8000.0,8000.0,55000.0,10,SIMULATION_PRIOR,RideBase simulation prior,,,,LOW,0,1,1.1.0,
POL0060,GROUP,,ICE_125_AIR_CHAIN,FRONT_TIRE_CHANGE,WEAR_BASED,,,,,CONDITION_ONLY,1.0,0.8,0.75,1.0,18000.0,5000.0,8000.0,35000.0,10,SIMULATION_PRIOR,RideBase simulation prior,,,,LOW,0,1,1.1.0,
POL0061,GROUP,,ICE_125_AIR_CHAIN,REAR_TIRE_CHANGE,WEAR_BASED,,,,,CONDITION_ONLY,1.0,0.75,0.75,1.0,14000.0,4500.0,6000.0,30000.0,10,SIMULATION_PRIOR,RideBase simulation prior,,,,LOW,0,1,1.1.0,
POL0062,GROUP,,ICE_125_AIR_CHAIN,BATTERY_CHANGE,WEAR_BASED,,,,36.0,CONDITION_ONLY,1.0,1.0,1.0,1.0,,,,,10,SIMULATION_PRIOR,RideBase simulation prior,,,,LOW,0,1,1.1.0,"36 months is a stochastic simulation center, not a manufacturer interval."
POL0063,GROUP,,ICE_125_AIR_CHAIN,CHAIN_INSPECTION,SCHEDULED,,1000.0,,,KM_ONLY,0.75,0.7,0.5,1.0,,,,,10,REPRESENTATIVE_BACKOFF,Bajaj NS200 UG2 manual,Chain-drive representative,https://bajajturkiye.com.tr/wp-content/uploads/2025/04/NS200UG2-Kullanim-Kilavuzu.pdf,,MEDIUM,0,1,1.1.0,
POL0064,GROUP,,ICE_125_AIR_CHAIN,CHAIN_CLEAN,SCHEDULED,,500.0,,,KM_ONLY,0.7,0.7,0.4,0.5,,,,,10,VERIFIED_REPRESENTATIVE,Bajaj NS200 UG2 manual,Bajaj NS200 UG2,https://bajajturkiye.com.tr/wp-content/uploads/2025/04/NS200UG2-Kullanim-Kilavuzu.pdf,Maintenance table explicitly says chain cleaning spray every 500 km.,HIGH,0,1,1.1.0,
POL0065,GROUP,,ICE_125_AIR_CHAIN,CHAIN_LUBRICATE,SCHEDULED,,500.0,,,KM_ONLY,0.7,0.7,0.4,0.5,,,,,10,SIMULATION_BACKOFF,RideBase derived from chain-cleaning cadence,Bajaj NS200 UG2 reference,https://bajajturkiye.com.tr/wp-content/uploads/2025/04/NS200UG2-Kullanim-Kilavuzu.pdf,,LOW,0,1,1.1.0,
POL0066,GROUP,,ICE_125_AIR_CHAIN,CHAIN_ADJUST,CONDITION_BASED,,,,,CONDITION_ONLY,1.0,1.0,1.0,1.0,,,,,10,SIMULATION_PRIOR,RideBase simulation prior,,,,MEDIUM,0,1,1.1.0,
POL0067,GROUP,,ICE_125_AIR_CHAIN,CHAIN_SPROCKET_REPLACE,WEAR_BASED,,,,,CONDITION_ONLY,1.0,0.75,0.7,0.8,22000.0,6000.0,12000.0,40000.0,10,SIMULATION_PRIOR,RideBase simulation prior,,,,LOW,0,1,1.1.0,
POL0068,GROUP,,ICE_125_AIR_CHAIN,CLUTCH_FREE_PLAY_CHECK,SCHEDULED,,5000.0,,12.0,WHICHEVER_FIRST,1.0,1.0,1.0,1.0,,,,,10,SIMULATION_BACKOFF,RideBase engineering backoff,,,,MEDIUM,0,1,1.1.0,
POL0069,GROUP,,ICE_125_AIR_CHAIN,CLUTCH_PLATE_INSPECTION,CONDITION_BASED,,,,,CONDITION_ONLY,1.0,1.0,1.0,1.0,,,,,10,SIMULATION_PRIOR,RideBase simulation prior,,,,LOW,0,1,1.1.0,
POL0070,GROUP,,ICE_125_AIR_CHAIN,CLUTCH_PLATE_CHANGE,WEAR_BASED,,,,,CONDITION_ONLY,1.0,0.7,0.75,1.0,40000.0,12000.0,15000.0,80000.0,10,SIMULATION_PRIOR,RideBase simulation prior,,,,LOW,0,1,1.1.0,
POL0071,GROUP,,ICE_125_LIQUID_BELT,ENGINE_OIL_CHANGE,SCHEDULED,1000.0,6000.0,,12.0,WHICHEVER_FIRST,0.8,0.75,0.8,1.0,,,,,10,REPRESENTATIVE_BACKOFF,Official manufacturer maintenance manual(s),Honda PCX125 representative architecture,https://www.honda.com.tr/assets/files/Bx6KmWpQrT1715073681294.pdf,Architecture-derived backoff; not model-exact.,MEDIUM,0,1,1.1.0,
POL0072,GROUP,,ICE_125_LIQUID_BELT,AIR_FILTER_INSPECTION,SCHEDULED,,6000.0,,12.0,WHICHEVER_FIRST,0.75,0.85,0.6,0.5,,,,,10,REPRESENTATIVE_BACKOFF,Official manufacturer maintenance manual(s),Honda PCX125 representative architecture,https://www.honda.com.tr/assets/files/Bx6KmWpQrT1715073681294.pdf,,MEDIUM,0,1,1.1.0,
POL0073,GROUP,,ICE_125_LIQUID_BELT,AIR_FILTER_CHANGE,SCHEDULED,,12000.0,,24.0,WHICHEVER_FIRST,0.75,0.8,0.55,0.5,,,,,10,REPRESENTATIVE_BACKOFF,Official manufacturer maintenance manual(s),Honda PCX125 representative architecture,https://www.honda.com.tr/assets/files/Bx6KmWpQrT1715073681294.pdf,,MEDIUM,0,1,1.1.0,
POL0074,GROUP,,ICE_125_LIQUID_BELT,SPARK_PLUG_INSPECTION,SCHEDULED,,6000.0,,12.0,WHICHEVER_FIRST,1.0,1.0,1.0,1.0,,,,,10,REPRESENTATIVE_BACKOFF,Official manufacturer maintenance manual(s),Honda PCX125 representative architecture,https://www.honda.com.tr/assets/files/Bx6KmWpQrT1715073681294.pdf,,MEDIUM,0,1,1.1.0,
POL0075,GROUP,,ICE_125_LIQUID_BELT,SPARK_PLUG_CHANGE,SCHEDULED,,24000.0,,36.0,WHICHEVER_FIRST,1.0,1.0,1.0,1.0,,,,,10,REPRESENTATIVE_BACKOFF,Official manufacturer maintenance manual(s),Honda PCX125 representative architecture,https://www.honda.com.tr/assets/files/Bx6KmWpQrT1715073681294.pdf,,MEDIUM,0,1,1.1.0,
POL0076,GROUP,,ICE_125_LIQUID_BELT,VALVE_CLEARANCE_INSPECTION,SCHEDULED,,10000.0,,24.0,WHICHEVER_FIRST,1.0,1.0,1.0,1.0,,,,,10,REPRESENTATIVE_BACKOFF,Official manufacturer maintenance manual(s),Honda PCX125 representative architecture,https://www.honda.com.tr/assets/files/Bx6KmWpQrT1715073681294.pdf,,MEDIUM,0,1,1.1.0,
POL0077,GROUP,,ICE_125_LIQUID_BELT,BATTERY_TEST,SCHEDULED,,6000.0,,12.0,WHICHEVER_FIRST,1.0,1.0,1.0,1.0,,,,,10,SIMULATION_BACKOFF,RideBase engineering backoff,,,,MEDIUM,0,1,1.1.0,
POL0078,GROUP,,ICE_125_LIQUID_BELT,GENERAL_SAFETY_INSPECTION,SCHEDULED,,6000.0,,12.0,WHICHEVER_FIRST,1.0,1.0,1.0,1.0,,,,,10,SIMULATION_BACKOFF,RideBase engineering backoff,,,,MEDIUM,0,1,1.1.0,
POL0079,GROUP,,ICE_125_LIQUID_BELT,FRONT_BRAKE_PAD_INSPECTION,SCHEDULED,,6000.0,,12.0,WHICHEVER_FIRST,1.0,1.0,1.0,1.0,,,,,10,SIMULATION_BACKOFF,RideBase engineering backoff,,,,MEDIUM,0,1,1.1.0,
POL0080,GROUP,,ICE_125_LIQUID_BELT,REAR_BRAKE_PAD_INSPECTION,SCHEDULED,,6000.0,,12.0,WHICHEVER_FIRST,1.0,1.0,1.0,1.0,,,,,10,SIMULATION_BACKOFF,RideBase engineering backoff,,,,MEDIUM,0,1,1.1.0,
POL0081,GROUP,,ICE_125_LIQUID_BELT,BRAKE_FLUID_CHECK,SCHEDULED,,6000.0,,12.0,WHICHEVER_FIRST,1.0,1.0,1.0,1.0,,,,,10,SIMULATION_BACKOFF,RideBase engineering backoff,,,,MEDIUM,0,1,1.1.0,
POL0082,GROUP,,ICE_125_LIQUID_BELT,FRONT_TIRE_INSPECTION,SCHEDULED,,6000.0,,12.0,WHICHEVER_FIRST,1.0,1.0,1.0,1.0,,,,,10,SIMULATION_BACKOFF,RideBase engineering backoff,,,,MEDIUM,0,1,1.1.0,
POL0083,GROUP,,ICE_125_LIQUID_BELT,REAR_TIRE_INSPECTION,SCHEDULED,,6000.0,,12.0,WHICHEVER_FIRST,1.0,1.0,1.0,1.0,,,,,10,SIMULATION_BACKOFF,RideBase engineering backoff,,,,MEDIUM,0,1,1.1.0,
POL0084,GROUP,,ICE_125_LIQUID_BELT,FORK_INSPECTION,SCHEDULED,,6000.0,,12.0,WHICHEVER_FIRST,1.0,1.0,1.0,1.0,,,,,10,SIMULATION_BACKOFF,RideBase engineering backoff,,,,MEDIUM,0,1,1.1.0,
POL0085,GROUP,,ICE_125_LIQUID_BELT,STEERING_BEARING_INSPECTION,SCHEDULED,,6000.0,,12.0,WHICHEVER_FIRST,1.0,1.0,1.0,1.0,,,,,10,SIMULATION_BACKOFF,RideBase engineering backoff,,,,MEDIUM,0,1,1.1.0,
POL0086,GROUP,,ICE_125_LIQUID_BELT,WHEEL_BEARING_INSPECTION,SCHEDULED,,12000.0,,24.0,WHICHEVER_FIRST,1.0,1.0,1.0,1.0,,,,,10,SIMULATION_BACKOFF,RideBase engineering backoff,,,,MEDIUM,0,1,1.1.0,
POL0087,GROUP,,ICE_125_LIQUID_BELT,BRAKE_FLUID_CHANGE,SCHEDULED,,,,24.0,TIME_ONLY,1.0,1.0,1.0,1.0,,,,,10,REPRESENTATIVE_BACKOFF,Honda PCX125 representative schedule,Hydraulic brake system,https://www.honda.com.tr/assets/files/Bx6KmWpQrT1715073681294.pdf,PCX schedule explicitly lists brake fluid replacement every 2 years.,HIGH,0,1,1.1.0,
POL0088,GROUP,,ICE_125_LIQUID_BELT,FRONT_BRAKE_PAD_CHANGE,WEAR_BASED,,,,,CONDITION_ONLY,1.0,0.8,0.75,1.0,22000.0,7000.0,7000.0,45000.0,10,SIMULATION_PRIOR,RideBase simulation prior,,,,LOW,0,1,1.1.0,
POL0089,GROUP,,ICE_125_LIQUID_BELT,REAR_BRAKE_PAD_CHANGE,WEAR_BASED,,,,,CONDITION_ONLY,1.0,0.75,0.75,1.0,26000.0,8000.0,8000.0,55000.0,10,SIMULATION_PRIOR,RideBase simulation prior,,,,LOW,0,1,1.1.0,
POL0090,GROUP,,ICE_125_LIQUID_BELT,FRONT_TIRE_CHANGE,WEAR_BASED,,,,,CONDITION_ONLY,1.0,0.8,0.75,1.0,18000.0,5000.0,8000.0,35000.0,10,SIMULATION_PRIOR,RideBase simulation prior,,,,LOW,0,1,1.1.0,
POL0091,GROUP,,ICE_125_LIQUID_BELT,REAR_TIRE_CHANGE,WEAR_BASED,,,,,CONDITION_ONLY,1.0,0.75,0.75,1.0,14000.0,4500.0,6000.0,30000.0,10,SIMULATION_PRIOR,RideBase simulation prior,,,,LOW,0,1,1.1.0,
POL0092,GROUP,,ICE_125_LIQUID_BELT,BATTERY_CHANGE,WEAR_BASED,,,,36.0,CONDITION_ONLY,1.0,1.0,1.0,1.0,,,,,10,SIMULATION_PRIOR,RideBase simulation prior,,,,LOW,0,1,1.1.0,"36 months is a stochastic simulation center, not a manufacturer interval."
POL0093,GROUP,,ICE_125_LIQUID_BELT,COOLANT_LEVEL_CHECK,SCHEDULED,,6000.0,,12.0,WHICHEVER_FIRST,1.0,1.0,1.0,1.0,,,,,10,REPRESENTATIVE_BACKOFF,Official manufacturer maintenance manual(s),Honda PCX125 representative architecture,https://www.honda.com.tr/assets/files/Bx6KmWpQrT1715073681294.pdf,,MEDIUM,0,1,1.1.0,
POL0094,GROUP,,ICE_125_LIQUID_BELT,COOLANT_CHANGE,SCHEDULED,,30000.0,,36.0,WHICHEVER_FIRST,1.0,1.0,1.0,1.0,,,,,10,REPRESENTATIVE_BACKOFF,Honda PCX125 / Bajaj NS200 schedules,Liquid-cooled representative schedules,https://www.honda.com.tr/assets/files/Bx6KmWpQrT1715073681294.pdf,"PCX: 3-year replacement; NS200: replacement at 30,000 km.",HIGH,0,1,1.1.0,
POL0095,GROUP,,ICE_125_LIQUID_BELT,CVT_CASE_INSPECTION,SCHEDULED,,5000.0,,12.0,WHICHEVER_FIRST,1.0,1.0,1.0,1.0,,,,,10,REPRESENTATIVE_BACKOFF,KYMCO X-Town CT family manual,CVT scooter representative,https://www.kymco.com.tr/upi/pdf/x-town-ct-250.pdf?v=we1,,MEDIUM,0,1,1.1.0,
POL0096,GROUP,,ICE_125_LIQUID_BELT,CVT_BELT_INSPECTION,SCHEDULED,,10000.0,,12.0,WHICHEVER_FIRST,1.0,1.0,1.0,1.0,,,,,10,REPRESENTATIVE_BACKOFF,KYMCO/Honda scooter schedules,CVT scooter representative,https://www.kymco.com.tr/upi/pdf/x-town-ct-250.pdf?v=we1,,MEDIUM,0,1,1.1.0,
POL0097,GROUP,,ICE_125_LIQUID_BELT,CVT_BELT_CHANGE,SCHEDULED,,20000.0,,36.0,WHICHEVER_FIRST,1.0,1.0,1.0,1.0,,,,,10,REPRESENTATIVE_BACKOFF,KYMCO X-Town CT family manual,CVT scooter representative,https://www.kymco.com.tr/upi/pdf/x-town-ct-250.pdf?v=we1,"Representative table shows belt inspections and replacement around 20,000 km.",MEDIUM,0,1,1.1.0,
POL0098,GROUP,,ICE_125_LIQUID_BELT,CVT_ROLLER_INSPECTION,SCHEDULED,,10000.0,,12.0,WHICHEVER_FIRST,1.0,1.0,1.0,1.0,,,,,10,SIMULATION_BACKOFF,RideBase CVT architecture backoff,,https://www.honda.com.tr/assets/files/Bx6KmWpQrT1715073681294.pdf,,LOW,0,1,1.1.0,
POL0099,GROUP,,ICE_125_LIQUID_BELT,CVT_ROLLER_CHANGE,WEAR_BASED,,,,,CONDITION_ONLY,1.0,1.0,1.0,1.0,22000.0,5000.0,12000.0,35000.0,10,SIMULATION_PRIOR,RideBase simulation prior,,,,LOW,0,1,1.1.0,
POL0100,GROUP,,ICE_125_LIQUID_BELT,FINAL_GEAR_OIL_CHANGE,SCHEDULED,,10000.0,,24.0,WHICHEVER_FIRST,1.0,1.0,1.0,1.0,,,,,10,SIMULATION_BACKOFF,Honda PCX/KYMCO representative schedules,CVT scooter architecture backoff,https://www.honda.com.tr/assets/files/Bx6KmWpQrT1715073681294.pdf,PCX explicitly has 2-year reduction-oil replacement; km cadence is a simulation backoff.,LOW,0,1,1.1.0,
POL0101,GROUP,,ICE_125_LIQUID_CHAIN,ENGINE_OIL_CHANGE,SCHEDULED,1000.0,5000.0,,12.0,WHICHEVER_FIRST,0.8,0.75,0.8,1.0,,,,,10,REPRESENTATIVE_BACKOFF,Official manufacturer maintenance manual(s),Bajaj NS200 UG2 representative chain schedule,https://bajajturkiye.com.tr/wp-content/uploads/2025/04/NS200UG2-Kullanim-Kilavuzu.pdf,Architecture-derived backoff; not model-exact.,MEDIUM,0,1,1.1.0,
POL0102,GROUP,,ICE_125_LIQUID_CHAIN,AIR_FILTER_INSPECTION,SCHEDULED,,5000.0,,12.0,WHICHEVER_FIRST,0.75,0.85,0.6,0.5,,,,,10,REPRESENTATIVE_BACKOFF,Official manufacturer maintenance manual(s),Bajaj NS200 UG2 representative chain schedule,https://bajajturkiye.com.tr/wp-content/uploads/2025/04/NS200UG2-Kullanim-Kilavuzu.pdf,,MEDIUM,0,1,1.1.0,
POL0103,GROUP,,ICE_125_LIQUID_CHAIN,AIR_FILTER_CHANGE,SCHEDULED,,10000.0,,24.0,WHICHEVER_FIRST,0.75,0.8,0.55,0.5,,,,,10,REPRESENTATIVE_BACKOFF,Official manufacturer maintenance manual(s),Bajaj NS200 UG2 representative chain schedule,https://bajajturkiye.com.tr/wp-content/uploads/2025/04/NS200UG2-Kullanim-Kilavuzu.pdf,,MEDIUM,0,1,1.1.0,
POL0104,GROUP,,ICE_125_LIQUID_CHAIN,SPARK_PLUG_INSPECTION,SCHEDULED,,5000.0,,12.0,WHICHEVER_FIRST,1.0,1.0,1.0,1.0,,,,,10,REPRESENTATIVE_BACKOFF,Official manufacturer maintenance manual(s),Bajaj NS200 UG2 representative chain schedule,https://bajajturkiye.com.tr/wp-content/uploads/2025/04/NS200UG2-Kullanim-Kilavuzu.pdf,,MEDIUM,0,1,1.1.0,
POL0105,GROUP,,ICE_125_LIQUID_CHAIN,SPARK_PLUG_CHANGE,SCHEDULED,,20000.0,,36.0,WHICHEVER_FIRST,1.0,1.0,1.0,1.0,,,,,10,REPRESENTATIVE_BACKOFF,Official manufacturer maintenance manual(s),Bajaj NS200 UG2 representative chain schedule,https://bajajturkiye.com.tr/wp-content/uploads/2025/04/NS200UG2-Kullanim-Kilavuzu.pdf,,MEDIUM,0,1,1.1.0,
POL0106,GROUP,,ICE_125_LIQUID_CHAIN,VALVE_CLEARANCE_INSPECTION,SCHEDULED,,10000.0,,24.0,WHICHEVER_FIRST,1.0,1.0,1.0,1.0,,,,,10,REPRESENTATIVE_BACKOFF,Official manufacturer maintenance manual(s),Bajaj NS200 UG2 representative chain schedule,https://bajajturkiye.com.tr/wp-content/uploads/2025/04/NS200UG2-Kullanim-Kilavuzu.pdf,,MEDIUM,0,1,1.1.0,
POL0107,GROUP,,ICE_125_LIQUID_CHAIN,BATTERY_TEST,SCHEDULED,,5000.0,,12.0,WHICHEVER_FIRST,1.0,1.0,1.0,1.0,,,,,10,SIMULATION_BACKOFF,RideBase engineering backoff,,,,MEDIUM,0,1,1.1.0,
POL0108,GROUP,,ICE_125_LIQUID_CHAIN,GENERAL_SAFETY_INSPECTION,SCHEDULED,,5000.0,,12.0,WHICHEVER_FIRST,1.0,1.0,1.0,1.0,,,,,10,SIMULATION_BACKOFF,RideBase engineering backoff,,,,MEDIUM,0,1,1.1.0,
POL0109,GROUP,,ICE_125_LIQUID_CHAIN,FRONT_BRAKE_PAD_INSPECTION,SCHEDULED,,5000.0,,12.0,WHICHEVER_FIRST,1.0,1.0,1.0,1.0,,,,,10,SIMULATION_BACKOFF,RideBase engineering backoff,,,,MEDIUM,0,1,1.1.0,
POL0110,GROUP,,ICE_125_LIQUID_CHAIN,REAR_BRAKE_PAD_INSPECTION,SCHEDULED,,5000.0,,12.0,WHICHEVER_FIRST,1.0,1.0,1.0,1.0,,,,,10,SIMULATION_BACKOFF,RideBase engineering backoff,,,,MEDIUM,0,1,1.1.0,
POL0111,GROUP,,ICE_125_LIQUID_CHAIN,BRAKE_FLUID_CHECK,SCHEDULED,,5000.0,,12.0,WHICHEVER_FIRST,1.0,1.0,1.0,1.0,,,,,10,SIMULATION_BACKOFF,RideBase engineering backoff,,,,MEDIUM,0,1,1.1.0,
POL0112,GROUP,,ICE_125_LIQUID_CHAIN,FRONT_TIRE_INSPECTION,SCHEDULED,,5000.0,,12.0,WHICHEVER_FIRST,1.0,1.0,1.0,1.0,,,,,10,SIMULATION_BACKOFF,RideBase engineering backoff,,,,MEDIUM,0,1,1.1.0,
POL0113,GROUP,,ICE_125_LIQUID_CHAIN,REAR_TIRE_INSPECTION,SCHEDULED,,5000.0,,12.0,WHICHEVER_FIRST,1.0,1.0,1.0,1.0,,,,,10,SIMULATION_BACKOFF,RideBase engineering backoff,,,,MEDIUM,0,1,1.1.0,
POL0114,GROUP,,ICE_125_LIQUID_CHAIN,FORK_INSPECTION,SCHEDULED,,5000.0,,12.0,WHICHEVER_FIRST,1.0,1.0,1.0,1.0,,,,,10,SIMULATION_BACKOFF,RideBase engineering backoff,,,,MEDIUM,0,1,1.1.0,
POL0115,GROUP,,ICE_125_LIQUID_CHAIN,STEERING_BEARING_INSPECTION,SCHEDULED,,5000.0,,12.0,WHICHEVER_FIRST,1.0,1.0,1.0,1.0,,,,,10,SIMULATION_BACKOFF,RideBase engineering backoff,,,,MEDIUM,0,1,1.1.0,
POL0116,GROUP,,ICE_125_LIQUID_CHAIN,WHEEL_BEARING_INSPECTION,SCHEDULED,,10000.0,,24.0,WHICHEVER_FIRST,1.0,1.0,1.0,1.0,,,,,10,SIMULATION_BACKOFF,RideBase engineering backoff,,,,MEDIUM,0,1,1.1.0,
POL0117,GROUP,,ICE_125_LIQUID_CHAIN,BRAKE_FLUID_CHANGE,SCHEDULED,,,,24.0,TIME_ONLY,1.0,1.0,1.0,1.0,,,,,10,REPRESENTATIVE_BACKOFF,Honda PCX125 representative schedule,Hydraulic brake system,https://www.honda.com.tr/assets/files/Bx6KmWpQrT1715073681294.pdf,PCX schedule explicitly lists brake fluid replacement every 2 years.,HIGH,0,1,1.1.0,
POL0118,GROUP,,ICE_125_LIQUID_CHAIN,FRONT_BRAKE_PAD_CHANGE,WEAR_BASED,,,,,CONDITION_ONLY,1.0,0.8,0.75,1.0,22000.0,7000.0,7000.0,45000.0,10,SIMULATION_PRIOR,RideBase simulation prior,,,,LOW,0,1,1.1.0,
POL0119,GROUP,,ICE_125_LIQUID_CHAIN,REAR_BRAKE_PAD_CHANGE,WEAR_BASED,,,,,CONDITION_ONLY,1.0,0.75,0.75,1.0,26000.0,8000.0,8000.0,55000.0,10,SIMULATION_PRIOR,RideBase simulation prior,,,,LOW,0,1,1.1.0,
POL0120,GROUP,,ICE_125_LIQUID_CHAIN,FRONT_TIRE_CHANGE,WEAR_BASED,,,,,CONDITION_ONLY,1.0,0.8,0.75,1.0,18000.0,5000.0,8000.0,35000.0,10,SIMULATION_PRIOR,RideBase simulation prior,,,,LOW,0,1,1.1.0,
POL0121,GROUP,,ICE_125_LIQUID_CHAIN,REAR_TIRE_CHANGE,WEAR_BASED,,,,,CONDITION_ONLY,1.0,0.75,0.75,1.0,14000.0,4500.0,6000.0,30000.0,10,SIMULATION_PRIOR,RideBase simulation prior,,,,LOW,0,1,1.1.0,
POL0122,GROUP,,ICE_125_LIQUID_CHAIN,BATTERY_CHANGE,WEAR_BASED,,,,36.0,CONDITION_ONLY,1.0,1.0,1.0,1.0,,,,,10,SIMULATION_PRIOR,RideBase simulation prior,,,,LOW,0,1,1.1.0,"36 months is a stochastic simulation center, not a manufacturer interval."
POL0123,GROUP,,ICE_125_LIQUID_CHAIN,COOLANT_LEVEL_CHECK,SCHEDULED,,5000.0,,12.0,WHICHEVER_FIRST,1.0,1.0,1.0,1.0,,,,,10,REPRESENTATIVE_BACKOFF,Official manufacturer maintenance manual(s),Bajaj NS200 UG2 representative chain schedule,https://bajajturkiye.com.tr/wp-content/uploads/2025/04/NS200UG2-Kullanim-Kilavuzu.pdf,,MEDIUM,0,1,1.1.0,
POL0124,GROUP,,ICE_125_LIQUID_CHAIN,COOLANT_CHANGE,SCHEDULED,,30000.0,,36.0,WHICHEVER_FIRST,1.0,1.0,1.0,1.0,,,,,10,REPRESENTATIVE_BACKOFF,Honda PCX125 / Bajaj NS200 schedules,Liquid-cooled representative schedules,https://www.honda.com.tr/assets/files/Bx6KmWpQrT1715073681294.pdf,"PCX: 3-year replacement; NS200: replacement at 30,000 km.",HIGH,0,1,1.1.0,
POL0125,GROUP,,ICE_125_LIQUID_CHAIN,CHAIN_INSPECTION,SCHEDULED,,1000.0,,,KM_ONLY,0.75,0.7,0.5,1.0,,,,,10,REPRESENTATIVE_BACKOFF,Bajaj NS200 UG2 manual,Chain-drive representative,https://bajajturkiye.com.tr/wp-content/uploads/2025/04/NS200UG2-Kullanim-Kilavuzu.pdf,,MEDIUM,0,1,1.1.0,
POL0126,GROUP,,ICE_125_LIQUID_CHAIN,CHAIN_CLEAN,SCHEDULED,,500.0,,,KM_ONLY,0.7,0.7,0.4,0.5,,,,,10,VERIFIED_REPRESENTATIVE,Bajaj NS200 UG2 manual,Bajaj NS200 UG2,https://bajajturkiye.com.tr/wp-content/uploads/2025/04/NS200UG2-Kullanim-Kilavuzu.pdf,Maintenance table explicitly says chain cleaning spray every 500 km.,HIGH,0,1,1.1.0,
POL0127,GROUP,,ICE_125_LIQUID_CHAIN,CHAIN_LUBRICATE,SCHEDULED,,500.0,,,KM_ONLY,0.7,0.7,0.4,0.5,,,,,10,SIMULATION_BACKOFF,RideBase derived from chain-cleaning cadence,Bajaj NS200 UG2 reference,https://bajajturkiye.com.tr/wp-content/uploads/2025/04/NS200UG2-Kullanim-Kilavuzu.pdf,,LOW,0,1,1.1.0,
POL0128,GROUP,,ICE_125_LIQUID_CHAIN,CHAIN_ADJUST,CONDITION_BASED,,,,,CONDITION_ONLY,1.0,1.0,1.0,1.0,,,,,10,SIMULATION_PRIOR,RideBase simulation prior,,,,MEDIUM,0,1,1.1.0,
POL0129,GROUP,,ICE_125_LIQUID_CHAIN,CHAIN_SPROCKET_REPLACE,WEAR_BASED,,,,,CONDITION_ONLY,1.0,0.75,0.7,0.8,22000.0,6000.0,12000.0,40000.0,10,SIMULATION_PRIOR,RideBase simulation prior,,,,LOW,0,1,1.1.0,
POL0130,GROUP,,ICE_125_LIQUID_CHAIN,CLUTCH_FREE_PLAY_CHECK,SCHEDULED,,5000.0,,12.0,WHICHEVER_FIRST,1.0,1.0,1.0,1.0,,,,,10,SIMULATION_BACKOFF,RideBase engineering backoff,,,,MEDIUM,0,1,1.1.0,
POL0131,GROUP,,ICE_125_LIQUID_CHAIN,CLUTCH_PLATE_INSPECTION,CONDITION_BASED,,,,,CONDITION_ONLY,1.0,1.0,1.0,1.0,,,,,10,SIMULATION_PRIOR,RideBase simulation prior,,,,LOW,0,1,1.1.0,
POL0132,GROUP,,ICE_125_LIQUID_CHAIN,CLUTCH_PLATE_CHANGE,WEAR_BASED,,,,,CONDITION_ONLY,1.0,0.7,0.75,1.0,40000.0,12000.0,15000.0,80000.0,10,SIMULATION_PRIOR,RideBase simulation prior,,,,LOW,0,1,1.1.0,
POL0133,GROUP,,ICE_125_OIL_CHAIN,ENGINE_OIL_CHANGE,SCHEDULED,1000.0,5000.0,,12.0,WHICHEVER_FIRST,0.8,0.75,0.8,1.0,,,,,10,REPRESENTATIVE_BACKOFF,Official manufacturer maintenance manual(s),Bajaj NS200 UG2 representative chain schedule,https://bajajturkiye.com.tr/wp-content/uploads/2025/04/NS200UG2-Kullanim-Kilavuzu.pdf,Architecture-derived backoff; not model-exact.,MEDIUM,0,1,1.1.0,
POL0134,GROUP,,ICE_125_OIL_CHAIN,AIR_FILTER_INSPECTION,SCHEDULED,,5000.0,,12.0,WHICHEVER_FIRST,0.75,0.85,0.6,0.5,,,,,10,REPRESENTATIVE_BACKOFF,Official manufacturer maintenance manual(s),Bajaj NS200 UG2 representative chain schedule,https://bajajturkiye.com.tr/wp-content/uploads/2025/04/NS200UG2-Kullanim-Kilavuzu.pdf,,MEDIUM,0,1,1.1.0,
POL0135,GROUP,,ICE_125_OIL_CHAIN,AIR_FILTER_CHANGE,SCHEDULED,,10000.0,,24.0,WHICHEVER_FIRST,0.75,0.8,0.55,0.5,,,,,10,REPRESENTATIVE_BACKOFF,Official manufacturer maintenance manual(s),Bajaj NS200 UG2 representative chain schedule,https://bajajturkiye.com.tr/wp-content/uploads/2025/04/NS200UG2-Kullanim-Kilavuzu.pdf,,MEDIUM,0,1,1.1.0,
POL0136,GROUP,,ICE_125_OIL_CHAIN,SPARK_PLUG_INSPECTION,SCHEDULED,,5000.0,,12.0,WHICHEVER_FIRST,1.0,1.0,1.0,1.0,,,,,10,REPRESENTATIVE_BACKOFF,Official manufacturer maintenance manual(s),Bajaj NS200 UG2 representative chain schedule,https://bajajturkiye.com.tr/wp-content/uploads/2025/04/NS200UG2-Kullanim-Kilavuzu.pdf,,MEDIUM,0,1,1.1.0,
POL0137,GROUP,,ICE_125_OIL_CHAIN,SPARK_PLUG_CHANGE,SCHEDULED,,20000.0,,36.0,WHICHEVER_FIRST,1.0,1.0,1.0,1.0,,,,,10,REPRESENTATIVE_BACKOFF,Official manufacturer maintenance manual(s),Bajaj NS200 UG2 representative chain schedule,https://bajajturkiye.com.tr/wp-content/uploads/2025/04/NS200UG2-Kullanim-Kilavuzu.pdf,,MEDIUM,0,1,1.1.0,
POL0138,GROUP,,ICE_125_OIL_CHAIN,VALVE_CLEARANCE_INSPECTION,SCHEDULED,,10000.0,,24.0,WHICHEVER_FIRST,1.0,1.0,1.0,1.0,,,,,10,REPRESENTATIVE_BACKOFF,Official manufacturer maintenance manual(s),Bajaj NS200 UG2 representative chain schedule,https://bajajturkiye.com.tr/wp-content/uploads/2025/04/NS200UG2-Kullanim-Kilavuzu.pdf,,MEDIUM,0,1,1.1.0,
POL0139,GROUP,,ICE_125_OIL_CHAIN,BATTERY_TEST,SCHEDULED,,5000.0,,12.0,WHICHEVER_FIRST,1.0,1.0,1.0,1.0,,,,,10,SIMULATION_BACKOFF,RideBase engineering backoff,,,,MEDIUM,0,1,1.1.0,
POL0140,GROUP,,ICE_125_OIL_CHAIN,GENERAL_SAFETY_INSPECTION,SCHEDULED,,5000.0,,12.0,WHICHEVER_FIRST,1.0,1.0,1.0,1.0,,,,,10,SIMULATION_BACKOFF,RideBase engineering backoff,,,,MEDIUM,0,1,1.1.0,
POL0141,GROUP,,ICE_125_OIL_CHAIN,FRONT_BRAKE_PAD_INSPECTION,SCHEDULED,,5000.0,,12.0,WHICHEVER_FIRST,1.0,1.0,1.0,1.0,,,,,10,SIMULATION_BACKOFF,RideBase engineering backoff,,,,MEDIUM,0,1,1.1.0,
POL0142,GROUP,,ICE_125_OIL_CHAIN,REAR_BRAKE_PAD_INSPECTION,SCHEDULED,,5000.0,,12.0,WHICHEVER_FIRST,1.0,1.0,1.0,1.0,,,,,10,SIMULATION_BACKOFF,RideBase engineering backoff,,,,MEDIUM,0,1,1.1.0,
POL0143,GROUP,,ICE_125_OIL_CHAIN,BRAKE_FLUID_CHECK,SCHEDULED,,5000.0,,12.0,WHICHEVER_FIRST,1.0,1.0,1.0,1.0,,,,,10,SIMULATION_BACKOFF,RideBase engineering backoff,,,,MEDIUM,0,1,1.1.0,
POL0144,GROUP,,ICE_125_OIL_CHAIN,FRONT_TIRE_INSPECTION,SCHEDULED,,5000.0,,12.0,WHICHEVER_FIRST,1.0,1.0,1.0,1.0,,,,,10,SIMULATION_BACKOFF,RideBase engineering backoff,,,,MEDIUM,0,1,1.1.0,
POL0145,GROUP,,ICE_125_OIL_CHAIN,REAR_TIRE_INSPECTION,SCHEDULED,,5000.0,,12.0,WHICHEVER_FIRST,1.0,1.0,1.0,1.0,,,,,10,SIMULATION_BACKOFF,RideBase engineering backoff,,,,MEDIUM,0,1,1.1.0,
POL0146,GROUP,,ICE_125_OIL_CHAIN,FORK_INSPECTION,SCHEDULED,,5000.0,,12.0,WHICHEVER_FIRST,1.0,1.0,1.0,1.0,,,,,10,SIMULATION_BACKOFF,RideBase engineering backoff,,,,MEDIUM,0,1,1.1.0,
POL0147,GROUP,,ICE_125_OIL_CHAIN,STEERING_BEARING_INSPECTION,SCHEDULED,,5000.0,,12.0,WHICHEVER_FIRST,1.0,1.0,1.0,1.0,,,,,10,SIMULATION_BACKOFF,RideBase engineering backoff,,,,MEDIUM,0,1,1.1.0,
POL0148,GROUP,,ICE_125_OIL_CHAIN,WHEEL_BEARING_INSPECTION,SCHEDULED,,10000.0,,24.0,WHICHEVER_FIRST,1.0,1.0,1.0,1.0,,,,,10,SIMULATION_BACKOFF,RideBase engineering backoff,,,,MEDIUM,0,1,1.1.0,
POL0149,GROUP,,ICE_125_OIL_CHAIN,BRAKE_FLUID_CHANGE,SCHEDULED,,,,24.0,TIME_ONLY,1.0,1.0,1.0,1.0,,,,,10,REPRESENTATIVE_BACKOFF,Honda PCX125 representative schedule,Hydraulic brake system,https://www.honda.com.tr/assets/files/Bx6KmWpQrT1715073681294.pdf,PCX schedule explicitly lists brake fluid replacement every 2 years.,HIGH,0,1,1.1.0,
POL0150,GROUP,,ICE_125_OIL_CHAIN,FRONT_BRAKE_PAD_CHANGE,WEAR_BASED,,,,,CONDITION_ONLY,1.0,0.8,0.75,1.0,22000.0,7000.0,7000.0,45000.0,10,SIMULATION_PRIOR,RideBase simulation prior,,,,LOW,0,1,1.1.0,
POL0151,GROUP,,ICE_125_OIL_CHAIN,REAR_BRAKE_PAD_CHANGE,WEAR_BASED,,,,,CONDITION_ONLY,1.0,0.75,0.75,1.0,26000.0,8000.0,8000.0,55000.0,10,SIMULATION_PRIOR,RideBase simulation prior,,,,LOW,0,1,1.1.0,
POL0152,GROUP,,ICE_125_OIL_CHAIN,FRONT_TIRE_CHANGE,WEAR_BASED,,,,,CONDITION_ONLY,1.0,0.8,0.75,1.0,18000.0,5000.0,8000.0,35000.0,10,SIMULATION_PRIOR,RideBase simulation prior,,,,LOW,0,1,1.1.0,
POL0153,GROUP,,ICE_125_OIL_CHAIN,REAR_TIRE_CHANGE,WEAR_BASED,,,,,CONDITION_ONLY,1.0,0.75,0.75,1.0,14000.0,4500.0,6000.0,30000.0,10,SIMULATION_PRIOR,RideBase simulation prior,,,,LOW,0,1,1.1.0,
POL0154,GROUP,,ICE_125_OIL_CHAIN,BATTERY_CHANGE,WEAR_BASED,,,,36.0,CONDITION_ONLY,1.0,1.0,1.0,1.0,,,,,10,SIMULATION_PRIOR,RideBase simulation prior,,,,LOW,0,1,1.1.0,"36 months is a stochastic simulation center, not a manufacturer interval."
POL0155,GROUP,,ICE_125_OIL_CHAIN,CHAIN_INSPECTION,SCHEDULED,,1000.0,,,KM_ONLY,0.75,0.7,0.5,1.0,,,,,10,REPRESENTATIVE_BACKOFF,Bajaj NS200 UG2 manual,Chain-drive representative,https://bajajturkiye.com.tr/wp-content/uploads/2025/04/NS200UG2-Kullanim-Kilavuzu.pdf,,MEDIUM,0,1,1.1.0,
POL0156,GROUP,,ICE_125_OIL_CHAIN,CHAIN_CLEAN,SCHEDULED,,500.0,,,KM_ONLY,0.7,0.7,0.4,0.5,,,,,10,VERIFIED_REPRESENTATIVE,Bajaj NS200 UG2 manual,Bajaj NS200 UG2,https://bajajturkiye.com.tr/wp-content/uploads/2025/04/NS200UG2-Kullanim-Kilavuzu.pdf,Maintenance table explicitly says chain cleaning spray every 500 km.,HIGH,0,1,1.1.0,
POL0157,GROUP,,ICE_125_OIL_CHAIN,CHAIN_LUBRICATE,SCHEDULED,,500.0,,,KM_ONLY,0.7,0.7,0.4,0.5,,,,,10,SIMULATION_BACKOFF,RideBase derived from chain-cleaning cadence,Bajaj NS200 UG2 reference,https://bajajturkiye.com.tr/wp-content/uploads/2025/04/NS200UG2-Kullanim-Kilavuzu.pdf,,LOW,0,1,1.1.0,
POL0158,GROUP,,ICE_125_OIL_CHAIN,CHAIN_ADJUST,CONDITION_BASED,,,,,CONDITION_ONLY,1.0,1.0,1.0,1.0,,,,,10,SIMULATION_PRIOR,RideBase simulation prior,,,,MEDIUM,0,1,1.1.0,
POL0159,GROUP,,ICE_125_OIL_CHAIN,CHAIN_SPROCKET_REPLACE,WEAR_BASED,,,,,CONDITION_ONLY,1.0,0.75,0.7,0.8,22000.0,6000.0,12000.0,40000.0,10,SIMULATION_PRIOR,RideBase simulation prior,,,,LOW,0,1,1.1.0,
POL0160,GROUP,,ICE_125_OIL_CHAIN,CLUTCH_FREE_PLAY_CHECK,SCHEDULED,,5000.0,,12.0,WHICHEVER_FIRST,1.0,1.0,1.0,1.0,,,,,10,SIMULATION_BACKOFF,RideBase engineering backoff,,,,MEDIUM,0,1,1.1.0,
POL0161,GROUP,,ICE_125_OIL_CHAIN,CLUTCH_PLATE_INSPECTION,CONDITION_BASED,,,,,CONDITION_ONLY,1.0,1.0,1.0,1.0,,,,,10,SIMULATION_PRIOR,RideBase simulation prior,,,,LOW,0,1,1.1.0,
POL0162,GROUP,,ICE_125_OIL_CHAIN,CLUTCH_PLATE_CHANGE,WEAR_BASED,,,,,CONDITION_ONLY,1.0,0.7,0.75,1.0,40000.0,12000.0,15000.0,80000.0,10,SIMULATION_PRIOR,RideBase simulation prior,,,,LOW,0,1,1.1.0,
POL0163,GROUP,,ICE_125_SCOOTER_BELT,ENGINE_OIL_CHANGE,SCHEDULED,1000.0,5000.0,,12.0,WHICHEVER_FIRST,0.8,0.75,0.8,1.0,,,,,10,REPRESENTATIVE_BACKOFF,Official manufacturer maintenance manual(s),KYMCO X-Town CT family representative architecture,https://www.kymco.com.tr/upi/pdf/x-town-ct-250.pdf?v=we1,Architecture-derived backoff; not model-exact.,MEDIUM,0,1,1.1.0,
POL0164,GROUP,,ICE_125_SCOOTER_BELT,AIR_FILTER_INSPECTION,SCHEDULED,,5000.0,,12.0,WHICHEVER_FIRST,0.75,0.85,0.6,0.5,,,,,10,REPRESENTATIVE_BACKOFF,Official manufacturer maintenance manual(s),KYMCO X-Town CT family representative architecture,https://www.kymco.com.tr/upi/pdf/x-town-ct-250.pdf?v=we1,,MEDIUM,0,1,1.1.0,
POL0165,GROUP,,ICE_125_SCOOTER_BELT,AIR_FILTER_CHANGE,SCHEDULED,,10000.0,,24.0,WHICHEVER_FIRST,0.75,0.8,0.55,0.5,,,,,10,REPRESENTATIVE_BACKOFF,Official manufacturer maintenance manual(s),KYMCO X-Town CT family representative architecture,https://www.kymco.com.tr/upi/pdf/x-town-ct-250.pdf?v=we1,,MEDIUM,0,1,1.1.0,
POL0166,GROUP,,ICE_125_SCOOTER_BELT,SPARK_PLUG_INSPECTION,SCHEDULED,,5000.0,,12.0,WHICHEVER_FIRST,1.0,1.0,1.0,1.0,,,,,10,REPRESENTATIVE_BACKOFF,Official manufacturer maintenance manual(s),KYMCO X-Town CT family representative architecture,https://www.kymco.com.tr/upi/pdf/x-town-ct-250.pdf?v=we1,,MEDIUM,0,1,1.1.0,
POL0167,GROUP,,ICE_125_SCOOTER_BELT,SPARK_PLUG_CHANGE,SCHEDULED,,20000.0,,36.0,WHICHEVER_FIRST,1.0,1.0,1.0,1.0,,,,,10,REPRESENTATIVE_BACKOFF,Official manufacturer maintenance manual(s),KYMCO X-Town CT family representative architecture,https://www.kymco.com.tr/upi/pdf/x-town-ct-250.pdf?v=we1,,MEDIUM,0,1,1.1.0,
POL0168,GROUP,,ICE_125_SCOOTER_BELT,VALVE_CLEARANCE_INSPECTION,SCHEDULED,,10000.0,,24.0,WHICHEVER_FIRST,1.0,1.0,1.0,1.0,,,,,10,REPRESENTATIVE_BACKOFF,Official manufacturer maintenance manual(s),KYMCO X-Town CT family representative architecture,https://www.kymco.com.tr/upi/pdf/x-town-ct-250.pdf?v=we1,,MEDIUM,0,1,1.1.0,
POL0169,GROUP,,ICE_125_SCOOTER_BELT,BATTERY_TEST,SCHEDULED,,5000.0,,12.0,WHICHEVER_FIRST,1.0,1.0,1.0,1.0,,,,,10,SIMULATION_BACKOFF,RideBase engineering backoff,,,,MEDIUM,0,1,1.1.0,
POL0170,GROUP,,ICE_125_SCOOTER_BELT,GENERAL_SAFETY_INSPECTION,SCHEDULED,,5000.0,,12.0,WHICHEVER_FIRST,1.0,1.0,1.0,1.0,,,,,10,SIMULATION_BACKOFF,RideBase engineering backoff,,,,MEDIUM,0,1,1.1.0,
POL0171,GROUP,,ICE_125_SCOOTER_BELT,FRONT_BRAKE_PAD_INSPECTION,SCHEDULED,,5000.0,,12.0,WHICHEVER_FIRST,1.0,1.0,1.0,1.0,,,,,10,SIMULATION_BACKOFF,RideBase engineering backoff,,,,MEDIUM,0,1,1.1.0,
POL0172,GROUP,,ICE_125_SCOOTER_BELT,REAR_BRAKE_PAD_INSPECTION,SCHEDULED,,5000.0,,12.0,WHICHEVER_FIRST,1.0,1.0,1.0,1.0,,,,,10,SIMULATION_BACKOFF,RideBase engineering backoff,,,,MEDIUM,0,1,1.1.0,
POL0173,GROUP,,ICE_125_SCOOTER_BELT,BRAKE_FLUID_CHECK,SCHEDULED,,5000.0,,12.0,WHICHEVER_FIRST,1.0,1.0,1.0,1.0,,,,,10,SIMULATION_BACKOFF,RideBase engineering backoff,,,,MEDIUM,0,1,1.1.0,
POL0174,GROUP,,ICE_125_SCOOTER_BELT,FRONT_TIRE_INSPECTION,SCHEDULED,,5000.0,,12.0,WHICHEVER_FIRST,1.0,1.0,1.0,1.0,,,,,10,SIMULATION_BACKOFF,RideBase engineering backoff,,,,MEDIUM,0,1,1.1.0,
POL0175,GROUP,,ICE_125_SCOOTER_BELT,REAR_TIRE_INSPECTION,SCHEDULED,,5000.0,,12.0,WHICHEVER_FIRST,1.0,1.0,1.0,1.0,,,,,10,SIMULATION_BACKOFF,RideBase engineering backoff,,,,MEDIUM,0,1,1.1.0,
POL0176,GROUP,,ICE_125_SCOOTER_BELT,FORK_INSPECTION,SCHEDULED,,5000.0,,12.0,WHICHEVER_FIRST,1.0,1.0,1.0,1.0,,,,,10,SIMULATION_BACKOFF,RideBase engineering backoff,,,,MEDIUM,0,1,1.1.0,
POL0177,GROUP,,ICE_125_SCOOTER_BELT,STEERING_BEARING_INSPECTION,SCHEDULED,,5000.0,,12.0,WHICHEVER_FIRST,1.0,1.0,1.0,1.0,,,,,10,SIMULATION_BACKOFF,RideBase engineering backoff,,,,MEDIUM,0,1,1.1.0,
POL0178,GROUP,,ICE_125_SCOOTER_BELT,WHEEL_BEARING_INSPECTION,SCHEDULED,,10000.0,,24.0,WHICHEVER_FIRST,1.0,1.0,1.0,1.0,,,,,10,SIMULATION_BACKOFF,RideBase engineering backoff,,,,MEDIUM,0,1,1.1.0,
POL0179,GROUP,,ICE_125_SCOOTER_BELT,BRAKE_FLUID_CHANGE,SCHEDULED,,,,24.0,TIME_ONLY,1.0,1.0,1.0,1.0,,,,,10,REPRESENTATIVE_BACKOFF,Honda PCX125 representative schedule,Hydraulic brake system,https://www.honda.com.tr/assets/files/Bx6KmWpQrT1715073681294.pdf,PCX schedule explicitly lists brake fluid replacement every 2 years.,HIGH,0,1,1.1.0,
POL0180,GROUP,,ICE_125_SCOOTER_BELT,FRONT_BRAKE_PAD_CHANGE,WEAR_BASED,,,,,CONDITION_ONLY,1.0,0.8,0.75,1.0,22000.0,7000.0,7000.0,45000.0,10,SIMULATION_PRIOR,RideBase simulation prior,,,,LOW,0,1,1.1.0,
POL0181,GROUP,,ICE_125_SCOOTER_BELT,REAR_BRAKE_PAD_CHANGE,WEAR_BASED,,,,,CONDITION_ONLY,1.0,0.75,0.75,1.0,26000.0,8000.0,8000.0,55000.0,10,SIMULATION_PRIOR,RideBase simulation prior,,,,LOW,0,1,1.1.0,
POL0182,GROUP,,ICE_125_SCOOTER_BELT,FRONT_TIRE_CHANGE,WEAR_BASED,,,,,CONDITION_ONLY,1.0,0.8,0.75,1.0,18000.0,5000.0,8000.0,35000.0,10,SIMULATION_PRIOR,RideBase simulation prior,,,,LOW,0,1,1.1.0,
POL0183,GROUP,,ICE_125_SCOOTER_BELT,REAR_TIRE_CHANGE,WEAR_BASED,,,,,CONDITION_ONLY,1.0,0.75,0.75,1.0,14000.0,4500.0,6000.0,30000.0,10,SIMULATION_PRIOR,RideBase simulation prior,,,,LOW,0,1,1.1.0,
POL0184,GROUP,,ICE_125_SCOOTER_BELT,BATTERY_CHANGE,WEAR_BASED,,,,36.0,CONDITION_ONLY,1.0,1.0,1.0,1.0,,,,,10,SIMULATION_PRIOR,RideBase simulation prior,,,,LOW,0,1,1.1.0,"36 months is a stochastic simulation center, not a manufacturer interval."
POL0185,GROUP,,ICE_125_SCOOTER_BELT,CVT_CASE_INSPECTION,SCHEDULED,,5000.0,,12.0,WHICHEVER_FIRST,1.0,1.0,1.0,1.0,,,,,10,REPRESENTATIVE_BACKOFF,KYMCO X-Town CT family manual,CVT scooter representative,https://www.kymco.com.tr/upi/pdf/x-town-ct-250.pdf?v=we1,,MEDIUM,0,1,1.1.0,
POL0186,GROUP,,ICE_125_SCOOTER_BELT,CVT_BELT_INSPECTION,SCHEDULED,,10000.0,,12.0,WHICHEVER_FIRST,1.0,1.0,1.0,1.0,,,,,10,REPRESENTATIVE_BACKOFF,KYMCO/Honda scooter schedules,CVT scooter representative,https://www.kymco.com.tr/upi/pdf/x-town-ct-250.pdf?v=we1,,MEDIUM,0,1,1.1.0,
POL0187,GROUP,,ICE_125_SCOOTER_BELT,CVT_BELT_CHANGE,SCHEDULED,,20000.0,,36.0,WHICHEVER_FIRST,1.0,1.0,1.0,1.0,,,,,10,REPRESENTATIVE_BACKOFF,KYMCO X-Town CT family manual,CVT scooter representative,https://www.kymco.com.tr/upi/pdf/x-town-ct-250.pdf?v=we1,"Representative table shows belt inspections and replacement around 20,000 km.",MEDIUM,0,1,1.1.0,
POL0188,GROUP,,ICE_125_SCOOTER_BELT,CVT_ROLLER_INSPECTION,SCHEDULED,,10000.0,,12.0,WHICHEVER_FIRST,1.0,1.0,1.0,1.0,,,,,10,SIMULATION_BACKOFF,RideBase CVT architecture backoff,,https://www.honda.com.tr/assets/files/Bx6KmWpQrT1715073681294.pdf,,LOW,0,1,1.1.0,
POL0189,GROUP,,ICE_125_SCOOTER_BELT,CVT_ROLLER_CHANGE,WEAR_BASED,,,,,CONDITION_ONLY,1.0,1.0,1.0,1.0,22000.0,5000.0,12000.0,35000.0,10,SIMULATION_PRIOR,RideBase simulation prior,,,,LOW,0,1,1.1.0,
POL0190,GROUP,,ICE_125_SCOOTER_BELT,FINAL_GEAR_OIL_CHANGE,SCHEDULED,,10000.0,,24.0,WHICHEVER_FIRST,1.0,1.0,1.0,1.0,,,,,10,SIMULATION_BACKOFF,Honda PCX/KYMCO representative schedules,CVT scooter architecture backoff,https://www.honda.com.tr/assets/files/Bx6KmWpQrT1715073681294.pdf,PCX explicitly has 2-year reduction-oil replacement; km cadence is a simulation backoff.,LOW,0,1,1.1.0,
POL0191,GROUP,,ICE_200_LIQUID_CHAIN,ENGINE_OIL_CHANGE,SCHEDULED,1000.0,5000.0,,12.0,WHICHEVER_FIRST,0.8,0.75,0.8,1.0,,,,,10,REPRESENTATIVE_BACKOFF,Official manufacturer maintenance manual(s),Bajaj NS200 UG2 representative chain schedule,https://bajajturkiye.com.tr/wp-content/uploads/2025/04/NS200UG2-Kullanim-Kilavuzu.pdf,Architecture-derived backoff; not model-exact.,MEDIUM,0,1,1.1.0,
POL0192,GROUP,,ICE_200_LIQUID_CHAIN,AIR_FILTER_INSPECTION,SCHEDULED,,5000.0,,12.0,WHICHEVER_FIRST,0.75,0.85,0.6,0.5,,,,,10,REPRESENTATIVE_BACKOFF,Official manufacturer maintenance manual(s),Bajaj NS200 UG2 representative chain schedule,https://bajajturkiye.com.tr/wp-content/uploads/2025/04/NS200UG2-Kullanim-Kilavuzu.pdf,,MEDIUM,0,1,1.1.0,
POL0193,GROUP,,ICE_200_LIQUID_CHAIN,AIR_FILTER_CHANGE,SCHEDULED,,10000.0,,24.0,WHICHEVER_FIRST,0.75,0.8,0.55,0.5,,,,,10,REPRESENTATIVE_BACKOFF,Official manufacturer maintenance manual(s),Bajaj NS200 UG2 representative chain schedule,https://bajajturkiye.com.tr/wp-content/uploads/2025/04/NS200UG2-Kullanim-Kilavuzu.pdf,,MEDIUM,0,1,1.1.0,
POL0194,GROUP,,ICE_200_LIQUID_CHAIN,SPARK_PLUG_INSPECTION,SCHEDULED,,5000.0,,12.0,WHICHEVER_FIRST,1.0,1.0,1.0,1.0,,,,,10,REPRESENTATIVE_BACKOFF,Official manufacturer maintenance manual(s),Bajaj NS200 UG2 representative chain schedule,https://bajajturkiye.com.tr/wp-content/uploads/2025/04/NS200UG2-Kullanim-Kilavuzu.pdf,,MEDIUM,0,1,1.1.0,
POL0195,GROUP,,ICE_200_LIQUID_CHAIN,SPARK_PLUG_CHANGE,SCHEDULED,,20000.0,,36.0,WHICHEVER_FIRST,1.0,1.0,1.0,1.0,,,,,10,REPRESENTATIVE_BACKOFF,Official manufacturer maintenance manual(s),Bajaj NS200 UG2 representative chain schedule,https://bajajturkiye.com.tr/wp-content/uploads/2025/04/NS200UG2-Kullanim-Kilavuzu.pdf,,MEDIUM,0,1,1.1.0,
POL0196,GROUP,,ICE_200_LIQUID_CHAIN,VALVE_CLEARANCE_INSPECTION,SCHEDULED,,10000.0,,24.0,WHICHEVER_FIRST,1.0,1.0,1.0,1.0,,,,,10,REPRESENTATIVE_BACKOFF,Official manufacturer maintenance manual(s),Bajaj NS200 UG2 representative chain schedule,https://bajajturkiye.com.tr/wp-content/uploads/2025/04/NS200UG2-Kullanim-Kilavuzu.pdf,,MEDIUM,0,1,1.1.0,
POL0197,GROUP,,ICE_200_LIQUID_CHAIN,BATTERY_TEST,SCHEDULED,,5000.0,,12.0,WHICHEVER_FIRST,1.0,1.0,1.0,1.0,,,,,10,SIMULATION_BACKOFF,RideBase engineering backoff,,,,MEDIUM,0,1,1.1.0,
POL0198,GROUP,,ICE_200_LIQUID_CHAIN,GENERAL_SAFETY_INSPECTION,SCHEDULED,,5000.0,,12.0,WHICHEVER_FIRST,1.0,1.0,1.0,1.0,,,,,10,SIMULATION_BACKOFF,RideBase engineering backoff,,,,MEDIUM,0,1,1.1.0,
POL0199,GROUP,,ICE_200_LIQUID_CHAIN,FRONT_BRAKE_PAD_INSPECTION,SCHEDULED,,5000.0,,12.0,WHICHEVER_FIRST,1.0,1.0,1.0,1.0,,,,,10,SIMULATION_BACKOFF,RideBase engineering backoff,,,,MEDIUM,0,1,1.1.0,
POL0200,GROUP,,ICE_200_LIQUID_CHAIN,REAR_BRAKE_PAD_INSPECTION,SCHEDULED,,5000.0,,12.0,WHICHEVER_FIRST,1.0,1.0,1.0,1.0,,,,,10,SIMULATION_BACKOFF,RideBase engineering backoff,,,,MEDIUM,0,1,1.1.0,
POL0201,GROUP,,ICE_200_LIQUID_CHAIN,BRAKE_FLUID_CHECK,SCHEDULED,,5000.0,,12.0,WHICHEVER_FIRST,1.0,1.0,1.0,1.0,,,,,10,SIMULATION_BACKOFF,RideBase engineering backoff,,,,MEDIUM,0,1,1.1.0,
POL0202,GROUP,,ICE_200_LIQUID_CHAIN,FRONT_TIRE_INSPECTION,SCHEDULED,,5000.0,,12.0,WHICHEVER_FIRST,1.0,1.0,1.0,1.0,,,,,10,SIMULATION_BACKOFF,RideBase engineering backoff,,,,MEDIUM,0,1,1.1.0,
POL0203,GROUP,,ICE_200_LIQUID_CHAIN,REAR_TIRE_INSPECTION,SCHEDULED,,5000.0,,12.0,WHICHEVER_FIRST,1.0,1.0,1.0,1.0,,,,,10,SIMULATION_BACKOFF,RideBase engineering backoff,,,,MEDIUM,0,1,1.1.0,
POL0204,GROUP,,ICE_200_LIQUID_CHAIN,FORK_INSPECTION,SCHEDULED,,5000.0,,12.0,WHICHEVER_FIRST,1.0,1.0,1.0,1.0,,,,,10,SIMULATION_BACKOFF,RideBase engineering backoff,,,,MEDIUM,0,1,1.1.0,
POL0205,GROUP,,ICE_200_LIQUID_CHAIN,STEERING_BEARING_INSPECTION,SCHEDULED,,5000.0,,12.0,WHICHEVER_FIRST,1.0,1.0,1.0,1.0,,,,,10,SIMULATION_BACKOFF,RideBase engineering backoff,,,,MEDIUM,0,1,1.1.0,
POL0206,GROUP,,ICE_200_LIQUID_CHAIN,WHEEL_BEARING_INSPECTION,SCHEDULED,,10000.0,,24.0,WHICHEVER_FIRST,1.0,1.0,1.0,1.0,,,,,10,SIMULATION_BACKOFF,RideBase engineering backoff,,,,MEDIUM,0,1,1.1.0,
POL0207,GROUP,,ICE_200_LIQUID_CHAIN,BRAKE_FLUID_CHANGE,SCHEDULED,,,,24.0,TIME_ONLY,1.0,1.0,1.0,1.0,,,,,10,REPRESENTATIVE_BACKOFF,Honda PCX125 representative schedule,Hydraulic brake system,https://www.honda.com.tr/assets/files/Bx6KmWpQrT1715073681294.pdf,PCX schedule explicitly lists brake fluid replacement every 2 years.,HIGH,0,1,1.1.0,
POL0208,GROUP,,ICE_200_LIQUID_CHAIN,FRONT_BRAKE_PAD_CHANGE,WEAR_BASED,,,,,CONDITION_ONLY,1.0,0.8,0.75,1.0,22000.0,7000.0,7000.0,45000.0,10,SIMULATION_PRIOR,RideBase simulation prior,,,,LOW,0,1,1.1.0,
POL0209,GROUP,,ICE_200_LIQUID_CHAIN,REAR_BRAKE_PAD_CHANGE,WEAR_BASED,,,,,CONDITION_ONLY,1.0,0.75,0.75,1.0,26000.0,8000.0,8000.0,55000.0,10,SIMULATION_PRIOR,RideBase simulation prior,,,,LOW,0,1,1.1.0,
POL0210,GROUP,,ICE_200_LIQUID_CHAIN,FRONT_TIRE_CHANGE,WEAR_BASED,,,,,CONDITION_ONLY,1.0,0.8,0.75,1.0,18000.0,5000.0,8000.0,35000.0,10,SIMULATION_PRIOR,RideBase simulation prior,,,,LOW,0,1,1.1.0,
POL0211,GROUP,,ICE_200_LIQUID_CHAIN,REAR_TIRE_CHANGE,WEAR_BASED,,,,,CONDITION_ONLY,1.0,0.75,0.75,1.0,14000.0,4500.0,6000.0,30000.0,10,SIMULATION_PRIOR,RideBase simulation prior,,,,LOW,0,1,1.1.0,
POL0212,GROUP,,ICE_200_LIQUID_CHAIN,BATTERY_CHANGE,WEAR_BASED,,,,36.0,CONDITION_ONLY,1.0,1.0,1.0,1.0,,,,,10,SIMULATION_PRIOR,RideBase simulation prior,,,,LOW,0,1,1.1.0,"36 months is a stochastic simulation center, not a manufacturer interval."
POL0213,GROUP,,ICE_200_LIQUID_CHAIN,COOLANT_LEVEL_CHECK,SCHEDULED,,5000.0,,12.0,WHICHEVER_FIRST,1.0,1.0,1.0,1.0,,,,,10,REPRESENTATIVE_BACKOFF,Official manufacturer maintenance manual(s),Bajaj NS200 UG2 representative chain schedule,https://bajajturkiye.com.tr/wp-content/uploads/2025/04/NS200UG2-Kullanim-Kilavuzu.pdf,,MEDIUM,0,1,1.1.0,
POL0214,GROUP,,ICE_200_LIQUID_CHAIN,COOLANT_CHANGE,SCHEDULED,,30000.0,,36.0,WHICHEVER_FIRST,1.0,1.0,1.0,1.0,,,,,10,REPRESENTATIVE_BACKOFF,Honda PCX125 / Bajaj NS200 schedules,Liquid-cooled representative schedules,https://www.honda.com.tr/assets/files/Bx6KmWpQrT1715073681294.pdf,"PCX: 3-year replacement; NS200: replacement at 30,000 km.",HIGH,0,1,1.1.0,
POL0215,GROUP,,ICE_200_LIQUID_CHAIN,CHAIN_INSPECTION,SCHEDULED,,1000.0,,,KM_ONLY,0.75,0.7,0.5,1.0,,,,,10,REPRESENTATIVE_BACKOFF,Bajaj NS200 UG2 manual,Chain-drive representative,https://bajajturkiye.com.tr/wp-content/uploads/2025/04/NS200UG2-Kullanim-Kilavuzu.pdf,,MEDIUM,0,1,1.1.0,
POL0216,GROUP,,ICE_200_LIQUID_CHAIN,CHAIN_CLEAN,SCHEDULED,,500.0,,,KM_ONLY,0.7,0.7,0.4,0.5,,,,,10,VERIFIED_REPRESENTATIVE,Bajaj NS200 UG2 manual,Bajaj NS200 UG2,https://bajajturkiye.com.tr/wp-content/uploads/2025/04/NS200UG2-Kullanim-Kilavuzu.pdf,Maintenance table explicitly says chain cleaning spray every 500 km.,HIGH,0,1,1.1.0,
POL0217,GROUP,,ICE_200_LIQUID_CHAIN,CHAIN_LUBRICATE,SCHEDULED,,500.0,,,KM_ONLY,0.7,0.7,0.4,0.5,,,,,10,SIMULATION_BACKOFF,RideBase derived from chain-cleaning cadence,Bajaj NS200 UG2 reference,https://bajajturkiye.com.tr/wp-content/uploads/2025/04/NS200UG2-Kullanim-Kilavuzu.pdf,,LOW,0,1,1.1.0,
POL0218,GROUP,,ICE_200_LIQUID_CHAIN,CHAIN_ADJUST,CONDITION_BASED,,,,,CONDITION_ONLY,1.0,1.0,1.0,1.0,,,,,10,SIMULATION_PRIOR,RideBase simulation prior,,,,MEDIUM,0,1,1.1.0,
POL0219,GROUP,,ICE_200_LIQUID_CHAIN,CHAIN_SPROCKET_REPLACE,WEAR_BASED,,,,,CONDITION_ONLY,1.0,0.75,0.7,0.8,22000.0,6000.0,12000.0,40000.0,10,SIMULATION_PRIOR,RideBase simulation prior,,,,LOW,0,1,1.1.0,
POL0220,GROUP,,ICE_200_LIQUID_CHAIN,CLUTCH_FREE_PLAY_CHECK,SCHEDULED,,5000.0,,12.0,WHICHEVER_FIRST,1.0,1.0,1.0,1.0,,,,,10,SIMULATION_BACKOFF,RideBase engineering backoff,,,,MEDIUM,0,1,1.1.0,
POL0221,GROUP,,ICE_200_LIQUID_CHAIN,CLUTCH_PLATE_INSPECTION,CONDITION_BASED,,,,,CONDITION_ONLY,1.0,1.0,1.0,1.0,,,,,10,SIMULATION_PRIOR,RideBase simulation prior,,,,LOW,0,1,1.1.0,
POL0222,GROUP,,ICE_200_LIQUID_CHAIN,CLUTCH_PLATE_CHANGE,WEAR_BASED,,,,,CONDITION_ONLY,1.0,0.7,0.75,1.0,40000.0,12000.0,15000.0,80000.0,10,SIMULATION_PRIOR,RideBase simulation prior,,,,LOW,0,1,1.1.0,
POL0223,GROUP,,ICE_200_OIL_CHAIN,ENGINE_OIL_CHANGE,SCHEDULED,1000.0,5000.0,,12.0,WHICHEVER_FIRST,0.8,0.75,0.8,1.0,,,,,10,REPRESENTATIVE_BACKOFF,Official manufacturer maintenance manual(s),Bajaj NS200 UG2 representative chain schedule,https://bajajturkiye.com.tr/wp-content/uploads/2025/04/NS200UG2-Kullanim-Kilavuzu.pdf,Architecture-derived backoff; not model-exact.,MEDIUM,0,1,1.1.0,
POL0224,GROUP,,ICE_200_OIL_CHAIN,AIR_FILTER_INSPECTION,SCHEDULED,,5000.0,,12.0,WHICHEVER_FIRST,0.75,0.85,0.6,0.5,,,,,10,REPRESENTATIVE_BACKOFF,Official manufacturer maintenance manual(s),Bajaj NS200 UG2 representative chain schedule,https://bajajturkiye.com.tr/wp-content/uploads/2025/04/NS200UG2-Kullanim-Kilavuzu.pdf,,MEDIUM,0,1,1.1.0,
POL0225,GROUP,,ICE_200_OIL_CHAIN,AIR_FILTER_CHANGE,SCHEDULED,,10000.0,,24.0,WHICHEVER_FIRST,0.75,0.8,0.55,0.5,,,,,10,REPRESENTATIVE_BACKOFF,Official manufacturer maintenance manual(s),Bajaj NS200 UG2 representative chain schedule,https://bajajturkiye.com.tr/wp-content/uploads/2025/04/NS200UG2-Kullanim-Kilavuzu.pdf,,MEDIUM,0,1,1.1.0,
POL0226,GROUP,,ICE_200_OIL_CHAIN,SPARK_PLUG_INSPECTION,SCHEDULED,,5000.0,,12.0,WHICHEVER_FIRST,1.0,1.0,1.0,1.0,,,,,10,REPRESENTATIVE_BACKOFF,Official manufacturer maintenance manual(s),Bajaj NS200 UG2 representative chain schedule,https://bajajturkiye.com.tr/wp-content/uploads/2025/04/NS200UG2-Kullanim-Kilavuzu.pdf,,MEDIUM,0,1,1.1.0,
POL0227,GROUP,,ICE_200_OIL_CHAIN,SPARK_PLUG_CHANGE,SCHEDULED,,20000.0,,36.0,WHICHEVER_FIRST,1.0,1.0,1.0,1.0,,,,,10,REPRESENTATIVE_BACKOFF,Official manufacturer maintenance manual(s),Bajaj NS200 UG2 representative chain schedule,https://bajajturkiye.com.tr/wp-content/uploads/2025/04/NS200UG2-Kullanim-Kilavuzu.pdf,,MEDIUM,0,1,1.1.0,
POL0228,GROUP,,ICE_200_OIL_CHAIN,VALVE_CLEARANCE_INSPECTION,SCHEDULED,,10000.0,,24.0,WHICHEVER_FIRST,1.0,1.0,1.0,1.0,,,,,10,REPRESENTATIVE_BACKOFF,Official manufacturer maintenance manual(s),Bajaj NS200 UG2 representative chain schedule,https://bajajturkiye.com.tr/wp-content/uploads/2025/04/NS200UG2-Kullanim-Kilavuzu.pdf,,MEDIUM,0,1,1.1.0,
POL0229,GROUP,,ICE_200_OIL_CHAIN,BATTERY_TEST,SCHEDULED,,5000.0,,12.0,WHICHEVER_FIRST,1.0,1.0,1.0,1.0,,,,,10,SIMULATION_BACKOFF,RideBase engineering backoff,,,,MEDIUM,0,1,1.1.0,
POL0230,GROUP,,ICE_200_OIL_CHAIN,GENERAL_SAFETY_INSPECTION,SCHEDULED,,5000.0,,12.0,WHICHEVER_FIRST,1.0,1.0,1.0,1.0,,,,,10,SIMULATION_BACKOFF,RideBase engineering backoff,,,,MEDIUM,0,1,1.1.0,
POL0231,GROUP,,ICE_200_OIL_CHAIN,FRONT_BRAKE_PAD_INSPECTION,SCHEDULED,,5000.0,,12.0,WHICHEVER_FIRST,1.0,1.0,1.0,1.0,,,,,10,SIMULATION_BACKOFF,RideBase engineering backoff,,,,MEDIUM,0,1,1.1.0,
POL0232,GROUP,,ICE_200_OIL_CHAIN,REAR_BRAKE_PAD_INSPECTION,SCHEDULED,,5000.0,,12.0,WHICHEVER_FIRST,1.0,1.0,1.0,1.0,,,,,10,SIMULATION_BACKOFF,RideBase engineering backoff,,,,MEDIUM,0,1,1.1.0,
POL0233,GROUP,,ICE_200_OIL_CHAIN,BRAKE_FLUID_CHECK,SCHEDULED,,5000.0,,12.0,WHICHEVER_FIRST,1.0,1.0,1.0,1.0,,,,,10,SIMULATION_BACKOFF,RideBase engineering backoff,,,,MEDIUM,0,1,1.1.0,
POL0234,GROUP,,ICE_200_OIL_CHAIN,FRONT_TIRE_INSPECTION,SCHEDULED,,5000.0,,12.0,WHICHEVER_FIRST,1.0,1.0,1.0,1.0,,,,,10,SIMULATION_BACKOFF,RideBase engineering backoff,,,,MEDIUM,0,1,1.1.0,
POL0235,GROUP,,ICE_200_OIL_CHAIN,REAR_TIRE_INSPECTION,SCHEDULED,,5000.0,,12.0,WHICHEVER_FIRST,1.0,1.0,1.0,1.0,,,,,10,SIMULATION_BACKOFF,RideBase engineering backoff,,,,MEDIUM,0,1,1.1.0,
POL0236,GROUP,,ICE_200_OIL_CHAIN,FORK_INSPECTION,SCHEDULED,,5000.0,,12.0,WHICHEVER_FIRST,1.0,1.0,1.0,1.0,,,,,10,SIMULATION_BACKOFF,RideBase engineering backoff,,,,MEDIUM,0,1,1.1.0,
POL0237,GROUP,,ICE_200_OIL_CHAIN,STEERING_BEARING_INSPECTION,SCHEDULED,,5000.0,,12.0,WHICHEVER_FIRST,1.0,1.0,1.0,1.0,,,,,10,SIMULATION_BACKOFF,RideBase engineering backoff,,,,MEDIUM,0,1,1.1.0,
POL0238,GROUP,,ICE_200_OIL_CHAIN,WHEEL_BEARING_INSPECTION,SCHEDULED,,10000.0,,24.0,WHICHEVER_FIRST,1.0,1.0,1.0,1.0,,,,,10,SIMULATION_BACKOFF,RideBase engineering backoff,,,,MEDIUM,0,1,1.1.0,
POL0239,GROUP,,ICE_200_OIL_CHAIN,BRAKE_FLUID_CHANGE,SCHEDULED,,,,24.0,TIME_ONLY,1.0,1.0,1.0,1.0,,,,,10,REPRESENTATIVE_BACKOFF,Honda PCX125 representative schedule,Hydraulic brake system,https://www.honda.com.tr/assets/files/Bx6KmWpQrT1715073681294.pdf,PCX schedule explicitly lists brake fluid replacement every 2 years.,HIGH,0,1,1.1.0,
POL0240,GROUP,,ICE_200_OIL_CHAIN,FRONT_BRAKE_PAD_CHANGE,WEAR_BASED,,,,,CONDITION_ONLY,1.0,0.8,0.75,1.0,22000.0,7000.0,7000.0,45000.0,10,SIMULATION_PRIOR,RideBase simulation prior,,,,LOW,0,1,1.1.0,
POL0241,GROUP,,ICE_200_OIL_CHAIN,REAR_BRAKE_PAD_CHANGE,WEAR_BASED,,,,,CONDITION_ONLY,1.0,0.75,0.75,1.0,26000.0,8000.0,8000.0,55000.0,10,SIMULATION_PRIOR,RideBase simulation prior,,,,LOW,0,1,1.1.0,
POL0242,GROUP,,ICE_200_OIL_CHAIN,FRONT_TIRE_CHANGE,WEAR_BASED,,,,,CONDITION_ONLY,1.0,0.8,0.75,1.0,18000.0,5000.0,8000.0,35000.0,10,SIMULATION_PRIOR,RideBase simulation prior,,,,LOW,0,1,1.1.0,
POL0243,GROUP,,ICE_200_OIL_CHAIN,REAR_TIRE_CHANGE,WEAR_BASED,,,,,CONDITION_ONLY,1.0,0.75,0.75,1.0,14000.0,4500.0,6000.0,30000.0,10,SIMULATION_PRIOR,RideBase simulation prior,,,,LOW,0,1,1.1.0,
POL0244,GROUP,,ICE_200_OIL_CHAIN,BATTERY_CHANGE,WEAR_BASED,,,,36.0,CONDITION_ONLY,1.0,1.0,1.0,1.0,,,,,10,SIMULATION_PRIOR,RideBase simulation prior,,,,LOW,0,1,1.1.0,"36 months is a stochastic simulation center, not a manufacturer interval."
POL0245,GROUP,,ICE_200_OIL_CHAIN,CHAIN_INSPECTION,SCHEDULED,,1000.0,,,KM_ONLY,0.75,0.7,0.5,1.0,,,,,10,REPRESENTATIVE_BACKOFF,Bajaj NS200 UG2 manual,Chain-drive representative,https://bajajturkiye.com.tr/wp-content/uploads/2025/04/NS200UG2-Kullanim-Kilavuzu.pdf,,MEDIUM,0,1,1.1.0,
POL0246,GROUP,,ICE_200_OIL_CHAIN,CHAIN_CLEAN,SCHEDULED,,500.0,,,KM_ONLY,0.7,0.7,0.4,0.5,,,,,10,VERIFIED_REPRESENTATIVE,Bajaj NS200 UG2 manual,Bajaj NS200 UG2,https://bajajturkiye.com.tr/wp-content/uploads/2025/04/NS200UG2-Kullanim-Kilavuzu.pdf,Maintenance table explicitly says chain cleaning spray every 500 km.,HIGH,0,1,1.1.0,
POL0247,GROUP,,ICE_200_OIL_CHAIN,CHAIN_LUBRICATE,SCHEDULED,,500.0,,,KM_ONLY,0.7,0.7,0.4,0.5,,,,,10,SIMULATION_BACKOFF,RideBase derived from chain-cleaning cadence,Bajaj NS200 UG2 reference,https://bajajturkiye.com.tr/wp-content/uploads/2025/04/NS200UG2-Kullanim-Kilavuzu.pdf,,LOW,0,1,1.1.0,
POL0248,GROUP,,ICE_200_OIL_CHAIN,CHAIN_ADJUST,CONDITION_BASED,,,,,CONDITION_ONLY,1.0,1.0,1.0,1.0,,,,,10,SIMULATION_PRIOR,RideBase simulation prior,,,,MEDIUM,0,1,1.1.0,
POL0249,GROUP,,ICE_200_OIL_CHAIN,CHAIN_SPROCKET_REPLACE,WEAR_BASED,,,,,CONDITION_ONLY,1.0,0.75,0.7,0.8,22000.0,6000.0,12000.0,40000.0,10,SIMULATION_PRIOR,RideBase simulation prior,,,,LOW,0,1,1.1.0,
POL0250,GROUP,,ICE_200_OIL_CHAIN,CLUTCH_FREE_PLAY_CHECK,SCHEDULED,,5000.0,,12.0,WHICHEVER_FIRST,1.0,1.0,1.0,1.0,,,,,10,SIMULATION_BACKOFF,RideBase engineering backoff,,,,MEDIUM,0,1,1.1.0,
POL0251,GROUP,,ICE_200_OIL_CHAIN,CLUTCH_PLATE_INSPECTION,CONDITION_BASED,,,,,CONDITION_ONLY,1.0,1.0,1.0,1.0,,,,,10,SIMULATION_PRIOR,RideBase simulation prior,,,,LOW,0,1,1.1.0,
POL0252,GROUP,,ICE_200_OIL_CHAIN,CLUTCH_PLATE_CHANGE,WEAR_BASED,,,,,CONDITION_ONLY,1.0,0.7,0.75,1.0,40000.0,12000.0,15000.0,80000.0,10,SIMULATION_PRIOR,RideBase simulation prior,,,,LOW,0,1,1.1.0,
POL0253,GROUP,,ICE_250_LIQUID_BELT,ENGINE_OIL_CHANGE,SCHEDULED,1000.0,5000.0,,12.0,WHICHEVER_FIRST,0.8,0.75,0.8,1.0,,,,,10,REPRESENTATIVE_BACKOFF,Official manufacturer maintenance manual(s),KYMCO X-Town CT family representative architecture,https://www.kymco.com.tr/upi/pdf/x-town-ct-250.pdf?v=we1,Architecture-derived backoff; not model-exact.,MEDIUM,0,1,1.1.0,
POL0254,GROUP,,ICE_250_LIQUID_BELT,AIR_FILTER_INSPECTION,SCHEDULED,,5000.0,,12.0,WHICHEVER_FIRST,0.75,0.85,0.6,0.5,,,,,10,REPRESENTATIVE_BACKOFF,Official manufacturer maintenance manual(s),KYMCO X-Town CT family representative architecture,https://www.kymco.com.tr/upi/pdf/x-town-ct-250.pdf?v=we1,,MEDIUM,0,1,1.1.0,
POL0255,GROUP,,ICE_250_LIQUID_BELT,AIR_FILTER_CHANGE,SCHEDULED,,10000.0,,24.0,WHICHEVER_FIRST,0.75,0.8,0.55,0.5,,,,,10,REPRESENTATIVE_BACKOFF,Official manufacturer maintenance manual(s),KYMCO X-Town CT family representative architecture,https://www.kymco.com.tr/upi/pdf/x-town-ct-250.pdf?v=we1,,MEDIUM,0,1,1.1.0,
POL0256,GROUP,,ICE_250_LIQUID_BELT,SPARK_PLUG_INSPECTION,SCHEDULED,,5000.0,,12.0,WHICHEVER_FIRST,1.0,1.0,1.0,1.0,,,,,10,REPRESENTATIVE_BACKOFF,Official manufacturer maintenance manual(s),KYMCO X-Town CT family representative architecture,https://www.kymco.com.tr/upi/pdf/x-town-ct-250.pdf?v=we1,,MEDIUM,0,1,1.1.0,
POL0257,GROUP,,ICE_250_LIQUID_BELT,SPARK_PLUG_CHANGE,SCHEDULED,,20000.0,,36.0,WHICHEVER_FIRST,1.0,1.0,1.0,1.0,,,,,10,REPRESENTATIVE_BACKOFF,Official manufacturer maintenance manual(s),KYMCO X-Town CT family representative architecture,https://www.kymco.com.tr/upi/pdf/x-town-ct-250.pdf?v=we1,,MEDIUM,0,1,1.1.0,
POL0258,GROUP,,ICE_250_LIQUID_BELT,VALVE_CLEARANCE_INSPECTION,SCHEDULED,,10000.0,,24.0,WHICHEVER_FIRST,1.0,1.0,1.0,1.0,,,,,10,REPRESENTATIVE_BACKOFF,Official manufacturer maintenance manual(s),KYMCO X-Town CT family representative architecture,https://www.kymco.com.tr/upi/pdf/x-town-ct-250.pdf?v=we1,,MEDIUM,0,1,1.1.0,
POL0259,GROUP,,ICE_250_LIQUID_BELT,BATTERY_TEST,SCHEDULED,,5000.0,,12.0,WHICHEVER_FIRST,1.0,1.0,1.0,1.0,,,,,10,SIMULATION_BACKOFF,RideBase engineering backoff,,,,MEDIUM,0,1,1.1.0,
POL0260,GROUP,,ICE_250_LIQUID_BELT,GENERAL_SAFETY_INSPECTION,SCHEDULED,,5000.0,,12.0,WHICHEVER_FIRST,1.0,1.0,1.0,1.0,,,,,10,SIMULATION_BACKOFF,RideBase engineering backoff,,,,MEDIUM,0,1,1.1.0,
POL0261,GROUP,,ICE_250_LIQUID_BELT,FRONT_BRAKE_PAD_INSPECTION,SCHEDULED,,5000.0,,12.0,WHICHEVER_FIRST,1.0,1.0,1.0,1.0,,,,,10,SIMULATION_BACKOFF,RideBase engineering backoff,,,,MEDIUM,0,1,1.1.0,
POL0262,GROUP,,ICE_250_LIQUID_BELT,REAR_BRAKE_PAD_INSPECTION,SCHEDULED,,5000.0,,12.0,WHICHEVER_FIRST,1.0,1.0,1.0,1.0,,,,,10,SIMULATION_BACKOFF,RideBase engineering backoff,,,,MEDIUM,0,1,1.1.0,
POL0263,GROUP,,ICE_250_LIQUID_BELT,BRAKE_FLUID_CHECK,SCHEDULED,,5000.0,,12.0,WHICHEVER_FIRST,1.0,1.0,1.0,1.0,,,,,10,SIMULATION_BACKOFF,RideBase engineering backoff,,,,MEDIUM,0,1,1.1.0,
POL0264,GROUP,,ICE_250_LIQUID_BELT,FRONT_TIRE_INSPECTION,SCHEDULED,,5000.0,,12.0,WHICHEVER_FIRST,1.0,1.0,1.0,1.0,,,,,10,SIMULATION_BACKOFF,RideBase engineering backoff,,,,MEDIUM,0,1,1.1.0,
POL0265,GROUP,,ICE_250_LIQUID_BELT,REAR_TIRE_INSPECTION,SCHEDULED,,5000.0,,12.0,WHICHEVER_FIRST,1.0,1.0,1.0,1.0,,,,,10,SIMULATION_BACKOFF,RideBase engineering backoff,,,,MEDIUM,0,1,1.1.0,
POL0266,GROUP,,ICE_250_LIQUID_BELT,FORK_INSPECTION,SCHEDULED,,5000.0,,12.0,WHICHEVER_FIRST,1.0,1.0,1.0,1.0,,,,,10,SIMULATION_BACKOFF,RideBase engineering backoff,,,,MEDIUM,0,1,1.1.0,
POL0267,GROUP,,ICE_250_LIQUID_BELT,STEERING_BEARING_INSPECTION,SCHEDULED,,5000.0,,12.0,WHICHEVER_FIRST,1.0,1.0,1.0,1.0,,,,,10,SIMULATION_BACKOFF,RideBase engineering backoff,,,,MEDIUM,0,1,1.1.0,
POL0268,GROUP,,ICE_250_LIQUID_BELT,WHEEL_BEARING_INSPECTION,SCHEDULED,,10000.0,,24.0,WHICHEVER_FIRST,1.0,1.0,1.0,1.0,,,,,10,SIMULATION_BACKOFF,RideBase engineering backoff,,,,MEDIUM,0,1,1.1.0,
POL0269,GROUP,,ICE_250_LIQUID_BELT,BRAKE_FLUID_CHANGE,SCHEDULED,,,,24.0,TIME_ONLY,1.0,1.0,1.0,1.0,,,,,10,REPRESENTATIVE_BACKOFF,Honda PCX125 representative schedule,Hydraulic brake system,https://www.honda.com.tr/assets/files/Bx6KmWpQrT1715073681294.pdf,PCX schedule explicitly lists brake fluid replacement every 2 years.,HIGH,0,1,1.1.0,
POL0270,GROUP,,ICE_250_LIQUID_BELT,FRONT_BRAKE_PAD_CHANGE,WEAR_BASED,,,,,CONDITION_ONLY,1.0,0.8,0.75,1.0,22000.0,7000.0,7000.0,45000.0,10,SIMULATION_PRIOR,RideBase simulation prior,,,,LOW,0,1,1.1.0,
POL0271,GROUP,,ICE_250_LIQUID_BELT,REAR_BRAKE_PAD_CHANGE,WEAR_BASED,,,,,CONDITION_ONLY,1.0,0.75,0.75,1.0,26000.0,8000.0,8000.0,55000.0,10,SIMULATION_PRIOR,RideBase simulation prior,,,,LOW,0,1,1.1.0,
POL0272,GROUP,,ICE_250_LIQUID_BELT,FRONT_TIRE_CHANGE,WEAR_BASED,,,,,CONDITION_ONLY,1.0,0.8,0.75,1.0,18000.0,5000.0,8000.0,35000.0,10,SIMULATION_PRIOR,RideBase simulation prior,,,,LOW,0,1,1.1.0,
POL0273,GROUP,,ICE_250_LIQUID_BELT,REAR_TIRE_CHANGE,WEAR_BASED,,,,,CONDITION_ONLY,1.0,0.75,0.75,1.0,14000.0,4500.0,6000.0,30000.0,10,SIMULATION_PRIOR,RideBase simulation prior,,,,LOW,0,1,1.1.0,
POL0274,GROUP,,ICE_250_LIQUID_BELT,BATTERY_CHANGE,WEAR_BASED,,,,36.0,CONDITION_ONLY,1.0,1.0,1.0,1.0,,,,,10,SIMULATION_PRIOR,RideBase simulation prior,,,,LOW,0,1,1.1.0,"36 months is a stochastic simulation center, not a manufacturer interval."
POL0275,GROUP,,ICE_250_LIQUID_BELT,COOLANT_LEVEL_CHECK,SCHEDULED,,5000.0,,12.0,WHICHEVER_FIRST,1.0,1.0,1.0,1.0,,,,,10,REPRESENTATIVE_BACKOFF,Official manufacturer maintenance manual(s),KYMCO X-Town CT family representative architecture,https://www.kymco.com.tr/upi/pdf/x-town-ct-250.pdf?v=we1,,MEDIUM,0,1,1.1.0,
POL0276,GROUP,,ICE_250_LIQUID_BELT,COOLANT_CHANGE,SCHEDULED,,30000.0,,36.0,WHICHEVER_FIRST,1.0,1.0,1.0,1.0,,,,,10,REPRESENTATIVE_BACKOFF,Honda PCX125 / Bajaj NS200 schedules,Liquid-cooled representative schedules,https://www.honda.com.tr/assets/files/Bx6KmWpQrT1715073681294.pdf,"PCX: 3-year replacement; NS200: replacement at 30,000 km.",HIGH,0,1,1.1.0,
POL0277,GROUP,,ICE_250_LIQUID_BELT,CVT_CASE_INSPECTION,SCHEDULED,,5000.0,,12.0,WHICHEVER_FIRST,1.0,1.0,1.0,1.0,,,,,10,REPRESENTATIVE_BACKOFF,KYMCO X-Town CT family manual,CVT scooter representative,https://www.kymco.com.tr/upi/pdf/x-town-ct-250.pdf?v=we1,,MEDIUM,0,1,1.1.0,
POL0278,GROUP,,ICE_250_LIQUID_BELT,CVT_BELT_INSPECTION,SCHEDULED,,10000.0,,12.0,WHICHEVER_FIRST,1.0,1.0,1.0,1.0,,,,,10,REPRESENTATIVE_BACKOFF,KYMCO/Honda scooter schedules,CVT scooter representative,https://www.kymco.com.tr/upi/pdf/x-town-ct-250.pdf?v=we1,,MEDIUM,0,1,1.1.0,
POL0279,GROUP,,ICE_250_LIQUID_BELT,CVT_BELT_CHANGE,SCHEDULED,,20000.0,,36.0,WHICHEVER_FIRST,1.0,1.0,1.0,1.0,,,,,10,REPRESENTATIVE_BACKOFF,KYMCO X-Town CT family manual,CVT scooter representative,https://www.kymco.com.tr/upi/pdf/x-town-ct-250.pdf?v=we1,"Representative table shows belt inspections and replacement around 20,000 km.",MEDIUM,0,1,1.1.0,
POL0280,GROUP,,ICE_250_LIQUID_BELT,CVT_ROLLER_INSPECTION,SCHEDULED,,10000.0,,12.0,WHICHEVER_FIRST,1.0,1.0,1.0,1.0,,,,,10,SIMULATION_BACKOFF,RideBase CVT architecture backoff,,https://www.honda.com.tr/assets/files/Bx6KmWpQrT1715073681294.pdf,,LOW,0,1,1.1.0,
POL0281,GROUP,,ICE_250_LIQUID_BELT,CVT_ROLLER_CHANGE,WEAR_BASED,,,,,CONDITION_ONLY,1.0,1.0,1.0,1.0,22000.0,5000.0,12000.0,35000.0,10,SIMULATION_PRIOR,RideBase simulation prior,,,,LOW,0,1,1.1.0,
POL0282,GROUP,,ICE_250_LIQUID_BELT,FINAL_GEAR_OIL_CHANGE,SCHEDULED,,10000.0,,24.0,WHICHEVER_FIRST,1.0,1.0,1.0,1.0,,,,,10,SIMULATION_BACKOFF,Honda PCX/KYMCO representative schedules,CVT scooter architecture backoff,https://www.honda.com.tr/assets/files/Bx6KmWpQrT1715073681294.pdf,PCX explicitly has 2-year reduction-oil replacement; km cadence is a simulation backoff.,LOW,0,1,1.1.0,
POL0283,GROUP,,ICE_250_LIQUID_CHAIN,ENGINE_OIL_CHANGE,SCHEDULED,1000.0,5000.0,,12.0,WHICHEVER_FIRST,0.8,0.75,0.8,1.0,,,,,10,REPRESENTATIVE_BACKOFF,Official manufacturer maintenance manual(s),Bajaj NS200 UG2 representative chain schedule,https://bajajturkiye.com.tr/wp-content/uploads/2025/04/NS200UG2-Kullanim-Kilavuzu.pdf,Architecture-derived backoff; not model-exact.,MEDIUM,0,1,1.1.0,
POL0284,GROUP,,ICE_250_LIQUID_CHAIN,AIR_FILTER_INSPECTION,SCHEDULED,,5000.0,,12.0,WHICHEVER_FIRST,0.75,0.85,0.6,0.5,,,,,10,REPRESENTATIVE_BACKOFF,Official manufacturer maintenance manual(s),Bajaj NS200 UG2 representative chain schedule,https://bajajturkiye.com.tr/wp-content/uploads/2025/04/NS200UG2-Kullanim-Kilavuzu.pdf,,MEDIUM,0,1,1.1.0,
POL0285,GROUP,,ICE_250_LIQUID_CHAIN,AIR_FILTER_CHANGE,SCHEDULED,,10000.0,,24.0,WHICHEVER_FIRST,0.75,0.8,0.55,0.5,,,,,10,REPRESENTATIVE_BACKOFF,Official manufacturer maintenance manual(s),Bajaj NS200 UG2 representative chain schedule,https://bajajturkiye.com.tr/wp-content/uploads/2025/04/NS200UG2-Kullanim-Kilavuzu.pdf,,MEDIUM,0,1,1.1.0,
POL0286,GROUP,,ICE_250_LIQUID_CHAIN,SPARK_PLUG_INSPECTION,SCHEDULED,,5000.0,,12.0,WHICHEVER_FIRST,1.0,1.0,1.0,1.0,,,,,10,REPRESENTATIVE_BACKOFF,Official manufacturer maintenance manual(s),Bajaj NS200 UG2 representative chain schedule,https://bajajturkiye.com.tr/wp-content/uploads/2025/04/NS200UG2-Kullanim-Kilavuzu.pdf,,MEDIUM,0,1,1.1.0,
POL0287,GROUP,,ICE_250_LIQUID_CHAIN,SPARK_PLUG_CHANGE,SCHEDULED,,20000.0,,36.0,WHICHEVER_FIRST,1.0,1.0,1.0,1.0,,,,,10,REPRESENTATIVE_BACKOFF,Official manufacturer maintenance manual(s),Bajaj NS200 UG2 representative chain schedule,https://bajajturkiye.com.tr/wp-content/uploads/2025/04/NS200UG2-Kullanim-Kilavuzu.pdf,,MEDIUM,0,1,1.1.0,
POL0288,GROUP,,ICE_250_LIQUID_CHAIN,VALVE_CLEARANCE_INSPECTION,SCHEDULED,,10000.0,,24.0,WHICHEVER_FIRST,1.0,1.0,1.0,1.0,,,,,10,REPRESENTATIVE_BACKOFF,Official manufacturer maintenance manual(s),Bajaj NS200 UG2 representative chain schedule,https://bajajturkiye.com.tr/wp-content/uploads/2025/04/NS200UG2-Kullanim-Kilavuzu.pdf,,MEDIUM,0,1,1.1.0,
POL0289,GROUP,,ICE_250_LIQUID_CHAIN,BATTERY_TEST,SCHEDULED,,5000.0,,12.0,WHICHEVER_FIRST,1.0,1.0,1.0,1.0,,,,,10,SIMULATION_BACKOFF,RideBase engineering backoff,,,,MEDIUM,0,1,1.1.0,
POL0290,GROUP,,ICE_250_LIQUID_CHAIN,GENERAL_SAFETY_INSPECTION,SCHEDULED,,5000.0,,12.0,WHICHEVER_FIRST,1.0,1.0,1.0,1.0,,,,,10,SIMULATION_BACKOFF,RideBase engineering backoff,,,,MEDIUM,0,1,1.1.0,
POL0291,GROUP,,ICE_250_LIQUID_CHAIN,FRONT_BRAKE_PAD_INSPECTION,SCHEDULED,,5000.0,,12.0,WHICHEVER_FIRST,1.0,1.0,1.0,1.0,,,,,10,SIMULATION_BACKOFF,RideBase engineering backoff,,,,MEDIUM,0,1,1.1.0,
POL0292,GROUP,,ICE_250_LIQUID_CHAIN,REAR_BRAKE_PAD_INSPECTION,SCHEDULED,,5000.0,,12.0,WHICHEVER_FIRST,1.0,1.0,1.0,1.0,,,,,10,SIMULATION_BACKOFF,RideBase engineering backoff,,,,MEDIUM,0,1,1.1.0,
POL0293,GROUP,,ICE_250_LIQUID_CHAIN,BRAKE_FLUID_CHECK,SCHEDULED,,5000.0,,12.0,WHICHEVER_FIRST,1.0,1.0,1.0,1.0,,,,,10,SIMULATION_BACKOFF,RideBase engineering backoff,,,,MEDIUM,0,1,1.1.0,
POL0294,GROUP,,ICE_250_LIQUID_CHAIN,FRONT_TIRE_INSPECTION,SCHEDULED,,5000.0,,12.0,WHICHEVER_FIRST,1.0,1.0,1.0,1.0,,,,,10,SIMULATION_BACKOFF,RideBase engineering backoff,,,,MEDIUM,0,1,1.1.0,
POL0295,GROUP,,ICE_250_LIQUID_CHAIN,REAR_TIRE_INSPECTION,SCHEDULED,,5000.0,,12.0,WHICHEVER_FIRST,1.0,1.0,1.0,1.0,,,,,10,SIMULATION_BACKOFF,RideBase engineering backoff,,,,MEDIUM,0,1,1.1.0,
POL0296,GROUP,,ICE_250_LIQUID_CHAIN,FORK_INSPECTION,SCHEDULED,,5000.0,,12.0,WHICHEVER_FIRST,1.0,1.0,1.0,1.0,,,,,10,SIMULATION_BACKOFF,RideBase engineering backoff,,,,MEDIUM,0,1,1.1.0,
POL0297,GROUP,,ICE_250_LIQUID_CHAIN,STEERING_BEARING_INSPECTION,SCHEDULED,,5000.0,,12.0,WHICHEVER_FIRST,1.0,1.0,1.0,1.0,,,,,10,SIMULATION_BACKOFF,RideBase engineering backoff,,,,MEDIUM,0,1,1.1.0,
POL0298,GROUP,,ICE_250_LIQUID_CHAIN,WHEEL_BEARING_INSPECTION,SCHEDULED,,10000.0,,24.0,WHICHEVER_FIRST,1.0,1.0,1.0,1.0,,,,,10,SIMULATION_BACKOFF,RideBase engineering backoff,,,,MEDIUM,0,1,1.1.0,
POL0299,GROUP,,ICE_250_LIQUID_CHAIN,BRAKE_FLUID_CHANGE,SCHEDULED,,,,24.0,TIME_ONLY,1.0,1.0,1.0,1.0,,,,,10,REPRESENTATIVE_BACKOFF,Honda PCX125 representative schedule,Hydraulic brake system,https://www.honda.com.tr/assets/files/Bx6KmWpQrT1715073681294.pdf,PCX schedule explicitly lists brake fluid replacement every 2 years.,HIGH,0,1,1.1.0,
POL0300,GROUP,,ICE_250_LIQUID_CHAIN,FRONT_BRAKE_PAD_CHANGE,WEAR_BASED,,,,,CONDITION_ONLY,1.0,0.8,0.75,1.0,22000.0,7000.0,7000.0,45000.0,10,SIMULATION_PRIOR,RideBase simulation prior,,,,LOW,0,1,1.1.0,
POL0301,GROUP,,ICE_250_LIQUID_CHAIN,REAR_BRAKE_PAD_CHANGE,WEAR_BASED,,,,,CONDITION_ONLY,1.0,0.75,0.75,1.0,26000.0,8000.0,8000.0,55000.0,10,SIMULATION_PRIOR,RideBase simulation prior,,,,LOW,0,1,1.1.0,
POL0302,GROUP,,ICE_250_LIQUID_CHAIN,FRONT_TIRE_CHANGE,WEAR_BASED,,,,,CONDITION_ONLY,1.0,0.8,0.75,1.0,18000.0,5000.0,8000.0,35000.0,10,SIMULATION_PRIOR,RideBase simulation prior,,,,LOW,0,1,1.1.0,
POL0303,GROUP,,ICE_250_LIQUID_CHAIN,REAR_TIRE_CHANGE,WEAR_BASED,,,,,CONDITION_ONLY,1.0,0.75,0.75,1.0,14000.0,4500.0,6000.0,30000.0,10,SIMULATION_PRIOR,RideBase simulation prior,,,,LOW,0,1,1.1.0,
POL0304,GROUP,,ICE_250_LIQUID_CHAIN,BATTERY_CHANGE,WEAR_BASED,,,,36.0,CONDITION_ONLY,1.0,1.0,1.0,1.0,,,,,10,SIMULATION_PRIOR,RideBase simulation prior,,,,LOW,0,1,1.1.0,"36 months is a stochastic simulation center, not a manufacturer interval."
POL0305,GROUP,,ICE_250_LIQUID_CHAIN,COOLANT_LEVEL_CHECK,SCHEDULED,,5000.0,,12.0,WHICHEVER_FIRST,1.0,1.0,1.0,1.0,,,,,10,REPRESENTATIVE_BACKOFF,Official manufacturer maintenance manual(s),Bajaj NS200 UG2 representative chain schedule,https://bajajturkiye.com.tr/wp-content/uploads/2025/04/NS200UG2-Kullanim-Kilavuzu.pdf,,MEDIUM,0,1,1.1.0,
POL0306,GROUP,,ICE_250_LIQUID_CHAIN,COOLANT_CHANGE,SCHEDULED,,30000.0,,36.0,WHICHEVER_FIRST,1.0,1.0,1.0,1.0,,,,,10,REPRESENTATIVE_BACKOFF,Honda PCX125 / Bajaj NS200 schedules,Liquid-cooled representative schedules,https://www.honda.com.tr/assets/files/Bx6KmWpQrT1715073681294.pdf,"PCX: 3-year replacement; NS200: replacement at 30,000 km.",HIGH,0,1,1.1.0,
POL0307,GROUP,,ICE_250_LIQUID_CHAIN,CHAIN_INSPECTION,SCHEDULED,,1000.0,,,KM_ONLY,0.75,0.7,0.5,1.0,,,,,10,REPRESENTATIVE_BACKOFF,Bajaj NS200 UG2 manual,Chain-drive representative,https://bajajturkiye.com.tr/wp-content/uploads/2025/04/NS200UG2-Kullanim-Kilavuzu.pdf,,MEDIUM,0,1,1.1.0,
POL0308,GROUP,,ICE_250_LIQUID_CHAIN,CHAIN_CLEAN,SCHEDULED,,500.0,,,KM_ONLY,0.7,0.7,0.4,0.5,,,,,10,VERIFIED_REPRESENTATIVE,Bajaj NS200 UG2 manual,Bajaj NS200 UG2,https://bajajturkiye.com.tr/wp-content/uploads/2025/04/NS200UG2-Kullanim-Kilavuzu.pdf,Maintenance table explicitly says chain cleaning spray every 500 km.,HIGH,0,1,1.1.0,
POL0309,GROUP,,ICE_250_LIQUID_CHAIN,CHAIN_LUBRICATE,SCHEDULED,,500.0,,,KM_ONLY,0.7,0.7,0.4,0.5,,,,,10,SIMULATION_BACKOFF,RideBase derived from chain-cleaning cadence,Bajaj NS200 UG2 reference,https://bajajturkiye.com.tr/wp-content/uploads/2025/04/NS200UG2-Kullanim-Kilavuzu.pdf,,LOW,0,1,1.1.0,
POL0310,GROUP,,ICE_250_LIQUID_CHAIN,CHAIN_ADJUST,CONDITION_BASED,,,,,CONDITION_ONLY,1.0,1.0,1.0,1.0,,,,,10,SIMULATION_PRIOR,RideBase simulation prior,,,,MEDIUM,0,1,1.1.0,
POL0311,GROUP,,ICE_250_LIQUID_CHAIN,CHAIN_SPROCKET_REPLACE,WEAR_BASED,,,,,CONDITION_ONLY,1.0,0.75,0.7,0.8,22000.0,6000.0,12000.0,40000.0,10,SIMULATION_PRIOR,RideBase simulation prior,,,,LOW,0,1,1.1.0,
POL0312,GROUP,,ICE_250_LIQUID_CHAIN,CLUTCH_FREE_PLAY_CHECK,SCHEDULED,,5000.0,,12.0,WHICHEVER_FIRST,1.0,1.0,1.0,1.0,,,,,10,SIMULATION_BACKOFF,RideBase engineering backoff,,,,MEDIUM,0,1,1.1.0,
POL0313,GROUP,,ICE_250_LIQUID_CHAIN,CLUTCH_PLATE_INSPECTION,CONDITION_BASED,,,,,CONDITION_ONLY,1.0,1.0,1.0,1.0,,,,,10,SIMULATION_PRIOR,RideBase simulation prior,,,,LOW,0,1,1.1.0,
POL0314,GROUP,,ICE_250_LIQUID_CHAIN,CLUTCH_PLATE_CHANGE,WEAR_BASED,,,,,CONDITION_ONLY,1.0,0.7,0.75,1.0,40000.0,12000.0,15000.0,80000.0,10,SIMULATION_PRIOR,RideBase simulation prior,,,,LOW,0,1,1.1.0,
POL0315,GROUP,,ICE_350_LIQUID_BELT,ENGINE_OIL_CHANGE,SCHEDULED,1000.0,5000.0,,12.0,WHICHEVER_FIRST,0.8,0.75,0.8,1.0,,,,,10,REPRESENTATIVE_BACKOFF,Official manufacturer maintenance manual(s),KYMCO X-Town CT family representative architecture,https://www.kymco.com.tr/upi/pdf/x-town-ct-250.pdf?v=we1,Architecture-derived backoff; not model-exact.,MEDIUM,0,1,1.1.0,
POL0316,GROUP,,ICE_350_LIQUID_BELT,AIR_FILTER_INSPECTION,SCHEDULED,,5000.0,,12.0,WHICHEVER_FIRST,0.75,0.85,0.6,0.5,,,,,10,REPRESENTATIVE_BACKOFF,Official manufacturer maintenance manual(s),KYMCO X-Town CT family representative architecture,https://www.kymco.com.tr/upi/pdf/x-town-ct-250.pdf?v=we1,,MEDIUM,0,1,1.1.0,
POL0317,GROUP,,ICE_350_LIQUID_BELT,AIR_FILTER_CHANGE,SCHEDULED,,10000.0,,24.0,WHICHEVER_FIRST,0.75,0.8,0.55,0.5,,,,,10,REPRESENTATIVE_BACKOFF,Official manufacturer maintenance manual(s),KYMCO X-Town CT family representative architecture,https://www.kymco.com.tr/upi/pdf/x-town-ct-250.pdf?v=we1,,MEDIUM,0,1,1.1.0,
POL0318,GROUP,,ICE_350_LIQUID_BELT,SPARK_PLUG_INSPECTION,SCHEDULED,,5000.0,,12.0,WHICHEVER_FIRST,1.0,1.0,1.0,1.0,,,,,10,REPRESENTATIVE_BACKOFF,Official manufacturer maintenance manual(s),KYMCO X-Town CT family representative architecture,https://www.kymco.com.tr/upi/pdf/x-town-ct-250.pdf?v=we1,,MEDIUM,0,1,1.1.0,
POL0319,GROUP,,ICE_350_LIQUID_BELT,SPARK_PLUG_CHANGE,SCHEDULED,,20000.0,,36.0,WHICHEVER_FIRST,1.0,1.0,1.0,1.0,,,,,10,REPRESENTATIVE_BACKOFF,Official manufacturer maintenance manual(s),KYMCO X-Town CT family representative architecture,https://www.kymco.com.tr/upi/pdf/x-town-ct-250.pdf?v=we1,,MEDIUM,0,1,1.1.0,
POL0320,GROUP,,ICE_350_LIQUID_BELT,VALVE_CLEARANCE_INSPECTION,SCHEDULED,,12000.0,,24.0,WHICHEVER_FIRST,1.0,1.0,1.0,1.0,,,,,10,REPRESENTATIVE_BACKOFF,Official manufacturer maintenance manual(s),KYMCO X-Town CT family representative architecture,https://www.kymco.com.tr/upi/pdf/x-town-ct-250.pdf?v=we1,,MEDIUM,0,1,1.1.0,
POL0321,GROUP,,ICE_350_LIQUID_BELT,BATTERY_TEST,SCHEDULED,,5000.0,,12.0,WHICHEVER_FIRST,1.0,1.0,1.0,1.0,,,,,10,SIMULATION_BACKOFF,RideBase engineering backoff,,,,MEDIUM,0,1,1.1.0,
POL0322,GROUP,,ICE_350_LIQUID_BELT,GENERAL_SAFETY_INSPECTION,SCHEDULED,,5000.0,,12.0,WHICHEVER_FIRST,1.0,1.0,1.0,1.0,,,,,10,SIMULATION_BACKOFF,RideBase engineering backoff,,,,MEDIUM,0,1,1.1.0,
POL0323,GROUP,,ICE_350_LIQUID_BELT,FRONT_BRAKE_PAD_INSPECTION,SCHEDULED,,5000.0,,12.0,WHICHEVER_FIRST,1.0,1.0,1.0,1.0,,,,,10,SIMULATION_BACKOFF,RideBase engineering backoff,,,,MEDIUM,0,1,1.1.0,
POL0324,GROUP,,ICE_350_LIQUID_BELT,REAR_BRAKE_PAD_INSPECTION,SCHEDULED,,5000.0,,12.0,WHICHEVER_FIRST,1.0,1.0,1.0,1.0,,,,,10,SIMULATION_BACKOFF,RideBase engineering backoff,,,,MEDIUM,0,1,1.1.0,
POL0325,GROUP,,ICE_350_LIQUID_BELT,BRAKE_FLUID_CHECK,SCHEDULED,,5000.0,,12.0,WHICHEVER_FIRST,1.0,1.0,1.0,1.0,,,,,10,SIMULATION_BACKOFF,RideBase engineering backoff,,,,MEDIUM,0,1,1.1.0,
POL0326,GROUP,,ICE_350_LIQUID_BELT,FRONT_TIRE_INSPECTION,SCHEDULED,,5000.0,,12.0,WHICHEVER_FIRST,1.0,1.0,1.0,1.0,,,,,10,SIMULATION_BACKOFF,RideBase engineering backoff,,,,MEDIUM,0,1,1.1.0,
POL0327,GROUP,,ICE_350_LIQUID_BELT,REAR_TIRE_INSPECTION,SCHEDULED,,5000.0,,12.0,WHICHEVER_FIRST,1.0,1.0,1.0,1.0,,,,,10,SIMULATION_BACKOFF,RideBase engineering backoff,,,,MEDIUM,0,1,1.1.0,
POL0328,GROUP,,ICE_350_LIQUID_BELT,FORK_INSPECTION,SCHEDULED,,5000.0,,12.0,WHICHEVER_FIRST,1.0,1.0,1.0,1.0,,,,,10,SIMULATION_BACKOFF,RideBase engineering backoff,,,,MEDIUM,0,1,1.1.0,
POL0329,GROUP,,ICE_350_LIQUID_BELT,STEERING_BEARING_INSPECTION,SCHEDULED,,5000.0,,12.0,WHICHEVER_FIRST,1.0,1.0,1.0,1.0,,,,,10,SIMULATION_BACKOFF,RideBase engineering backoff,,,,MEDIUM,0,1,1.1.0,
POL0330,GROUP,,ICE_350_LIQUID_BELT,WHEEL_BEARING_INSPECTION,SCHEDULED,,10000.0,,24.0,WHICHEVER_FIRST,1.0,1.0,1.0,1.0,,,,,10,SIMULATION_BACKOFF,RideBase engineering backoff,,,,MEDIUM,0,1,1.1.0,
POL0331,GROUP,,ICE_350_LIQUID_BELT,BRAKE_FLUID_CHANGE,SCHEDULED,,,,24.0,TIME_ONLY,1.0,1.0,1.0,1.0,,,,,10,REPRESENTATIVE_BACKOFF,Honda PCX125 representative schedule,Hydraulic brake system,https://www.honda.com.tr/assets/files/Bx6KmWpQrT1715073681294.pdf,PCX schedule explicitly lists brake fluid replacement every 2 years.,HIGH,0,1,1.1.0,
POL0332,GROUP,,ICE_350_LIQUID_BELT,FRONT_BRAKE_PAD_CHANGE,WEAR_BASED,,,,,CONDITION_ONLY,1.0,0.8,0.75,1.0,22000.0,7000.0,7000.0,45000.0,10,SIMULATION_PRIOR,RideBase simulation prior,,,,LOW,0,1,1.1.0,
POL0333,GROUP,,ICE_350_LIQUID_BELT,REAR_BRAKE_PAD_CHANGE,WEAR_BASED,,,,,CONDITION_ONLY,1.0,0.75,0.75,1.0,26000.0,8000.0,8000.0,55000.0,10,SIMULATION_PRIOR,RideBase simulation prior,,,,LOW,0,1,1.1.0,
POL0334,GROUP,,ICE_350_LIQUID_BELT,FRONT_TIRE_CHANGE,WEAR_BASED,,,,,CONDITION_ONLY,1.0,0.8,0.75,1.0,18000.0,5000.0,8000.0,35000.0,10,SIMULATION_PRIOR,RideBase simulation prior,,,,LOW,0,1,1.1.0,
POL0335,GROUP,,ICE_350_LIQUID_BELT,REAR_TIRE_CHANGE,WEAR_BASED,,,,,CONDITION_ONLY,1.0,0.75,0.75,1.0,14000.0,4500.0,6000.0,30000.0,10,SIMULATION_PRIOR,RideBase simulation prior,,,,LOW,0,1,1.1.0,
POL0336,GROUP,,ICE_350_LIQUID_BELT,BATTERY_CHANGE,WEAR_BASED,,,,36.0,CONDITION_ONLY,1.0,1.0,1.0,1.0,,,,,10,SIMULATION_PRIOR,RideBase simulation prior,,,,LOW,0,1,1.1.0,"36 months is a stochastic simulation center, not a manufacturer interval."
POL0337,GROUP,,ICE_350_LIQUID_BELT,COOLANT_LEVEL_CHECK,SCHEDULED,,5000.0,,12.0,WHICHEVER_FIRST,1.0,1.0,1.0,1.0,,,,,10,REPRESENTATIVE_BACKOFF,Official manufacturer maintenance manual(s),KYMCO X-Town CT family representative architecture,https://www.kymco.com.tr/upi/pdf/x-town-ct-250.pdf?v=we1,,MEDIUM,0,1,1.1.0,
POL0338,GROUP,,ICE_350_LIQUID_BELT,COOLANT_CHANGE,SCHEDULED,,30000.0,,36.0,WHICHEVER_FIRST,1.0,1.0,1.0,1.0,,,,,10,REPRESENTATIVE_BACKOFF,Honda PCX125 / Bajaj NS200 schedules,Liquid-cooled representative schedules,https://www.honda.com.tr/assets/files/Bx6KmWpQrT1715073681294.pdf,"PCX: 3-year replacement; NS200: replacement at 30,000 km.",HIGH,0,1,1.1.0,
POL0339,GROUP,,ICE_350_LIQUID_BELT,CVT_CASE_INSPECTION,SCHEDULED,,5000.0,,12.0,WHICHEVER_FIRST,1.0,1.0,1.0,1.0,,,,,10,REPRESENTATIVE_BACKOFF,KYMCO X-Town CT family manual,CVT scooter representative,https://www.kymco.com.tr/upi/pdf/x-town-ct-250.pdf?v=we1,,MEDIUM,0,1,1.1.0,
POL0340,GROUP,,ICE_350_LIQUID_BELT,CVT_BELT_INSPECTION,SCHEDULED,,10000.0,,12.0,WHICHEVER_FIRST,1.0,1.0,1.0,1.0,,,,,10,REPRESENTATIVE_BACKOFF,KYMCO/Honda scooter schedules,CVT scooter representative,https://www.kymco.com.tr/upi/pdf/x-town-ct-250.pdf?v=we1,,MEDIUM,0,1,1.1.0,
POL0341,GROUP,,ICE_350_LIQUID_BELT,CVT_BELT_CHANGE,SCHEDULED,,20000.0,,36.0,WHICHEVER_FIRST,1.0,1.0,1.0,1.0,,,,,10,REPRESENTATIVE_BACKOFF,KYMCO X-Town CT family manual,CVT scooter representative,https://www.kymco.com.tr/upi/pdf/x-town-ct-250.pdf?v=we1,"Representative table shows belt inspections and replacement around 20,000 km.",MEDIUM,0,1,1.1.0,
POL0342,GROUP,,ICE_350_LIQUID_BELT,CVT_ROLLER_INSPECTION,SCHEDULED,,10000.0,,12.0,WHICHEVER_FIRST,1.0,1.0,1.0,1.0,,,,,10,SIMULATION_BACKOFF,RideBase CVT architecture backoff,,https://www.honda.com.tr/assets/files/Bx6KmWpQrT1715073681294.pdf,,LOW,0,1,1.1.0,
POL0343,GROUP,,ICE_350_LIQUID_BELT,CVT_ROLLER_CHANGE,WEAR_BASED,,,,,CONDITION_ONLY,1.0,1.0,1.0,1.0,22000.0,5000.0,12000.0,35000.0,10,SIMULATION_PRIOR,RideBase simulation prior,,,,LOW,0,1,1.1.0,
POL0344,GROUP,,ICE_350_LIQUID_BELT,FINAL_GEAR_OIL_CHANGE,SCHEDULED,,10000.0,,24.0,WHICHEVER_FIRST,1.0,1.0,1.0,1.0,,,,,10,SIMULATION_BACKOFF,Honda PCX/KYMCO representative schedules,CVT scooter architecture backoff,https://www.honda.com.tr/assets/files/Bx6KmWpQrT1715073681294.pdf,PCX explicitly has 2-year reduction-oil replacement; km cadence is a simulation backoff.,LOW,0,1,1.1.0,
POL0345,GROUP,,ICE_350_OIL_CHAIN,ENGINE_OIL_CHANGE,SCHEDULED,1000.0,5000.0,,12.0,WHICHEVER_FIRST,0.8,0.75,0.8,1.0,,,,,10,REPRESENTATIVE_BACKOFF,Official manufacturer maintenance manual(s),Bajaj NS200 UG2 representative chain schedule,https://bajajturkiye.com.tr/wp-content/uploads/2025/04/NS200UG2-Kullanim-Kilavuzu.pdf,Architecture-derived backoff; not model-exact.,MEDIUM,0,1,1.1.0,
POL0346,GROUP,,ICE_350_OIL_CHAIN,AIR_FILTER_INSPECTION,SCHEDULED,,5000.0,,12.0,WHICHEVER_FIRST,0.75,0.85,0.6,0.5,,,,,10,REPRESENTATIVE_BACKOFF,Official manufacturer maintenance manual(s),Bajaj NS200 UG2 representative chain schedule,https://bajajturkiye.com.tr/wp-content/uploads/2025/04/NS200UG2-Kullanim-Kilavuzu.pdf,,MEDIUM,0,1,1.1.0,
POL0347,GROUP,,ICE_350_OIL_CHAIN,AIR_FILTER_CHANGE,SCHEDULED,,10000.0,,24.0,WHICHEVER_FIRST,0.75,0.8,0.55,0.5,,,,,10,REPRESENTATIVE_BACKOFF,Official manufacturer maintenance manual(s),Bajaj NS200 UG2 representative chain schedule,https://bajajturkiye.com.tr/wp-content/uploads/2025/04/NS200UG2-Kullanim-Kilavuzu.pdf,,MEDIUM,0,1,1.1.0,
POL0348,GROUP,,ICE_350_OIL_CHAIN,SPARK_PLUG_INSPECTION,SCHEDULED,,5000.0,,12.0,WHICHEVER_FIRST,1.0,1.0,1.0,1.0,,,,,10,REPRESENTATIVE_BACKOFF,Official manufacturer maintenance manual(s),Bajaj NS200 UG2 representative chain schedule,https://bajajturkiye.com.tr/wp-content/uploads/2025/04/NS200UG2-Kullanim-Kilavuzu.pdf,,MEDIUM,0,1,1.1.0,
POL0349,GROUP,,ICE_350_OIL_CHAIN,SPARK_PLUG_CHANGE,SCHEDULED,,20000.0,,36.0,WHICHEVER_FIRST,1.0,1.0,1.0,1.0,,,,,10,REPRESENTATIVE_BACKOFF,Official manufacturer maintenance manual(s),Bajaj NS200 UG2 representative chain schedule,https://bajajturkiye.com.tr/wp-content/uploads/2025/04/NS200UG2-Kullanim-Kilavuzu.pdf,,MEDIUM,0,1,1.1.0,
POL0350,GROUP,,ICE_350_OIL_CHAIN,VALVE_CLEARANCE_INSPECTION,SCHEDULED,,12000.0,,24.0,WHICHEVER_FIRST,1.0,1.0,1.0,1.0,,,,,10,REPRESENTATIVE_BACKOFF,Official manufacturer maintenance manual(s),Bajaj NS200 UG2 representative chain schedule,https://bajajturkiye.com.tr/wp-content/uploads/2025/04/NS200UG2-Kullanim-Kilavuzu.pdf,,MEDIUM,0,1,1.1.0,
POL0351,GROUP,,ICE_350_OIL_CHAIN,BATTERY_TEST,SCHEDULED,,5000.0,,12.0,WHICHEVER_FIRST,1.0,1.0,1.0,1.0,,,,,10,SIMULATION_BACKOFF,RideBase engineering backoff,,,,MEDIUM,0,1,1.1.0,
POL0352,GROUP,,ICE_350_OIL_CHAIN,GENERAL_SAFETY_INSPECTION,SCHEDULED,,5000.0,,12.0,WHICHEVER_FIRST,1.0,1.0,1.0,1.0,,,,,10,SIMULATION_BACKOFF,RideBase engineering backoff,,,,MEDIUM,0,1,1.1.0,
POL0353,GROUP,,ICE_350_OIL_CHAIN,FRONT_BRAKE_PAD_INSPECTION,SCHEDULED,,5000.0,,12.0,WHICHEVER_FIRST,1.0,1.0,1.0,1.0,,,,,10,SIMULATION_BACKOFF,RideBase engineering backoff,,,,MEDIUM,0,1,1.1.0,
POL0354,GROUP,,ICE_350_OIL_CHAIN,REAR_BRAKE_PAD_INSPECTION,SCHEDULED,,5000.0,,12.0,WHICHEVER_FIRST,1.0,1.0,1.0,1.0,,,,,10,SIMULATION_BACKOFF,RideBase engineering backoff,,,,MEDIUM,0,1,1.1.0,
POL0355,GROUP,,ICE_350_OIL_CHAIN,BRAKE_FLUID_CHECK,SCHEDULED,,5000.0,,12.0,WHICHEVER_FIRST,1.0,1.0,1.0,1.0,,,,,10,SIMULATION_BACKOFF,RideBase engineering backoff,,,,MEDIUM,0,1,1.1.0,
POL0356,GROUP,,ICE_350_OIL_CHAIN,FRONT_TIRE_INSPECTION,SCHEDULED,,5000.0,,12.0,WHICHEVER_FIRST,1.0,1.0,1.0,1.0,,,,,10,SIMULATION_BACKOFF,RideBase engineering backoff,,,,MEDIUM,0,1,1.1.0,
POL0357,GROUP,,ICE_350_OIL_CHAIN,REAR_TIRE_INSPECTION,SCHEDULED,,5000.0,,12.0,WHICHEVER_FIRST,1.0,1.0,1.0,1.0,,,,,10,SIMULATION_BACKOFF,RideBase engineering backoff,,,,MEDIUM,0,1,1.1.0,
POL0358,GROUP,,ICE_350_OIL_CHAIN,FORK_INSPECTION,SCHEDULED,,5000.0,,12.0,WHICHEVER_FIRST,1.0,1.0,1.0,1.0,,,,,10,SIMULATION_BACKOFF,RideBase engineering backoff,,,,MEDIUM,0,1,1.1.0,
POL0359,GROUP,,ICE_350_OIL_CHAIN,STEERING_BEARING_INSPECTION,SCHEDULED,,5000.0,,12.0,WHICHEVER_FIRST,1.0,1.0,1.0,1.0,,,,,10,SIMULATION_BACKOFF,RideBase engineering backoff,,,,MEDIUM,0,1,1.1.0,
POL0360,GROUP,,ICE_350_OIL_CHAIN,WHEEL_BEARING_INSPECTION,SCHEDULED,,10000.0,,24.0,WHICHEVER_FIRST,1.0,1.0,1.0,1.0,,,,,10,SIMULATION_BACKOFF,RideBase engineering backoff,,,,MEDIUM,0,1,1.1.0,
POL0361,GROUP,,ICE_350_OIL_CHAIN,BRAKE_FLUID_CHANGE,SCHEDULED,,,,24.0,TIME_ONLY,1.0,1.0,1.0,1.0,,,,,10,REPRESENTATIVE_BACKOFF,Honda PCX125 representative schedule,Hydraulic brake system,https://www.honda.com.tr/assets/files/Bx6KmWpQrT1715073681294.pdf,PCX schedule explicitly lists brake fluid replacement every 2 years.,HIGH,0,1,1.1.0,
POL0362,GROUP,,ICE_350_OIL_CHAIN,FRONT_BRAKE_PAD_CHANGE,WEAR_BASED,,,,,CONDITION_ONLY,1.0,0.8,0.75,1.0,22000.0,7000.0,7000.0,45000.0,10,SIMULATION_PRIOR,RideBase simulation prior,,,,LOW,0,1,1.1.0,
POL0363,GROUP,,ICE_350_OIL_CHAIN,REAR_BRAKE_PAD_CHANGE,WEAR_BASED,,,,,CONDITION_ONLY,1.0,0.75,0.75,1.0,26000.0,8000.0,8000.0,55000.0,10,SIMULATION_PRIOR,RideBase simulation prior,,,,LOW,0,1,1.1.0,
POL0364,GROUP,,ICE_350_OIL_CHAIN,FRONT_TIRE_CHANGE,WEAR_BASED,,,,,CONDITION_ONLY,1.0,0.8,0.75,1.0,18000.0,5000.0,8000.0,35000.0,10,SIMULATION_PRIOR,RideBase simulation prior,,,,LOW,0,1,1.1.0,
POL0365,GROUP,,ICE_350_OIL_CHAIN,REAR_TIRE_CHANGE,WEAR_BASED,,,,,CONDITION_ONLY,1.0,0.75,0.75,1.0,14000.0,4500.0,6000.0,30000.0,10,SIMULATION_PRIOR,RideBase simulation prior,,,,LOW,0,1,1.1.0,
POL0366,GROUP,,ICE_350_OIL_CHAIN,BATTERY_CHANGE,WEAR_BASED,,,,36.0,CONDITION_ONLY,1.0,1.0,1.0,1.0,,,,,10,SIMULATION_PRIOR,RideBase simulation prior,,,,LOW,0,1,1.1.0,"36 months is a stochastic simulation center, not a manufacturer interval."
POL0367,GROUP,,ICE_350_OIL_CHAIN,CHAIN_INSPECTION,SCHEDULED,,1000.0,,,KM_ONLY,0.75,0.7,0.5,1.0,,,,,10,REPRESENTATIVE_BACKOFF,Bajaj NS200 UG2 manual,Chain-drive representative,https://bajajturkiye.com.tr/wp-content/uploads/2025/04/NS200UG2-Kullanim-Kilavuzu.pdf,,MEDIUM,0,1,1.1.0,
POL0368,GROUP,,ICE_350_OIL_CHAIN,CHAIN_CLEAN,SCHEDULED,,500.0,,,KM_ONLY,0.7,0.7,0.4,0.5,,,,,10,VERIFIED_REPRESENTATIVE,Bajaj NS200 UG2 manual,Bajaj NS200 UG2,https://bajajturkiye.com.tr/wp-content/uploads/2025/04/NS200UG2-Kullanim-Kilavuzu.pdf,Maintenance table explicitly says chain cleaning spray every 500 km.,HIGH,0,1,1.1.0,
POL0369,GROUP,,ICE_350_OIL_CHAIN,CHAIN_LUBRICATE,SCHEDULED,,500.0,,,KM_ONLY,0.7,0.7,0.4,0.5,,,,,10,SIMULATION_BACKOFF,RideBase derived from chain-cleaning cadence,Bajaj NS200 UG2 reference,https://bajajturkiye.com.tr/wp-content/uploads/2025/04/NS200UG2-Kullanim-Kilavuzu.pdf,,LOW,0,1,1.1.0,
POL0370,GROUP,,ICE_350_OIL_CHAIN,CHAIN_ADJUST,CONDITION_BASED,,,,,CONDITION_ONLY,1.0,1.0,1.0,1.0,,,,,10,SIMULATION_PRIOR,RideBase simulation prior,,,,MEDIUM,0,1,1.1.0,
POL0371,GROUP,,ICE_350_OIL_CHAIN,CHAIN_SPROCKET_REPLACE,WEAR_BASED,,,,,CONDITION_ONLY,1.0,0.75,0.7,0.8,22000.0,6000.0,12000.0,40000.0,10,SIMULATION_PRIOR,RideBase simulation prior,,,,LOW,0,1,1.1.0,
POL0372,GROUP,,ICE_350_OIL_CHAIN,CLUTCH_FREE_PLAY_CHECK,SCHEDULED,,5000.0,,12.0,WHICHEVER_FIRST,1.0,1.0,1.0,1.0,,,,,10,SIMULATION_BACKOFF,RideBase engineering backoff,,,,MEDIUM,0,1,1.1.0,
POL0373,GROUP,,ICE_350_OIL_CHAIN,CLUTCH_PLATE_INSPECTION,CONDITION_BASED,,,,,CONDITION_ONLY,1.0,1.0,1.0,1.0,,,,,10,SIMULATION_PRIOR,RideBase simulation prior,,,,LOW,0,1,1.1.0,
POL0374,GROUP,,ICE_350_OIL_CHAIN,CLUTCH_PLATE_CHANGE,WEAR_BASED,,,,,CONDITION_ONLY,1.0,0.7,0.75,1.0,40000.0,12000.0,15000.0,80000.0,10,SIMULATION_PRIOR,RideBase simulation prior,,,,LOW,0,1,1.1.0,
POL0375,GROUP,,ICE_400_LIQUID_CHAIN,ENGINE_OIL_CHANGE,SCHEDULED,1000.0,5000.0,,12.0,WHICHEVER_FIRST,0.8,0.75,0.8,1.0,,,,,10,REPRESENTATIVE_BACKOFF,Official manufacturer maintenance manual(s),Bajaj NS200 UG2 representative chain schedule,https://bajajturkiye.com.tr/wp-content/uploads/2025/04/NS200UG2-Kullanim-Kilavuzu.pdf,Architecture-derived backoff; not model-exact.,MEDIUM,0,1,1.1.0,
POL0376,GROUP,,ICE_400_LIQUID_CHAIN,AIR_FILTER_INSPECTION,SCHEDULED,,5000.0,,12.0,WHICHEVER_FIRST,0.75,0.85,0.6,0.5,,,,,10,REPRESENTATIVE_BACKOFF,Official manufacturer maintenance manual(s),Bajaj NS200 UG2 representative chain schedule,https://bajajturkiye.com.tr/wp-content/uploads/2025/04/NS200UG2-Kullanim-Kilavuzu.pdf,,MEDIUM,0,1,1.1.0,
POL0377,GROUP,,ICE_400_LIQUID_CHAIN,AIR_FILTER_CHANGE,SCHEDULED,,10000.0,,24.0,WHICHEVER_FIRST,0.75,0.8,0.55,0.5,,,,,10,REPRESENTATIVE_BACKOFF,Official manufacturer maintenance manual(s),Bajaj NS200 UG2 representative chain schedule,https://bajajturkiye.com.tr/wp-content/uploads/2025/04/NS200UG2-Kullanim-Kilavuzu.pdf,,MEDIUM,0,1,1.1.0,
POL0378,GROUP,,ICE_400_LIQUID_CHAIN,SPARK_PLUG_INSPECTION,SCHEDULED,,5000.0,,12.0,WHICHEVER_FIRST,1.0,1.0,1.0,1.0,,,,,10,REPRESENTATIVE_BACKOFF,Official manufacturer maintenance manual(s),Bajaj NS200 UG2 representative chain schedule,https://bajajturkiye.com.tr/wp-content/uploads/2025/04/NS200UG2-Kullanim-Kilavuzu.pdf,,MEDIUM,0,1,1.1.0,
POL0379,GROUP,,ICE_400_LIQUID_CHAIN,SPARK_PLUG_CHANGE,SCHEDULED,,20000.0,,36.0,WHICHEVER_FIRST,1.0,1.0,1.0,1.0,,,,,10,REPRESENTATIVE_BACKOFF,Official manufacturer maintenance manual(s),Bajaj NS200 UG2 representative chain schedule,https://bajajturkiye.com.tr/wp-content/uploads/2025/04/NS200UG2-Kullanim-Kilavuzu.pdf,,MEDIUM,0,1,1.1.0,
POL0380,GROUP,,ICE_400_LIQUID_CHAIN,VALVE_CLEARANCE_INSPECTION,SCHEDULED,,12000.0,,24.0,WHICHEVER_FIRST,1.0,1.0,1.0,1.0,,,,,10,REPRESENTATIVE_BACKOFF,Official manufacturer maintenance manual(s),Bajaj NS200 UG2 representative chain schedule,https://bajajturkiye.com.tr/wp-content/uploads/2025/04/NS200UG2-Kullanim-Kilavuzu.pdf,,MEDIUM,0,1,1.1.0,
POL0381,GROUP,,ICE_400_LIQUID_CHAIN,BATTERY_TEST,SCHEDULED,,5000.0,,12.0,WHICHEVER_FIRST,1.0,1.0,1.0,1.0,,,,,10,SIMULATION_BACKOFF,RideBase engineering backoff,,,,MEDIUM,0,1,1.1.0,
POL0382,GROUP,,ICE_400_LIQUID_CHAIN,GENERAL_SAFETY_INSPECTION,SCHEDULED,,5000.0,,12.0,WHICHEVER_FIRST,1.0,1.0,1.0,1.0,,,,,10,SIMULATION_BACKOFF,RideBase engineering backoff,,,,MEDIUM,0,1,1.1.0,
POL0383,GROUP,,ICE_400_LIQUID_CHAIN,FRONT_BRAKE_PAD_INSPECTION,SCHEDULED,,5000.0,,12.0,WHICHEVER_FIRST,1.0,1.0,1.0,1.0,,,,,10,SIMULATION_BACKOFF,RideBase engineering backoff,,,,MEDIUM,0,1,1.1.0,
POL0384,GROUP,,ICE_400_LIQUID_CHAIN,REAR_BRAKE_PAD_INSPECTION,SCHEDULED,,5000.0,,12.0,WHICHEVER_FIRST,1.0,1.0,1.0,1.0,,,,,10,SIMULATION_BACKOFF,RideBase engineering backoff,,,,MEDIUM,0,1,1.1.0,
POL0385,GROUP,,ICE_400_LIQUID_CHAIN,BRAKE_FLUID_CHECK,SCHEDULED,,5000.0,,12.0,WHICHEVER_FIRST,1.0,1.0,1.0,1.0,,,,,10,SIMULATION_BACKOFF,RideBase engineering backoff,,,,MEDIUM,0,1,1.1.0,
POL0386,GROUP,,ICE_400_LIQUID_CHAIN,FRONT_TIRE_INSPECTION,SCHEDULED,,5000.0,,12.0,WHICHEVER_FIRST,1.0,1.0,1.0,1.0,,,,,10,SIMULATION_BACKOFF,RideBase engineering backoff,,,,MEDIUM,0,1,1.1.0,
POL0387,GROUP,,ICE_400_LIQUID_CHAIN,REAR_TIRE_INSPECTION,SCHEDULED,,5000.0,,12.0,WHICHEVER_FIRST,1.0,1.0,1.0,1.0,,,,,10,SIMULATION_BACKOFF,RideBase engineering backoff,,,,MEDIUM,0,1,1.1.0,
POL0388,GROUP,,ICE_400_LIQUID_CHAIN,FORK_INSPECTION,SCHEDULED,,5000.0,,12.0,WHICHEVER_FIRST,1.0,1.0,1.0,1.0,,,,,10,SIMULATION_BACKOFF,RideBase engineering backoff,,,,MEDIUM,0,1,1.1.0,
POL0389,GROUP,,ICE_400_LIQUID_CHAIN,STEERING_BEARING_INSPECTION,SCHEDULED,,5000.0,,12.0,WHICHEVER_FIRST,1.0,1.0,1.0,1.0,,,,,10,SIMULATION_BACKOFF,RideBase engineering backoff,,,,MEDIUM,0,1,1.1.0,
POL0390,GROUP,,ICE_400_LIQUID_CHAIN,WHEEL_BEARING_INSPECTION,SCHEDULED,,10000.0,,24.0,WHICHEVER_FIRST,1.0,1.0,1.0,1.0,,,,,10,SIMULATION_BACKOFF,RideBase engineering backoff,,,,MEDIUM,0,1,1.1.0,
POL0391,GROUP,,ICE_400_LIQUID_CHAIN,BRAKE_FLUID_CHANGE,SCHEDULED,,,,24.0,TIME_ONLY,1.0,1.0,1.0,1.0,,,,,10,REPRESENTATIVE_BACKOFF,Honda PCX125 representative schedule,Hydraulic brake system,https://www.honda.com.tr/assets/files/Bx6KmWpQrT1715073681294.pdf,PCX schedule explicitly lists brake fluid replacement every 2 years.,HIGH,0,1,1.1.0,
POL0392,GROUP,,ICE_400_LIQUID_CHAIN,FRONT_BRAKE_PAD_CHANGE,WEAR_BASED,,,,,CONDITION_ONLY,1.0,0.8,0.75,1.0,22000.0,7000.0,7000.0,45000.0,10,SIMULATION_PRIOR,RideBase simulation prior,,,,LOW,0,1,1.1.0,
POL0393,GROUP,,ICE_400_LIQUID_CHAIN,REAR_BRAKE_PAD_CHANGE,WEAR_BASED,,,,,CONDITION_ONLY,1.0,0.75,0.75,1.0,26000.0,8000.0,8000.0,55000.0,10,SIMULATION_PRIOR,RideBase simulation prior,,,,LOW,0,1,1.1.0,
POL0394,GROUP,,ICE_400_LIQUID_CHAIN,FRONT_TIRE_CHANGE,WEAR_BASED,,,,,CONDITION_ONLY,1.0,0.8,0.75,1.0,18000.0,5000.0,8000.0,35000.0,10,SIMULATION_PRIOR,RideBase simulation prior,,,,LOW,0,1,1.1.0,
POL0395,GROUP,,ICE_400_LIQUID_CHAIN,REAR_TIRE_CHANGE,WEAR_BASED,,,,,CONDITION_ONLY,1.0,0.75,0.75,1.0,14000.0,4500.0,6000.0,30000.0,10,SIMULATION_PRIOR,RideBase simulation prior,,,,LOW,0,1,1.1.0,
POL0396,GROUP,,ICE_400_LIQUID_CHAIN,BATTERY_CHANGE,WEAR_BASED,,,,36.0,CONDITION_ONLY,1.0,1.0,1.0,1.0,,,,,10,SIMULATION_PRIOR,RideBase simulation prior,,,,LOW,0,1,1.1.0,"36 months is a stochastic simulation center, not a manufacturer interval."
POL0397,GROUP,,ICE_400_LIQUID_CHAIN,COOLANT_LEVEL_CHECK,SCHEDULED,,5000.0,,12.0,WHICHEVER_FIRST,1.0,1.0,1.0,1.0,,,,,10,REPRESENTATIVE_BACKOFF,Official manufacturer maintenance manual(s),Bajaj NS200 UG2 representative chain schedule,https://bajajturkiye.com.tr/wp-content/uploads/2025/04/NS200UG2-Kullanim-Kilavuzu.pdf,,MEDIUM,0,1,1.1.0,
POL0398,GROUP,,ICE_400_LIQUID_CHAIN,COOLANT_CHANGE,SCHEDULED,,30000.0,,36.0,WHICHEVER_FIRST,1.0,1.0,1.0,1.0,,,,,10,REPRESENTATIVE_BACKOFF,Honda PCX125 / Bajaj NS200 schedules,Liquid-cooled representative schedules,https://www.honda.com.tr/assets/files/Bx6KmWpQrT1715073681294.pdf,"PCX: 3-year replacement; NS200: replacement at 30,000 km.",HIGH,0,1,1.1.0,
POL0399,GROUP,,ICE_400_LIQUID_CHAIN,CHAIN_INSPECTION,SCHEDULED,,1000.0,,,KM_ONLY,0.75,0.7,0.5,1.0,,,,,10,REPRESENTATIVE_BACKOFF,Bajaj NS200 UG2 manual,Chain-drive representative,https://bajajturkiye.com.tr/wp-content/uploads/2025/04/NS200UG2-Kullanim-Kilavuzu.pdf,,MEDIUM,0,1,1.1.0,
POL0400,GROUP,,ICE_400_LIQUID_CHAIN,CHAIN_CLEAN,SCHEDULED,,500.0,,,KM_ONLY,0.7,0.7,0.4,0.5,,,,,10,VERIFIED_REPRESENTATIVE,Bajaj NS200 UG2 manual,Bajaj NS200 UG2,https://bajajturkiye.com.tr/wp-content/uploads/2025/04/NS200UG2-Kullanim-Kilavuzu.pdf,Maintenance table explicitly says chain cleaning spray every 500 km.,HIGH,0,1,1.1.0,
POL0401,GROUP,,ICE_400_LIQUID_CHAIN,CHAIN_LUBRICATE,SCHEDULED,,500.0,,,KM_ONLY,0.7,0.7,0.4,0.5,,,,,10,SIMULATION_BACKOFF,RideBase derived from chain-cleaning cadence,Bajaj NS200 UG2 reference,https://bajajturkiye.com.tr/wp-content/uploads/2025/04/NS200UG2-Kullanim-Kilavuzu.pdf,,LOW,0,1,1.1.0,
POL0402,GROUP,,ICE_400_LIQUID_CHAIN,CHAIN_ADJUST,CONDITION_BASED,,,,,CONDITION_ONLY,1.0,1.0,1.0,1.0,,,,,10,SIMULATION_PRIOR,RideBase simulation prior,,,,MEDIUM,0,1,1.1.0,
POL0403,GROUP,,ICE_400_LIQUID_CHAIN,CHAIN_SPROCKET_REPLACE,WEAR_BASED,,,,,CONDITION_ONLY,1.0,0.75,0.7,0.8,22000.0,6000.0,12000.0,40000.0,10,SIMULATION_PRIOR,RideBase simulation prior,,,,LOW,0,1,1.1.0,
POL0404,GROUP,,ICE_400_LIQUID_CHAIN,CLUTCH_FREE_PLAY_CHECK,SCHEDULED,,5000.0,,12.0,WHICHEVER_FIRST,1.0,1.0,1.0,1.0,,,,,10,SIMULATION_BACKOFF,RideBase engineering backoff,,,,MEDIUM,0,1,1.1.0,
POL0405,GROUP,,ICE_400_LIQUID_CHAIN,CLUTCH_PLATE_INSPECTION,CONDITION_BASED,,,,,CONDITION_ONLY,1.0,1.0,1.0,1.0,,,,,10,SIMULATION_PRIOR,RideBase simulation prior,,,,LOW,0,1,1.1.0,
POL0406,GROUP,,ICE_400_LIQUID_CHAIN,CLUTCH_PLATE_CHANGE,WEAR_BASED,,,,,CONDITION_ONLY,1.0,0.7,0.75,1.0,40000.0,12000.0,15000.0,80000.0,10,SIMULATION_PRIOR,RideBase simulation prior,,,,LOW,0,1,1.1.0,
POL0407,GROUP,,ICE_450_TWIN_LIQUID_BELT,ENGINE_OIL_CHANGE,SCHEDULED,1000.0,5000.0,,12.0,WHICHEVER_FIRST,0.8,0.75,0.8,1.0,,,,,10,REPRESENTATIVE_BACKOFF,Official manufacturer maintenance manual(s),General architecture backoff,https://www.honda.com.tr/motosiklet/honda-sahipleri/periyodik-bakim,Architecture-derived backoff; not model-exact.,MEDIUM,0,1,1.1.0,
POL0408,GROUP,,ICE_450_TWIN_LIQUID_BELT,AIR_FILTER_INSPECTION,SCHEDULED,,5000.0,,12.0,WHICHEVER_FIRST,0.75,0.85,0.6,0.5,,,,,10,REPRESENTATIVE_BACKOFF,Official manufacturer maintenance manual(s),General architecture backoff,https://www.honda.com.tr/motosiklet/honda-sahipleri/periyodik-bakim,,MEDIUM,0,1,1.1.0,
POL0409,GROUP,,ICE_450_TWIN_LIQUID_BELT,AIR_FILTER_CHANGE,SCHEDULED,,10000.0,,24.0,WHICHEVER_FIRST,0.75,0.8,0.55,0.5,,,,,10,REPRESENTATIVE_BACKOFF,Official manufacturer maintenance manual(s),General architecture backoff,https://www.honda.com.tr/motosiklet/honda-sahipleri/periyodik-bakim,,MEDIUM,0,1,1.1.0,
POL0410,GROUP,,ICE_450_TWIN_LIQUID_BELT,SPARK_PLUG_INSPECTION,SCHEDULED,,5000.0,,12.0,WHICHEVER_FIRST,1.0,1.0,1.0,1.0,,,,,10,REPRESENTATIVE_BACKOFF,Official manufacturer maintenance manual(s),General architecture backoff,https://www.honda.com.tr/motosiklet/honda-sahipleri/periyodik-bakim,,MEDIUM,0,1,1.1.0,
POL0411,GROUP,,ICE_450_TWIN_LIQUID_BELT,SPARK_PLUG_CHANGE,SCHEDULED,,20000.0,,36.0,WHICHEVER_FIRST,1.0,1.0,1.0,1.0,,,,,10,REPRESENTATIVE_BACKOFF,Official manufacturer maintenance manual(s),General architecture backoff,https://www.honda.com.tr/motosiklet/honda-sahipleri/periyodik-bakim,,MEDIUM,0,1,1.1.0,
POL0412,GROUP,,ICE_450_TWIN_LIQUID_BELT,VALVE_CLEARANCE_INSPECTION,SCHEDULED,,12000.0,,24.0,WHICHEVER_FIRST,1.0,1.0,1.0,1.0,,,,,10,REPRESENTATIVE_BACKOFF,Official manufacturer maintenance manual(s),General architecture backoff,https://www.honda.com.tr/motosiklet/honda-sahipleri/periyodik-bakim,,MEDIUM,0,1,1.1.0,
POL0413,GROUP,,ICE_450_TWIN_LIQUID_BELT,BATTERY_TEST,SCHEDULED,,5000.0,,12.0,WHICHEVER_FIRST,1.0,1.0,1.0,1.0,,,,,10,SIMULATION_BACKOFF,RideBase engineering backoff,,,,MEDIUM,0,1,1.1.0,
POL0414,GROUP,,ICE_450_TWIN_LIQUID_BELT,GENERAL_SAFETY_INSPECTION,SCHEDULED,,5000.0,,12.0,WHICHEVER_FIRST,1.0,1.0,1.0,1.0,,,,,10,SIMULATION_BACKOFF,RideBase engineering backoff,,,,MEDIUM,0,1,1.1.0,
POL0415,GROUP,,ICE_450_TWIN_LIQUID_BELT,FRONT_BRAKE_PAD_INSPECTION,SCHEDULED,,5000.0,,12.0,WHICHEVER_FIRST,1.0,1.0,1.0,1.0,,,,,10,SIMULATION_BACKOFF,RideBase engineering backoff,,,,MEDIUM,0,1,1.1.0,
POL0416,GROUP,,ICE_450_TWIN_LIQUID_BELT,REAR_BRAKE_PAD_INSPECTION,SCHEDULED,,5000.0,,12.0,WHICHEVER_FIRST,1.0,1.0,1.0,1.0,,,,,10,SIMULATION_BACKOFF,RideBase engineering backoff,,,,MEDIUM,0,1,1.1.0,
POL0417,GROUP,,ICE_450_TWIN_LIQUID_BELT,BRAKE_FLUID_CHECK,SCHEDULED,,5000.0,,12.0,WHICHEVER_FIRST,1.0,1.0,1.0,1.0,,,,,10,SIMULATION_BACKOFF,RideBase engineering backoff,,,,MEDIUM,0,1,1.1.0,
POL0418,GROUP,,ICE_450_TWIN_LIQUID_BELT,FRONT_TIRE_INSPECTION,SCHEDULED,,5000.0,,12.0,WHICHEVER_FIRST,1.0,1.0,1.0,1.0,,,,,10,SIMULATION_BACKOFF,RideBase engineering backoff,,,,MEDIUM,0,1,1.1.0,
POL0419,GROUP,,ICE_450_TWIN_LIQUID_BELT,REAR_TIRE_INSPECTION,SCHEDULED,,5000.0,,12.0,WHICHEVER_FIRST,1.0,1.0,1.0,1.0,,,,,10,SIMULATION_BACKOFF,RideBase engineering backoff,,,,MEDIUM,0,1,1.1.0,
POL0420,GROUP,,ICE_450_TWIN_LIQUID_BELT,FORK_INSPECTION,SCHEDULED,,5000.0,,12.0,WHICHEVER_FIRST,1.0,1.0,1.0,1.0,,,,,10,SIMULATION_BACKOFF,RideBase engineering backoff,,,,MEDIUM,0,1,1.1.0,
POL0421,GROUP,,ICE_450_TWIN_LIQUID_BELT,STEERING_BEARING_INSPECTION,SCHEDULED,,5000.0,,12.0,WHICHEVER_FIRST,1.0,1.0,1.0,1.0,,,,,10,SIMULATION_BACKOFF,RideBase engineering backoff,,,,MEDIUM,0,1,1.1.0,
POL0422,GROUP,,ICE_450_TWIN_LIQUID_BELT,WHEEL_BEARING_INSPECTION,SCHEDULED,,10000.0,,24.0,WHICHEVER_FIRST,1.0,1.0,1.0,1.0,,,,,10,SIMULATION_BACKOFF,RideBase engineering backoff,,,,MEDIUM,0,1,1.1.0,
POL0423,GROUP,,ICE_450_TWIN_LIQUID_BELT,BRAKE_FLUID_CHANGE,SCHEDULED,,,,24.0,TIME_ONLY,1.0,1.0,1.0,1.0,,,,,10,REPRESENTATIVE_BACKOFF,Honda PCX125 representative schedule,Hydraulic brake system,https://www.honda.com.tr/assets/files/Bx6KmWpQrT1715073681294.pdf,PCX schedule explicitly lists brake fluid replacement every 2 years.,HIGH,0,1,1.1.0,
POL0424,GROUP,,ICE_450_TWIN_LIQUID_BELT,FRONT_BRAKE_PAD_CHANGE,WEAR_BASED,,,,,CONDITION_ONLY,1.0,0.8,0.75,1.0,22000.0,7000.0,7000.0,45000.0,10,SIMULATION_PRIOR,RideBase simulation prior,,,,LOW,0,1,1.1.0,
POL0425,GROUP,,ICE_450_TWIN_LIQUID_BELT,REAR_BRAKE_PAD_CHANGE,WEAR_BASED,,,,,CONDITION_ONLY,1.0,0.75,0.75,1.0,26000.0,8000.0,8000.0,55000.0,10,SIMULATION_PRIOR,RideBase simulation prior,,,,LOW,0,1,1.1.0,
POL0426,GROUP,,ICE_450_TWIN_LIQUID_BELT,FRONT_TIRE_CHANGE,WEAR_BASED,,,,,CONDITION_ONLY,1.0,0.8,0.75,1.0,18000.0,5000.0,8000.0,35000.0,10,SIMULATION_PRIOR,RideBase simulation prior,,,,LOW,0,1,1.1.0,
POL0427,GROUP,,ICE_450_TWIN_LIQUID_BELT,REAR_TIRE_CHANGE,WEAR_BASED,,,,,CONDITION_ONLY,1.0,0.75,0.75,1.0,14000.0,4500.0,6000.0,30000.0,10,SIMULATION_PRIOR,RideBase simulation prior,,,,LOW,0,1,1.1.0,
POL0428,GROUP,,ICE_450_TWIN_LIQUID_BELT,BATTERY_CHANGE,WEAR_BASED,,,,36.0,CONDITION_ONLY,1.0,1.0,1.0,1.0,,,,,10,SIMULATION_PRIOR,RideBase simulation prior,,,,LOW,0,1,1.1.0,"36 months is a stochastic simulation center, not a manufacturer interval."
POL0429,GROUP,,ICE_450_TWIN_LIQUID_BELT,COOLANT_LEVEL_CHECK,SCHEDULED,,5000.0,,12.0,WHICHEVER_FIRST,1.0,1.0,1.0,1.0,,,,,10,REPRESENTATIVE_BACKOFF,Official manufacturer maintenance manual(s),General architecture backoff,https://www.honda.com.tr/motosiklet/honda-sahipleri/periyodik-bakim,,MEDIUM,0,1,1.1.0,
POL0430,GROUP,,ICE_450_TWIN_LIQUID_BELT,COOLANT_CHANGE,SCHEDULED,,30000.0,,36.0,WHICHEVER_FIRST,1.0,1.0,1.0,1.0,,,,,10,REPRESENTATIVE_BACKOFF,Honda PCX125 / Bajaj NS200 schedules,Liquid-cooled representative schedules,https://www.honda.com.tr/assets/files/Bx6KmWpQrT1715073681294.pdf,"PCX: 3-year replacement; NS200: replacement at 30,000 km.",HIGH,0,1,1.1.0,
POL0431,GROUP,,ICE_450_TWIN_LIQUID_BELT,DRIVE_BELT_INSPECTION,SCHEDULED,,10000.0,,12.0,WHICHEVER_FIRST,1.0,1.0,1.0,1.0,,,,,10,SIMULATION_PRIOR,RideBase simulation prior,,,,LOW,0,1,1.1.0,
POL0432,GROUP,,ICE_450_TWIN_LIQUID_BELT,DRIVE_BELT_CHANGE,WEAR_BASED,,,,,CONDITION_ONLY,1.0,1.0,1.0,1.0,45000.0,12000.0,20000.0,80000.0,10,SIMULATION_PRIOR,RideBase simulation prior,,,,LOW,0,1,1.1.0,
POL0433,GROUP,,ICE_450_TWIN_LIQUID_CHAIN,ENGINE_OIL_CHANGE,SCHEDULED,1000.0,5000.0,,12.0,WHICHEVER_FIRST,0.8,0.75,0.8,1.0,,,,,10,REPRESENTATIVE_BACKOFF,Official manufacturer maintenance manual(s),Bajaj NS200 UG2 representative chain schedule,https://bajajturkiye.com.tr/wp-content/uploads/2025/04/NS200UG2-Kullanim-Kilavuzu.pdf,Architecture-derived backoff; not model-exact.,MEDIUM,0,1,1.1.0,
POL0434,GROUP,,ICE_450_TWIN_LIQUID_CHAIN,AIR_FILTER_INSPECTION,SCHEDULED,,5000.0,,12.0,WHICHEVER_FIRST,0.75,0.85,0.6,0.5,,,,,10,REPRESENTATIVE_BACKOFF,Official manufacturer maintenance manual(s),Bajaj NS200 UG2 representative chain schedule,https://bajajturkiye.com.tr/wp-content/uploads/2025/04/NS200UG2-Kullanim-Kilavuzu.pdf,,MEDIUM,0,1,1.1.0,
POL0435,GROUP,,ICE_450_TWIN_LIQUID_CHAIN,AIR_FILTER_CHANGE,SCHEDULED,,10000.0,,24.0,WHICHEVER_FIRST,0.75,0.8,0.55,0.5,,,,,10,REPRESENTATIVE_BACKOFF,Official manufacturer maintenance manual(s),Bajaj NS200 UG2 representative chain schedule,https://bajajturkiye.com.tr/wp-content/uploads/2025/04/NS200UG2-Kullanim-Kilavuzu.pdf,,MEDIUM,0,1,1.1.0,
POL0436,GROUP,,ICE_450_TWIN_LIQUID_CHAIN,SPARK_PLUG_INSPECTION,SCHEDULED,,5000.0,,12.0,WHICHEVER_FIRST,1.0,1.0,1.0,1.0,,,,,10,REPRESENTATIVE_BACKOFF,Official manufacturer maintenance manual(s),Bajaj NS200 UG2 representative chain schedule,https://bajajturkiye.com.tr/wp-content/uploads/2025/04/NS200UG2-Kullanim-Kilavuzu.pdf,,MEDIUM,0,1,1.1.0,
POL0437,GROUP,,ICE_450_TWIN_LIQUID_CHAIN,SPARK_PLUG_CHANGE,SCHEDULED,,20000.0,,36.0,WHICHEVER_FIRST,1.0,1.0,1.0,1.0,,,,,10,REPRESENTATIVE_BACKOFF,Official manufacturer maintenance manual(s),Bajaj NS200 UG2 representative chain schedule,https://bajajturkiye.com.tr/wp-content/uploads/2025/04/NS200UG2-Kullanim-Kilavuzu.pdf,,MEDIUM,0,1,1.1.0,
POL0438,GROUP,,ICE_450_TWIN_LIQUID_CHAIN,VALVE_CLEARANCE_INSPECTION,SCHEDULED,,12000.0,,24.0,WHICHEVER_FIRST,1.0,1.0,1.0,1.0,,,,,10,REPRESENTATIVE_BACKOFF,Official manufacturer maintenance manual(s),Bajaj NS200 UG2 representative chain schedule,https://bajajturkiye.com.tr/wp-content/uploads/2025/04/NS200UG2-Kullanim-Kilavuzu.pdf,,MEDIUM,0,1,1.1.0,
POL0439,GROUP,,ICE_450_TWIN_LIQUID_CHAIN,BATTERY_TEST,SCHEDULED,,5000.0,,12.0,WHICHEVER_FIRST,1.0,1.0,1.0,1.0,,,,,10,SIMULATION_BACKOFF,RideBase engineering backoff,,,,MEDIUM,0,1,1.1.0,
POL0440,GROUP,,ICE_450_TWIN_LIQUID_CHAIN,GENERAL_SAFETY_INSPECTION,SCHEDULED,,5000.0,,12.0,WHICHEVER_FIRST,1.0,1.0,1.0,1.0,,,,,10,SIMULATION_BACKOFF,RideBase engineering backoff,,,,MEDIUM,0,1,1.1.0,
POL0441,GROUP,,ICE_450_TWIN_LIQUID_CHAIN,FRONT_BRAKE_PAD_INSPECTION,SCHEDULED,,5000.0,,12.0,WHICHEVER_FIRST,1.0,1.0,1.0,1.0,,,,,10,SIMULATION_BACKOFF,RideBase engineering backoff,,,,MEDIUM,0,1,1.1.0,
POL0442,GROUP,,ICE_450_TWIN_LIQUID_CHAIN,REAR_BRAKE_PAD_INSPECTION,SCHEDULED,,5000.0,,12.0,WHICHEVER_FIRST,1.0,1.0,1.0,1.0,,,,,10,SIMULATION_BACKOFF,RideBase engineering backoff,,,,MEDIUM,0,1,1.1.0,
POL0443,GROUP,,ICE_450_TWIN_LIQUID_CHAIN,BRAKE_FLUID_CHECK,SCHEDULED,,5000.0,,12.0,WHICHEVER_FIRST,1.0,1.0,1.0,1.0,,,,,10,SIMULATION_BACKOFF,RideBase engineering backoff,,,,MEDIUM,0,1,1.1.0,
POL0444,GROUP,,ICE_450_TWIN_LIQUID_CHAIN,FRONT_TIRE_INSPECTION,SCHEDULED,,5000.0,,12.0,WHICHEVER_FIRST,1.0,1.0,1.0,1.0,,,,,10,SIMULATION_BACKOFF,RideBase engineering backoff,,,,MEDIUM,0,1,1.1.0,
POL0445,GROUP,,ICE_450_TWIN_LIQUID_CHAIN,REAR_TIRE_INSPECTION,SCHEDULED,,5000.0,,12.0,WHICHEVER_FIRST,1.0,1.0,1.0,1.0,,,,,10,SIMULATION_BACKOFF,RideBase engineering backoff,,,,MEDIUM,0,1,1.1.0,
POL0446,GROUP,,ICE_450_TWIN_LIQUID_CHAIN,FORK_INSPECTION,SCHEDULED,,5000.0,,12.0,WHICHEVER_FIRST,1.0,1.0,1.0,1.0,,,,,10,SIMULATION_BACKOFF,RideBase engineering backoff,,,,MEDIUM,0,1,1.1.0,
POL0447,GROUP,,ICE_450_TWIN_LIQUID_CHAIN,STEERING_BEARING_INSPECTION,SCHEDULED,,5000.0,,12.0,WHICHEVER_FIRST,1.0,1.0,1.0,1.0,,,,,10,SIMULATION_BACKOFF,RideBase engineering backoff,,,,MEDIUM,0,1,1.1.0,
POL0448,GROUP,,ICE_450_TWIN_LIQUID_CHAIN,WHEEL_BEARING_INSPECTION,SCHEDULED,,10000.0,,24.0,WHICHEVER_FIRST,1.0,1.0,1.0,1.0,,,,,10,SIMULATION_BACKOFF,RideBase engineering backoff,,,,MEDIUM,0,1,1.1.0,
POL0449,GROUP,,ICE_450_TWIN_LIQUID_CHAIN,BRAKE_FLUID_CHANGE,SCHEDULED,,,,24.0,TIME_ONLY,1.0,1.0,1.0,1.0,,,,,10,REPRESENTATIVE_BACKOFF,Honda PCX125 representative schedule,Hydraulic brake system,https://www.honda.com.tr/assets/files/Bx6KmWpQrT1715073681294.pdf,PCX schedule explicitly lists brake fluid replacement every 2 years.,HIGH,0,1,1.1.0,
POL0450,GROUP,,ICE_450_TWIN_LIQUID_CHAIN,FRONT_BRAKE_PAD_CHANGE,WEAR_BASED,,,,,CONDITION_ONLY,1.0,0.8,0.75,1.0,22000.0,7000.0,7000.0,45000.0,10,SIMULATION_PRIOR,RideBase simulation prior,,,,LOW,0,1,1.1.0,
POL0451,GROUP,,ICE_450_TWIN_LIQUID_CHAIN,REAR_BRAKE_PAD_CHANGE,WEAR_BASED,,,,,CONDITION_ONLY,1.0,0.75,0.75,1.0,26000.0,8000.0,8000.0,55000.0,10,SIMULATION_PRIOR,RideBase simulation prior,,,,LOW,0,1,1.1.0,
POL0452,GROUP,,ICE_450_TWIN_LIQUID_CHAIN,FRONT_TIRE_CHANGE,WEAR_BASED,,,,,CONDITION_ONLY,1.0,0.8,0.75,1.0,18000.0,5000.0,8000.0,35000.0,10,SIMULATION_PRIOR,RideBase simulation prior,,,,LOW,0,1,1.1.0,
POL0453,GROUP,,ICE_450_TWIN_LIQUID_CHAIN,REAR_TIRE_CHANGE,WEAR_BASED,,,,,CONDITION_ONLY,1.0,0.75,0.75,1.0,14000.0,4500.0,6000.0,30000.0,10,SIMULATION_PRIOR,RideBase simulation prior,,,,LOW,0,1,1.1.0,
POL0454,GROUP,,ICE_450_TWIN_LIQUID_CHAIN,BATTERY_CHANGE,WEAR_BASED,,,,36.0,CONDITION_ONLY,1.0,1.0,1.0,1.0,,,,,10,SIMULATION_PRIOR,RideBase simulation prior,,,,LOW,0,1,1.1.0,"36 months is a stochastic simulation center, not a manufacturer interval."
POL0455,GROUP,,ICE_450_TWIN_LIQUID_CHAIN,COOLANT_LEVEL_CHECK,SCHEDULED,,5000.0,,12.0,WHICHEVER_FIRST,1.0,1.0,1.0,1.0,,,,,10,REPRESENTATIVE_BACKOFF,Official manufacturer maintenance manual(s),Bajaj NS200 UG2 representative chain schedule,https://bajajturkiye.com.tr/wp-content/uploads/2025/04/NS200UG2-Kullanim-Kilavuzu.pdf,,MEDIUM,0,1,1.1.0,
POL0456,GROUP,,ICE_450_TWIN_LIQUID_CHAIN,COOLANT_CHANGE,SCHEDULED,,30000.0,,36.0,WHICHEVER_FIRST,1.0,1.0,1.0,1.0,,,,,10,REPRESENTATIVE_BACKOFF,Honda PCX125 / Bajaj NS200 schedules,Liquid-cooled representative schedules,https://www.honda.com.tr/assets/files/Bx6KmWpQrT1715073681294.pdf,"PCX: 3-year replacement; NS200: replacement at 30,000 km.",HIGH,0,1,1.1.0,
POL0457,GROUP,,ICE_450_TWIN_LIQUID_CHAIN,CHAIN_INSPECTION,SCHEDULED,,1000.0,,,KM_ONLY,0.75,0.7,0.5,1.0,,,,,10,REPRESENTATIVE_BACKOFF,Bajaj NS200 UG2 manual,Chain-drive representative,https://bajajturkiye.com.tr/wp-content/uploads/2025/04/NS200UG2-Kullanim-Kilavuzu.pdf,,MEDIUM,0,1,1.1.0,
POL0458,GROUP,,ICE_450_TWIN_LIQUID_CHAIN,CHAIN_CLEAN,SCHEDULED,,500.0,,,KM_ONLY,0.7,0.7,0.4,0.5,,,,,10,VERIFIED_REPRESENTATIVE,Bajaj NS200 UG2 manual,Bajaj NS200 UG2,https://bajajturkiye.com.tr/wp-content/uploads/2025/04/NS200UG2-Kullanim-Kilavuzu.pdf,Maintenance table explicitly says chain cleaning spray every 500 km.,HIGH,0,1,1.1.0,
POL0459,GROUP,,ICE_450_TWIN_LIQUID_CHAIN,CHAIN_LUBRICATE,SCHEDULED,,500.0,,,KM_ONLY,0.7,0.7,0.4,0.5,,,,,10,SIMULATION_BACKOFF,RideBase derived from chain-cleaning cadence,Bajaj NS200 UG2 reference,https://bajajturkiye.com.tr/wp-content/uploads/2025/04/NS200UG2-Kullanim-Kilavuzu.pdf,,LOW,0,1,1.1.0,
POL0460,GROUP,,ICE_450_TWIN_LIQUID_CHAIN,CHAIN_ADJUST,CONDITION_BASED,,,,,CONDITION_ONLY,1.0,1.0,1.0,1.0,,,,,10,SIMULATION_PRIOR,RideBase simulation prior,,,,MEDIUM,0,1,1.1.0,
POL0461,GROUP,,ICE_450_TWIN_LIQUID_CHAIN,CHAIN_SPROCKET_REPLACE,WEAR_BASED,,,,,CONDITION_ONLY,1.0,0.75,0.7,0.8,22000.0,6000.0,12000.0,40000.0,10,SIMULATION_PRIOR,RideBase simulation prior,,,,LOW,0,1,1.1.0,
POL0462,GROUP,,ICE_450_TWIN_LIQUID_CHAIN,CLUTCH_FREE_PLAY_CHECK,SCHEDULED,,5000.0,,12.0,WHICHEVER_FIRST,1.0,1.0,1.0,1.0,,,,,10,SIMULATION_BACKOFF,RideBase engineering backoff,,,,MEDIUM,0,1,1.1.0,
POL0463,GROUP,,ICE_450_TWIN_LIQUID_CHAIN,CLUTCH_PLATE_INSPECTION,CONDITION_BASED,,,,,CONDITION_ONLY,1.0,1.0,1.0,1.0,,,,,10,SIMULATION_PRIOR,RideBase simulation prior,,,,LOW,0,1,1.1.0,
POL0464,GROUP,,ICE_450_TWIN_LIQUID_CHAIN,CLUTCH_PLATE_CHANGE,WEAR_BASED,,,,,CONDITION_ONLY,1.0,0.7,0.75,1.0,40000.0,12000.0,15000.0,80000.0,10,SIMULATION_PRIOR,RideBase simulation prior,,,,LOW,0,1,1.1.0,
POL0465,GROUP,,ICE_50_AIR_BELT,ENGINE_OIL_CHANGE,SCHEDULED,1000.0,3000.0,,12.0,WHICHEVER_FIRST,0.8,0.75,0.8,1.0,,,,,10,REPRESENTATIVE_BACKOFF,Official manufacturer maintenance manual(s),KYMCO X-Town CT family representative architecture,https://www.kymco.com.tr/upi/pdf/x-town-ct-250.pdf?v=we1,Architecture-derived backoff; not model-exact.,MEDIUM,0,1,1.1.0,
POL0466,GROUP,,ICE_50_AIR_BELT,AIR_FILTER_INSPECTION,SCHEDULED,,3000.0,,12.0,WHICHEVER_FIRST,0.75,0.85,0.6,0.5,,,,,10,REPRESENTATIVE_BACKOFF,Official manufacturer maintenance manual(s),KYMCO X-Town CT family representative architecture,https://www.kymco.com.tr/upi/pdf/x-town-ct-250.pdf?v=we1,,MEDIUM,0,1,1.1.0,
POL0467,GROUP,,ICE_50_AIR_BELT,AIR_FILTER_CHANGE,SCHEDULED,,6000.0,,24.0,WHICHEVER_FIRST,0.75,0.8,0.55,0.5,,,,,10,REPRESENTATIVE_BACKOFF,Official manufacturer maintenance manual(s),KYMCO X-Town CT family representative architecture,https://www.kymco.com.tr/upi/pdf/x-town-ct-250.pdf?v=we1,,MEDIUM,0,1,1.1.0,
POL0468,GROUP,,ICE_50_AIR_BELT,SPARK_PLUG_INSPECTION,SCHEDULED,,5000.0,,12.0,WHICHEVER_FIRST,1.0,1.0,1.0,1.0,,,,,10,REPRESENTATIVE_BACKOFF,Official manufacturer maintenance manual(s),KYMCO X-Town CT family representative architecture,https://www.kymco.com.tr/upi/pdf/x-town-ct-250.pdf?v=we1,,MEDIUM,0,1,1.1.0,
POL0469,GROUP,,ICE_50_AIR_BELT,SPARK_PLUG_CHANGE,SCHEDULED,,12000.0,,36.0,WHICHEVER_FIRST,1.0,1.0,1.0,1.0,,,,,10,REPRESENTATIVE_BACKOFF,Official manufacturer maintenance manual(s),KYMCO X-Town CT family representative architecture,https://www.kymco.com.tr/upi/pdf/x-town-ct-250.pdf?v=we1,,MEDIUM,0,1,1.1.0,
POL0470,GROUP,,ICE_50_AIR_BELT,VALVE_CLEARANCE_INSPECTION,SCHEDULED,,10000.0,,24.0,WHICHEVER_FIRST,1.0,1.0,1.0,1.0,,,,,10,REPRESENTATIVE_BACKOFF,Official manufacturer maintenance manual(s),KYMCO X-Town CT family representative architecture,https://www.kymco.com.tr/upi/pdf/x-town-ct-250.pdf?v=we1,,MEDIUM,0,1,1.1.0,
POL0471,GROUP,,ICE_50_AIR_BELT,BATTERY_TEST,SCHEDULED,,3000.0,,12.0,WHICHEVER_FIRST,1.0,1.0,1.0,1.0,,,,,10,SIMULATION_BACKOFF,RideBase engineering backoff,,,,MEDIUM,0,1,1.1.0,
POL0472,GROUP,,ICE_50_AIR_BELT,GENERAL_SAFETY_INSPECTION,SCHEDULED,,3000.0,,12.0,WHICHEVER_FIRST,1.0,1.0,1.0,1.0,,,,,10,SIMULATION_BACKOFF,RideBase engineering backoff,,,,MEDIUM,0,1,1.1.0,
POL0473,GROUP,,ICE_50_AIR_BELT,FRONT_BRAKE_PAD_INSPECTION,SCHEDULED,,3000.0,,12.0,WHICHEVER_FIRST,1.0,1.0,1.0,1.0,,,,,10,SIMULATION_BACKOFF,RideBase engineering backoff,,,,MEDIUM,0,1,1.1.0,
POL0474,GROUP,,ICE_50_AIR_BELT,REAR_BRAKE_PAD_INSPECTION,SCHEDULED,,3000.0,,12.0,WHICHEVER_FIRST,1.0,1.0,1.0,1.0,,,,,10,SIMULATION_BACKOFF,RideBase engineering backoff,,,,MEDIUM,0,1,1.1.0,
POL0475,GROUP,,ICE_50_AIR_BELT,BRAKE_FLUID_CHECK,SCHEDULED,,3000.0,,12.0,WHICHEVER_FIRST,1.0,1.0,1.0,1.0,,,,,10,SIMULATION_BACKOFF,RideBase engineering backoff,,,,MEDIUM,0,1,1.1.0,
POL0476,GROUP,,ICE_50_AIR_BELT,FRONT_TIRE_INSPECTION,SCHEDULED,,3000.0,,12.0,WHICHEVER_FIRST,1.0,1.0,1.0,1.0,,,,,10,SIMULATION_BACKOFF,RideBase engineering backoff,,,,MEDIUM,0,1,1.1.0,
POL0477,GROUP,,ICE_50_AIR_BELT,REAR_TIRE_INSPECTION,SCHEDULED,,3000.0,,12.0,WHICHEVER_FIRST,1.0,1.0,1.0,1.0,,,,,10,SIMULATION_BACKOFF,RideBase engineering backoff,,,,MEDIUM,0,1,1.1.0,
POL0478,GROUP,,ICE_50_AIR_BELT,FORK_INSPECTION,SCHEDULED,,3000.0,,12.0,WHICHEVER_FIRST,1.0,1.0,1.0,1.0,,,,,10,SIMULATION_BACKOFF,RideBase engineering backoff,,,,MEDIUM,0,1,1.1.0,
POL0479,GROUP,,ICE_50_AIR_BELT,STEERING_BEARING_INSPECTION,SCHEDULED,,3000.0,,12.0,WHICHEVER_FIRST,1.0,1.0,1.0,1.0,,,,,10,SIMULATION_BACKOFF,RideBase engineering backoff,,,,MEDIUM,0,1,1.1.0,
POL0480,GROUP,,ICE_50_AIR_BELT,WHEEL_BEARING_INSPECTION,SCHEDULED,,10000.0,,24.0,WHICHEVER_FIRST,1.0,1.0,1.0,1.0,,,,,10,SIMULATION_BACKOFF,RideBase engineering backoff,,,,MEDIUM,0,1,1.1.0,
POL0481,GROUP,,ICE_50_AIR_BELT,BRAKE_FLUID_CHANGE,SCHEDULED,,,,24.0,TIME_ONLY,1.0,1.0,1.0,1.0,,,,,10,REPRESENTATIVE_BACKOFF,Honda PCX125 representative schedule,Hydraulic brake system,https://www.honda.com.tr/assets/files/Bx6KmWpQrT1715073681294.pdf,PCX schedule explicitly lists brake fluid replacement every 2 years.,HIGH,0,1,1.1.0,
POL0482,GROUP,,ICE_50_AIR_BELT,FRONT_BRAKE_PAD_CHANGE,WEAR_BASED,,,,,CONDITION_ONLY,1.0,0.8,0.75,1.0,22000.0,7000.0,7000.0,45000.0,10,SIMULATION_PRIOR,RideBase simulation prior,,,,LOW,0,1,1.1.0,
POL0483,GROUP,,ICE_50_AIR_BELT,REAR_BRAKE_PAD_CHANGE,WEAR_BASED,,,,,CONDITION_ONLY,1.0,0.75,0.75,1.0,26000.0,8000.0,8000.0,55000.0,10,SIMULATION_PRIOR,RideBase simulation prior,,,,LOW,0,1,1.1.0,
POL0484,GROUP,,ICE_50_AIR_BELT,FRONT_TIRE_CHANGE,WEAR_BASED,,,,,CONDITION_ONLY,1.0,0.8,0.75,1.0,18000.0,5000.0,8000.0,35000.0,10,SIMULATION_PRIOR,RideBase simulation prior,,,,LOW,0,1,1.1.0,
POL0485,GROUP,,ICE_50_AIR_BELT,REAR_TIRE_CHANGE,WEAR_BASED,,,,,CONDITION_ONLY,1.0,0.75,0.75,1.0,14000.0,4500.0,6000.0,30000.0,10,SIMULATION_PRIOR,RideBase simulation prior,,,,LOW,0,1,1.1.0,
POL0486,GROUP,,ICE_50_AIR_BELT,BATTERY_CHANGE,WEAR_BASED,,,,36.0,CONDITION_ONLY,1.0,1.0,1.0,1.0,,,,,10,SIMULATION_PRIOR,RideBase simulation prior,,,,LOW,0,1,1.1.0,"36 months is a stochastic simulation center, not a manufacturer interval."
POL0487,GROUP,,ICE_50_AIR_BELT,CVT_CASE_INSPECTION,SCHEDULED,,5000.0,,12.0,WHICHEVER_FIRST,1.0,1.0,1.0,1.0,,,,,10,REPRESENTATIVE_BACKOFF,KYMCO X-Town CT family manual,CVT scooter representative,https://www.kymco.com.tr/upi/pdf/x-town-ct-250.pdf?v=we1,,MEDIUM,0,1,1.1.0,
POL0488,GROUP,,ICE_50_AIR_BELT,CVT_BELT_INSPECTION,SCHEDULED,,10000.0,,12.0,WHICHEVER_FIRST,1.0,1.0,1.0,1.0,,,,,10,REPRESENTATIVE_BACKOFF,KYMCO/Honda scooter schedules,CVT scooter representative,https://www.kymco.com.tr/upi/pdf/x-town-ct-250.pdf?v=we1,,MEDIUM,0,1,1.1.0,
POL0489,GROUP,,ICE_50_AIR_BELT,CVT_BELT_CHANGE,SCHEDULED,,20000.0,,36.0,WHICHEVER_FIRST,1.0,1.0,1.0,1.0,,,,,10,REPRESENTATIVE_BACKOFF,KYMCO X-Town CT family manual,CVT scooter representative,https://www.kymco.com.tr/upi/pdf/x-town-ct-250.pdf?v=we1,"Representative table shows belt inspections and replacement around 20,000 km.",MEDIUM,0,1,1.1.0,
POL0490,GROUP,,ICE_50_AIR_BELT,CVT_ROLLER_INSPECTION,SCHEDULED,,10000.0,,12.0,WHICHEVER_FIRST,1.0,1.0,1.0,1.0,,,,,10,SIMULATION_BACKOFF,RideBase CVT architecture backoff,,https://www.honda.com.tr/assets/files/Bx6KmWpQrT1715073681294.pdf,,LOW,0,1,1.1.0,
POL0491,GROUP,,ICE_50_AIR_BELT,CVT_ROLLER_CHANGE,WEAR_BASED,,,,,CONDITION_ONLY,1.0,1.0,1.0,1.0,22000.0,5000.0,12000.0,35000.0,10,SIMULATION_PRIOR,RideBase simulation prior,,,,LOW,0,1,1.1.0,
POL0492,GROUP,,ICE_50_AIR_BELT,FINAL_GEAR_OIL_CHANGE,SCHEDULED,,10000.0,,24.0,WHICHEVER_FIRST,1.0,1.0,1.0,1.0,,,,,10,SIMULATION_BACKOFF,Honda PCX/KYMCO representative schedules,CVT scooter architecture backoff,https://www.honda.com.tr/assets/files/Bx6KmWpQrT1715073681294.pdf,PCX explicitly has 2-year reduction-oil replacement; km cadence is a simulation backoff.,LOW,0,1,1.1.0,
POL0493,GROUP,,ICE_50_AIR_CHAIN,ENGINE_OIL_CHANGE,SCHEDULED,1000.0,3000.0,,12.0,WHICHEVER_FIRST,0.8,0.75,0.8,1.0,,,,,10,REPRESENTATIVE_BACKOFF,Official manufacturer maintenance manual(s),Bajaj NS200 UG2 representative chain schedule,https://bajajturkiye.com.tr/wp-content/uploads/2025/04/NS200UG2-Kullanim-Kilavuzu.pdf,Architecture-derived backoff; not model-exact.,MEDIUM,0,1,1.1.0,
POL0494,GROUP,,ICE_50_AIR_CHAIN,AIR_FILTER_INSPECTION,SCHEDULED,,3000.0,,12.0,WHICHEVER_FIRST,0.75,0.85,0.6,0.5,,,,,10,REPRESENTATIVE_BACKOFF,Official manufacturer maintenance manual(s),Bajaj NS200 UG2 representative chain schedule,https://bajajturkiye.com.tr/wp-content/uploads/2025/04/NS200UG2-Kullanim-Kilavuzu.pdf,,MEDIUM,0,1,1.1.0,
POL0495,GROUP,,ICE_50_AIR_CHAIN,AIR_FILTER_CHANGE,SCHEDULED,,6000.0,,24.0,WHICHEVER_FIRST,0.75,0.8,0.55,0.5,,,,,10,REPRESENTATIVE_BACKOFF,Official manufacturer maintenance manual(s),Bajaj NS200 UG2 representative chain schedule,https://bajajturkiye.com.tr/wp-content/uploads/2025/04/NS200UG2-Kullanim-Kilavuzu.pdf,,MEDIUM,0,1,1.1.0,
POL0496,GROUP,,ICE_50_AIR_CHAIN,SPARK_PLUG_INSPECTION,SCHEDULED,,5000.0,,12.0,WHICHEVER_FIRST,1.0,1.0,1.0,1.0,,,,,10,REPRESENTATIVE_BACKOFF,Official manufacturer maintenance manual(s),Bajaj NS200 UG2 representative chain schedule,https://bajajturkiye.com.tr/wp-content/uploads/2025/04/NS200UG2-Kullanim-Kilavuzu.pdf,,MEDIUM,0,1,1.1.0,
POL0497,GROUP,,ICE_50_AIR_CHAIN,SPARK_PLUG_CHANGE,SCHEDULED,,12000.0,,36.0,WHICHEVER_FIRST,1.0,1.0,1.0,1.0,,,,,10,REPRESENTATIVE_BACKOFF,Official manufacturer maintenance manual(s),Bajaj NS200 UG2 representative chain schedule,https://bajajturkiye.com.tr/wp-content/uploads/2025/04/NS200UG2-Kullanim-Kilavuzu.pdf,,MEDIUM,0,1,1.1.0,
POL0498,GROUP,,ICE_50_AIR_CHAIN,VALVE_CLEARANCE_INSPECTION,SCHEDULED,,10000.0,,24.0,WHICHEVER_FIRST,1.0,1.0,1.0,1.0,,,,,10,REPRESENTATIVE_BACKOFF,Official manufacturer maintenance manual(s),Bajaj NS200 UG2 representative chain schedule,https://bajajturkiye.com.tr/wp-content/uploads/2025/04/NS200UG2-Kullanim-Kilavuzu.pdf,,MEDIUM,0,1,1.1.0,
POL0499,GROUP,,ICE_50_AIR_CHAIN,BATTERY_TEST,SCHEDULED,,3000.0,,12.0,WHICHEVER_FIRST,1.0,1.0,1.0,1.0,,,,,10,SIMULATION_BACKOFF,RideBase engineering backoff,,,,MEDIUM,0,1,1.1.0,
POL0500,GROUP,,ICE_50_AIR_CHAIN,GENERAL_SAFETY_INSPECTION,SCHEDULED,,3000.0,,12.0,WHICHEVER_FIRST,1.0,1.0,1.0,1.0,,,,,10,SIMULATION_BACKOFF,RideBase engineering backoff,,,,MEDIUM,0,1,1.1.0,
POL0501,GROUP,,ICE_50_AIR_CHAIN,FRONT_BRAKE_PAD_INSPECTION,SCHEDULED,,3000.0,,12.0,WHICHEVER_FIRST,1.0,1.0,1.0,1.0,,,,,10,SIMULATION_BACKOFF,RideBase engineering backoff,,,,MEDIUM,0,1,1.1.0,
POL0502,GROUP,,ICE_50_AIR_CHAIN,REAR_BRAKE_PAD_INSPECTION,SCHEDULED,,3000.0,,12.0,WHICHEVER_FIRST,1.0,1.0,1.0,1.0,,,,,10,SIMULATION_BACKOFF,RideBase engineering backoff,,,,MEDIUM,0,1,1.1.0,
POL0503,GROUP,,ICE_50_AIR_CHAIN,BRAKE_FLUID_CHECK,SCHEDULED,,3000.0,,12.0,WHICHEVER_FIRST,1.0,1.0,1.0,1.0,,,,,10,SIMULATION_BACKOFF,RideBase engineering backoff,,,,MEDIUM,0,1,1.1.0,
POL0504,GROUP,,ICE_50_AIR_CHAIN,FRONT_TIRE_INSPECTION,SCHEDULED,,3000.0,,12.0,WHICHEVER_FIRST,1.0,1.0,1.0,1.0,,,,,10,SIMULATION_BACKOFF,RideBase engineering backoff,,,,MEDIUM,0,1,1.1.0,
POL0505,GROUP,,ICE_50_AIR_CHAIN,REAR_TIRE_INSPECTION,SCHEDULED,,3000.0,,12.0,WHICHEVER_FIRST,1.0,1.0,1.0,1.0,,,,,10,SIMULATION_BACKOFF,RideBase engineering backoff,,,,MEDIUM,0,1,1.1.0,
POL0506,GROUP,,ICE_50_AIR_CHAIN,FORK_INSPECTION,SCHEDULED,,3000.0,,12.0,WHICHEVER_FIRST,1.0,1.0,1.0,1.0,,,,,10,SIMULATION_BACKOFF,RideBase engineering backoff,,,,MEDIUM,0,1,1.1.0,
POL0507,GROUP,,ICE_50_AIR_CHAIN,STEERING_BEARING_INSPECTION,SCHEDULED,,3000.0,,12.0,WHICHEVER_FIRST,1.0,1.0,1.0,1.0,,,,,10,SIMULATION_BACKOFF,RideBase engineering backoff,,,,MEDIUM,0,1,1.1.0,
POL0508,GROUP,,ICE_50_AIR_CHAIN,WHEEL_BEARING_INSPECTION,SCHEDULED,,10000.0,,24.0,WHICHEVER_FIRST,1.0,1.0,1.0,1.0,,,,,10,SIMULATION_BACKOFF,RideBase engineering backoff,,,,MEDIUM,0,1,1.1.0,
POL0509,GROUP,,ICE_50_AIR_CHAIN,BRAKE_FLUID_CHANGE,SCHEDULED,,,,24.0,TIME_ONLY,1.0,1.0,1.0,1.0,,,,,10,REPRESENTATIVE_BACKOFF,Honda PCX125 representative schedule,Hydraulic brake system,https://www.honda.com.tr/assets/files/Bx6KmWpQrT1715073681294.pdf,PCX schedule explicitly lists brake fluid replacement every 2 years.,HIGH,0,1,1.1.0,
POL0510,GROUP,,ICE_50_AIR_CHAIN,FRONT_BRAKE_PAD_CHANGE,WEAR_BASED,,,,,CONDITION_ONLY,1.0,0.8,0.75,1.0,22000.0,7000.0,7000.0,45000.0,10,SIMULATION_PRIOR,RideBase simulation prior,,,,LOW,0,1,1.1.0,
POL0511,GROUP,,ICE_50_AIR_CHAIN,REAR_BRAKE_PAD_CHANGE,WEAR_BASED,,,,,CONDITION_ONLY,1.0,0.75,0.75,1.0,26000.0,8000.0,8000.0,55000.0,10,SIMULATION_PRIOR,RideBase simulation prior,,,,LOW,0,1,1.1.0,
POL0512,GROUP,,ICE_50_AIR_CHAIN,FRONT_TIRE_CHANGE,WEAR_BASED,,,,,CONDITION_ONLY,1.0,0.8,0.75,1.0,18000.0,5000.0,8000.0,35000.0,10,SIMULATION_PRIOR,RideBase simulation prior,,,,LOW,0,1,1.1.0,
POL0513,GROUP,,ICE_50_AIR_CHAIN,REAR_TIRE_CHANGE,WEAR_BASED,,,,,CONDITION_ONLY,1.0,0.75,0.75,1.0,14000.0,4500.0,6000.0,30000.0,10,SIMULATION_PRIOR,RideBase simulation prior,,,,LOW,0,1,1.1.0,
POL0514,GROUP,,ICE_50_AIR_CHAIN,BATTERY_CHANGE,WEAR_BASED,,,,36.0,CONDITION_ONLY,1.0,1.0,1.0,1.0,,,,,10,SIMULATION_PRIOR,RideBase simulation prior,,,,LOW,0,1,1.1.0,"36 months is a stochastic simulation center, not a manufacturer interval."
POL0515,GROUP,,ICE_50_AIR_CHAIN,CHAIN_INSPECTION,SCHEDULED,,1000.0,,,KM_ONLY,0.75,0.7,0.5,1.0,,,,,10,REPRESENTATIVE_BACKOFF,Bajaj NS200 UG2 manual,Chain-drive representative,https://bajajturkiye.com.tr/wp-content/uploads/2025/04/NS200UG2-Kullanim-Kilavuzu.pdf,,MEDIUM,0,1,1.1.0,
POL0516,GROUP,,ICE_50_AIR_CHAIN,CHAIN_CLEAN,SCHEDULED,,500.0,,,KM_ONLY,0.7,0.7,0.4,0.5,,,,,10,VERIFIED_REPRESENTATIVE,Bajaj NS200 UG2 manual,Bajaj NS200 UG2,https://bajajturkiye.com.tr/wp-content/uploads/2025/04/NS200UG2-Kullanim-Kilavuzu.pdf,Maintenance table explicitly says chain cleaning spray every 500 km.,HIGH,0,1,1.1.0,
POL0517,GROUP,,ICE_50_AIR_CHAIN,CHAIN_LUBRICATE,SCHEDULED,,500.0,,,KM_ONLY,0.7,0.7,0.4,0.5,,,,,10,SIMULATION_BACKOFF,RideBase derived from chain-cleaning cadence,Bajaj NS200 UG2 reference,https://bajajturkiye.com.tr/wp-content/uploads/2025/04/NS200UG2-Kullanim-Kilavuzu.pdf,,LOW,0,1,1.1.0,
POL0518,GROUP,,ICE_50_AIR_CHAIN,CHAIN_ADJUST,CONDITION_BASED,,,,,CONDITION_ONLY,1.0,1.0,1.0,1.0,,,,,10,SIMULATION_PRIOR,RideBase simulation prior,,,,MEDIUM,0,1,1.1.0,
POL0519,GROUP,,ICE_50_AIR_CHAIN,CHAIN_SPROCKET_REPLACE,WEAR_BASED,,,,,CONDITION_ONLY,1.0,0.75,0.7,0.8,22000.0,6000.0,12000.0,40000.0,10,SIMULATION_PRIOR,RideBase simulation prior,,,,LOW,0,1,1.1.0,
POL0520,GROUP,,ICE_50_AIR_CHAIN,CLUTCH_FREE_PLAY_CHECK,SCHEDULED,,3000.0,,12.0,WHICHEVER_FIRST,1.0,1.0,1.0,1.0,,,,,10,SIMULATION_BACKOFF,RideBase engineering backoff,,,,MEDIUM,0,1,1.1.0,
POL0521,GROUP,,ICE_50_AIR_CHAIN,CLUTCH_PLATE_INSPECTION,CONDITION_BASED,,,,,CONDITION_ONLY,1.0,1.0,1.0,1.0,,,,,10,SIMULATION_PRIOR,RideBase simulation prior,,,,LOW,0,1,1.1.0,
POL0522,GROUP,,ICE_50_AIR_CHAIN,CLUTCH_PLATE_CHANGE,WEAR_BASED,,,,,CONDITION_ONLY,1.0,0.7,0.75,1.0,40000.0,12000.0,15000.0,80000.0,10,SIMULATION_PRIOR,RideBase simulation prior,,,,LOW,0,1,1.1.0,
POL0523,GROUP,,ICE_650_TWIN_LIQUID_CHAIN,ENGINE_OIL_CHANGE,SCHEDULED,1000.0,5000.0,,12.0,WHICHEVER_FIRST,0.8,0.75,0.8,1.0,,,,,10,REPRESENTATIVE_BACKOFF,Official manufacturer maintenance manual(s),Bajaj NS200 UG2 representative chain schedule,https://bajajturkiye.com.tr/wp-content/uploads/2025/04/NS200UG2-Kullanim-Kilavuzu.pdf,Architecture-derived backoff; not model-exact.,MEDIUM,0,1,1.1.0,
POL0524,GROUP,,ICE_650_TWIN_LIQUID_CHAIN,AIR_FILTER_INSPECTION,SCHEDULED,,5000.0,,12.0,WHICHEVER_FIRST,0.75,0.85,0.6,0.5,,,,,10,REPRESENTATIVE_BACKOFF,Official manufacturer maintenance manual(s),Bajaj NS200 UG2 representative chain schedule,https://bajajturkiye.com.tr/wp-content/uploads/2025/04/NS200UG2-Kullanim-Kilavuzu.pdf,,MEDIUM,0,1,1.1.0,
POL0525,GROUP,,ICE_650_TWIN_LIQUID_CHAIN,AIR_FILTER_CHANGE,SCHEDULED,,10000.0,,24.0,WHICHEVER_FIRST,0.75,0.8,0.55,0.5,,,,,10,REPRESENTATIVE_BACKOFF,Official manufacturer maintenance manual(s),Bajaj NS200 UG2 representative chain schedule,https://bajajturkiye.com.tr/wp-content/uploads/2025/04/NS200UG2-Kullanim-Kilavuzu.pdf,,MEDIUM,0,1,1.1.0,
POL0526,GROUP,,ICE_650_TWIN_LIQUID_CHAIN,SPARK_PLUG_INSPECTION,SCHEDULED,,5000.0,,12.0,WHICHEVER_FIRST,1.0,1.0,1.0,1.0,,,,,10,REPRESENTATIVE_BACKOFF,Official manufacturer maintenance manual(s),Bajaj NS200 UG2 representative chain schedule,https://bajajturkiye.com.tr/wp-content/uploads/2025/04/NS200UG2-Kullanim-Kilavuzu.pdf,,MEDIUM,0,1,1.1.0,
POL0527,GROUP,,ICE_650_TWIN_LIQUID_CHAIN,SPARK_PLUG_CHANGE,SCHEDULED,,20000.0,,36.0,WHICHEVER_FIRST,1.0,1.0,1.0,1.0,,,,,10,REPRESENTATIVE_BACKOFF,Official manufacturer maintenance manual(s),Bajaj NS200 UG2 representative chain schedule,https://bajajturkiye.com.tr/wp-content/uploads/2025/04/NS200UG2-Kullanim-Kilavuzu.pdf,,MEDIUM,0,1,1.1.0,
POL0528,GROUP,,ICE_650_TWIN_LIQUID_CHAIN,VALVE_CLEARANCE_INSPECTION,SCHEDULED,,12000.0,,24.0,WHICHEVER_FIRST,1.0,1.0,1.0,1.0,,,,,10,REPRESENTATIVE_BACKOFF,Official manufacturer maintenance manual(s),Bajaj NS200 UG2 representative chain schedule,https://bajajturkiye.com.tr/wp-content/uploads/2025/04/NS200UG2-Kullanim-Kilavuzu.pdf,,MEDIUM,0,1,1.1.0,
POL0529,GROUP,,ICE_650_TWIN_LIQUID_CHAIN,BATTERY_TEST,SCHEDULED,,5000.0,,12.0,WHICHEVER_FIRST,1.0,1.0,1.0,1.0,,,,,10,SIMULATION_BACKOFF,RideBase engineering backoff,,,,MEDIUM,0,1,1.1.0,
POL0530,GROUP,,ICE_650_TWIN_LIQUID_CHAIN,GENERAL_SAFETY_INSPECTION,SCHEDULED,,5000.0,,12.0,WHICHEVER_FIRST,1.0,1.0,1.0,1.0,,,,,10,SIMULATION_BACKOFF,RideBase engineering backoff,,,,MEDIUM,0,1,1.1.0,
POL0531,GROUP,,ICE_650_TWIN_LIQUID_CHAIN,FRONT_BRAKE_PAD_INSPECTION,SCHEDULED,,5000.0,,12.0,WHICHEVER_FIRST,1.0,1.0,1.0,1.0,,,,,10,SIMULATION_BACKOFF,RideBase engineering backoff,,,,MEDIUM,0,1,1.1.0,
POL0532,GROUP,,ICE_650_TWIN_LIQUID_CHAIN,REAR_BRAKE_PAD_INSPECTION,SCHEDULED,,5000.0,,12.0,WHICHEVER_FIRST,1.0,1.0,1.0,1.0,,,,,10,SIMULATION_BACKOFF,RideBase engineering backoff,,,,MEDIUM,0,1,1.1.0,
POL0533,GROUP,,ICE_650_TWIN_LIQUID_CHAIN,BRAKE_FLUID_CHECK,SCHEDULED,,5000.0,,12.0,WHICHEVER_FIRST,1.0,1.0,1.0,1.0,,,,,10,SIMULATION_BACKOFF,RideBase engineering backoff,,,,MEDIUM,0,1,1.1.0,
POL0534,GROUP,,ICE_650_TWIN_LIQUID_CHAIN,FRONT_TIRE_INSPECTION,SCHEDULED,,5000.0,,12.0,WHICHEVER_FIRST,1.0,1.0,1.0,1.0,,,,,10,SIMULATION_BACKOFF,RideBase engineering backoff,,,,MEDIUM,0,1,1.1.0,
POL0535,GROUP,,ICE_650_TWIN_LIQUID_CHAIN,REAR_TIRE_INSPECTION,SCHEDULED,,5000.0,,12.0,WHICHEVER_FIRST,1.0,1.0,1.0,1.0,,,,,10,SIMULATION_BACKOFF,RideBase engineering backoff,,,,MEDIUM,0,1,1.1.0,
POL0536,GROUP,,ICE_650_TWIN_LIQUID_CHAIN,FORK_INSPECTION,SCHEDULED,,5000.0,,12.0,WHICHEVER_FIRST,1.0,1.0,1.0,1.0,,,,,10,SIMULATION_BACKOFF,RideBase engineering backoff,,,,MEDIUM,0,1,1.1.0,
POL0537,GROUP,,ICE_650_TWIN_LIQUID_CHAIN,STEERING_BEARING_INSPECTION,SCHEDULED,,5000.0,,12.0,WHICHEVER_FIRST,1.0,1.0,1.0,1.0,,,,,10,SIMULATION_BACKOFF,RideBase engineering backoff,,,,MEDIUM,0,1,1.1.0,
POL0538,GROUP,,ICE_650_TWIN_LIQUID_CHAIN,WHEEL_BEARING_INSPECTION,SCHEDULED,,10000.0,,24.0,WHICHEVER_FIRST,1.0,1.0,1.0,1.0,,,,,10,SIMULATION_BACKOFF,RideBase engineering backoff,,,,MEDIUM,0,1,1.1.0,
POL0539,GROUP,,ICE_650_TWIN_LIQUID_CHAIN,BRAKE_FLUID_CHANGE,SCHEDULED,,,,24.0,TIME_ONLY,1.0,1.0,1.0,1.0,,,,,10,REPRESENTATIVE_BACKOFF,Honda PCX125 representative schedule,Hydraulic brake system,https://www.honda.com.tr/assets/files/Bx6KmWpQrT1715073681294.pdf,PCX schedule explicitly lists brake fluid replacement every 2 years.,HIGH,0,1,1.1.0,
POL0540,GROUP,,ICE_650_TWIN_LIQUID_CHAIN,FRONT_BRAKE_PAD_CHANGE,WEAR_BASED,,,,,CONDITION_ONLY,1.0,0.8,0.75,1.0,22000.0,7000.0,7000.0,45000.0,10,SIMULATION_PRIOR,RideBase simulation prior,,,,LOW,0,1,1.1.0,
POL0541,GROUP,,ICE_650_TWIN_LIQUID_CHAIN,REAR_BRAKE_PAD_CHANGE,WEAR_BASED,,,,,CONDITION_ONLY,1.0,0.75,0.75,1.0,26000.0,8000.0,8000.0,55000.0,10,SIMULATION_PRIOR,RideBase simulation prior,,,,LOW,0,1,1.1.0,
POL0542,GROUP,,ICE_650_TWIN_LIQUID_CHAIN,FRONT_TIRE_CHANGE,WEAR_BASED,,,,,CONDITION_ONLY,1.0,0.8,0.75,1.0,18000.0,5000.0,8000.0,35000.0,10,SIMULATION_PRIOR,RideBase simulation prior,,,,LOW,0,1,1.1.0,
POL0543,GROUP,,ICE_650_TWIN_LIQUID_CHAIN,REAR_TIRE_CHANGE,WEAR_BASED,,,,,CONDITION_ONLY,1.0,0.75,0.75,1.0,14000.0,4500.0,6000.0,30000.0,10,SIMULATION_PRIOR,RideBase simulation prior,,,,LOW,0,1,1.1.0,
POL0544,GROUP,,ICE_650_TWIN_LIQUID_CHAIN,BATTERY_CHANGE,WEAR_BASED,,,,36.0,CONDITION_ONLY,1.0,1.0,1.0,1.0,,,,,10,SIMULATION_PRIOR,RideBase simulation prior,,,,LOW,0,1,1.1.0,"36 months is a stochastic simulation center, not a manufacturer interval."
POL0545,GROUP,,ICE_650_TWIN_LIQUID_CHAIN,COOLANT_LEVEL_CHECK,SCHEDULED,,5000.0,,12.0,WHICHEVER_FIRST,1.0,1.0,1.0,1.0,,,,,10,REPRESENTATIVE_BACKOFF,Official manufacturer maintenance manual(s),Bajaj NS200 UG2 representative chain schedule,https://bajajturkiye.com.tr/wp-content/uploads/2025/04/NS200UG2-Kullanim-Kilavuzu.pdf,,MEDIUM,0,1,1.1.0,
POL0546,GROUP,,ICE_650_TWIN_LIQUID_CHAIN,COOLANT_CHANGE,SCHEDULED,,30000.0,,36.0,WHICHEVER_FIRST,1.0,1.0,1.0,1.0,,,,,10,REPRESENTATIVE_BACKOFF,Honda PCX125 / Bajaj NS200 schedules,Liquid-cooled representative schedules,https://www.honda.com.tr/assets/files/Bx6KmWpQrT1715073681294.pdf,"PCX: 3-year replacement; NS200: replacement at 30,000 km.",HIGH,0,1,1.1.0,
POL0547,GROUP,,ICE_650_TWIN_LIQUID_CHAIN,CHAIN_INSPECTION,SCHEDULED,,1000.0,,,KM_ONLY,0.75,0.7,0.5,1.0,,,,,10,REPRESENTATIVE_BACKOFF,Bajaj NS200 UG2 manual,Chain-drive representative,https://bajajturkiye.com.tr/wp-content/uploads/2025/04/NS200UG2-Kullanim-Kilavuzu.pdf,,MEDIUM,0,1,1.1.0,
POL0548,GROUP,,ICE_650_TWIN_LIQUID_CHAIN,CHAIN_CLEAN,SCHEDULED,,500.0,,,KM_ONLY,0.7,0.7,0.4,0.5,,,,,10,VERIFIED_REPRESENTATIVE,Bajaj NS200 UG2 manual,Bajaj NS200 UG2,https://bajajturkiye.com.tr/wp-content/uploads/2025/04/NS200UG2-Kullanim-Kilavuzu.pdf,Maintenance table explicitly says chain cleaning spray every 500 km.,HIGH,0,1,1.1.0,
POL0549,GROUP,,ICE_650_TWIN_LIQUID_CHAIN,CHAIN_LUBRICATE,SCHEDULED,,500.0,,,KM_ONLY,0.7,0.7,0.4,0.5,,,,,10,SIMULATION_BACKOFF,RideBase derived from chain-cleaning cadence,Bajaj NS200 UG2 reference,https://bajajturkiye.com.tr/wp-content/uploads/2025/04/NS200UG2-Kullanim-Kilavuzu.pdf,,LOW,0,1,1.1.0,
POL0550,GROUP,,ICE_650_TWIN_LIQUID_CHAIN,CHAIN_ADJUST,CONDITION_BASED,,,,,CONDITION_ONLY,1.0,1.0,1.0,1.0,,,,,10,SIMULATION_PRIOR,RideBase simulation prior,,,,MEDIUM,0,1,1.1.0,
POL0551,GROUP,,ICE_650_TWIN_LIQUID_CHAIN,CHAIN_SPROCKET_REPLACE,WEAR_BASED,,,,,CONDITION_ONLY,1.0,0.75,0.7,0.8,22000.0,6000.0,12000.0,40000.0,10,SIMULATION_PRIOR,RideBase simulation prior,,,,LOW,0,1,1.1.0,
POL0552,GROUP,,ICE_650_TWIN_LIQUID_CHAIN,CLUTCH_FREE_PLAY_CHECK,SCHEDULED,,5000.0,,12.0,WHICHEVER_FIRST,1.0,1.0,1.0,1.0,,,,,10,SIMULATION_BACKOFF,RideBase engineering backoff,,,,MEDIUM,0,1,1.1.0,
POL0553,GROUP,,ICE_650_TWIN_LIQUID_CHAIN,CLUTCH_PLATE_INSPECTION,CONDITION_BASED,,,,,CONDITION_ONLY,1.0,1.0,1.0,1.0,,,,,10,SIMULATION_PRIOR,RideBase simulation prior,,,,LOW,0,1,1.1.0,
POL0554,GROUP,,ICE_650_TWIN_LIQUID_CHAIN,CLUTCH_PLATE_CHANGE,WEAR_BASED,,,,,CONDITION_ONLY,1.0,0.7,0.75,1.0,40000.0,12000.0,15000.0,80000.0,10,SIMULATION_PRIOR,RideBase simulation prior,,,,LOW,0,1,1.1.0,
POL0555,GROUP,,ICE_SMALL_SCOOTER_BELT,ENGINE_OIL_CHANGE,SCHEDULED,1000.0,5000.0,,12.0,WHICHEVER_FIRST,0.8,0.75,0.8,1.0,,,,,10,REPRESENTATIVE_BACKOFF,Official manufacturer maintenance manual(s),KYMCO X-Town CT family representative architecture,https://www.kymco.com.tr/upi/pdf/x-town-ct-250.pdf?v=we1,Architecture-derived backoff; not model-exact.,MEDIUM,0,1,1.1.0,
POL0556,GROUP,,ICE_SMALL_SCOOTER_BELT,AIR_FILTER_INSPECTION,SCHEDULED,,5000.0,,12.0,WHICHEVER_FIRST,0.75,0.85,0.6,0.5,,,,,10,REPRESENTATIVE_BACKOFF,Official manufacturer maintenance manual(s),KYMCO X-Town CT family representative architecture,https://www.kymco.com.tr/upi/pdf/x-town-ct-250.pdf?v=we1,,MEDIUM,0,1,1.1.0,
POL0557,GROUP,,ICE_SMALL_SCOOTER_BELT,AIR_FILTER_CHANGE,SCHEDULED,,10000.0,,24.0,WHICHEVER_FIRST,0.75,0.8,0.55,0.5,,,,,10,REPRESENTATIVE_BACKOFF,Official manufacturer maintenance manual(s),KYMCO X-Town CT family representative architecture,https://www.kymco.com.tr/upi/pdf/x-town-ct-250.pdf?v=we1,,MEDIUM,0,1,1.1.0,
POL0558,GROUP,,ICE_SMALL_SCOOTER_BELT,SPARK_PLUG_INSPECTION,SCHEDULED,,5000.0,,12.0,WHICHEVER_FIRST,1.0,1.0,1.0,1.0,,,,,10,REPRESENTATIVE_BACKOFF,Official manufacturer maintenance manual(s),KYMCO X-Town CT family representative architecture,https://www.kymco.com.tr/upi/pdf/x-town-ct-250.pdf?v=we1,,MEDIUM,0,1,1.1.0,
POL0559,GROUP,,ICE_SMALL_SCOOTER_BELT,SPARK_PLUG_CHANGE,SCHEDULED,,20000.0,,36.0,WHICHEVER_FIRST,1.0,1.0,1.0,1.0,,,,,10,REPRESENTATIVE_BACKOFF,Official manufacturer maintenance manual(s),KYMCO X-Town CT family representative architecture,https://www.kymco.com.tr/upi/pdf/x-town-ct-250.pdf?v=we1,,MEDIUM,0,1,1.1.0,
POL0560,GROUP,,ICE_SMALL_SCOOTER_BELT,VALVE_CLEARANCE_INSPECTION,SCHEDULED,,10000.0,,24.0,WHICHEVER_FIRST,1.0,1.0,1.0,1.0,,,,,10,REPRESENTATIVE_BACKOFF,Official manufacturer maintenance manual(s),KYMCO X-Town CT family representative architecture,https://www.kymco.com.tr/upi/pdf/x-town-ct-250.pdf?v=we1,,MEDIUM,0,1,1.1.0,
POL0561,GROUP,,ICE_SMALL_SCOOTER_BELT,BATTERY_TEST,SCHEDULED,,5000.0,,12.0,WHICHEVER_FIRST,1.0,1.0,1.0,1.0,,,,,10,SIMULATION_BACKOFF,RideBase engineering backoff,,,,MEDIUM,0,1,1.1.0,
POL0562,GROUP,,ICE_SMALL_SCOOTER_BELT,GENERAL_SAFETY_INSPECTION,SCHEDULED,,5000.0,,12.0,WHICHEVER_FIRST,1.0,1.0,1.0,1.0,,,,,10,SIMULATION_BACKOFF,RideBase engineering backoff,,,,MEDIUM,0,1,1.1.0,
POL0563,GROUP,,ICE_SMALL_SCOOTER_BELT,FRONT_BRAKE_PAD_INSPECTION,SCHEDULED,,5000.0,,12.0,WHICHEVER_FIRST,1.0,1.0,1.0,1.0,,,,,10,SIMULATION_BACKOFF,RideBase engineering backoff,,,,MEDIUM,0,1,1.1.0,
POL0564,GROUP,,ICE_SMALL_SCOOTER_BELT,REAR_BRAKE_PAD_INSPECTION,SCHEDULED,,5000.0,,12.0,WHICHEVER_FIRST,1.0,1.0,1.0,1.0,,,,,10,SIMULATION_BACKOFF,RideBase engineering backoff,,,,MEDIUM,0,1,1.1.0,
POL0565,GROUP,,ICE_SMALL_SCOOTER_BELT,BRAKE_FLUID_CHECK,SCHEDULED,,5000.0,,12.0,WHICHEVER_FIRST,1.0,1.0,1.0,1.0,,,,,10,SIMULATION_BACKOFF,RideBase engineering backoff,,,,MEDIUM,0,1,1.1.0,
POL0566,GROUP,,ICE_SMALL_SCOOTER_BELT,FRONT_TIRE_INSPECTION,SCHEDULED,,5000.0,,12.0,WHICHEVER_FIRST,1.0,1.0,1.0,1.0,,,,,10,SIMULATION_BACKOFF,RideBase engineering backoff,,,,MEDIUM,0,1,1.1.0,
POL0567,GROUP,,ICE_SMALL_SCOOTER_BELT,REAR_TIRE_INSPECTION,SCHEDULED,,5000.0,,12.0,WHICHEVER_FIRST,1.0,1.0,1.0,1.0,,,,,10,SIMULATION_BACKOFF,RideBase engineering backoff,,,,MEDIUM,0,1,1.1.0,
POL0568,GROUP,,ICE_SMALL_SCOOTER_BELT,FORK_INSPECTION,SCHEDULED,,5000.0,,12.0,WHICHEVER_FIRST,1.0,1.0,1.0,1.0,,,,,10,SIMULATION_BACKOFF,RideBase engineering backoff,,,,MEDIUM,0,1,1.1.0,
POL0569,GROUP,,ICE_SMALL_SCOOTER_BELT,STEERING_BEARING_INSPECTION,SCHEDULED,,5000.0,,12.0,WHICHEVER_FIRST,1.0,1.0,1.0,1.0,,,,,10,SIMULATION_BACKOFF,RideBase engineering backoff,,,,MEDIUM,0,1,1.1.0,
POL0570,GROUP,,ICE_SMALL_SCOOTER_BELT,WHEEL_BEARING_INSPECTION,SCHEDULED,,10000.0,,24.0,WHICHEVER_FIRST,1.0,1.0,1.0,1.0,,,,,10,SIMULATION_BACKOFF,RideBase engineering backoff,,,,MEDIUM,0,1,1.1.0,
POL0571,GROUP,,ICE_SMALL_SCOOTER_BELT,BRAKE_FLUID_CHANGE,SCHEDULED,,,,24.0,TIME_ONLY,1.0,1.0,1.0,1.0,,,,,10,REPRESENTATIVE_BACKOFF,Honda PCX125 representative schedule,Hydraulic brake system,https://www.honda.com.tr/assets/files/Bx6KmWpQrT1715073681294.pdf,PCX schedule explicitly lists brake fluid replacement every 2 years.,HIGH,0,1,1.1.0,
POL0572,GROUP,,ICE_SMALL_SCOOTER_BELT,FRONT_BRAKE_PAD_CHANGE,WEAR_BASED,,,,,CONDITION_ONLY,1.0,0.8,0.75,1.0,22000.0,7000.0,7000.0,45000.0,10,SIMULATION_PRIOR,RideBase simulation prior,,,,LOW,0,1,1.1.0,
POL0573,GROUP,,ICE_SMALL_SCOOTER_BELT,REAR_BRAKE_PAD_CHANGE,WEAR_BASED,,,,,CONDITION_ONLY,1.0,0.75,0.75,1.0,26000.0,8000.0,8000.0,55000.0,10,SIMULATION_PRIOR,RideBase simulation prior,,,,LOW,0,1,1.1.0,
POL0574,GROUP,,ICE_SMALL_SCOOTER_BELT,FRONT_TIRE_CHANGE,WEAR_BASED,,,,,CONDITION_ONLY,1.0,0.8,0.75,1.0,18000.0,5000.0,8000.0,35000.0,10,SIMULATION_PRIOR,RideBase simulation prior,,,,LOW,0,1,1.1.0,
POL0575,GROUP,,ICE_SMALL_SCOOTER_BELT,REAR_TIRE_CHANGE,WEAR_BASED,,,,,CONDITION_ONLY,1.0,0.75,0.75,1.0,14000.0,4500.0,6000.0,30000.0,10,SIMULATION_PRIOR,RideBase simulation prior,,,,LOW,0,1,1.1.0,
POL0576,GROUP,,ICE_SMALL_SCOOTER_BELT,BATTERY_CHANGE,WEAR_BASED,,,,36.0,CONDITION_ONLY,1.0,1.0,1.0,1.0,,,,,10,SIMULATION_PRIOR,RideBase simulation prior,,,,LOW,0,1,1.1.0,"36 months is a stochastic simulation center, not a manufacturer interval."
POL0577,GROUP,,ICE_SMALL_SCOOTER_BELT,CVT_CASE_INSPECTION,SCHEDULED,,5000.0,,12.0,WHICHEVER_FIRST,1.0,1.0,1.0,1.0,,,,,10,REPRESENTATIVE_BACKOFF,KYMCO X-Town CT family manual,CVT scooter representative,https://www.kymco.com.tr/upi/pdf/x-town-ct-250.pdf?v=we1,,MEDIUM,0,1,1.1.0,
POL0578,GROUP,,ICE_SMALL_SCOOTER_BELT,CVT_BELT_INSPECTION,SCHEDULED,,10000.0,,12.0,WHICHEVER_FIRST,1.0,1.0,1.0,1.0,,,,,10,REPRESENTATIVE_BACKOFF,KYMCO/Honda scooter schedules,CVT scooter representative,https://www.kymco.com.tr/upi/pdf/x-town-ct-250.pdf?v=we1,,MEDIUM,0,1,1.1.0,
POL0579,GROUP,,ICE_SMALL_SCOOTER_BELT,CVT_BELT_CHANGE,SCHEDULED,,20000.0,,36.0,WHICHEVER_FIRST,1.0,1.0,1.0,1.0,,,,,10,REPRESENTATIVE_BACKOFF,KYMCO X-Town CT family manual,CVT scooter representative,https://www.kymco.com.tr/upi/pdf/x-town-ct-250.pdf?v=we1,"Representative table shows belt inspections and replacement around 20,000 km.",MEDIUM,0,1,1.1.0,
POL0580,GROUP,,ICE_SMALL_SCOOTER_BELT,CVT_ROLLER_INSPECTION,SCHEDULED,,10000.0,,12.0,WHICHEVER_FIRST,1.0,1.0,1.0,1.0,,,,,10,SIMULATION_BACKOFF,RideBase CVT architecture backoff,,https://www.honda.com.tr/assets/files/Bx6KmWpQrT1715073681294.pdf,,LOW,0,1,1.1.0,
POL0581,GROUP,,ICE_SMALL_SCOOTER_BELT,CVT_ROLLER_CHANGE,WEAR_BASED,,,,,CONDITION_ONLY,1.0,1.0,1.0,1.0,22000.0,5000.0,12000.0,35000.0,10,SIMULATION_PRIOR,RideBase simulation prior,,,,LOW,0,1,1.1.0,
POL0582,GROUP,,ICE_SMALL_SCOOTER_BELT,FINAL_GEAR_OIL_CHANGE,SCHEDULED,,10000.0,,24.0,WHICHEVER_FIRST,1.0,1.0,1.0,1.0,,,,,10,SIMULATION_BACKOFF,Honda PCX/KYMCO representative schedules,CVT scooter architecture backoff,https://www.honda.com.tr/assets/files/Bx6KmWpQrT1715073681294.pdf,PCX explicitly has 2-year reduction-oil replacement; km cadence is a simulation backoff.,LOW,0,1,1.1.0,
POL0583,MODEL,BAJAJ_NS200,,ENGINE_OIL_CHANGE,SCHEDULED,750.0,5000.0,6.0,6.0,WHICHEVER_FIRST,1.0,1.0,1.0,1.0,,,,,100,VERIFIED_MODEL,Bajaj Türkiye owner manual,Pulsar 200NS UG2,https://bajajturkiye.com.tr/wp-content/uploads/2025/04/NS200UG2-Kullanim-Kilavuzu.pdf,"Table: 500-750 km, then ~5,000 km steps; oil replacement at every service point.",HIGH,1,1,1.1.0,
POL0584,MODEL,BAJAJ_NS200,,OIL_FILTER_CHANGE,SCHEDULED,750.0,5000.0,6.0,6.0,WHICHEVER_FIRST,1.0,1.0,1.0,1.0,,,,,100,VERIFIED_MODEL,Bajaj Türkiye owner manual,Pulsar 200NS UG2,https://bajajturkiye.com.tr/wp-content/uploads/2025/04/NS200UG2-Kullanim-Kilavuzu.pdf,Oil and oil filter listed together as replacement.,HIGH,1,1,1.1.0,
POL0585,MODEL,BAJAJ_NS200,,AIR_FILTER_CLEAN,SCHEDULED,750.0,5000.0,6.0,6.0,WHICHEVER_FIRST,1.0,1.0,1.0,1.0,,,,,100,VERIFIED_MODEL,Bajaj Türkiye owner manual,Pulsar 200NS UG2,https://bajajturkiye.com.tr/wp-content/uploads/2025/04/NS200UG2-Kullanim-Kilavuzu.pdf,,HIGH,1,1,1.1.0,
POL0586,MODEL,BAJAJ_NS200,,AIR_FILTER_CHANGE,SCHEDULED,10000.0,10000.0,,,KM_ONLY,1.0,1.0,1.0,1.0,,,,,100,VERIFIED_MODEL,Bajaj Türkiye owner manual,Pulsar 200NS UG2,https://bajajturkiye.com.tr/wp-content/uploads/2025/04/NS200UG2-Kullanim-Kilavuzu.pdf,"Replacement at 10k, 20k, 30k.",HIGH,1,1,1.1.0,
POL0587,MODEL,BAJAJ_NS200,,SPARK_PLUG_INSPECTION,SCHEDULED,750.0,5000.0,,,WHICHEVER_FIRST,1.0,1.0,1.0,1.0,,,,,100,VERIFIED_MODEL,Bajaj Türkiye owner manual,Pulsar 200NS UG2,https://bajajturkiye.com.tr/wp-content/uploads/2025/04/NS200UG2-Kullanim-Kilavuzu.pdf,,HIGH,1,1,1.1.0,
POL0588,MODEL,BAJAJ_NS200,,SPARK_PLUG_CHANGE,SCHEDULED,20000.0,20000.0,,,KM_ONLY,1.0,1.0,1.0,1.0,,,,,100,VERIFIED_MODEL,Bajaj Türkiye owner manual,Pulsar 200NS UG2,https://bajajturkiye.com.tr/wp-content/uploads/2025/04/NS200UG2-Kullanim-Kilavuzu.pdf,,HIGH,1,1,1.1.0,
POL0589,MODEL,BAJAJ_NS200,,FUEL_FILTER_INSPECTION,SCHEDULED,750.0,5000.0,,,WHICHEVER_FIRST,1.0,1.0,1.0,1.0,,,,,100,VERIFIED_MODEL,Bajaj Türkiye owner manual,Pulsar 200NS UG2,https://bajajturkiye.com.tr/wp-content/uploads/2025/04/NS200UG2-Kullanim-Kilavuzu.pdf,,HIGH,1,1,1.1.0,
POL0590,MODEL,BAJAJ_NS200,,FUEL_FILTER_CHANGE,SCHEDULED,15000.0,15000.0,,,KM_ONLY,1.0,1.0,1.0,1.0,,,,,100,VERIFIED_MODEL,Bajaj Türkiye owner manual,Pulsar 200NS UG2,https://bajajturkiye.com.tr/wp-content/uploads/2025/04/NS200UG2-Kullanim-Kilavuzu.pdf,,HIGH,1,1,1.1.0,
POL0591,MODEL,BAJAJ_NS200,,VALVE_CLEARANCE_INSPECTION,SCHEDULED,750.0,5000.0,,,WHICHEVER_FIRST,1.0,1.0,1.0,1.0,,,,,100,VERIFIED_MODEL,Bajaj Türkiye owner manual,Pulsar 200NS UG2,https://bajajturkiye.com.tr/wp-content/uploads/2025/04/NS200UG2-Kullanim-Kilavuzu.pdf,,HIGH,1,1,1.1.0,
POL0592,MODEL,BAJAJ_NS200,,COOLANT_LEVEL_CHECK,SCHEDULED,750.0,5000.0,,,WHICHEVER_FIRST,1.0,1.0,1.0,1.0,,,,,100,VERIFIED_MODEL,Bajaj Türkiye owner manual,Pulsar 200NS UG2,https://bajajturkiye.com.tr/wp-content/uploads/2025/04/NS200UG2-Kullanim-Kilavuzu.pdf,,HIGH,1,1,1.1.0,
POL0593,MODEL,BAJAJ_NS200,,COOLANT_CHANGE,SCHEDULED,30000.0,30000.0,,,KM_ONLY,1.0,1.0,1.0,1.0,,,,,100,VERIFIED_MODEL,Bajaj Türkiye owner manual,Pulsar 200NS UG2,https://bajajturkiye.com.tr/wp-content/uploads/2025/04/NS200UG2-Kullanim-Kilavuzu.pdf,,HIGH,1,1,1.1.0,
POL0594,MODEL,BAJAJ_NS200,,CHAIN_CLEAN,SCHEDULED,,500.0,,,KM_ONLY,1.0,1.0,1.0,1.0,,,,,100,VERIFIED_MODEL,Bajaj Türkiye owner manual,Pulsar 200NS UG2,https://bajajturkiye.com.tr/wp-content/uploads/2025/04/NS200UG2-Kullanim-Kilavuzu.pdf,Manual explicitly states chain cleaning spray every 500 km.,HIGH,1,1,1.1.0,
POL0595,MODEL,BAJAJ_NS200,,CHAIN_LUBRICATE,SCHEDULED,,500.0,,,KM_ONLY,1.0,1.0,1.0,1.0,,,,,100,MODEL_DERIVED,Bajaj Türkiye owner manual,Pulsar 200NS UG2,https://bajajturkiye.com.tr/wp-content/uploads/2025/04/NS200UG2-Kullanim-Kilavuzu.pdf,Simulation cadence derived from 500 km chain-cleaning instruction.,MEDIUM,0,1,1.1.0,
POL0596,MODEL,BAJAJ_NS200,,CHAIN_INSPECTION,SCHEDULED,750.0,5000.0,,,WHICHEVER_FIRST,1.0,1.0,1.0,1.0,,,,,100,VERIFIED_MODEL,Bajaj Türkiye owner manual,Pulsar 200NS UG2,https://bajajturkiye.com.tr/wp-content/uploads/2025/04/NS200UG2-Kullanim-Kilavuzu.pdf,,HIGH,1,1,1.1.0,
POL0597,MODEL,BAJAJ_NS200,,BATTERY_TEST,SCHEDULED,750.0,5000.0,,,WHICHEVER_FIRST,1.0,1.0,1.0,1.0,,,,,100,VERIFIED_MODEL,Bajaj Türkiye owner manual,Pulsar 200NS UG2,https://bajajturkiye.com.tr/wp-content/uploads/2025/04/NS200UG2-Kullanim-Kilavuzu.pdf,,HIGH,1,1,1.1.0,
POL0598,MODEL,BAJAJ_NS200,,FRONT_BRAKE_PAD_INSPECTION,SCHEDULED,750.0,5000.0,,,WHICHEVER_FIRST,1.0,1.0,1.0,1.0,,,,,100,VERIFIED_MODEL,Bajaj Türkiye owner manual,Pulsar 200NS UG2,https://bajajturkiye.com.tr/wp-content/uploads/2025/04/NS200UG2-Kullanim-Kilavuzu.pdf,,HIGH,1,1,1.1.0,
POL0599,MODEL,BAJAJ_NS200,,REAR_BRAKE_PAD_INSPECTION,SCHEDULED,750.0,5000.0,,,WHICHEVER_FIRST,1.0,1.0,1.0,1.0,,,,,100,VERIFIED_MODEL,Bajaj Türkiye owner manual,Pulsar 200NS UG2,https://bajajturkiye.com.tr/wp-content/uploads/2025/04/NS200UG2-Kullanim-Kilavuzu.pdf,,HIGH,1,1,1.1.0,
POL0600,MODEL,BAJAJ_NS200,,BRAKE_FLUID_CHECK,SCHEDULED,750.0,5000.0,,,WHICHEVER_FIRST,1.0,1.0,1.0,1.0,,,,,100,VERIFIED_MODEL,Bajaj Türkiye owner manual,Pulsar 200NS UG2,https://bajajturkiye.com.tr/wp-content/uploads/2025/04/NS200UG2-Kullanim-Kilavuzu.pdf,,HIGH,1,1,1.1.0,
POL0601,MODEL,BAJAJ_NS200,,BRAKE_FLUID_CHANGE,SCHEDULED,30000.0,30000.0,,,KM_ONLY,1.0,1.0,1.0,1.0,,,,,100,VERIFIED_MODEL,Bajaj Türkiye owner manual,Pulsar 200NS UG2,https://bajajturkiye.com.tr/wp-content/uploads/2025/04/NS200UG2-Kullanim-Kilavuzu.pdf,,HIGH,1,1,1.1.0,
POL0602,MODEL,BAJAJ_NS200,,FORK_INSPECTION,SCHEDULED,750.0,5000.0,,,WHICHEVER_FIRST,1.0,1.0,1.0,1.0,,,,,100,VERIFIED_MODEL,Bajaj Türkiye owner manual,Pulsar 200NS UG2,https://bajajturkiye.com.tr/wp-content/uploads/2025/04/NS200UG2-Kullanim-Kilavuzu.pdf,,HIGH,1,1,1.1.0,
POL0603,MODEL,BAJAJ_NS200,,STEERING_BEARING_INSPECTION,SCHEDULED,750.0,5000.0,,,WHICHEVER_FIRST,1.0,1.0,1.0,1.0,,,,,100,VERIFIED_MODEL,Bajaj Türkiye owner manual,Pulsar 200NS UG2,https://bajajturkiye.com.tr/wp-content/uploads/2025/04/NS200UG2-Kullanim-Kilavuzu.pdf,,HIGH,1,1,1.1.0,
POL0604,MODEL,BAJAJ_NS200,,WHEEL_BEARING_INSPECTION,SCHEDULED,750.0,5000.0,,,WHICHEVER_FIRST,1.0,1.0,1.0,1.0,,,,,100,VERIFIED_MODEL,Bajaj Türkiye owner manual,Pulsar 200NS UG2,https://bajajturkiye.com.tr/wp-content/uploads/2025/04/NS200UG2-Kullanim-Kilavuzu.pdf,,HIGH,1,1,1.1.0,
POL0605,MODEL,BAJAJ_NS200,,GENERAL_SAFETY_INSPECTION,SCHEDULED,750.0,5000.0,,,WHICHEVER_FIRST,1.0,1.0,1.0,1.0,,,,,100,VERIFIED_MODEL,Bajaj Türkiye owner manual,Pulsar 200NS UG2,https://bajajturkiye.com.tr/wp-content/uploads/2025/04/NS200UG2-Kullanim-Kilavuzu.pdf,,HIGH,1,1,1.1.0,
POL0606,MODEL,HONDA_PCX125,,ENGINE_OIL_CHANGE,SCHEDULED,1000.0,6000.0,,12.0,WHICHEVER_FIRST,1.0,1.0,1.0,1.0,,,,,100,VERIFIED_MODEL,Honda Türkiye owner manual,PCX125,https://www.honda.com.tr/assets/files/Bx6KmWpQrT1715073681294.pdf,"Schedule uses 1, 6, 12, 18, 24, 30, 36k service axis; Honda states 12 months or manual km limit.",HIGH,1,1,1.1.0,
POL0607,MODEL,HONDA_PCX125,,AIR_FILTER_CHANGE,SCHEDULED,12000.0,12000.0,,,KM_ONLY,0.75,1.0,1.0,0.5,,,,,100,MODEL_TABLE_DERIVED,Honda Türkiye owner manual,PCX125,https://www.honda.com.tr/assets/files/Bx6KmWpQrT1715073681294.pdf,Replacement cadence derived from table symbols; service more often in wet/dusty use.,MEDIUM,0,1,1.1.0,
POL0608,MODEL,HONDA_PCX125,,SPARK_PLUG_INSPECTION,SCHEDULED,6000.0,6000.0,,,KM_ONLY,1.0,1.0,1.0,1.0,,,,,100,MODEL_TABLE_DERIVED,Honda Türkiye owner manual,PCX125,https://www.honda.com.tr/assets/files/Bx6KmWpQrT1715073681294.pdf,,MEDIUM,0,1,1.1.0,
POL0609,MODEL,HONDA_PCX125,,SPARK_PLUG_CHANGE,SCHEDULED,24000.0,24000.0,,,KM_ONLY,1.0,1.0,1.0,1.0,,,,,100,MODEL_TABLE_DERIVED,Honda Türkiye owner manual,PCX125,https://www.honda.com.tr/assets/files/Bx6KmWpQrT1715073681294.pdf,Replacement point interpreted from table; re-check before production OEM policy.,MEDIUM,0,1,1.1.0,
POL0610,MODEL,HONDA_PCX125,,VALVE_CLEARANCE_INSPECTION,SCHEDULED,6000.0,6000.0,,,KM_ONLY,1.0,1.0,1.0,1.0,,,,,100,MODEL_TABLE_DERIVED,Honda Türkiye owner manual,PCX125,https://www.honda.com.tr/assets/files/Bx6KmWpQrT1715073681294.pdf,,MEDIUM,0,1,1.1.0,
POL0611,MODEL,HONDA_PCX125,,COOLANT_CHANGE,SCHEDULED,,,,36.0,TIME_ONLY,1.0,1.0,1.0,1.0,,,,,100,VERIFIED_MODEL,Honda Türkiye owner manual,PCX125,https://www.honda.com.tr/assets/files/Bx6KmWpQrT1715073681294.pdf,Schedule explicitly lists radiator coolant regular replacement: 3 years.,HIGH,1,1,1.1.0,
POL0612,MODEL,HONDA_PCX125,,BRAKE_FLUID_CHANGE,SCHEDULED,,,,24.0,TIME_ONLY,1.0,1.0,1.0,1.0,,,,,100,VERIFIED_MODEL,Honda Türkiye owner manual,PCX125,https://www.honda.com.tr/assets/files/Bx6KmWpQrT1715073681294.pdf,Schedule explicitly lists brake fluid regular replacement: 2 years.,HIGH,1,1,1.1.0,
POL0613,MODEL,HONDA_PCX125,,FINAL_GEAR_OIL_CHANGE,SCHEDULED,,,,24.0,TIME_ONLY,1.0,1.0,1.0,1.0,,,,,100,VERIFIED_MODEL,Honda Türkiye owner manual,PCX125,https://www.honda.com.tr/assets/files/Bx6KmWpQrT1715073681294.pdf,Schedule explicitly lists reduction oil regular replacement: 2 years.,HIGH,1,1,1.1.0,
POL0614,MODEL,HONDA_PCX125,,CVT_BELT_INSPECTION,SCHEDULED,12000.0,12000.0,,,KM_ONLY,1.0,1.0,1.0,1.0,,,,,100,MODEL_TABLE_DERIVED,Honda Türkiye owner manual,PCX125,https://www.honda.com.tr/assets/files/Bx6KmWpQrT1715073681294.pdf,,MEDIUM,0,1,1.1.0,
POL0615,MODEL,HONDA_PCX125,,CVT_BELT_CHANGE,SCHEDULED,24000.0,24000.0,,,KM_ONLY,1.0,1.0,1.0,1.0,,,,,100,MODEL_TABLE_DERIVED,Honda Türkiye owner manual,PCX125,https://www.honda.com.tr/assets/files/Bx6KmWpQrT1715073681294.pdf,Replacement event inferred from table symbols; keep MEDIUM confidence.,MEDIUM,0,1,1.1.0,
POL0616,MODEL,HONDA_PCX125,,GENERAL_SAFETY_INSPECTION,SCHEDULED,,6000.0,,12.0,WHICHEVER_FIRST,1.0,1.0,1.0,1.0,,,,,100,VERIFIED_MODEL,Honda Türkiye owner manual,PCX125,https://www.honda.com.tr/assets/files/Bx6KmWpQrT1715073681294.pdf,,HIGH,1,1,1.1.0,
POL0617,MODEL,HONDA_PCX125,,FRONT_BRAKE_PAD_INSPECTION,SCHEDULED,,6000.0,,12.0,WHICHEVER_FIRST,1.0,1.0,1.0,1.0,,,,,100,VERIFIED_MODEL,Honda Türkiye owner manual,PCX125,https://www.honda.com.tr/assets/files/Bx6KmWpQrT1715073681294.pdf,,HIGH,1,1,1.1.0,
POL0618,MODEL,HONDA_PCX125,,REAR_BRAKE_PAD_INSPECTION,SCHEDULED,,6000.0,,12.0,WHICHEVER_FIRST,1.0,1.0,1.0,1.0,,,,,100,VERIFIED_MODEL,Honda Türkiye owner manual,PCX125,https://www.honda.com.tr/assets/files/Bx6KmWpQrT1715073681294.pdf,,HIGH,1,1,1.1.0,
POL0619,MODEL,HONDA_PCX125,,FRONT_TIRE_INSPECTION,SCHEDULED,,6000.0,,12.0,WHICHEVER_FIRST,1.0,1.0,1.0,1.0,,,,,100,VERIFIED_MODEL,Honda Türkiye owner manual,PCX125,https://www.honda.com.tr/assets/files/Bx6KmWpQrT1715073681294.pdf,,HIGH,1,1,1.1.0,
POL0620,MODEL,HONDA_PCX125,,REAR_TIRE_INSPECTION,SCHEDULED,,6000.0,,12.0,WHICHEVER_FIRST,1.0,1.0,1.0,1.0,,,,,100,VERIFIED_MODEL,Honda Türkiye owner manual,PCX125,https://www.honda.com.tr/assets/files/Bx6KmWpQrT1715073681294.pdf,,HIGH,1,1,1.1.0,
POL0621,MODEL,HONDA_PCX125,,BATTERY_TEST,SCHEDULED,,6000.0,,12.0,WHICHEVER_FIRST,1.0,1.0,1.0,1.0,,,,,100,VERIFIED_MODEL,Honda Türkiye owner manual,PCX125,https://www.honda.com.tr/assets/files/Bx6KmWpQrT1715073681294.pdf,,HIGH,1,1,1.1.0,
