maintenance_task_id,brand,model,variant,year_from,year_to,market,canonical_task_code,task_name_original,task_name_en,task_name_tr,component_group,action,first_due_km,repeat_every_km,first_due_months,repeat_every_months,due_km_min,due_km_max,condition,is_periodic,is_safety_critical,usage_condition,inferred_pattern,source_id,source_page,source_table,evidence,confidence,notes
MT0001,Bajaj,Pulsar NS200,RS200/NS200 BS VI,UNKNOWN,UNKNOWN,IN,ENGINE_OIL,Engine oil (Bajaj DTSI 10000 oil),Engine oil replacement,Motor yagi degisimi,ENGINE_OIL,REPLACE,750,10000,UNKNOWN,UNKNOWN,UNKNOWN,UNKNOWN,,1,0,NORMAL,false,SRC_BAJAJ_NS200_OM_BS6,25,Recommended frequency - Service interval & Kms,"""Engine oil replacement frequency : 1st service & then every 10,000 Km.""",HIGH,
MT0002,Bajaj,Pulsar NS200,RS200/NS200 BS VI,UNKNOWN,UNKNOWN,IN,ENGINE_OIL,Engine oil level top-up,Engine oil top-up,Motor yagi tamamlama,ENGINE_OIL,TOP_UP,5000,5000,UNKNOWN,UNKNOWN,UNKNOWN,UNKNOWN,,1,0,NORMAL,false,SRC_BAJAJ_NS200_OM_BS6,25,Recommended frequency - Service interval & Kms,"""Engine oil level top-up frequency : Every 5000 km.""",HIGH,
MT0003,Bajaj,Pulsar NS200,RS200/NS200 BS VI,UNKNOWN,UNKNOWN,IN,ENGINE_OIL_FILTER,Engine oil Filter,Engine oil filter replacement,Yag filtresi degisimi,ENGINE_OIL_FILTER,REPLACE,750,10000,UNKNOWN,UNKNOWN,UNKNOWN,UNKNOWN,,1,0,NORMAL,false,SRC_BAJAJ_NS200_OM_BS6,35,Recommended frequency - Service interval & Kms,"""Replace oil filter in 1st service & at every 10000 Kms""",HIGH,
MT0004,Bajaj,Pulsar NS200,RS200/NS200 BS VI,UNKNOWN,UNKNOWN,IN,AIR_FILTER,Air cleaner element (viscus filter),Air filter element replacement,Hava filtresi degisimi,AIR_FILTER,REPLACE,20000,20000,UNKNOWN,UNKNOWN,UNKNOWN,UNKNOWN,,1,0,NORMAL,false,SRC_BAJAJ_NS200_OM_BS6,35,Recommended frequency - Service interval & Kms,"""Replace viscus filter at every 20,000 kms No Cleaning""",MEDIUM,"Manual wording is 'viscus filter'; mapped to air cleaner element. An older (pre-BS6) NS200 manual states 15,000 km -> see source_conflicts."
MT0005,Bajaj,Pulsar NS200,RS200/NS200 BS VI,UNKNOWN,UNKNOWN,IN,FUEL_FILTER,in-line fuel filter,In-line fuel filter replacement,Hat tipi yakit filtresi degisimi,FUEL_FILTER,REPLACE,15000,15000,UNKNOWN,UNKNOWN,UNKNOWN,UNKNOWN,,1,0,NORMAL,false,SRC_BAJAJ_NS200_OM_BS6,35,Recommended frequency - Service interval & Kms,"""Replace at every 15000kms"" (in-line fuel filter row)",MEDIUM,
MT0006,Bajaj,Pulsar NS200,RS200/NS200 BS VI,UNKNOWN,UNKNOWN,IN,FUEL_SYSTEM,Inline fuel filter nylon hoses with quick connector,Fuel filter nylon hoses / quick connector replacement,Yakit filtresi naylon hortumlari degisimi,FUEL_SYSTEM,REPLACE,30000,30000,UNKNOWN,UNKNOWN,UNKNOWN,UNKNOWN,,1,0,NORMAL,false,SRC_BAJAJ_NS200_OM_BS6,35,Recommended frequency - Service interval & Kms,"""Replace at every 30000 kms"" (nylon hoses / quick connector row)",MEDIUM,
MT0007,Bajaj,Pulsar NS200,RS200/NS200 BS VI,UNKNOWN,UNKNOWN,IN,SPARK_PLUG,Spark plug clean & check gap,Spark plug clean and gap check,Buji temizligi ve trnak kontrolu,SPARK_PLUG,CLEAN,5000,5000,UNKNOWN,UNKNOWN,UNKNOWN,UNKNOWN,,1,0,NORMAL,false,SRC_BAJAJ_NS200_OM_BS6,34,Recommended frequency - Service interval & Kms,"""Spark plug clean & check gap"" (row 8, appears in every service column)",MEDIUM,Replace interval NOT resolved from official PDF -> research_gaps.
MT0008,Bajaj,Pulsar NS200,RS200/NS200 BS VI,UNKNOWN,UNKNOWN,IN,BRAKE_FLUID,DOT 4 brake oil - check & top up,Brake fluid (DOT 4) inspection / top-up,Fren hidroligi kontrol/tamamlama,BRAKE_FLUID,TOP_UP,5000,5000,UNKNOWN,UNKNOWN,UNKNOWN,UNKNOWN,,1,1,NORMAL,false,SRC_BAJAJ_NS200_OM_BS6,39,Recommended frequency - Service interval & Kms,"""Check & Top up DOT 4 brake oil in every service.""",HIGH,
MT0009,Bajaj,Pulsar NS200,RS200/NS200 BS VI,UNKNOWN,UNKNOWN,IN,BRAKE_FLUID,DOT 4 brake oil & Master/Caliper seals,Brake fluid (DOT 4) replacement,Fren hidroligi (DOT4) degisimi,BRAKE_FLUID,DRAIN_REPLACE,30000,30000,UNKNOWN,36,UNKNOWN,UNKNOWN,,1,1,NORMAL,false,SRC_BAJAJ_NS200_OM_BS6,39,Recommended frequency - Service interval & Kms,"""Replace DOT 4 brake oil  & Master / Caliper seals  at every 30000 Kms.""",HIGH,
MT0010,Bajaj,Pulsar NS200,RS200/NS200 BS VI,UNKNOWN,UNKNOWN,IN,COOLANT,Coolant & Radiator hoses,Coolant + radiator hoses replacement,Sogutma sivisi + radyator hortum degisimi,COOLANT,DRAIN_REPLACE,30000,30000,UNKNOWN,36,UNKNOWN,UNKNOWN,,1,0,NORMAL,false,SRC_BAJAJ_NS200_OM_BS6,36,Recommended frequency - Service interval & Kms,"""Replacement at every 30000 Kms or 3 year (whichever occurs earlier)"" (Coolant & Radiator hoses row)",HIGH,Bajaj Koolex coolant. Top-up if required at service.
MT0011,Bajaj,Pulsar NS200,RS200/NS200 BS VI,UNKNOWN,UNKNOWN,IN,DRIVE_CHAIN,"sealed Drive chain wear - Clean, Lubricate & adjust",Drive chain clean/lubricate/adjust (at service),Zincir temizlik/yaglama/ayar (serviste),DRIVE_CHAIN,LUBRICATE,5000,5000,UNKNOWN,UNKNOWN,UNKNOWN,UNKNOWN,Replace if required (wear limit).,1,1,NORMAL,false,SRC_BAJAJ_NS200_OM_BS6,36,Recommended frequency - Service interval & Kms,"""sealed Drive chain wear**-  Clean, Lubricate & adjust. Replace if required""",HIGH,
MT0012,Bajaj,Pulsar NS200,RS200/NS200 BS VI,UNKNOWN,UNKNOWN,IN,DRIVE_CHAIN,Customer chain lube,Drive chain lubrication (rider interval),Zincir yaglama (kullanici araligi),DRIVE_CHAIN,LUBRICATE,500,500,UNKNOWN,UNKNOWN,UNKNOWN,UNKNOWN,,1,0,NORMAL,false,SRC_BAJAJ_NS200_OM_BS6,37,Recommended frequency - Service interval & Kms,"""Customer to use OKS chain lub spray at every 500 kms""",HIGH,
MT0013,Bajaj,Pulsar NS200,RS200/NS200 BS VI,UNKNOWN,UNKNOWN,IN,BRAKE_PADS,Brake pads for wear limit,Brake pads inspection,Fren balata kontrolu,BRAKE_PADS,INSPECT,5000,5000,UNKNOWN,UNKNOWN,UNKNOWN,UNKNOWN,Replace if worn to limit.,1,1,NORMAL,false,SRC_BAJAJ_NS200_OM_BS6,39,Recommended frequency - Service interval & Kms,"""Brake pads for wear limit."" (row 33, every service)",HIGH,
MT0014,Bajaj,Pulsar NS200,RS200/NS200 BS VI,UNKNOWN,UNKNOWN,IN,SUSPENSION,Front fork oil & seal,Front fork oil + seals replacement,On amortisor yagi + keçe degisimi,SUSPENSION,REPLACE,30000,30000,UNKNOWN,UNKNOWN,UNKNOWN,UNKNOWN,,1,0,NORMAL,false,SRC_BAJAJ_NS200_OM_BS6,39,Recommended frequency - Service interval & Kms,"""Replace oil and oil seal and dust seal in pair at every 30000 Kms.""",HIGH,
MT0015,Bajaj,Pulsar NS200,RS200/NS200 BS VI,UNKNOWN,UNKNOWN,IN,STEERING,Steering stem bearing,Steering stem bearing lubrication,Direksiyon dingil rulmani yaglama,STEERING,LUBRICATE,40000,40000,UNKNOWN,UNKNOWN,UNKNOWN,UNKNOWN,,1,0,NORMAL,false,SRC_BAJAJ_NS200_OM_BS6,39,Recommended frequency - Service interval & Kms,"""Lubricate at every 40,000 Kms.""",HIGH,
MT0016,Bajaj,Pulsar NS200,RS200/NS200 BS VI,UNKNOWN,UNKNOWN,IN,FASTENERS,All fasteners tightness,All fasteners torque check,Tum baglant elemanlari tork kontrolu,FASTENERS,TIGHTEN,5000,5000,UNKNOWN,UNKNOWN,UNKNOWN,UNKNOWN,,1,0,NORMAL,false,SRC_BAJAJ_NS200_OM_BS6,40,Recommended frequency - Service interval & Kms,"""All fasteners tightness"" (row 44, every service; 'Use model wise torque values')",HIGH,
MT0017,Bajaj,Pulsar NS200,RS200/NS200 BS VI,UNKNOWN,UNKNOWN,IN,GENERAL_INSPECTION,Servicing with water wash,General periodic service (with water wash),Genel periyodik servis,GENERAL_INSPECTION,SERVICE,750,5000,UNKNOWN,4,UNKNOWN,UNKNOWN,,1,0,NORMAL,false,SRC_BAJAJ_NS200_OM_BS6,33-41,Recommended frequency - Service interval & Kms,"Full periodic maintenance schedule; services at 500-750, 4500-5000, then every 5000 km.",HIGH,
MT0018,Royal Enfield,Hunter 350,Single/Dual channel,UNKNOWN,UNKNOWN,GLOBAL,ENGINE_OIL,Engine oil (level check / replace),Engine oil replacement,Motor yagi degisimi,ENGINE_OIL,REPLACE,500,10000,1.5,12,UNKNOWN,UNKNOWN,,1,0,NORMAL,false,SRC_RE_HUNTER350_OM,85,PERIODICAL MAINTENANCE,Row 1 pattern 'R I R I R I R I R I R' over cols 0.5..50 (x1000 km): Replace at 0.5/10/20/30/40/50.,HIGH,15W-50 JASO MA2 semi-synthetic.
MT0019,Royal Enfield,Hunter 350,Single/Dual channel,UNKNOWN,UNKNOWN,GLOBAL,ENGINE_OIL,Engine oil level check,Engine oil level check / top-up,Motor yagi seviye kontrolu,ENGINE_OIL,INSPECT,1000,1000,UNKNOWN,UNKNOWN,UNKNOWN,UNKNOWN,,1,0,NORMAL,false,SRC_RE_HUNTER350_OM,85,PERIODICAL MAINTENANCE,"""Check level at every 1,000 km or earlier and topup as required""",HIGH,
MT0020,Royal Enfield,Hunter 350,Single/Dual channel,UNKNOWN,UNKNOWN,GLOBAL,ENGINE_OIL_FILTER,Engine oil filter element,Engine oil filter replacement,Yag filtresi degisimi,ENGINE_OIL_FILTER,REPLACE,500,10000,1.5,12,UNKNOWN,UNKNOWN,,1,0,NORMAL,false,SRC_RE_HUNTER350_OM,85,PERIODICAL MAINTENANCE,Row 2 'R  R  R R R R' at 0.5/10/20/30/40/50 (x1000 km).,HIGH,
MT0021,Royal Enfield,Hunter 350,Single/Dual channel,UNKNOWN,UNKNOWN,GLOBAL,ENGINE_OIL,Engine oil strainer on crankcase LH,Engine oil strainer cleaning,Yag suzgeci temizligi,ENGINE_OIL,CLEAN,10000,10000,UNKNOWN,UNKNOWN,UNKNOWN,UNKNOWN,,1,0,NORMAL,false,SRC_RE_HUNTER350_OM,85,PERIODICAL MAINTENANCE,Row 3 'C  C C C C C' at 0.5/10/20/30/40/50.,MEDIUM,
MT0022,Royal Enfield,Hunter 350,Single/Dual channel,UNKNOWN,UNKNOWN,GLOBAL,VALVE_CLEARANCE,Inlet / exhaust tappet setting,Valve (tappet) clearance inspect & adjust,Supap (tappet) bosluk kontrol/ayar,VALVE_CLEARANCE,ADJUST,10000,10000,UNKNOWN,UNKNOWN,UNKNOWN,UNKNOWN,,1,0,NORMAL,true,SRC_RE_HUNTER350_OM,86,PERIODICAL MAINTENANCE,"Row 4 'I&A' six times across the 0.5..50 chart; interpreted as ~every 10,000 km.",MEDIUM,Exact column mapping not machine-readable; 6 occurrences over 0-50k km.
MT0023,Royal Enfield,Hunter 350,Single/Dual channel,UNKNOWN,UNKNOWN,GLOBAL,SPARK_PLUG,Spark plug,Spark plug clean & adjust,Buji temizlik ve ayar,SPARK_PLUG,CLEAN,10000,20000,UNKNOWN,UNKNOWN,UNKNOWN,UNKNOWN,,1,0,NORMAL,false,SRC_RE_HUNTER350_OM,86,PERIODICAL MAINTENANCE,Row 7 'C&A  R  C&A  R  C&A' -> Clean&Adjust at 10/30/50k.,MEDIUM,
MT0024,Royal Enfield,Hunter 350,Single/Dual channel,UNKNOWN,UNKNOWN,GLOBAL,SPARK_PLUG,Spark plug,Spark plug replacement,Buji degisimi,SPARK_PLUG,REPLACE,20000,20000,UNKNOWN,UNKNOWN,UNKNOWN,UNKNOWN,,1,0,NORMAL,false,SRC_RE_HUNTER350_OM,86,PERIODICAL MAINTENANCE,Row 7 'C&A  R  C&A  R  C&A' -> Replace at 20/40k.,MEDIUM,
MT0025,Royal Enfield,Hunter 350,Single/Dual channel,UNKNOWN,UNKNOWN,GLOBAL,AIR_FILTER,Air filter element,Air filter element cleaning,Hava filtresi temizligi,AIR_FILTER,CLEAN,5000,10000,UNKNOWN,UNKNOWN,UNKNOWN,UNKNOWN,Clean / Replace more frequently if operated in dusty condition.,1,0,NORMAL,false,SRC_RE_HUNTER350_OM,86,PERIODICAL MAINTENANCE,Row 9 'C C R C R C R C R C R': Clean at 5/15/25/35/45k.,MEDIUM,
MT0026,Royal Enfield,Hunter 350,Single/Dual channel,UNKNOWN,UNKNOWN,GLOBAL,AIR_FILTER,Air filter element,Air filter element replacement,Hava filtresi degisimi,AIR_FILTER,REPLACE,10000,10000,UNKNOWN,UNKNOWN,UNKNOWN,UNKNOWN,Replace more frequently in dusty condition.,1,0,NORMAL,false,SRC_RE_HUNTER350_OM,86,PERIODICAL MAINTENANCE,Row 9 'C C R C R C R C R C R': Replace at 10/20/30/40/50k.,MEDIUM,
MT0027,Royal Enfield,Hunter 350,Single/Dual channel,UNKNOWN,UNKNOWN,GLOBAL,AIR_FILTER,Air filter element (severe/dusty),Air filter service - dusty conditions,Hava filtresi - tozlu kosul,AIR_FILTER,CLEAN,UNKNOWN,UNKNOWN,UNKNOWN,UNKNOWN,UNKNOWN,UNKNOWN,Shorten interval in dusty/severe use; manufacturer gives no fixed km.,0,0,DUSTY,false,SRC_RE_HUNTER350_OM,86,PERIODICAL MAINTENANCE,"""Clean / Replace more frequently if operated in dusty condition""",MEDIUM,
MT0028,Royal Enfield,Hunter 350,Single/Dual channel,UNKNOWN,UNKNOWN,GLOBAL,SUSPENSION,Front fork oil,Front fork oil replacement,On amortisor yagi degisimi,SUSPENSION,REPLACE,20000,20000,UNKNOWN,UNKNOWN,UNKNOWN,UNKNOWN,,1,0,NORMAL,false,SRC_RE_HUNTER350_OM,87,PERIODICAL MAINTENANCE,Row 16 'I I I I R I I I R I I' -> Replace at 20k and 40k.,MEDIUM,
MT0029,Royal Enfield,Hunter 350,Single/Dual channel,UNKNOWN,UNKNOWN,GLOBAL,STEERING,Steering ball races play,Steering head bearing inspect / adjust,Direksiyon rulmani kontrol/ayar,STEERING,ADJUST,5000,5000,UNKNOWN,UNKNOWN,UNKNOWN,UNKNOWN,Lubricate/replace if necessary.,1,0,NORMAL,false,SRC_RE_HUNTER350_OM,87,PERIODICAL MAINTENANCE,"""Inspect / Adjust, if required lubricate for every 5,000 km or earlier as required. Replace if necessary.""",HIGH,
MT0030,Royal Enfield,Hunter 350,Single/Dual channel,UNKNOWN,UNKNOWN,GLOBAL,DRIVE_CHAIN,Rear wheel drive chain,Drive chain clean & lubricate (rider interval),Zincir temizlik & yaglama,DRIVE_CHAIN,LUBRICATE,500,500,UNKNOWN,UNKNOWN,UNKNOWN,UNKNOWN,,1,1,NORMAL,false,SRC_RE_HUNTER350_OM,88,PERIODICAL MAINTENANCE,"""Clean, lubricate every 500 km""",HIGH,
MT0031,Royal Enfield,Hunter 350,Single/Dual channel,UNKNOWN,UNKNOWN,GLOBAL,DRIVE_CHAIN,Rear wheel drive chain,Drive chain clean/lubricate/adjust (at service),Zincir temizlik/yaglama/ayar (serviste),DRIVE_CHAIN,ADJUST,5000,5000,UNKNOWN,UNKNOWN,UNKNOWN,UNKNOWN,,1,1,NORMAL,false,SRC_RE_HUNTER350_OM,88,PERIODICAL MAINTENANCE,"""Clean, lubricate & adjust every 5,000 km or earlier as required.""",HIGH,
MT0032,Royal Enfield,Hunter 350,Single/Dual channel,UNKNOWN,UNKNOWN,GLOBAL,BRAKE_FLUID,"Brake fluid level, front disc",Brake fluid inspection,Fren hidroligi kontrolu,BRAKE_FLUID,INSPECT,5000,5000,UNKNOWN,UNKNOWN,UNKNOWN,UNKNOWN,,1,1,NORMAL,false,SRC_RE_HUNTER350_OM,88,PERIODICAL MAINTENANCE,"Row 23 'I I I I R I I I R I I' -> Inspect every 5,000 km.",HIGH,
MT0033,Royal Enfield,Hunter 350,Single/Dual channel,UNKNOWN,UNKNOWN,GLOBAL,BRAKE_FLUID,"Brake fluid, front disc",Brake fluid replacement,Fren hidroligi degisimi,BRAKE_FLUID,DRAIN_REPLACE,20000,20000,UNKNOWN,UNKNOWN,UNKNOWN,UNKNOWN,,1,1,NORMAL,false,SRC_RE_HUNTER350_OM,88,PERIODICAL MAINTENANCE,Row 23 'I I I I R I I I R I I' -> Replace at 20k and 40k.,MEDIUM,
MT0034,Royal Enfield,Hunter 350,Single/Dual channel,UNKNOWN,UNKNOWN,GLOBAL,CLUTCH,Clutch lever / Cable free play,Clutch cable free-play adjust,Debriyaj kablosu bosluk ayari,CLUTCH,ADJUST,1000,1000,UNKNOWN,UNKNOWN,UNKNOWN,UNKNOWN,,1,0,NORMAL,false,SRC_RE_HUNTER350_OM,88,PERIODICAL MAINTENANCE,"""Adjust every 1,000 km or earlier as required & replace if required.""",HIGH,
MT0035,Royal Enfield,Hunter 350,Single/Dual channel,UNKNOWN,UNKNOWN,GLOBAL,THROTTLE,Throttle cable,Throttle cable adjust,Gaz kablosu ayari,THROTTLE,ADJUST,5000,5000,UNKNOWN,UNKNOWN,UNKNOWN,UNKNOWN,,1,0,NORMAL,false,SRC_RE_HUNTER350_OM,89,PERIODICAL MAINTENANCE,"""Adjust every 5,000 km or earlier if required.""",HIGH,
MT0036,Royal Enfield,Hunter 350,Single/Dual channel,UNKNOWN,UNKNOWN,GLOBAL,THROTTLE,Throttle body - cleaning,Throttle body cleaning,Gaz kelebegi govdesi temizligi,THROTTLE,CLEAN,10000,10000,UNKNOWN,12,UNKNOWN,UNKNOWN,,1,0,NORMAL,false,SRC_RE_HUNTER350_OM,90,PERIODICAL MAINTENANCE,"""Throttle body cleaning every 10,000 km / 12 months or earlier as required.""",HIGH,
MT0037,Royal Enfield,Hunter 350,Single/Dual channel,UNKNOWN,UNKNOWN,GLOBAL,FRONT_BRAKE,Brake pads - front,Front brake pads inspection,On fren balata kontrolu,BRAKE_PADS,INSPECT,5000,5000,UNKNOWN,UNKNOWN,UNKNOWN,UNKNOWN,Replace if worn.,1,1,NORMAL,false,SRC_RE_HUNTER350_OM,89,PERIODICAL MAINTENANCE,"Row 28 'I' at every 5,000 km column.",HIGH,
MT0038,Royal Enfield,Hunter 350,Single/Dual channel,UNKNOWN,UNKNOWN,GLOBAL,REAR_BRAKE,Brake shoe - Rear,Rear brake shoe inspection,Arka fren pabuc kontrolu,BRAKE_SHOES,INSPECT,5000,5000,UNKNOWN,UNKNOWN,UNKNOWN,UNKNOWN,,1,1,NORMAL,false,SRC_RE_HUNTER350_OM,90,PERIODICAL MAINTENANCE,"Row 33 'I' at every 5,000 km column.",MEDIUM,
MT0039,Royal Enfield,Hunter 350,Single/Dual channel,UNKNOWN,UNKNOWN,GLOBAL,FASTENERS,All mounting fasteners in vehicle for tightness,All fasteners tightness inspection,Tum baglant elemanlari kontrolu,FASTENERS,INSPECT,5000,5000,UNKNOWN,UNKNOWN,UNKNOWN,UNKNOWN,,1,0,NORMAL,false,SRC_RE_HUNTER350_OM,89,PERIODICAL MAINTENANCE,"Row 30 'I' at every 5,000 km column.",HIGH,
MT0040,Royal Enfield,Hunter 350,Single/Dual channel,UNKNOWN,UNKNOWN,GLOBAL,GENERAL_INSPECTION,General lubrication - pivots,Pivot points lubrication,Menteşe/pivot yaglama,GENERAL_INSPECTION,LUBRICATE,5000,5000,UNKNOWN,UNKNOWN,UNKNOWN,UNKNOWN,,1,0,NORMAL,false,SRC_RE_HUNTER350_OM,89,PERIODICAL MAINTENANCE,"Row 26 'L' at every 5,000 km column (side/center/pillion footrest, gear shifter, brake pedal, levers).",HIGH,
MT0041,Royal Enfield,Hunter 350,Single/Dual channel,UNKNOWN,UNKNOWN,GLOBAL,GENERAL_INSPECTION,Periodical maintenance service,General periodic service,Genel periyodik servis,GENERAL_INSPECTION,SERVICE,500,5000,1.5,6,UNKNOWN,UNKNOWN,,1,0,NORMAL,false,SRC_RE_HUNTER350_OM,"85-91,103",PERIODICAL MAINTENANCE,"Chart columns 0.5,5,10,...,50 (x1000 km); free services p103 at 500/45d, 5000/6mo, 10000/12mo, 15000/18mo.",HIGH,
MT0042,Royal Enfield,Hunter 350,Single/Dual channel,UNKNOWN,UNKNOWN,GLOBAL,WHEEL_BEARINGS,Spokes tightness / Wheel rim run out front & rear,Wheel spokes & rim run-out inspection,Jant teli ve salgi kontrolu,WHEEL_BEARINGS,INSPECT,10000,10000,UNKNOWN,UNKNOWN,UNKNOWN,UNKNOWN,,1,0,NORMAL,true,SRC_RE_HUNTER350_OM,87,PERIODICAL MAINTENANCE,"Row 18 'I' six times across chart; interpreted as ~every 10,000 km.",LOW,
MT_YAM_XSR125_01,Yamaha,XSR125,MTM125,2021,UNKNOWN,EU,ENGINE_OIL,Engine oil,Engine oil change,Motor yagi degisimi,ENGINE_OIL,REPLACE,1000,3000,UNKNOWN,UNKNOWN,UNKNOWN,UNKNOWN,,1,0,NORMAL,false,SRC_YAM_XSR125_OM_2021,6-6,General maintenance and lubrication chart,"""Engine oil - Change (warm engine before draining). At the initial interval and every 3000 km (1800 mi) thereafter.""",HIGH,
MT_YAM_XSR125_02,Yamaha,XSR125,MTM125,2021,UNKNOWN,EU,ENGINE_OIL_FILTER,Engine oil filter element,Engine oil filter replacement,Yag filtresi degisimi,ENGINE_OIL_FILTER,REPLACE,1000,6000,UNKNOWN,UNKNOWN,UNKNOWN,UNKNOWN,,1,0,NORMAL,false,SRC_YAM_XSR125_OM_2021,6-6,General maintenance and lubrication chart,"""Engine oil filter element - Replace."" (marked at 1000/6000/12000/18000/24000 km columns)",HIGH,
MT_YAM_XSR125_03,Yamaha,XSR125,MTM125,2021,UNKNOWN,EU,AIR_FILTER,Air filter element,Air filter element replacement,Hava filtresi degisimi,AIR_FILTER,REPLACE,12000,12000,UNKNOWN,UNKNOWN,UNKNOWN,UNKNOWN,,1,0,NORMAL,true,SRC_YAM_XSR125_OM_2021,6-4,General maintenance and lubrication chart,"""Air filter element - Replace."" (two marks on the 5-column grid -> 12000 & 24000 km)",MEDIUM,Column mapping inferred from mark count.
MT_YAM_XSR125_04,Yamaha,XSR125,MTM125,2021,UNKNOWN,EU,AIR_FILTER,Air filter case check hose,Air filter case check hose cleaning,Hava filtresi kutu hortumu temizligi,AIR_FILTER_HOSE,CLEAN,6000,6000,UNKNOWN,UNKNOWN,UNKNOWN,UNKNOWN,,1,0,NORMAL,false,SRC_YAM_XSR125_OM_2021,6-4,General maintenance and lubrication chart,"""Air filter case check hose - Clean."" (marked every column from 6000 km)",HIGH,
MT_YAM_XSR125_05,Yamaha,XSR125,MTM125,2021,UNKNOWN,EU,AIR_FILTER,Air filter (wet/dusty use),Air filter service - dusty/wet conditions,Hava filtresi - tozlu/islak kosul,AIR_FILTER,CLEAN,UNKNOWN,UNKNOWN,UNKNOWN,UNKNOWN,UNKNOWN,UNKNOWN,,0,0,DUSTY,false,SRC_YAM_XSR125_OM_2021,6-6,General maintenance and lubrication chart,"""The air filter needs more frequent service if you are riding in unusually wet or dusty areas.""",MEDIUM,No fixed km given for severe use.
MT_YAM_XSR125_06,Yamaha,XSR125,MTM125,2021,UNKNOWN,EU,SPARK_PLUG,Spark plug,Spark plug clean & regap,Buji temizlik ve trnak ayari,SPARK_PLUG,CLEAN,6000,12000,UNKNOWN,UNKNOWN,UNKNOWN,UNKNOWN,,1,0,NORMAL,true,SRC_YAM_XSR125_OM_2021,6-3,Periodic maintenance chart for the emission control system,"""Spark plug - Adjust gap and clean."" (two marks -> 6000 & 18000 km)",MEDIUM,
MT_YAM_XSR125_07,Yamaha,XSR125,MTM125,2021,UNKNOWN,EU,SPARK_PLUG,Spark plug,Spark plug replacement,Buji degisimi,SPARK_PLUG,REPLACE,12000,12000,UNKNOWN,UNKNOWN,UNKNOWN,UNKNOWN,,1,0,NORMAL,true,SRC_YAM_XSR125_OM_2021,6-3,Periodic maintenance chart for the emission control system,"""Spark plug - Replace."" (two marks -> 12000 & 24000 km)",MEDIUM,
MT_YAM_XSR125_08,Yamaha,XSR125,MTM125,2021,UNKNOWN,EU,VALVE_CLEARANCE,Valve clearance,Valve clearance check & adjust,Supap boslugu kontrol/ayar,VALVE_CLEARANCE,ADJUST,6000,6000,UNKNOWN,UNKNOWN,UNKNOWN,UNKNOWN,,1,0,NORMAL,true,SRC_YAM_XSR125_OM_2021,6-3,Periodic maintenance chart for the emission control system,"""Valve clearance - Check and adjust."" (four marks on the 6000/12000/18000/24000 km columns)",MEDIUM,Column mapping inferred from mark count.
MT_YAM_XSR125_09,Yamaha,XSR125,MTM125,2021,UNKNOWN,EU,FUEL_SYSTEM,Fuel line,Fuel hose inspection,Yakit hortumu kontrolu,FUEL_LINE,INSPECT,1000,6000,UNKNOWN,UNKNOWN,UNKNOWN,UNKNOWN,,1,1,NORMAL,false,SRC_YAM_XSR125_OM_2021,6-3,Periodic maintenance chart for the emission control system,"""Fuel line - Check fuel hoses for cracks or damage. Replace if necessary."" (every column)",HIGH,
MT_YAM_XSR125_10,Yamaha,XSR125,MTM125,2021,UNKNOWN,EU,FUEL_SYSTEM,Fuel injection,Fuel injection / idle speed check,Yakit enjeksiyonu / rolanti kontrolu,FUEL_SYSTEM,ADJUST,1000,6000,UNKNOWN,UNKNOWN,UNKNOWN,UNKNOWN,,1,0,NORMAL,false,SRC_YAM_XSR125_OM_2021,6-3,Periodic maintenance chart for the emission control system,"""Fuel injection - Check and adjust engine idle speed."" (every column + annual)",HIGH,
MT_YAM_XSR125_11,Yamaha,XSR125,MTM125,2021,UNKNOWN,EU,COOLANT,Cooling system,Coolant level inspection,Sogutma sivisi seviye kontrolu,COOLANT,INSPECT,6000,6000,UNKNOWN,UNKNOWN,UNKNOWN,UNKNOWN,,1,0,NORMAL,false,SRC_YAM_XSR125_OM_2021,6-6,General maintenance and lubrication chart,"""Cooling system - Check coolant level and vehicle for coolant leakage.""",HIGH,
MT_YAM_XSR125_12,Yamaha,XSR125,MTM125,2021,UNKNOWN,EU,COOLANT,Cooling system,Coolant change,Sogutma sivisi degisimi,COOLANT,DRAIN_REPLACE,UNKNOWN,UNKNOWN,UNKNOWN,36,UNKNOWN,UNKNOWN,,1,0,NORMAL,false,SRC_YAM_XSR125_OM_2021,6-6,General maintenance and lubrication chart,"""Cooling system - Change. Every 3 years""",HIGH,
MT_YAM_XSR125_13,Yamaha,XSR125,MTM125,2021,UNKNOWN,EU,FRONT_BRAKE,Front brake,Front brake inspection,On fren kontrolu,FRONT_BRAKE,INSPECT,1000,6000,UNKNOWN,UNKNOWN,UNKNOWN,UNKNOWN,,1,1,NORMAL,false,SRC_YAM_XSR125_OM_2021,6-4,General maintenance and lubrication chart,"""Front brake - Check operation, fluid level, and for fluid leakage. Replace brake pads if necessary."" (every column + annual)",HIGH,
MT_YAM_XSR125_14,Yamaha,XSR125,MTM125,2021,UNKNOWN,EU,REAR_BRAKE,Rear brake,Rear brake inspection,Arka fren kontrolu,REAR_BRAKE,INSPECT,1000,6000,UNKNOWN,UNKNOWN,UNKNOWN,UNKNOWN,,1,1,NORMAL,false,SRC_YAM_XSR125_OM_2021,6-4,General maintenance and lubrication chart,"""Rear brake - Check operation, fluid level, and for fluid leakage. Replace brake pads if necessary.""",HIGH,
MT_YAM_XSR125_15,Yamaha,XSR125,MTM125,2021,UNKNOWN,EU,BRAKE_FLUID,Brake fluid,Brake fluid change,Fren hidroligi degisimi,BRAKE_FLUID,DRAIN_REPLACE,UNKNOWN,UNKNOWN,UNKNOWN,24,UNKNOWN,UNKNOWN,,1,1,NORMAL,false,SRC_YAM_XSR125_OM_2021,6-4,General maintenance and lubrication chart,"""Brake fluid - Change. Every 2 years""; p6-7: ""Every two years replace the internal components of the brake master cylinders and calipers, and change the brake fluid.""",HIGH,
MT_YAM_XSR125_16,Yamaha,XSR125,MTM125,2021,UNKNOWN,EU,FRONT_BRAKE,Brake hoses,Brake hose inspection / replacement,Fren hortumu kontrol/degisim,BRAKE_HOSE,INSPECT,6000,6000,UNKNOWN,48,UNKNOWN,UNKNOWN,,1,1,NORMAL,false,SRC_YAM_XSR125_OM_2021,6-4,General maintenance and lubrication chart,"""Brake hoses - Check for cracks or damage."" (every column) ""Replace. Every 4 years""",HIGH,Inspect every 6000 km; replace every 4 years.
MT_YAM_XSR125_17,Yamaha,XSR125,MTM125,2021,UNKNOWN,EU,TYRES,Tires,Tyre inspection,Lastik kontrolu,TYRES,INSPECT,6000,6000,UNKNOWN,UNKNOWN,UNKNOWN,UNKNOWN,,1,1,NORMAL,false,SRC_YAM_XSR125_OM_2021,6-4,General maintenance and lubrication chart,"""Tires - Check tread depth and for damage. Replace if necessary. Check air pressure. Correct if necessary.""",HIGH,
MT_YAM_XSR125_18,Yamaha,XSR125,MTM125,2021,UNKNOWN,EU,WHEEL_BEARINGS,Wheel bearings,Wheel bearing inspection,Tekerlek rulmani kontrolu,WHEEL_BEARINGS,INSPECT,6000,6000,UNKNOWN,UNKNOWN,UNKNOWN,UNKNOWN,,1,0,NORMAL,false,SRC_YAM_XSR125_OM_2021,6-5,General maintenance and lubrication chart,"""Wheel bearings - Check bearing for looseness or damage."" (four marks, 6000-24000 km)",MEDIUM,
MT_YAM_XSR125_19,Yamaha,XSR125,MTM125,2021,UNKNOWN,EU,DRIVE_CHAIN,Drive chain,Drive chain clean/adjust/lubricate,Zincir temizlik/ayar/yaglama,DRIVE_CHAIN,LUBRICATE,1000,1000,UNKNOWN,UNKNOWN,UNKNOWN,UNKNOWN,,1,1,NORMAL,false,SRC_YAM_XSR125_OM_2021,6-5,General maintenance and lubrication chart,"""Drive chain - Check chain slack, alignment and condition. Adjust and lubricate chain with a special O-ring chain lubricant thoroughly. Every 1000 km (600 mi) and after washing the motorcycle, riding in the rain or riding in wet areas""",HIGH,
MT_YAM_XSR125_20,Yamaha,XSR125,MTM125,2021,UNKNOWN,EU,STEERING,Steering bearings,Steering bearing inspection,Direksiyon rulmani kontrolu,STEERING,INSPECT,6000,6000,UNKNOWN,UNKNOWN,UNKNOWN,UNKNOWN,,1,0,NORMAL,false,SRC_YAM_XSR125_OM_2021,6-5,General maintenance and lubrication chart,"""Steering bearings - Check bearing assemblies for looseness."" (four marks); ""Moderately repack with lithium-soap-based grease."" (one mark)",HIGH,
MT_YAM_XSR125_21,Yamaha,XSR125,MTM125,2021,UNKNOWN,EU,SUSPENSION,Front fork / shock absorber,Front fork & shock absorber inspection,On amortisor & arka amortisor kontrolu,SUSPENSION,INSPECT,6000,6000,UNKNOWN,UNKNOWN,UNKNOWN,UNKNOWN,,1,0,NORMAL,false,SRC_YAM_XSR125_OM_2021,6-6,General maintenance and lubrication chart,"""Front fork - Check operation and for oil leakage."" / ""Shock absorber assembly - Check operation and for oil leakage."" (four marks each)",HIGH,
MT_YAM_XSR125_22,Yamaha,XSR125,MTM125,2021,UNKNOWN,EU,FASTENERS,Chassis fasteners,Chassis fastener torque check,Sase baglanti elemani tork kontrolu,FASTENERS,TIGHTEN,6000,6000,UNKNOWN,UNKNOWN,UNKNOWN,UNKNOWN,,1,0,NORMAL,false,SRC_YAM_XSR125_OM_2021,6-5,General maintenance and lubrication chart,"""Chassis fasteners - Make sure that all nuts, bolts and screws are properly tightened.""",HIGH,
MT_YAM_XSR125_23,Yamaha,XSR125,MTM125,2021,UNKNOWN,EU,CLUTCH,Clutch,Clutch operation check & adjust,Debriyaj kontrol ve ayar,CLUTCH,ADJUST,6000,6000,UNKNOWN,UNKNOWN,UNKNOWN,UNKNOWN,,1,0,NORMAL,false,SRC_YAM_XSR125_OM_2021,6-4,General maintenance and lubrication chart,"""Clutch - Check operation. Adjust."" (every column from 6000 km)",HIGH,
MT_YAM_XSR125_24,Yamaha,XSR125,MTM125,2021,UNKNOWN,EU,THROTTLE,Throttle grip housing and cable,Throttle cable check/adjust/lubricate,Gaz kablosu kontrol/ayar/yaglama,THROTTLE,ADJUST,6000,6000,UNKNOWN,UNKNOWN,UNKNOWN,UNKNOWN,,1,0,NORMAL,false,SRC_YAM_XSR125_OM_2021,6-7,General maintenance and lubrication chart,"""Throttle grip housing and cable - Check operation and free play. Adjust the throttle cable free play if necessary. Lubricate the throttle grip housing and cable.""",HIGH,
MT_YAM_XSR125_25,Yamaha,XSR125,MTM125,2021,UNKNOWN,EU,GENERAL_INSPECTION,Moving parts and cables,Moving parts & cables lubrication,Hareketli parcalar ve kablolar yaglama,GENERAL_INSPECTION,LUBRICATE,6000,6000,UNKNOWN,UNKNOWN,UNKNOWN,UNKNOWN,,1,0,NORMAL,false,SRC_YAM_XSR125_OM_2021,6-6,General maintenance and lubrication chart,"""Moving parts and cables - Lubricate."" (every column from 6000 km)",HIGH,
MT_YAM_XSR125_26,Yamaha,XSR125,MTM125,2021,UNKNOWN,EU,GENERAL_INSPECTION,Diagnostic system check,Diagnostic system check,Ariza teshis sistemi kontrolu,ELECTRICAL,CHECK,1000,6000,UNKNOWN,UNKNOWN,UNKNOWN,UNKNOWN,,1,0,NORMAL,false,SRC_YAM_XSR125_OM_2021,6-4,General maintenance and lubrication chart,"""Diagnostic system check - Perform dynamic inspection using Yamaha diagnostic tool. Check the error codes."" (every column + annual)",HIGH,
MT_YAM_NMAX125_01,Yamaha,NMAX 125,GPD125-A,2015,2021,EU,ENGINE_OIL,Engine oil,Engine oil change,Motor yagi degisimi,ENGINE_OIL,REPLACE,1000,6000,UNKNOWN,UNKNOWN,UNKNOWN,UNKNOWN,,1,0,NORMAL,false,SRC_YAM_NMAX125_OM_GPD125A,6-4,General maintenance and lubrication chart,"""Engine oil - Change. When the oil change indicator light flashes (5000 km (3000 mi) after the initial 1000 km [600 mi] and every 6000 km (3500 mi) thereafter)""",HIGH,
MT_YAM_NMAX125_02,Yamaha,NMAX 125,GPD125-A,2015,2021,EU,ENGINE_OIL,Engine oil strainer,Engine oil strainer cleaning,Yag suzgeci temizligi,OIL_STRAINER,CLEAN,1000,UNKNOWN,UNKNOWN,UNKNOWN,UNKNOWN,UNKNOWN,,1,0,NORMAL,true,SRC_YAM_NMAX125_OM_GPD125A,6-4,General maintenance and lubrication chart,"""Engine oil strainer - Clean."" (single mark; performed with oil change)",LOW,Chart shows one mark; exact repeat column not machine-readable.
MT_YAM_NMAX125_03,Yamaha,NMAX 125,GPD125-A,2015,2021,EU,AIR_FILTER,Air filter element,Engine air filter element replacement,Hava filtresi degisimi,AIR_FILTER,REPLACE,UNKNOWN,UNKNOWN,UNKNOWN,UNKNOWN,UNKNOWN,UNKNOWN,,1,0,NORMAL,true,SRC_YAM_NMAX125_OM_GPD125A,6-3,General maintenance and lubrication chart,"""Air filter element - Replace."" (single mark on the 5-column grid; disposable oil-coated paper element)",LOW,Replace-column (12000 or 24000 km) not machine-readable; recorded as a partial gap.
MT_YAM_NMAX125_04,Yamaha,NMAX 125,GPD125-A,2015,2021,EU,AIR_FILTER,V-belt case air filter element,V-belt case air filter cleaning,V-kayis kutu hava filtresi temizligi,VBELT_CASE_AIR_FILTER,CLEAN,6000,6000,UNKNOWN,UNKNOWN,UNKNOWN,UNKNOWN,,1,0,NORMAL,false,SRC_YAM_NMAX125_OM_GPD125A,6-3,General maintenance and lubrication chart,"""V-belt case air filter element - Clean. Replace if necessary."" (marked every column from 6000 km)",HIGH,
MT_YAM_NMAX125_05,Yamaha,NMAX 125,GPD125-A,2015,2021,EU,SPARK_PLUG,Spark plug,Spark plug clean & regap,Buji temizlik/ayar,SPARK_PLUG,CLEAN,6000,12000,UNKNOWN,UNKNOWN,UNKNOWN,UNKNOWN,,1,0,NORMAL,true,SRC_YAM_NMAX125_OM_GPD125A,6-2,Periodic maintenance chart for the emission control system,"""Spark plug - Check condition. Clean and regap."" (two marks -> 6000 & 18000 km)",MEDIUM,
MT_YAM_NMAX125_06,Yamaha,NMAX 125,GPD125-A,2015,2021,EU,SPARK_PLUG,Spark plug,Spark plug replacement,Buji degisimi,SPARK_PLUG,REPLACE,12000,12000,UNKNOWN,UNKNOWN,UNKNOWN,UNKNOWN,,1,0,NORMAL,true,SRC_YAM_NMAX125_OM_GPD125A,6-2,Periodic maintenance chart for the emission control system,"""Spark plug - Replace."" (two marks -> 12000 & 24000 km)",MEDIUM,
MT_YAM_NMAX125_07,Yamaha,NMAX 125,GPD125-A,2015,2021,EU,VALVE_CLEARANCE,Valves,Valve clearance check & adjust,Supap boslugu kontrol/ayar,VALVE_CLEARANCE,ADJUST,6000,6000,UNKNOWN,UNKNOWN,UNKNOWN,UNKNOWN,,1,0,NORMAL,true,SRC_YAM_NMAX125_OM_GPD125A,6-2,Periodic maintenance chart for the emission control system,"""Valves - Check valve clearance. Adjust."" (four marks on the 6000-24000 km columns)",MEDIUM,
MT_YAM_NMAX125_08,Yamaha,NMAX 125,GPD125-A,2015,2021,EU,FUEL_SYSTEM,Fuel line,Fuel hose inspection,Yakit hortumu kontrolu,FUEL_LINE,INSPECT,1000,6000,UNKNOWN,UNKNOWN,UNKNOWN,UNKNOWN,,1,1,NORMAL,false,SRC_YAM_NMAX125_OM_GPD125A,6-2,Periodic maintenance chart for the emission control system,"""Fuel line - Check fuel hoses for cracks or damage."" (every column)",HIGH,
MT_YAM_NMAX125_09,Yamaha,NMAX 125,GPD125-A,2015,2021,EU,COOLANT,Cooling system,Coolant level inspection,Sogutma sivisi seviye kontrolu,COOLANT,INSPECT,6000,6000,UNKNOWN,UNKNOWN,UNKNOWN,UNKNOWN,,1,0,NORMAL,false,SRC_YAM_NMAX125_OM_GPD125A,6-5,General maintenance and lubrication chart,"""Cooling system - Check coolant level and vehicle for coolant leakage.""",HIGH,
MT_YAM_NMAX125_10,Yamaha,NMAX 125,GPD125-A,2015,2021,EU,COOLANT,Cooling system,Coolant change,Sogutma sivisi degisimi,COOLANT,DRAIN_REPLACE,UNKNOWN,UNKNOWN,UNKNOWN,36,UNKNOWN,UNKNOWN,,1,0,NORMAL,false,SRC_YAM_NMAX125_OM_GPD125A,6-5,General maintenance and lubrication chart,"""Cooling system - Change coolant. Every 3 years""",HIGH,
MT_YAM_NMAX125_11,Yamaha,NMAX 125,GPD125-A,2015,2021,EU,FINAL_DRIVE,Final transmission oil,Final transmission (gear) oil change,Nihai tahrik disli yagi degisimi,FINAL_DRIVE,REPLACE,12000,12000,UNKNOWN,UNKNOWN,UNKNOWN,UNKNOWN,,1,0,NORMAL,true,SRC_YAM_NMAX125_OM_GPD125A,6-5,General maintenance and lubrication chart,"""Final transmission oil - Check vehicle for oil leakage. Change."" (three Change marks on the grid)",MEDIUM,
MT_YAM_NMAX125_12,Yamaha,NMAX 125,GPD125-A,2015,2021,EU,FINAL_DRIVE,V-belt,V-belt replacement,V-kayis degisimi,VBELT,REPLACE,18000,18000,UNKNOWN,UNKNOWN,UNKNOWN,UNKNOWN,,1,0,NORMAL,false,SRC_YAM_NMAX125_OM_GPD125A,6-5,General maintenance and lubrication chart,"""V-belt - Replace. When the V-belt replacement indicator flashes [every 18000 km (10500 mi)]""; p3-9 confirms 18000 km.",HIGH,
MT_YAM_NMAX125_13,Yamaha,NMAX 125,GPD125-A,2015,2021,EU,FRONT_BRAKE,Front brake,Front brake inspection,On fren kontrolu,FRONT_BRAKE,INSPECT,1000,6000,UNKNOWN,UNKNOWN,UNKNOWN,UNKNOWN,,1,1,NORMAL,false,SRC_YAM_NMAX125_OM_GPD125A,6-3,General maintenance and lubrication chart,"""Front brake - Check operation, fluid level and vehicle for fluid leakage. Replace brake pads. Whenever worn to the limit"" (every column + annual)",HIGH,
MT_YAM_NMAX125_14,Yamaha,NMAX 125,GPD125-A,2015,2021,EU,REAR_BRAKE,Rear brake,Rear brake inspection,Arka fren kontrolu,REAR_BRAKE,INSPECT,1000,6000,UNKNOWN,UNKNOWN,UNKNOWN,UNKNOWN,,1,1,NORMAL,false,SRC_YAM_NMAX125_OM_GPD125A,6-3,General maintenance and lubrication chart,"""Rear brake - Check operation, fluid level and vehicle for fluid leakage. Replace brake pads. Whenever worn to the limit""",HIGH,
MT_YAM_NMAX125_15,Yamaha,NMAX 125,GPD125-A,2015,2021,EU,BRAKE_FLUID,Brake fluid,Brake fluid change,Fren hidroligi degisimi,BRAKE_FLUID,DRAIN_REPLACE,UNKNOWN,UNKNOWN,UNKNOWN,24,UNKNOWN,UNKNOWN,,1,1,NORMAL,false,SRC_YAM_NMAX125_OM_GPD125A,6-3,General maintenance and lubrication chart,"""Brake fluid - Change. Every 2 years""; p6-6: ""Every two years replace the internal components of the brake master cylinders and calipers, and change the brake fluid.""",HIGH,
MT_YAM_NMAX125_16,Yamaha,NMAX 125,GPD125-A,2015,2021,EU,TYRES,Tires,Tyre inspection,Lastik kontrolu,TYRES,INSPECT,6000,6000,UNKNOWN,UNKNOWN,UNKNOWN,UNKNOWN,,1,1,NORMAL,false,SRC_YAM_NMAX125_OM_GPD125A,6-3,General maintenance and lubrication chart,"""Tires - Check tread depth and for damage. Replace if necessary. Check air pressure. Correct if necessary.""",HIGH,
MT_YAM_NMAX125_17,Yamaha,NMAX 125,GPD125-A,2015,2021,EU,STEERING,Steering bearings,Steering bearing inspection,Direksiyon rulmani kontrolu,STEERING,INSPECT,6000,6000,UNKNOWN,UNKNOWN,UNKNOWN,UNKNOWN,,1,0,NORMAL,false,SRC_YAM_NMAX125_OM_GPD125A,6-4,General maintenance and lubrication chart,"""Steering bearings - Check bearing play and steering for roughness.""; ""Lubricate ... Every 24000 km (14000 mi)""",HIGH,
MT_YAM_NMAX125_18,Yamaha,NMAX 125,GPD125-A,2015,2021,EU,SUSPENSION,Front fork / shock absorbers,Front fork & shock absorber inspection,On/arka amortisor kontrolu,SUSPENSION,INSPECT,6000,6000,UNKNOWN,UNKNOWN,UNKNOWN,UNKNOWN,,1,0,NORMAL,false,SRC_YAM_NMAX125_OM_GPD125A,6-4,General maintenance and lubrication chart,"""Front fork - Check operation and for oil leakage."" / ""Shock absorber assemblies - Check operation and shock absorbers for oil leakage.""",HIGH,
MT_YAM_NMAX125_19,Yamaha,NMAX 125,GPD125-A,2015,2021,EU,FASTENERS,Chassis fasteners,Chassis fastener torque check,Sase baglanti elemani tork kontrolu,FASTENERS,TIGHTEN,6000,6000,UNKNOWN,UNKNOWN,UNKNOWN,UNKNOWN,,1,0,NORMAL,false,SRC_YAM_NMAX125_OM_GPD125A,6-4,General maintenance and lubrication chart,"""Chassis fasteners - Make sure that all nuts, bolts and screws are properly tightened.""",HIGH,
MT_YAM_NMAX125_20,Yamaha,NMAX 125,GPD125-A,2015,2021,EU,THROTTLE,Throttle grip,Throttle grip/cable check & lubricate,Gaz kolu/kablo kontrol ve yaglama,THROTTLE,ADJUST,6000,6000,UNKNOWN,UNKNOWN,UNKNOWN,UNKNOWN,,1,0,NORMAL,false,SRC_YAM_NMAX125_OM_GPD125A,6-5,General maintenance and lubrication chart,"""Throttle grip - Check operation. Check throttle grip free play, and adjust if necessary. Lubricate cable and grip housing.""",HIGH,
MT_YAM_NMAX125_21,Yamaha,NMAX 125,GPD125-A,2015,2021,EU,GENERAL_INSPECTION,Moving parts and cables,Moving parts & cables lubrication,Hareketli parcalar/kablolar yaglama,GENERAL_INSPECTION,LUBRICATE,6000,6000,UNKNOWN,UNKNOWN,UNKNOWN,UNKNOWN,,1,0,NORMAL,false,SRC_YAM_NMAX125_OM_GPD125A,6-5,General maintenance and lubrication chart,"""Moving parts and cables - Lubricate."" (every column from 6000 km)",HIGH,
MT_YAM_NMAX125_22,Yamaha,NMAX 125,GPD125-A,2015,2021,EU,GENERAL_INSPECTION,"Lights, signals and switches",Lights/signals/switches check,Aydinlatma/sinyal/anahtar kontrolu,LIGHTS,CHECK,1000,6000,UNKNOWN,UNKNOWN,UNKNOWN,UNKNOWN,,1,0,NORMAL,false,SRC_YAM_NMAX125_OM_GPD125A,6-5,General maintenance and lubrication chart,"""Lights, signals and switches - Check operation. Adjust headlight beam."" (every column + annual)",HIGH,
MT_KTM_390DUKE_01,KTM,390 Duke,398cc,2024,UNKNOWN,GLOBAL,ENGINE_OIL,"Change the engine oil and the oil filter, clean the oil screens.",Engine oil change,Motor yagi degisimi,ENGINE_OIL,REPLACE,1000,10000,UNKNOWN,12,UNKNOWN,UNKNOWN,,1,0,NORMAL,false,SRC_KTM_390DUKE_OM_2024,62,SERVICE SCHEDULE - Service work,"""Change the engine oil and the oil filter, clean the oil screens."" (one-time at 1,000 km, then every 10,000 km / 12 months)",HIGH,
MT_KTM_390DUKE_02,KTM,390 Duke,398cc,2024,UNKNOWN,GLOBAL,ENGINE_OIL_FILTER,"Change the engine oil and the oil filter, clean the oil screens.",Engine oil filter replacement,Yag filtresi degisimi,ENGINE_OIL_FILTER,REPLACE,1000,10000,UNKNOWN,12,UNKNOWN,UNKNOWN,,1,0,NORMAL,false,SRC_KTM_390DUKE_OM_2024,62,SERVICE SCHEDULE - Service work,"""Change the engine oil and the oil filter, clean the oil screens."" (same row as engine oil)",HIGH,
MT_KTM_390DUKE_03,KTM,390 Duke,398cc,2024,UNKNOWN,GLOBAL,AIR_FILTER,"Change the air filter, clean the air filter box.",Air filter replacement,Hava filtresi degisimi,AIR_FILTER,REPLACE,20000,20000,UNKNOWN,48,UNKNOWN,UNKNOWN,,1,0,NORMAL,false,SRC_KTM_390DUKE_OM_2024,62,SERVICE SCHEDULE - Service work,"""Change the air filter, clean the air filter box."" (marked in the every 20,000 km / every 48 months columns)",HIGH,
MT_KTM_390DUKE_04,KTM,390 Duke,398cc,2024,UNKNOWN,GLOBAL,VALVE_CLEARANCE,"Check the valve clearance, change the spark plug.",Valve clearance check,Supap boslugu kontrolu,VALVE_CLEARANCE,INSPECT,20000,20000,UNKNOWN,UNKNOWN,UNKNOWN,UNKNOWN,,1,0,NORMAL,false,SRC_KTM_390DUKE_OM_2024,62,SERVICE SCHEDULE - Service work,"""Check the valve clearance, change the spark plug."" (marked in the every 20,000 km column)",HIGH,
MT_KTM_390DUKE_05,KTM,390 Duke,398cc,2024,UNKNOWN,GLOBAL,SPARK_PLUG,"Check the valve clearance, change the spark plug.",Spark plug replacement,Buji degisimi,SPARK_PLUG,REPLACE,20000,20000,UNKNOWN,UNKNOWN,UNKNOWN,UNKNOWN,,1,0,NORMAL,false,SRC_KTM_390DUKE_OM_2024,62,SERVICE SCHEDULE - Service work,"""Check the valve clearance, change the spark plug."" (every 20,000 km column)",HIGH,
MT_KTM_390DUKE_06,KTM,390 Duke,398cc,2024,UNKNOWN,GLOBAL,COOLANT,Check the coolant level.,Coolant level check,Sogutma sivisi seviye kontrolu,COOLANT,INSPECT,1000,10000,UNKNOWN,12,UNKNOWN,UNKNOWN,,1,0,NORMAL,false,SRC_KTM_390DUKE_OM_2024,62-63,SERVICE SCHEDULE - Service work,"""Check the coolant level."" (one-time + every 10,000 km); ""Checking the antifreeze."" (every 24/48 months)",HIGH,
MT_KTM_390DUKE_07,KTM,390 Duke,398cc,2024,UNKNOWN,GLOBAL,COOLANT,Change the coolant.,Coolant change,Sogutma sivisi degisimi,COOLANT,DRAIN_REPLACE,UNKNOWN,UNKNOWN,UNKNOWN,48,UNKNOWN,UNKNOWN,,1,0,NORMAL,false,SRC_KTM_390DUKE_OM_2024,63,SERVICE SCHEDULE - Service work,"""Change the coolant."" (marked in the every 48 months column)",HIGH,
MT_KTM_390DUKE_08,KTM,390 Duke,398cc,2024,UNKNOWN,GLOBAL,FRONT_BRAKE,Check that the brake linings of the front brake are secured. Check the brake discs.,Front brake inspection,On fren kontrolu,FRONT_BRAKE,INSPECT,1000,10000,UNKNOWN,12,UNKNOWN,UNKNOWN,,1,1,NORMAL,false,SRC_KTM_390DUKE_OM_2024,62,SERVICE SCHEDULE - Service work,"""Check that the brake linings of the front brake are secured."" / ""Check the brake discs."" (one-time + every service)",HIGH,
MT_KTM_390DUKE_09,KTM,390 Duke,398cc,2024,UNKNOWN,GLOBAL,REAR_BRAKE,Check that the brake linings of the rear brake are secured.,Rear brake inspection,Arka fren kontrolu,REAR_BRAKE,INSPECT,1000,10000,UNKNOWN,12,UNKNOWN,UNKNOWN,,1,1,NORMAL,false,SRC_KTM_390DUKE_OM_2024,62,SERVICE SCHEDULE - Service work,"""Check that the brake linings of the rear brake are secured."" (one-time + every service)",HIGH,
MT_KTM_390DUKE_10,KTM,390 Duke,398cc,2024,UNKNOWN,GLOBAL,BRAKE_FLUID,Check the front/rear brake fluid level.,Brake fluid level check,Fren hidroligi seviye kontrolu,BRAKE_FLUID,INSPECT,1000,10000,UNKNOWN,UNKNOWN,UNKNOWN,UNKNOWN,,1,1,NORMAL,false,SRC_KTM_390DUKE_OM_2024,62,SERVICE SCHEDULE - Service work,"""Check the front brake fluid level."" / ""Check the rear brake fluid level."" (one-time + every 10,000 km / 12 months)",HIGH,
MT_KTM_390DUKE_11,KTM,390 Duke,398cc,2024,UNKNOWN,GLOBAL,BRAKE_FLUID,Change the front/rear brake fluid.,Brake fluid change,Fren hidroligi degisimi,BRAKE_FLUID,DRAIN_REPLACE,UNKNOWN,UNKNOWN,UNKNOWN,24,UNKNOWN,UNKNOWN,,1,1,NORMAL,false,SRC_KTM_390DUKE_OM_2024,62,SERVICE SCHEDULE - Service work,"""Change the front brake fluid."" / ""Change the rear brake fluid."" (marked in the every 24 months and every 48 months columns)",HIGH,
MT_KTM_390DUKE_12,KTM,390 Duke,398cc,2024,UNKNOWN,GLOBAL,DRIVE_CHAIN,"Check the chain, rear sprocket, and engine sprocket. Check the chain tension.",Drive chain & sprocket inspection / tension check,Zincir ve disli kontrolu / gerginlik ayari,DRIVE_CHAIN,INSPECT,1000,10000,UNKNOWN,UNKNOWN,UNKNOWN,UNKNOWN,,1,1,NORMAL,false,SRC_KTM_390DUKE_OM_2024,62,SERVICE SCHEDULE - Service work,"""Check the chain, rear sprocket, and engine sprocket."" (every 10,000 km) / ""Check the chain tension."" (one-time + every service)",HIGH,
MT_KTM_390DUKE_13,KTM,390 Duke,398cc,2024,UNKNOWN,GLOBAL,TYRES,Check the tire condition. Check tire pressure.,Tyre condition & pressure check,Lastik durumu ve basinc kontrolu,TYRES,INSPECT,1000,10000,UNKNOWN,12,UNKNOWN,UNKNOWN,,1,1,NORMAL,false,SRC_KTM_390DUKE_OM_2024,62,SERVICE SCHEDULE - Service work,"""Check the tire condition."" / ""Check tire pressure."" (one-time + every service)",HIGH,
MT_KTM_390DUKE_14,KTM,390 Duke,398cc,2024,UNKNOWN,GLOBAL,SUSPENSION,Check the shock absorber and fork for leaks. Clean the dust boots of the fork legs.,Fork & shock inspection,On/arka amortisor kontrolu,SUSPENSION,INSPECT,1000,10000,UNKNOWN,UNKNOWN,UNKNOWN,UNKNOWN,,1,0,NORMAL,false,SRC_KTM_390DUKE_OM_2024,62-63,SERVICE SCHEDULE - Service work,"""Check the shock absorber and fork for leaks."" (one-time + every service); ""Clean the dust boots of the fork legs."" (every 20,000 km / 48 months); ""Check the fork bearing for play."" (every 24/48 months)",HIGH,
MT_KTM_390DUKE_15,KTM,390 Duke,398cc,2024,UNKNOWN,GLOBAL,STEERING,Checking the steering head bearing for play.,Steering head bearing play check,Direksiyon rulmani bosluk kontrolu,STEERING,INSPECT,1000,10000,UNKNOWN,UNKNOWN,UNKNOWN,UNKNOWN,,1,0,NORMAL,true,SRC_KTM_390DUKE_OM_2024,62,SERVICE SCHEDULE - Service work,"""Checking the steering head bearing for play."" (one-time + two periodic marks; column mapping not fully machine-readable)",MEDIUM,
MT_KTM_390DUKE_16,KTM,390 Duke,398cc,2024,UNKNOWN,GLOBAL,WHEEL_BEARINGS,Check the wheel bearing for play.,Wheel bearing play check,Tekerlek rulmani bosluk kontrolu,WHEEL_BEARINGS,INSPECT,UNKNOWN,20000,UNKNOWN,UNKNOWN,UNKNOWN,UNKNOWN,,1,0,NORMAL,true,SRC_KTM_390DUKE_OM_2024,62,SERVICE SCHEDULE - Service work,"""Check the wheel bearing for play."" (two periodic marks; interpreted as ~every 20,000 km)",MEDIUM,
MT_KTM_390DUKE_17,KTM,390 Duke,398cc,2024,UNKNOWN,GLOBAL,FASTENERS,Check the tightness of the safety-relevant screws and nuts which are easily accessible.,Safety-relevant fastener tightness check,Guvenlik civatalari tork kontrolu,FASTENERS,TIGHTEN,1000,10000,UNKNOWN,12,UNKNOWN,UNKNOWN,,1,0,NORMAL,false,SRC_KTM_390DUKE_OM_2024,63,SERVICE SCHEDULE - Service work,"""Check the tightness of the safety-relevant screws and nuts which are easily accessible."" (one-time + every service)",HIGH,
MT_KTM_390DUKE_18,KTM,390 Duke,398cc,2024,UNKNOWN,GLOBAL,THROTTLE,"Check that the throttle cables are undamaged, routed without kinks, and set correctly.",Throttle cable check,Gaz kablosu kontrolu,THROTTLE,INSPECT,1000,10000,UNKNOWN,12,UNKNOWN,UNKNOWN,,1,0,NORMAL,false,SRC_KTM_390DUKE_OM_2024,62,SERVICE SCHEDULE - Service work,"""Check that the throttle cables are undamaged, routed without kinks, and set correctly."" (one-time + every service)",HIGH,
MT_KTM_390DUKE_19,KTM,390 Duke,398cc,2024,UNKNOWN,GLOBAL,FUEL_SYSTEM,"Check all hoses (e.g. fuel, cooling, bleeder, drainage hoses, etc.) and sleeves ...",Fuel/cooling/drainage hose inspection,Yakit/sogutma/drenaj hortum kontrolu,FUEL_LINE,INSPECT,1000,10000,UNKNOWN,12,UNKNOWN,UNKNOWN,,1,1,NORMAL,false,SRC_KTM_390DUKE_OM_2024,62,SERVICE SCHEDULE - Service work,"""Check all hoses (e.g. fuel, cooling, bleeder, drainage hoses, etc.) and sleeves for cracking, tightness, and correct routing."" / ""Empty the drainage hoses."" (one-time + every service)",HIGH,
MT_KTM_390DUKE_20,KTM,390 Duke,398cc,2024,UNKNOWN,GLOBAL,GENERAL_INSPECTION,Grease all moving parts ... / Final check ... test ride / Read out the fault memory.,Grease moving parts + diagnostics + road test,Hareketli parca yaglama + diyagnostik + yol testi,GENERAL_INSPECTION,SERVICE,1000,10000,UNKNOWN,12,UNKNOWN,UNKNOWN,,1,0,NORMAL,false,SRC_KTM_390DUKE_OM_2024,62-63,SERVICE SCHEDULE - Service work,"""Grease all moving parts (e.g. side stand, hand lever, chain, etc.) ...""; ""Read out the fault memory using the KTM diagnostics tool.""; ""Final check: Check the vehicle is roadworthy and take a test ride."" (all one-time + every service)",HIGH,
MT_KTM_390DUKE_21,KTM,390 Duke,398cc,2024,UNKNOWN,GLOBAL,LIGHTS,Check the headlight setting.,Headlight setting check,Far ayari kontrolu,LIGHTS,INSPECT,10000,10000,UNKNOWN,12,UNKNOWN,UNKNOWN,,1,0,NORMAL,false,SRC_KTM_390DUKE_OM_2024,63,SERVICE SCHEDULE - Service work,"""Check the headlight setting."" (every 10,000 km / 12 months)",HIGH,
MT_CFMOTO_250NK_01,CFMOTO,250NK,CF250-A,UNKNOWN,UNKNOWN,GLOBAL,ENGINE_OIL,Engine oil#,Engine oil change,Motor yagi degisimi,ENGINE_OIL,REPLACE,500,3000,UNKNOWN,6,UNKNOWN,UNKNOWN,Service more frequently in severe/dusty conditions.,1,0,NORMAL,false,SRC_CFMOTO_250NK_OM,57,Periodic replacement,"""Engine oil#  6 months  Every 3000km (first time:500km)""",HIGH,
MT_CFMOTO_250NK_02,CFMOTO,250NK,CF250-A,UNKNOWN,UNKNOWN,GLOBAL,ENGINE_OIL_FILTER,Oil filter,Engine oil filter replacement,Yag filtresi degisimi,ENGINE_OIL_FILTER,REPLACE,UNKNOWN,5000,UNKNOWN,6,UNKNOWN,UNKNOWN,,1,0,NORMAL,false,SRC_CFMOTO_250NK_OM,57,Periodic replacement,"""Oil filter  6 months  Every 5000km""",HIGH,
MT_CFMOTO_250NK_03,CFMOTO,250NK,CF250-A,UNKNOWN,UNKNOWN,GLOBAL,AIR_FILTER,Air cleaner element - clean,Air cleaner element cleaning,Hava filtresi temizligi,AIR_FILTER,CLEAN,5000,5000,UNKNOWN,UNKNOWN,UNKNOWN,UNKNOWN,Service more frequently in dusty/wet/muddy conditions.,1,0,NORMAL,false,SRC_CFMOTO_250NK_OM,53,Periodic Inspection (Engine),"""Air cleaner element-clean"" marked at 5/10/15/20/25/30 (x1000 km)",HIGH,
MT_CFMOTO_250NK_04,CFMOTO,250NK,CF250-A,UNKNOWN,UNKNOWN,GLOBAL,AIR_FILTER,Air filter element#,Air filter element replacement,Hava filtresi degisimi,AIR_FILTER,REPLACE,UNKNOWN,UNKNOWN,UNKNOWN,24,UNKNOWN,UNKNOWN,,1,0,NORMAL,false,SRC_CFMOTO_250NK_OM,57,Periodic replacement,"""Air filter element#  2 years""",HIGH,Time trigger explicit; km column not machine-readable.
MT_CFMOTO_250NK_05,CFMOTO,250NK,CF250-A,UNKNOWN,UNKNOWN,GLOBAL,SPARK_PLUG,Spark plug,Spark plug replacement,Buji degisimi,SPARK_PLUG,REPLACE,10000,10000,UNKNOWN,UNKNOWN,UNKNOWN,UNKNOWN,,1,0,NORMAL,true,SRC_CFMOTO_250NK_OM,57,Periodic replacement,"""Spark plug"" marked with multiple dots on the replacement-table grid 1/5/10/15/20 (x1000 km)",LOW,"Replacement interval read as ~every 10,000 km; exact columns not machine-readable -> partial gap. Check manual p68."
MT_CFMOTO_250NK_06,CFMOTO,250NK,CF250-A,UNKNOWN,UNKNOWN,GLOBAL,VALVE_CLEARANCE,Valve clearance - inspect,Valve clearance inspection,Supap boslugu kontrolu,VALVE_CLEARANCE,INSPECT,40000,40000,UNKNOWN,UNKNOWN,UNKNOWN,UNKNOWN,,1,0,NORMAL,false,SRC_CFMOTO_250NK_OM,53,Periodic Inspection (Engine),"""Valve clearance-inspect  40000km""",HIGH,
MT_CFMOTO_250NK_07,CFMOTO,250NK,CF250-A,UNKNOWN,UNKNOWN,GLOBAL,COOLANT,Coolant level - inspect,Coolant level inspection,Sogutma sivisi seviye kontrolu,COOLANT,INSPECT,UNKNOWN,10000,UNKNOWN,12,UNKNOWN,UNKNOWN,,1,0,NORMAL,true,SRC_CFMOTO_250NK_OM,53,Periodic Inspection (Engine),"""Coolant level-inspect"" / ""Coolant leak-inspect  1 year"" (alternating marks on the grid ~ every 10,000 km)",MEDIUM,
MT_CFMOTO_250NK_08,CFMOTO,250NK,CF250-A,UNKNOWN,UNKNOWN,GLOBAL,COOLANT,Coolant,Coolant change,Sogutma sivisi degisimi,COOLANT,DRAIN_REPLACE,UNKNOWN,UNKNOWN,UNKNOWN,24,UNKNOWN,UNKNOWN,,1,0,NORMAL,false,SRC_CFMOTO_250NK_OM,57,Periodic replacement,"""Coolant  2 years"" / ""Radiator , water hoses  2 years""",HIGH,
MT_CFMOTO_250NK_09,CFMOTO,250NK,CF250-A,UNKNOWN,UNKNOWN,GLOBAL,THROTTLE,Throttle body - clean,Throttle body cleaning,Gaz kelebegi govdesi temizligi,THROTTLE,CLEAN,5000,5000,UNKNOWN,UNKNOWN,UNKNOWN,UNKNOWN,,1,0,NORMAL,false,SRC_CFMOTO_250NK_OM,53,Periodic Inspection (Engine),"""Throttle body-clean"" marked at 5/10/15/20/25/30 (x1000 km)",HIGH,
MT_CFMOTO_250NK_10,CFMOTO,250NK,CF250-A,UNKNOWN,UNKNOWN,GLOBAL,THROTTLE,Throttle system - inspect,Throttle free-play & smooth-return inspection,Gaz kolu bosluk kontrolu,THROTTLE,INSPECT,UNKNOWN,10000,UNKNOWN,12,UNKNOWN,UNKNOWN,,1,0,NORMAL,true,SRC_CFMOTO_250NK_OM,53,Periodic Inspection (Engine),"""Throttle system (clearance, smooth return)-inspect  1 year"" (alternate-column marks)",MEDIUM,
MT_CFMOTO_250NK_11,CFMOTO,250NK,CF250-A,UNKNOWN,UNKNOWN,GLOBAL,FUEL_SYSTEM,Fuel leak / fuel hoses - inspect,Fuel hose & leak inspection,Yakit hortumu ve kacak kontrolu,FUEL_LINE,INSPECT,UNKNOWN,10000,UNKNOWN,12,UNKNOWN,UNKNOWN,,1,1,NORMAL,true,SRC_CFMOTO_250NK_OM,53,Periodic Inspection (Engine),"""Fuel leak (fuel hose and pipe)-inspect  1 year"" / ""Fuel hoses damage-inspect"" / ""Fuel hoses installation-inspect""",MEDIUM,
MT_CFMOTO_250NK_12,CFMOTO,250NK,CF250-A,UNKNOWN,UNKNOWN,GLOBAL,FUEL_SYSTEM,Fuel hoses,Fuel hose replacement,Yakit hortumu degisimi,FUEL_LINE,REPLACE,UNKNOWN,UNKNOWN,UNKNOWN,48,UNKNOWN,UNKNOWN,,1,1,NORMAL,false,SRC_CFMOTO_250NK_OM,57,Periodic replacement,"""Fuel hoses  4 years""",HIGH,
MT_CFMOTO_250NK_13,CFMOTO,250NK,CF250-A,UNKNOWN,UNKNOWN,GLOBAL,CLUTCH,Clutch operation - inspect,Clutch operation inspection,Debriyaj calisma kontrolu,CLUTCH,INSPECT,1000,5000,UNKNOWN,12,UNKNOWN,UNKNOWN,,1,0,NORMAL,false,SRC_CFMOTO_250NK_OM,54,Periodic Inspection (Chassis),"""Clutch operation (clearance, engagement, disengagement)-inspect  1 year"" marked at every column 1..30",HIGH,
MT_CFMOTO_250NK_14,CFMOTO,250NK,CF250-A,UNKNOWN,UNKNOWN,GLOBAL,DRIVE_CHAIN,Drive chain lubrication condition - inspect#,Drive chain lubrication / slack,Zincir yaglama ve gerginlik,DRIVE_CHAIN,LUBRICATE,600,600,UNKNOWN,UNKNOWN,UNKNOWN,UNKNOWN,More often in severe conditions.,1,1,NORMAL,false,SRC_CFMOTO_250NK_OM,54,Periodic Inspection (Chassis),"""Drive chain lubrication condition-inspect  #  600km"" / ""Drive chain slack-inspect  #  1000km""",HIGH,
MT_CFMOTO_250NK_15,CFMOTO,250NK,CF250-A,UNKNOWN,UNKNOWN,GLOBAL,DRIVE_CHAIN,Drive chain wear - inspect#,Drive chain wear inspection,Zincir asinma kontrolu,DRIVE_CHAIN,INSPECT,UNKNOWN,10000,UNKNOWN,UNKNOWN,UNKNOWN,UNKNOWN,,1,1,NORMAL,true,SRC_CFMOTO_250NK_OM,54,Periodic Inspection (Chassis),"""Drive chain wear-inspect  #"" marked at 15/20/25/30 (x1000 km)",MEDIUM,
MT_CFMOTO_250NK_16,CFMOTO,250NK,CF250-A,UNKNOWN,UNKNOWN,GLOBAL,BRAKE_FLUID,Brake fluid level - inspect,Brake fluid level inspection,Fren hidroligi seviye kontrolu,BRAKE_FLUID,INSPECT,1000,5000,UNKNOWN,6,UNKNOWN,UNKNOWN,,1,1,NORMAL,false,SRC_CFMOTO_250NK_OM,55,Periodic Inspection (Chassis),"""Brake fluid level-inspect  6 months"" marked at every column 1..30",HIGH,
MT_CFMOTO_250NK_17,CFMOTO,250NK,CF250-A,UNKNOWN,UNKNOWN,GLOBAL,BRAKE_FLUID,Brake fluid (front/rear),Brake fluid change,Fren hidroligi degisimi,BRAKE_FLUID,DRAIN_REPLACE,UNKNOWN,UNKNOWN,UNKNOWN,24,UNKNOWN,UNKNOWN,,1,1,NORMAL,false,SRC_CFMOTO_250NK_OM,57,Periodic replacement,"""Brake fluid (front/rear)  2 years"" / ""Brake fluid hoses and pipe  4 years"" / ""Rubber parts of master cylinder  4 years""",HIGH,
MT_CFMOTO_250NK_18,CFMOTO,250NK,CF250-A,UNKNOWN,UNKNOWN,GLOBAL,BRAKE_PADS,Brake pad wear - inspect#,Brake pad wear inspection,Fren balata asinma kontrolu,BRAKE_PADS,INSPECT,5000,5000,UNKNOWN,UNKNOWN,UNKNOWN,UNKNOWN,,1,1,NORMAL,false,SRC_CFMOTO_250NK_OM,55,Periodic Inspection (Chassis),"""Brake pad wear-inspect  #"" marked at 5/10/15/20/25/30 (x1000 km)",HIGH,
MT_CFMOTO_250NK_19,CFMOTO,250NK,CF250-A,UNKNOWN,UNKNOWN,GLOBAL,FRONT_BRAKE,Brake operation / brake hoses - inspect,Brake operation & hose inspection,Fren calisma ve hortum kontrolu,BRAKE_SYSTEM,INSPECT,1000,5000,UNKNOWN,12,UNKNOWN,UNKNOWN,,1,1,NORMAL,false,SRC_CFMOTO_250NK_OM,55,Periodic Inspection (Chassis),"""Brake operation (effectiveness, clearance, drag)-inspect  1 year"" / ""Brake hoses and pipe damage-inspect  1 year"" (every column)",HIGH,
MT_CFMOTO_250NK_20,CFMOTO,250NK,CF250-A,UNKNOWN,UNKNOWN,GLOBAL,SUSPENSION,Front forks/rear shock absorber - inspect,Fork & shock inspection,On/arka amortisor kontrolu,SUSPENSION,INSPECT,UNKNOWN,10000,UNKNOWN,12,UNKNOWN,UNKNOWN,,1,0,NORMAL,true,SRC_CFMOTO_250NK_OM,55,Periodic Inspection (Chassis),"""Front forks/rear shock absorber operation (damping and smooth stroke)-inspect"" / ""... oil leak-inspect  1 year"" marked at 15/20/25/30",MEDIUM,
MT_CFMOTO_250NK_21,CFMOTO,250NK,CF250-A,UNKNOWN,UNKNOWN,GLOBAL,STEERING,Steering play - inspect / stem bearings - lubricate,Steering play inspection & stem bearing lubrication,Direksiyon bosluk kontrolu / rulman yaglama,STEERING,INSPECT,UNKNOWN,10000,UNKNOWN,12,UNKNOWN,UNKNOWN,,1,0,NORMAL,true,SRC_CFMOTO_250NK_OM,56,Periodic Inspection (Chassis),"""steering play-inspect  1 year""; ""steering stem bearings-lubricate  2 years""",MEDIUM,
MT_CFMOTO_250NK_22,CFMOTO,250NK,CF250-A,UNKNOWN,UNKNOWN,GLOBAL,TYRES,Tire air pressure / wheel & tyre damage - inspect,Tyre pressure & condition inspection,Lastik basinci ve durum kontrolu,TYRES,INSPECT,UNKNOWN,10000,UNKNOWN,12,UNKNOWN,UNKNOWN,,1,1,NORMAL,true,SRC_CFMOTO_250NK_OM,54,Periodic Inspection (Chassis),"""Tire air pressure-inspect  1 year"" / ""Wheel/tires damage-inspect"" / ""Tire tread wear, abnormal wear-inspect""",MEDIUM,
MT_CFMOTO_250NK_23,CFMOTO,250NK,CF250-A,UNKNOWN,UNKNOWN,GLOBAL,FASTENERS,Bolts and nuts torque - inspect,Bolts & nuts torque inspection,Civata ve somun tork kontrolu,FASTENERS,TIGHTEN,1000,10000,UNKNOWN,12,UNKNOWN,UNKNOWN,,1,0,NORMAL,true,SRC_CFMOTO_250NK_OM,56,Periodic Inspection (Chassis),"""Bolts and nuts torque-inspect  1 year""",MEDIUM,
MT_CFMOTO_250NK_24,CFMOTO,250NK,CF250-A,UNKNOWN,UNKNOWN,GLOBAL,GENERAL_INSPECTION,Chassis parts / footrest - lubricate; lights & switches - inspect,Chassis lubrication + lights/switches check,Sase yaglama + aydinlatma kontrolu,GENERAL_INSPECTION,LUBRICATE,UNKNOWN,10000,UNKNOWN,12,UNKNOWN,UNKNOWN,,1,0,NORMAL,true,SRC_CFMOTO_250NK_OM,55-56,Periodic Inspection (Chassis),"""Footrest-lubricate""; ""Chassis parts-lubricate  1 year""; ""Lights and switches operation-inspect  1 year""; ""Headlight aiming-inspect  1 year""",MEDIUM,
MT_BAJAJ_NS125_01,Bajaj,Pulsar NS125,NS125 BS VI,UNKNOWN,UNKNOWN,IN,ENGINE_OIL,Engine oil (Bajaj DTSI 10000 oil),Engine oil change,Motor yagi degisimi,ENGINE_OIL,REPLACE,750,10000,UNKNOWN,UNKNOWN,UNKNOWN,UNKNOWN,,1,0,NORMAL,false,SRC_BAJAJ_NS125_OM_BS6,23,Recommended frequency - Service interval & Kms,"""Engine oil replacement frequency : 1st service & then every 10,000 Km.""",HIGH,
MT_BAJAJ_NS125_02,Bajaj,Pulsar NS125,NS125 BS VI,UNKNOWN,UNKNOWN,IN,ENGINE_OIL,Engine oil level top-up,Engine oil top-up,Motor yagi tamamlama,ENGINE_OIL,TOP_UP,5000,5000,UNKNOWN,UNKNOWN,UNKNOWN,UNKNOWN,,1,0,NORMAL,false,SRC_BAJAJ_NS125_OM_BS6,23,Recommended frequency - Service interval & Kms,"""Engine oil level top-up frequency : Every 5000 km.""",HIGH,
MT_BAJAJ_NS125_03,Bajaj,Pulsar NS125,NS125 BS VI,UNKNOWN,UNKNOWN,IN,ENGINE_OIL_FILTER,Engine oil Filter,Engine oil filter replacement,Yag filtresi degisimi,ENGINE_OIL_FILTER,REPLACE,750,10000,UNKNOWN,UNKNOWN,UNKNOWN,UNKNOWN,,1,0,NORMAL,false,SRC_BAJAJ_NS125_OM_BS6,31,Recommended frequency - Service interval & Kms,"""Replace oil filter in 1st service & at every 10000 Kms.""",HIGH,
MT_BAJAJ_NS125_04,Bajaj,Pulsar NS125,NS125 BS VI,UNKNOWN,UNKNOWN,IN,AIR_FILTER,Air cleaner element (viscous filter),Air filter element replacement,Hava filtresi degisimi,AIR_FILTER,REPLACE,20000,20000,UNKNOWN,UNKNOWN,UNKNOWN,UNKNOWN,,1,0,NORMAL,false,SRC_BAJAJ_NS125_OM_BS6,31,Recommended frequency - Service interval & Kms,"""Replace viscous filter at every 20,000 kms""",HIGH,
MT_BAJAJ_NS125_05,Bajaj,Pulsar NS125,NS125 BS VI,UNKNOWN,UNKNOWN,IN,ENGINE_OIL,Oil strainer,Engine oil strainer cleaning,Yag suzgeci temizligi,OIL_STRAINER,CLEAN,UNKNOWN,10000,UNKNOWN,UNKNOWN,UNKNOWN,UNKNOWN,,1,0,NORMAL,true,SRC_BAJAJ_NS125_OM_BS6,31,Recommended frequency - Service interval & Kms,"""Oil strainer cleaning at the time of oil change."" (oil change = every 10,000 km)",HIGH,
MT_BAJAJ_NS125_06,Bajaj,Pulsar NS125,NS125 BS VI,UNKNOWN,UNKNOWN,IN,SPARK_PLUG,Spark plug clean & check gap,Spark plug clean & gap check,Buji temizlik ve trnak kontrolu,SPARK_PLUG,CLEAN,5000,5000,UNKNOWN,UNKNOWN,UNKNOWN,UNKNOWN,,1,0,NORMAL,true,SRC_BAJAJ_NS125_OM_BS6,30,Recommended frequency - Service interval & Kms,"""Spark plug clean & check gap"" (CL code at service columns; every ~5000 km)",MEDIUM,Replace interval not machine-readable from the PDF schedule cells -> research gap.
MT_BAJAJ_NS125_07,Bajaj,Pulsar NS125,NS125 BS VI,UNKNOWN,UNKNOWN,IN,VALVE_CLEARANCE,Valve tappet clearance,Valve tappet clearance check & adjust,Supap tappet boslugu kontrol/ayar,VALVE_CLEARANCE,ADJUST,UNKNOWN,10000,UNKNOWN,UNKNOWN,UNKNOWN,UNKNOWN,,1,0,NORMAL,true,SRC_BAJAJ_NS125_OM_BS6,30,Recommended frequency - Service interval & Kms,"""Valve tappet clearance"" - C,A codes recur across the service grid (~every 10,000 km)",MEDIUM,Exact km column not machine-readable from the PDF cells.
MT_BAJAJ_NS125_08,Bajaj,Pulsar NS125,NS125 BS VI,UNKNOWN,UNKNOWN,IN,DRIVE_CHAIN,Customer chain lube,Drive chain lubrication (rider interval),Zincir yaglama (kullanici araligi),DRIVE_CHAIN,LUBRICATE,500,500,UNKNOWN,UNKNOWN,UNKNOWN,UNKNOWN,,1,0,NORMAL,false,SRC_BAJAJ_NS125_OM_BS6,33,Recommended frequency - Service interval & Kms,"""Customer to use OKS chain lub spray at every 500 kms""",HIGH,
MT_BAJAJ_NS125_09,Bajaj,Pulsar NS125,NS125 BS VI,UNKNOWN,UNKNOWN,IN,DRIVE_CHAIN,"sealed Drive chain wear - Clean, Lubricate & adjust",Drive chain clean/lubricate/adjust (at service),Zincir temizlik/yaglama/ayar (serviste),DRIVE_CHAIN,ADJUST,750,5000,UNKNOWN,UNKNOWN,UNKNOWN,UNKNOWN,Replace if worn.,1,1,NORMAL,false,SRC_BAJAJ_NS125_OM_BS6,32,Recommended frequency - Service interval & Kms,"""sealed Drive chain wear**- Clean, Lubricate & adjust. Replace if required"" (at every service)",HIGH,
MT_BAJAJ_NS125_10,Bajaj,Pulsar NS125,NS125 BS VI,UNKNOWN,UNKNOWN,IN,BRAKE_FLUID,DOT 4 brake oil - check & top up,Brake fluid (DOT 4) inspection / top-up,Fren hidroligi kontrol/tamamlama,BRAKE_FLUID,TOP_UP,750,5000,UNKNOWN,UNKNOWN,UNKNOWN,UNKNOWN,,1,1,NORMAL,false,SRC_BAJAJ_NS125_OM_BS6,35,Recommended frequency - Service interval & Kms,"""Check & Top up DOT 4 brake oil in every service.""",HIGH,
MT_BAJAJ_NS125_11,Bajaj,Pulsar NS125,NS125 BS VI,UNKNOWN,UNKNOWN,IN,BRAKE_FLUID,DOT 4 brake oil & Master/Caliper seals,Brake fluid (DOT 4) replacement,Fren hidroligi (DOT4) degisimi,BRAKE_FLUID,DRAIN_REPLACE,30000,30000,UNKNOWN,UNKNOWN,UNKNOWN,UNKNOWN,,1,1,NORMAL,false,SRC_BAJAJ_NS125_OM_BS6,35,Recommended frequency - Service interval & Kms,"""Replace DOT 4 brake oil & Master / Caliper seals at every 30000kms""",HIGH,
MT_BAJAJ_NS125_12,Bajaj,Pulsar NS125,NS125 BS VI,UNKNOWN,UNKNOWN,IN,SUSPENSION,Front fork oil & seal,Front fork oil + seals replacement,On amortisor yagi + kece degisimi,SUSPENSION,REPLACE,30000,30000,UNKNOWN,UNKNOWN,UNKNOWN,UNKNOWN,,1,0,NORMAL,false,SRC_BAJAJ_NS125_OM_BS6,35,Recommended frequency - Service interval & Kms,"""Replace fork oil, oil seal and dust seal in pair at every 30000kms""",HIGH,
MT_BAJAJ_NS125_13,Bajaj,Pulsar NS125,NS125 BS VI,UNKNOWN,UNKNOWN,IN,STEERING,Steering stem bearing,Steering stem bearing lubrication,Direksiyon dingil rulmani yaglama,STEERING,LUBRICATE,40000,40000,UNKNOWN,UNKNOWN,UNKNOWN,UNKNOWN,,1,0,NORMAL,false,SRC_BAJAJ_NS125_OM_BS6,35,Recommended frequency - Service interval & Kms,"""Lubricate at every 40,000 kms"" (Steering stem bearing row)",HIGH,
MT_BAJAJ_NS125_14,Bajaj,Pulsar NS125,NS125 BS VI,UNKNOWN,UNKNOWN,IN,FUEL_FILTER,In-line fuel filter,Fuel filter replacement,Yakit filtresi degisimi,FUEL_FILTER,REPLACE,15000,15000,UNKNOWN,UNKNOWN,UNKNOWN,UNKNOWN,,1,0,NORMAL,true,SRC_BAJAJ_NS125_OM_BS6,35,Recommended frequency - Service interval & Kms,"""Replace at every 15000 Kms"" (Remarks column, fuel-filter row)",MEDIUM,Row-to-remark mapping partly reconstructed from the jumbled chart.
MT_BAJAJ_NS125_15,Bajaj,Pulsar NS125,NS125 BS VI,UNKNOWN,UNKNOWN,IN,FASTENERS,All fasteners tightness,All fasteners torque check,Tum baglanti elemanlari tork kontrolu,FASTENERS,TIGHTEN,750,5000,UNKNOWN,UNKNOWN,UNKNOWN,UNKNOWN,,1,0,NORMAL,false,SRC_BAJAJ_NS125_OM_BS6,36,Recommended frequency - Service interval & Kms,"""All fasteners tightness ... Use model wise torque values."" (C,T at every service)",HIGH,
MT_BAJAJ_NS125_16,Bajaj,Pulsar NS125,NS125 BS VI,UNKNOWN,UNKNOWN,IN,TYRES,Tyre air pressure,Tyre air pressure check,Lastik hava basinci kontrolu,TYRES,INSPECT,750,5000,UNKNOWN,UNKNOWN,UNKNOWN,UNKNOWN,,1,1,NORMAL,false,SRC_BAJAJ_NS125_OM_BS6,36,Recommended frequency - Service interval & Kms,"""Tyre air pressure. ... Ensure model wise tyre air pressure."" (C,A at every service)",HIGH,
MT_BAJAJ_NS125_17,Bajaj,Pulsar NS125,NS125 BS VI,UNKNOWN,UNKNOWN,IN,FRONT_BRAKE,Front Brake pads for wear limit / brake hose / fluid level,Brake system inspection,Fren sistemi kontrolu,BRAKE_SYSTEM,INSPECT,750,5000,UNKNOWN,UNKNOWN,UNKNOWN,UNKNOWN,,1,1,NORMAL,false,SRC_BAJAJ_NS125_OM_BS6,34,Recommended frequency - Service interval & Kms,"""Front Brake pads for wear limit.""; ""Check source of leakages if any in the brake system. Check Front brake hose condition. Check Brake fluid level and top up, if needed.""",HIGH,
MT_BAJAJ_NS125_18,Bajaj,Pulsar NS125,NS125 BS VI,UNKNOWN,UNKNOWN,IN,GENERAL_INSPECTION,Servicing with water wash,General periodic service,Genel periyodik servis,GENERAL_INSPECTION,SERVICE,750,5000,UNKNOWN,4,UNKNOWN,UNKNOWN,,1,0,NORMAL,false,SRC_BAJAJ_NS125_OM_BS6,30-37,Recommended frequency - Service interval & Kms,"Full periodic maintenance schedule; services at 500-750, 4500-5000, 9500-10000, then every 5000 km.",HIGH,
MT_BAJAJ_DOM250_01,Bajaj,Dominar 250,Dominar 250 BS VI,UNKNOWN,UNKNOWN,IN,ENGINE_OIL,Engine oil (Bajaj 10000 oil),Engine oil change,Motor yagi degisimi,ENGINE_OIL,REPLACE,750,10000,UNKNOWN,UNKNOWN,UNKNOWN,UNKNOWN,,1,0,NORMAL,false,SRC_BAJAJ_DOMINAR250_OM_BS6,35,PERIODIC MAINTENANCE & LUBRICATION CHART,"""Engine oil replacement frequency: 1st service & then every 10,000 km.""; p63: ""LONGEST ENGINE OIL CHANGE INTERVAL OF 10,000 KM""",HIGH,
MT_BAJAJ_DOM250_02,Bajaj,Dominar 250,Dominar 250 BS VI,UNKNOWN,UNKNOWN,IN,ENGINE_OIL,Engine oil level top-up,Engine oil top-up,Motor yagi tamamlama,ENGINE_OIL,TOP_UP,5000,5000,UNKNOWN,UNKNOWN,UNKNOWN,UNKNOWN,,1,0,NORMAL,false,SRC_BAJAJ_DOMINAR250_OM_BS6,35,PERIODIC MAINTENANCE & LUBRICATION CHART,"""Engine oil level top-up frequency: Every 5000 km.""",HIGH,
MT_BAJAJ_DOM250_03,Bajaj,Dominar 250,Dominar 250 BS VI,UNKNOWN,UNKNOWN,IN,ENGINE_OIL_FILTER,Engine oil Filter,Engine oil filter replacement,Yag filtresi degisimi,ENGINE_OIL_FILTER,REPLACE,750,10000,UNKNOWN,UNKNOWN,UNKNOWN,UNKNOWN,,1,0,NORMAL,false,SRC_BAJAJ_DOMINAR250_OM_BS6,45,PERIODIC MAINTENANCE & LUBRICATION CHART,"""Replace oil filter in 1st service & at every 10,000 km.""",HIGH,
MT_BAJAJ_DOM250_04,Bajaj,Dominar 250,Dominar 250 BS VI,UNKNOWN,UNKNOWN,IN,AIR_FILTER,Air cleaner element (viscus filter),Air filter element replacement,Hava filtresi degisimi,AIR_FILTER,REPLACE,20000,20000,UNKNOWN,UNKNOWN,UNKNOWN,UNKNOWN,,1,0,NORMAL,false,SRC_BAJAJ_DOMINAR250_OM_BS6,45,PERIODIC MAINTENANCE & LUBRICATION CHART,"""Replace viscus filter at every 20,000 km. Air filter cleaning not required""",HIGH,
MT_BAJAJ_DOM250_05,Bajaj,Dominar 250,Dominar 250 BS VI,UNKNOWN,UNKNOWN,IN,AIR_FILTER,Air filter drain tube,Air filter drain tube cleaning,Hava filtresi drenaj borusu temizligi,AIR_FILTER,CLEAN,10000,10000,UNKNOWN,UNKNOWN,UNKNOWN,UNKNOWN,,1,0,NORMAL,false,SRC_BAJAJ_DOMINAR250_OM_BS6,45,PERIODIC MAINTENANCE & LUBRICATION CHART,"""Drain tube to cleaned at every 10,000 km.""",HIGH,
MT_BAJAJ_DOM250_06,Bajaj,Dominar 250,Dominar 250 BS VI,UNKNOWN,UNKNOWN,IN,ENGINE_OIL,Engine Oil strainer,Engine oil strainer cleaning,Yag suzgeci temizligi,OIL_STRAINER,CLEAN,UNKNOWN,10000,UNKNOWN,UNKNOWN,UNKNOWN,UNKNOWN,,1,0,NORMAL,true,SRC_BAJAJ_DOMINAR250_OM_BS6,45,PERIODIC MAINTENANCE & LUBRICATION CHART,"""Oil strainer cleaning at the time of oil change."" (oil change every 10,000 km)",HIGH,
MT_BAJAJ_DOM250_07,Bajaj,Dominar 250,Dominar 250 BS VI,UNKNOWN,UNKNOWN,IN,SPARK_PLUG,Spark plug clean & check gap,Spark plug clean & gap check,Buji temizlik ve trnak kontrolu,SPARK_PLUG,CLEAN,10000,10000,UNKNOWN,UNKNOWN,UNKNOWN,UNKNOWN,,1,0,NORMAL,false,SRC_BAJAJ_DOMINAR250_OM_BS6,36,PERIODIC MAINTENANCE & LUBRICATION CHART,"""Clean the spark plug at 10000 Kms. Adjust the gap if incorrect ... Spark Plug Gap : 0.8 to 0.9 mm.""",HIGH,Replace interval not stated explicitly -> research gap.
MT_BAJAJ_DOM250_08,Bajaj,Dominar 250,Dominar 250 BS VI,UNKNOWN,UNKNOWN,IN,VALVE_CLEARANCE,Valve tappet clearance,Valve tappet clearance check & adjust,Supap tappet boslugu kontrol/ayar,VALVE_CLEARANCE,ADJUST,20000,20000,UNKNOWN,UNKNOWN,UNKNOWN,UNKNOWN,,1,0,NORMAL,false,SRC_BAJAJ_DOMINAR250_OM_BS6,45,PERIODIC MAINTENANCE & LUBRICATION CHART,"""Check & adjust at every 20,000 km."" (Valve tappet clearance row, Remarks)",HIGH,
MT_BAJAJ_DOM250_09,Bajaj,Dominar 250,Dominar 250 BS VI,UNKNOWN,UNKNOWN,IN,THROTTLE,Throttle body cleaning,Throttle body cleaning,Gaz kelebegi govdesi temizligi,THROTTLE,CLEAN,5000,5000,UNKNOWN,UNKNOWN,UNKNOWN,UNKNOWN,,1,0,NORMAL,false,SRC_BAJAJ_DOMINAR250_OM_BS6,45,PERIODIC MAINTENANCE & LUBRICATION CHART,"""Clean at every 5000 km with recommended throttle body cleaning agent.""",HIGH,
MT_BAJAJ_DOM250_10,Bajaj,Dominar 250,Dominar 250 BS VI,UNKNOWN,UNKNOWN,IN,COOLANT,Coolant & Radiator hoses,Coolant + radiator hoses replacement,Sogutma sivisi + radyator hortum degisimi,COOLANT,DRAIN_REPLACE,30000,30000,UNKNOWN,36,UNKNOWN,UNKNOWN,,1,0,NORMAL,false,SRC_BAJAJ_DOMINAR250_OM_BS6,51,PERIODIC MAINTENANCE & LUBRICATION CHART,"""Replacement at every 30000 km or 3 year (whichever occurs earlier)""; ""Use BAJAJ Koolex coolant only""",HIGH,
MT_BAJAJ_DOM250_11,Bajaj,Dominar 250,Dominar 250 BS VI,UNKNOWN,UNKNOWN,IN,COOLANT,Check Coolant level in expansion tank,Coolant level inspection,Sogutma sivisi seviye kontrolu,COOLANT,INSPECT,750,5000,UNKNOWN,UNKNOWN,UNKNOWN,UNKNOWN,,1,0,NORMAL,false,SRC_BAJAJ_DOMINAR250_OM_BS6,46,PERIODIC MAINTENANCE & LUBRICATION CHART,"""Check Coolant level in expansion tank / Hose clamp adjustment""; ""Coolant top up if required."" (at every service)",HIGH,
MT_BAJAJ_DOM250_12,Bajaj,Dominar 250,Dominar 250 BS VI,UNKNOWN,UNKNOWN,IN,COOLANT,Water Pump seals,Water pump seals replacement,Su pompasi keceleri degisimi,COOLANT,REPLACE,40000,40000,UNKNOWN,UNKNOWN,UNKNOWN,UNKNOWN,,1,0,NORMAL,false,SRC_BAJAJ_DOMINAR250_OM_BS6,51,PERIODIC MAINTENANCE & LUBRICATION CHART,"""Replace at every 40,000 km."" (Water Pump seals row)",HIGH,
MT_BAJAJ_DOM250_13,Bajaj,Dominar 250,Dominar 250 BS VI,UNKNOWN,UNKNOWN,IN,DRIVE_CHAIN,O-ring chain lubrication (owner),Drive chain lubrication (rider interval),Zincir yaglama (kullanici araligi),DRIVE_CHAIN,LUBRICATE,500,500,UNKNOWN,UNKNOWN,UNKNOWN,UNKNOWN,,1,1,NORMAL,false,SRC_BAJAJ_DOMINAR250_OM_BS6,36,PERIODIC MAINTENANCE & LUBRICATION CHART,"""'O' rings must always be kept wet for best performance hence lubricate every 500 Km.""; ""Customer to use OKS chain lub spray at every 500 km.""",HIGH,
MT_BAJAJ_DOM250_14,Bajaj,Dominar 250,Dominar 250 BS VI,UNKNOWN,UNKNOWN,IN,DRIVE_CHAIN,"sealed Drive chain wear - Clean, Lubricate & adjust",Drive chain clean/lubricate/adjust (at service),Zincir temizlik/yaglama/ayar (serviste),DRIVE_CHAIN,ADJUST,750,5000,UNKNOWN,UNKNOWN,UNKNOWN,UNKNOWN,Replace if worn.,1,1,NORMAL,false,SRC_BAJAJ_DOMINAR250_OM_BS6,46,PERIODIC MAINTENANCE & LUBRICATION CHART,"""sealed Drive chain wear**- Clean, Lubricate & adjust. Replace if required"" (at every service)",HIGH,
MT_BAJAJ_DOM250_15,Bajaj,Dominar 250,Dominar 250 BS VI,UNKNOWN,UNKNOWN,IN,BRAKE_FLUID,DOT 4 brake oil - check & top up,Brake fluid (DOT 4) inspection / top-up,Fren hidroligi kontrol/tamamlama,BRAKE_FLUID,TOP_UP,750,5000,UNKNOWN,UNKNOWN,UNKNOWN,UNKNOWN,,1,1,NORMAL,false,SRC_BAJAJ_DOMINAR250_OM_BS6,53,PERIODIC MAINTENANCE & LUBRICATION CHART,"""Check & Top up DOT 4 brake oil in every service.""",HIGH,
MT_BAJAJ_DOM250_16,Bajaj,Dominar 250,Dominar 250 BS VI,UNKNOWN,UNKNOWN,IN,BRAKE_FLUID,DOT 4 brake oil & Master/Caliper seals,Brake fluid (DOT 4) replacement,Fren hidroligi (DOT4) degisimi,BRAKE_FLUID,DRAIN_REPLACE,30000,30000,UNKNOWN,UNKNOWN,UNKNOWN,UNKNOWN,,1,1,NORMAL,false,SRC_BAJAJ_DOMINAR250_OM_BS6,53,PERIODIC MAINTENANCE & LUBRICATION CHART,"""Replace DOT 4 brake oil & Master / Caliper seals at every 30,000 km.""",HIGH,
MT_BAJAJ_DOM250_17,Bajaj,Dominar 250,Dominar 250 BS VI,UNKNOWN,UNKNOWN,IN,SUSPENSION,Front fork oil & seal,Front fork oil + seals replacement,On amortisor yagi + kece degisimi,SUSPENSION,REPLACE,30000,30000,UNKNOWN,UNKNOWN,UNKNOWN,UNKNOWN,,1,0,NORMAL,false,SRC_BAJAJ_DOMINAR250_OM_BS6,53,PERIODIC MAINTENANCE & LUBRICATION CHART,"""Replace oil and oil seal and dust seal in pair at every 30,000 km.""",HIGH,
MT_BAJAJ_DOM250_18,Bajaj,Dominar 250,Dominar 250 BS VI,UNKNOWN,UNKNOWN,IN,STEERING,Swing arm NRB,Swing-arm needle bearing lubrication,Salincak igne rulmani yaglama,SUSPENSION,LUBRICATE,40000,40000,UNKNOWN,UNKNOWN,UNKNOWN,UNKNOWN,,1,0,NORMAL,false,SRC_BAJAJ_DOMINAR250_OM_BS6,53,PERIODIC MAINTENANCE & LUBRICATION CHART,"""Lubricate NRB at every 40,000 km. Use AP grease.""",HIGH,
MT_BAJAJ_DOM250_19,Bajaj,Dominar 250,Dominar 250 BS VI,UNKNOWN,UNKNOWN,IN,FRONT_BRAKE,Brake pads Front & Rear for wear limit / hoses / fluid level,Brake system inspection,Fren sistemi kontrolu,BRAKE_SYSTEM,INSPECT,750,5000,UNKNOWN,UNKNOWN,UNKNOWN,UNKNOWN,,1,1,NORMAL,false,SRC_BAJAJ_DOMINAR250_OM_BS6,52,PERIODIC MAINTENANCE & LUBRICATION CHART,"""Brake pads Front & Rear for wear limit.""; ""Check source of leakages if any in the brake system. Check Front & rear brake hose condition. Check Brake fluid level and top up, if needed.""",HIGH,
MT_BAJAJ_DOM250_20,Bajaj,Dominar 250,Dominar 250 BS VI,UNKNOWN,UNKNOWN,IN,FASTENERS,All fasteners tightness,All fasteners torque check,Tum baglanti elemanlari tork kontrolu,FASTENERS,TIGHTEN,750,5000,UNKNOWN,UNKNOWN,UNKNOWN,UNKNOWN,,1,0,NORMAL,false,SRC_BAJAJ_DOMINAR250_OM_BS6,54,PERIODIC MAINTENANCE & LUBRICATION CHART,"""All fasteners tightness ... Use model wise torque values."" (C,T at every service)",HIGH,
MT_BAJAJ_DOM250_21,Bajaj,Dominar 250,Dominar 250 BS VI,UNKNOWN,UNKNOWN,IN,TYRES,Tyre air pressure,Tyre air pressure check,Lastik hava basinci kontrolu,TYRES,INSPECT,750,5000,UNKNOWN,UNKNOWN,UNKNOWN,UNKNOWN,,1,1,NORMAL,false,SRC_BAJAJ_DOMINAR250_OM_BS6,54,PERIODIC MAINTENANCE & LUBRICATION CHART,"""Tyre air pressure. ... Ensure tyre air pressure as per specification."" (C,A at every service)",HIGH,
MT_BAJAJ_DOM250_22,Bajaj,Dominar 250,Dominar 250 BS VI,UNKNOWN,UNKNOWN,IN,CLUTCH,Clutch & Throttle cable free play,Clutch & throttle cable free-play adjust,Debriyaj ve gaz kablosu bosluk ayari,CLUTCH,ADJUST,750,5000,UNKNOWN,UNKNOWN,UNKNOWN,UNKNOWN,,1,0,NORMAL,false,SRC_BAJAJ_DOMINAR250_OM_BS6,52,PERIODIC MAINTENANCE & LUBRICATION CHART,"""Clutch & Throttle cable free play"" (C,A at every service); ""Replace cables if operation found hard.""",HIGH,
MT_BAJAJ_DOM250_23,Bajaj,Dominar 250,Dominar 250 BS VI,UNKNOWN,UNKNOWN,IN,GENERAL_INSPECTION,Servicing with water wash,General periodic service,Genel periyodik servis,GENERAL_INSPECTION,SERVICE,750,5000,UNKNOWN,4,UNKNOWN,UNKNOWN,,1,0,NORMAL,false,SRC_BAJAJ_DOMINAR250_OM_BS6,44-51,PERIODIC MAINTENANCE & LUBRICATION CHART,"Full periodic maintenance & lubrication chart; services at 500-750, 4500-5000, 9500-10000, then every 5000 km.",HIGH,
MT_HONDA_PCX125_01,Honda,PCX125,WW125A,2021,UNKNOWN,EU,COOLANT,Radiator Coolant *4,Radiator coolant replacement,Radyator sogutma sivisi degisimi,COOLANT,DRAIN_REPLACE,UNKNOWN,UNKNOWN,UNKNOWN,36,UNKNOWN,UNKNOWN,,1,0,NORMAL,false,SRC_HONDA_PCX125_OM_UK21,90,Maintenance Schedule,"""Radiator Coolant *4 ... 3 Years"" (Maintenance Schedule)",HIGH,
MT_HONDA_PCX125_02,Honda,PCX125,WW125A,2021,UNKNOWN,EU,FINAL_DRIVE,Final Drive Oil *4,Final drive (gear) oil replacement,Nihai tahrik yagi degisimi,FINAL_DRIVE,REPLACE,UNKNOWN,UNKNOWN,UNKNOWN,24,UNKNOWN,UNKNOWN,,1,0,NORMAL,false,SRC_HONDA_PCX125_OM_UK21,90,Maintenance Schedule,"""Final Drive Oil *4 ... 2 Years""",HIGH,
MT_HONDA_PCX125_03,Honda,PCX125,WW125A,2021,UNKNOWN,EU,BRAKE_FLUID,Brake Fluid *4,Brake fluid replacement,Fren hidroligi degisimi,BRAKE_FLUID,DRAIN_REPLACE,UNKNOWN,UNKNOWN,UNKNOWN,24,UNKNOWN,UNKNOWN,,1,1,NORMAL,false,SRC_HONDA_PCX125_OM_UK21,91,Maintenance Schedule,"""Brake Fluid *4 ... 2 Years""",HIGH,
MT_HONDA_PCX125_04,Honda,PCX125,WW125A,2021,UNKNOWN,EU,AIR_FILTER,Air Cleaner *2,Air cleaner service - dusty/wet conditions,Hava filtresi - tozlu/islak kosul,AIR_FILTER,CLEAN,UNKNOWN,UNKNOWN,UNKNOWN,UNKNOWN,UNKNOWN,UNKNOWN,,0,0,DUSTY,false,SRC_HONDA_PCX125_OM_UK21,91,Maintenance Schedule,"""*2 : Service more frequently when riding in unusually wet or dusty areas.""",HIGH,Base km interval not machine-readable (graphic marks).
MT_HONDA_PCX125_05,Honda,PCX125,WW125A,2021,UNKNOWN,EU,GENERAL_INSPECTION,Maintenance Schedule item list,Scheduled service (item list only),Periyodik servis (kalem listesi),GENERAL_INSPECTION,SERVICE,1000,6000,UNKNOWN,UNKNOWN,UNKNOWN,UNKNOWN,,1,0,NORMAL,true,SRC_HONDA_PCX125_OM_UK21,89-91,Maintenance Schedule,"Schedule lists Fuel Line, Throttle Operation, Air Cleaner, Crankcase Breather, Spark Plug, Valve Clearance, Engine Oil, Oil Strainer Screen, Idle Speed, Cooling System, EVAP, Drive Belt, Battery, Brake Pads/Shoes, Brake System, Headlight Aim, Lights/Horn, Clutch Shoes, Side Stand, Suspension, Fasteners, Wheels/Tyres, Steering Head Bearings. Per-km marks not machine-readable.",LOW,Placeholder capturing the scheduled item set; individual km intervals are a research gap.
MT_YAM_XMAX250_01,Yamaha,XMAX 250,CZD250D-A,2018,UNKNOWN,EU,ENGINE_OIL,Aceite de motor - Cambiar,Engine oil change,Motor yagi degisimi,ENGINE_OIL,REPLACE,1000,UNKNOWN,UNKNOWN,UNKNOWN,UNKNOWN,UNKNOWN,,1,0,NORMAL,false,SRC_YAM_XMAX250_OM_2023,8-7,Cuadro general de mantenimiento y engrase,"""Aceite de motor - Cambiar ... Al cumplirse el intervalo inicial y cuando el indicador de cambio de aceite parpadee o se encienda.""",MEDIUM,First change 1000 km; thereafter driven by the oil-change indicator (fixed km not stated on this chart).
MT_YAM_XMAX250_02,Yamaha,XMAX 250,CZD250D-A,2018,UNKNOWN,EU,ENGINE_OIL_FILTER,Filtro de aceite del motor - Cambiar,Engine oil filter replacement,Yag filtresi degisimi,ENGINE_OIL_FILTER,REPLACE,10000,20000,UNKNOWN,UNKNOWN,UNKNOWN,UNKNOWN,,1,0,NORMAL,true,SRC_YAM_XMAX250_OM_2023,8-7,Cuadro general de mantenimiento y engrase,"""Filtro de aceite del motor - Cambiar."" (three marks on the 10000/20000/30000/40000 km grid)",MEDIUM,
MT_YAM_XMAX250_03,Yamaha,XMAX 250,CZD250D-A,2018,UNKNOWN,EU,AIR_FILTER,Filtro de aire - Cambiar,Engine air filter replacement,Hava filtresi degisimi,AIR_FILTER,REPLACE,20000,20000,UNKNOWN,UNKNOWN,UNKNOWN,UNKNOWN,,1,0,NORMAL,true,SRC_YAM_XMAX250_OM_2023,8-5,Cuadro general de mantenimiento y engrase,"""Filtro de aire - Cambiar."" (two marks -> 20000 & 40000 km); NOTA p8-8: replace more often in wet/dusty use",MEDIUM,
MT_YAM_XMAX250_04,Yamaha,XMAX 250,CZD250D-A,2018,UNKNOWN,EU,AIR_FILTER,Filtro de aire previo - Limpiar,Pre-air-filter cleaning,On hava filtresi temizligi,AIR_FILTER,CLEAN,20000,20000,UNKNOWN,UNKNOWN,UNKNOWN,UNKNOWN,,1,0,NORMAL,true,SRC_YAM_XMAX250_OM_2023,8-5,Cuadro general de mantenimiento y engrase,"""Filtro de aire previo - Limpiar."" (two marks)",MEDIUM,
MT_YAM_XMAX250_05,Yamaha,XMAX 250,CZD250D-A,2018,UNKNOWN,EU,AIR_FILTER,Filtro de aire secundario - Cambiar,Secondary air filter replacement,Ikincil hava filtresi degisimi,AIR_FILTER,REPLACE,20000,20000,UNKNOWN,UNKNOWN,UNKNOWN,UNKNOWN,,1,0,NORMAL,true,SRC_YAM_XMAX250_OM_2023,8-5,Cuadro general de mantenimiento y engrase,"""Filtro de aire secundario - Cambiar."" (two marks)",MEDIUM,
MT_YAM_XMAX250_06,Yamaha,XMAX 250,CZD250D-A,2018,UNKNOWN,EU,AIR_FILTER,Filtro de aire de la caja de la correa trapezoidal - Limpiar,V-belt case air filter cleaning,V-kayis kutu hava filtresi temizligi,VBELT_CASE_AIR_FILTER,CLEAN,10000,10000,UNKNOWN,UNKNOWN,UNKNOWN,UNKNOWN,,1,0,NORMAL,false,SRC_YAM_XMAX250_OM_2023,8-5,Cuadro general de mantenimiento y engrase,"""Filtro de aire de la caja de la correa trapezoidal - Limpiar. Cambiar si es necesario."" (every column from 10000 km)",HIGH,
MT_YAM_XMAX250_07,Yamaha,XMAX 250,CZD250D-A,2018,UNKNOWN,EU,SPARK_PLUG,Bujia - Ajustar la distancia entre electrodos y limpiar,Spark plug clean & regap,Buji temizlik/ayar,SPARK_PLUG,CLEAN,10000,20000,UNKNOWN,UNKNOWN,UNKNOWN,UNKNOWN,,1,0,NORMAL,true,SRC_YAM_XMAX250_OM_2023,8-3,Cuadro de mantenimiento periodico del sistema de control de emisiones,"""Bujia - Comprobar estado. Ajustar la distancia entre electrodos y limpiar."" (two marks -> 10000 & 30000 km)",MEDIUM,
MT_YAM_XMAX250_08,Yamaha,XMAX 250,CZD250D-A,2018,UNKNOWN,EU,SPARK_PLUG,Bujia - Cambiar,Spark plug replacement,Buji degisimi,SPARK_PLUG,REPLACE,20000,20000,UNKNOWN,UNKNOWN,UNKNOWN,UNKNOWN,,1,0,NORMAL,true,SRC_YAM_XMAX250_OM_2023,8-3,Cuadro de mantenimiento periodico del sistema de control de emisiones,"""Bujia - Cambiar."" (two marks -> 20000 & 40000 km)",MEDIUM,
MT_YAM_XMAX250_09,Yamaha,XMAX 250,CZD250D-A,2018,UNKNOWN,EU,VALVE_CLEARANCE,Holgura de la valvula - Comprobar y ajustar,Valve clearance check & adjust,Supap boslugu kontrol/ayar,VALVE_CLEARANCE,ADJUST,20000,20000,UNKNOWN,UNKNOWN,UNKNOWN,UNKNOWN,,1,0,NORMAL,false,SRC_YAM_XMAX250_OM_2023,8-3,Cuadro de mantenimiento periodico del sistema de control de emisiones,"""Holgura de la valvula - Comprobar y ajustar. Cada 20000 km (12000 mi)""",HIGH,
MT_YAM_XMAX250_10,Yamaha,XMAX 250,CZD250D-A,2018,UNKNOWN,EU,FUEL_SYSTEM,Linea de combustible,Fuel line inspection,Yakit hatti kontrolu,FUEL_LINE,INSPECT,1000,10000,UNKNOWN,UNKNOWN,UNKNOWN,UNKNOWN,,1,1,NORMAL,false,SRC_YAM_XMAX250_OM_2023,8-3,Cuadro de mantenimiento periodico del sistema de control de emisiones,"""Linea de combustible - Comprobar si los tubos de gasolina estan agrietados o danados. Cambiar si es necesario."" (every column)",HIGH,
MT_YAM_XMAX250_11,Yamaha,XMAX 250,CZD250D-A,2018,UNKNOWN,EU,FUEL_SYSTEM,Inyeccion de gasolina,Fuel injection / idle check,Yakit enjeksiyonu / rolanti kontrolu,FUEL_SYSTEM,INSPECT,1000,10000,UNKNOWN,UNKNOWN,UNKNOWN,UNKNOWN,,1,0,NORMAL,false,SRC_YAM_XMAX250_OM_2023,8-3,Cuadro de mantenimiento periodico del sistema de control de emisiones,"""Inyeccion de gasolina - Comprobar el ralenti del motor."" (every column)",HIGH,
MT_YAM_XMAX250_12,Yamaha,XMAX 250,CZD250D-A,2018,UNKNOWN,EU,COOLANT,Sistema de refrigeracion - Comprobar nivel,Coolant level inspection,Sogutma sivisi seviye kontrolu,COOLANT,INSPECT,10000,10000,UNKNOWN,UNKNOWN,UNKNOWN,UNKNOWN,,1,0,NORMAL,false,SRC_YAM_XMAX250_OM_2023,8-7,Cuadro general de mantenimiento y engrase,"""Sistema de refrigeracion - Comprobar nivel de liquido refrigerante y si existen fugas en el vehiculo.""",HIGH,
MT_YAM_XMAX250_13,Yamaha,XMAX 250,CZD250D-A,2018,UNKNOWN,EU,COOLANT,Sistema de refrigeracion - Cambiar,Coolant change,Sogutma sivisi degisimi,COOLANT,DRAIN_REPLACE,UNKNOWN,UNKNOWN,UNKNOWN,36,UNKNOWN,UNKNOWN,,1,0,NORMAL,false,SRC_YAM_XMAX250_OM_2023,8-7,Cuadro general de mantenimiento y engrase,"""Sistema de refrigeracion - Cambiar. Cada 3 anos""",HIGH,
MT_YAM_XMAX250_14,Yamaha,XMAX 250,CZD250D-A,2018,UNKNOWN,EU,FINAL_DRIVE,Aceite de la transmision final,Final drive (gear) oil change,Nihai tahrik disli yagi degisimi,FINAL_DRIVE,REPLACE,10000,20000,UNKNOWN,UNKNOWN,UNKNOWN,UNKNOWN,,1,0,NORMAL,true,SRC_YAM_XMAX250_OM_2023,8-7,Cuadro general de mantenimiento y engrase,"""Aceite de la transmision final - Comprobar si existen fugas ... Cambiar."" (three Change marks on the grid)",MEDIUM,
MT_YAM_XMAX250_15,Yamaha,XMAX 250,CZD250D-A,2018,UNKNOWN,EU,FINAL_DRIVE,Correa trapezoidal - Cambiar,V-belt replacement,V-kayis degisimi,VBELT,REPLACE,20000,20000,UNKNOWN,UNKNOWN,UNKNOWN,UNKNOWN,,1,0,NORMAL,false,SRC_YAM_XMAX250_OM_2023,8-7,Cuadro general de mantenimiento y engrase,"""Correa trapezoidal - Cambiar. Cuando el indicador de cambio de la correa trapezoidal parpadee [cada 20000 km (12000 mi)]""",HIGH,
MT_YAM_XMAX250_16,Yamaha,XMAX 250,CZD250D-A,2018,UNKNOWN,EU,FRONT_BRAKE,Freno delantero,Front brake inspection,On fren kontrolu,FRONT_BRAKE,INSPECT,1000,10000,UNKNOWN,UNKNOWN,UNKNOWN,UNKNOWN,,1,1,NORMAL,false,SRC_YAM_XMAX250_OM_2023,8-5,Cuadro general de mantenimiento y engrase,"""Freno delantero - Comprobar funcionamiento, nivel de liquido y fugas. Cambiar las pastillas de freno si es necesario."" (every column + annual)",HIGH,
MT_YAM_XMAX250_17,Yamaha,XMAX 250,CZD250D-A,2018,UNKNOWN,EU,REAR_BRAKE,Freno trasero,Rear brake inspection,Arka fren kontrolu,REAR_BRAKE,INSPECT,1000,10000,UNKNOWN,UNKNOWN,UNKNOWN,UNKNOWN,,1,1,NORMAL,false,SRC_YAM_XMAX250_OM_2023,8-5,Cuadro general de mantenimiento y engrase,"""Freno trasero - Comprobar funcionamiento, nivel de liquido y fugas. Cambiar las pastillas de freno si es necesario.""",HIGH,
MT_YAM_XMAX250_18,Yamaha,XMAX 250,CZD250D-A,2018,UNKNOWN,EU,BRAKE_FLUID,Liquido de frenos - Cambiar,Brake fluid change,Fren hidroligi degisimi,BRAKE_FLUID,DRAIN_REPLACE,UNKNOWN,UNKNOWN,UNKNOWN,24,UNKNOWN,UNKNOWN,,1,1,NORMAL,false,SRC_YAM_XMAX250_OM_2023,8-5,Cuadro general de mantenimiento y engrase,"""Liquido de frenos - Cambiar. Cada 2 anos""; p8-8: ""Cada dos anos cambie los componentes internos de las bombas de freno y de las pinzas y cambie el liquido de freno.""",HIGH,
MT_YAM_XMAX250_19,Yamaha,XMAX 250,CZD250D-A,2018,UNKNOWN,EU,FRONT_BRAKE,Tubos de freno,Brake hose inspection / replacement,Fren hortumu kontrol/degisim,BRAKE_HOSE,INSPECT,10000,10000,UNKNOWN,48,UNKNOWN,UNKNOWN,,1,1,NORMAL,false,SRC_YAM_XMAX250_OM_2023,8-5,Cuadro general de mantenimiento y engrase,"""Tubos de freno - Comprobar si esta agrietado o danado."" (every column) ""Cambiar. Cada 4 anos""",HIGH,
MT_YAM_XMAX250_20,Yamaha,XMAX 250,CZD250D-A,2018,UNKNOWN,EU,TYRES,Neumaticos,Tyre inspection,Lastik kontrolu,TYRES,INSPECT,10000,10000,UNKNOWN,UNKNOWN,UNKNOWN,UNKNOWN,,1,1,NORMAL,false,SRC_YAM_XMAX250_OM_2023,8-6,Cuadro general de mantenimiento y engrase,"""Neumaticos - Comprobar la profundidad del dibujo y si esta danado. ... Comprobar la presion. Corregir si es necesario.""",HIGH,
MT_YAM_XMAX250_21,Yamaha,XMAX 250,CZD250D-A,2018,UNKNOWN,EU,WHEEL_BEARINGS,Cojinetes de rueda,Wheel bearing inspection,Tekerlek rulmani kontrolu,WHEEL_BEARINGS,INSPECT,10000,10000,UNKNOWN,UNKNOWN,UNKNOWN,UNKNOWN,,1,0,NORMAL,false,SRC_YAM_XMAX250_OM_2023,8-6,Cuadro general de mantenimiento y engrase,"""Cojinetes de rueda - Comprobar si los cojinetes estan flojos o danados."" (four marks, 10000-40000 km)",MEDIUM,
MT_YAM_XMAX250_22,Yamaha,XMAX 250,CZD250D-A,2018,UNKNOWN,EU,STEERING,Cojinetes de direccion,Steering bearing inspection & grease,Direksiyon rulmani kontrol/yaglama,STEERING,INSPECT,10000,10000,UNKNOWN,UNKNOWN,UNKNOWN,UNKNOWN,,1,0,NORMAL,false,SRC_YAM_XMAX250_OM_2023,8-6,Cuadro general de mantenimiento y engrase,"""Cojinetes de direccion - Comprobar que los conjuntos de cojinetes no esten flojos.""; ""Recubrir moderadamente con grasa a base de jabon de litio."" (two marks)",HIGH,
MT_YAM_XMAX250_23,Yamaha,XMAX 250,CZD250D-A,2018,UNKNOWN,EU,SUSPENSION,Horquilla delantera / Conjuntos amortiguadores,Front fork & shock inspection,On amortisor & arka amortisor kontrolu,SUSPENSION,INSPECT,10000,10000,UNKNOWN,UNKNOWN,UNKNOWN,UNKNOWN,,1,0,NORMAL,false,SRC_YAM_XMAX250_OM_2023,8-6,Cuadro general de mantenimiento y engrase,"""Horquilla delantera - Comprobar funcionamiento y si existen fugas de aceite."" / ""Conjuntos amortiguadores - Comprobar funcionamiento y si existen fugas de aceite."" (four marks each)",HIGH,
MT_YAM_XMAX250_24,Yamaha,XMAX 250,CZD250D-A,2018,UNKNOWN,EU,FASTENERS,Fijaciones del bastidor,Chassis fastener torque check,Sase baglanti elemani tork kontrolu,FASTENERS,TIGHTEN,10000,10000,UNKNOWN,UNKNOWN,UNKNOWN,UNKNOWN,,1,0,NORMAL,false,SRC_YAM_XMAX250_OM_2023,8-6,Cuadro general de mantenimiento y engrase,"""Fijaciones del bastidor - Comprobar que todas las tuercas, pernos y tornillos esten correctamente apretados.""",HIGH,
MT_YAM_XMAX250_25,Yamaha,XMAX 250,CZD250D-A,2018,UNKNOWN,EU,THROTTLE,Caja y cable del puno del acelerador,Throttle housing & cable check/adjust/lubricate,Gaz kelebegi govdesi ve kablosu kontrol/ayar/yaglama,THROTTLE,ADJUST,10000,10000,UNKNOWN,UNKNOWN,UNKNOWN,UNKNOWN,,1,0,NORMAL,false,SRC_YAM_XMAX250_OM_2023,8-8,Cuadro general de mantenimiento y engrase,"""Caja y cable del puno del acelerador - Comprobar funcionamiento y juego. Ajustar el juego del cable del acelerador si es necesario. Lubricar ...""",HIGH,
MT_YAM_XMAX250_26,Yamaha,XMAX 250,CZD250D-A,2018,UNKNOWN,EU,GENERAL_INSPECTION,Piezas moviles y cables - Lubricar / Comprobacion del sistema de diagnostico,Moving parts lubrication + diagnostic check,Hareketli parca yaglama + diyagnostik kontrol,GENERAL_INSPECTION,LUBRICATE,1000,10000,UNKNOWN,UNKNOWN,UNKNOWN,UNKNOWN,,1,0,NORMAL,false,SRC_YAM_XMAX250_OM_2023,8-5,Cuadro general de mantenimiento y engrase,"""Piezas moviles y cables - Lubricar."" (every column from 10000 km); ""Comprobacion del sistema de diagnostico - Efectuar una comprobacion dinamica con la herramienta de diagnostico Yamaha."" (every column + 1000 + annual)",HIGH,
MT_HONDA_CB125F_01,Honda,CB125F,GLR1251/JC64,2017,2019,EU,DRIVE_CHAIN,Drive Chain,Drive chain inspect/adjust/lubricate,Zincir kontrol/ayar/yaglama,DRIVE_CHAIN,LUBRICATE,500,500,UNKNOWN,UNKNOWN,UNKNOWN,UNKNOWN,,1,1,NORMAL,false,SRC_HONDA_CB125F_OM_1719,39,Maintenance Schedule,"""Drive Chain ... Every 500 km (300 mi):"" (Maintenance Schedule)",HIGH,
MT_HONDA_CB125F_02,Honda,CB125F,GLR1251/JC64,2017,2019,EU,BRAKE_FLUID,Brake Fluid *4,Brake fluid replacement,Fren hidroligi degisimi,BRAKE_FLUID,DRAIN_REPLACE,UNKNOWN,UNKNOWN,UNKNOWN,24,UNKNOWN,UNKNOWN,,1,1,NORMAL,false,SRC_HONDA_CB125F_OM_1719,39,Maintenance Schedule,"""Brake Fluid *4 ... 2 Years""",HIGH,
MT_HONDA_CB125F_03,Honda,CB125F,GLR1251/JC64,2017,2019,EU,AIR_FILTER,Air Cleaner *2,Air cleaner service - dusty/wet conditions,Hava filtresi - tozlu/islak kosul,AIR_FILTER,CLEAN,UNKNOWN,UNKNOWN,UNKNOWN,UNKNOWN,UNKNOWN,UNKNOWN,,0,0,DUSTY,false,SRC_HONDA_CB125F_OM_1719,39,Maintenance Schedule,"""*2 : Service more frequently when riding in unusually wet or dusty areas.""",HIGH,Base km interval not machine-readable (graphic marks).
MT_HONDA_CB125F_04,Honda,CB125F,GLR1251/JC64,2017,2019,EU,GENERAL_INSPECTION,Maintenance Schedule item list,Scheduled service (item list only),Periyodik servis (kalem listesi),GENERAL_INSPECTION,SERVICE,1000,4000,UNKNOWN,UNKNOWN,UNKNOWN,UNKNOWN,,1,0,NORMAL,true,SRC_HONDA_CB125F_OM_1719,37-39,Maintenance Schedule,"Schedule items: Fuel Line, Throttle Operation, Air Cleaner, Crankcase Breather, Spark Plug, Valve Clearance, Engine Oil, Oil Strainer Screen, Oil Centrifugal Filter, Idle Speed, Brake Shoes/Pads, Brake System, Brakelight Switch, Headlight Aim, Lights/Horn, Clutch System, Side Stand, Suspension, Nuts/Bolts/Fasteners, Wheels/Tyres, Steering Head Bearings. Per-km marks not machine-readable.",LOW,Placeholder capturing the scheduled item set; individual km intervals are a research gap.
MT_MONDIAL_50UAG_01,Mondial,50 UAG,50 UAG ec,UNKNOWN,UNKNOWN,TR,ENGINE_OIL,Motor ve Sanzman Yagi - D,Engine oil change,Motor yagi degisimi,ENGINE_OIL,REPLACE,1000,2000,UNKNOWN,6,UNKNOWN,UNKNOWN,,1,0,NORMAL,false,SRC_MONDIAL_50UAG_OM,24,Periyodik Bakim Tablosu,"""Motor ve Sanzman Yagi  D D D D"" (every column: 500-1000/2000/4000/6000 km)",HIGH,Table row combines engine + transmission oil.
MT_MONDIAL_50UAG_02,Mondial,50 UAG,50 UAG ec,UNKNOWN,UNKNOWN,TR,AIR_FILTER,Hava Filtresi ve Sungeri - T,Air filter clean,Hava filtresi temizligi,AIR_FILTER,CLEAN,1000,2000,UNKNOWN,UNKNOWN,UNKNOWN,UNKNOWN,Clean more often in wet/dusty use.,1,0,NORMAL,false,SRC_MONDIAL_50UAG_OM,24,Periyodik Bakim Tablosu,"""Hava Filtresi ve Sungeri  T T D D""",HIGH,
MT_MONDIAL_50UAG_03,Mondial,50 UAG,50 UAG ec,UNKNOWN,UNKNOWN,TR,AIR_FILTER,Hava Filtresi - D,Air filter replace,Hava filtresi degisimi,AIR_FILTER,REPLACE,4000,4000,UNKNOWN,UNKNOWN,UNKNOWN,UNKNOWN,,1,0,NORMAL,true,SRC_MONDIAL_50UAG_OM,24,Periyodik Bakim Tablosu,"""Hava Filtresi ve Sungeri  T T D D"" (D at 4000 and 6000 km columns)",MEDIUM,
MT_MONDIAL_50UAG_04,Mondial,50 UAG,50 UAG ec,UNKNOWN,UNKNOWN,TR,SPARK_PLUG,"Buji - K,T,D",Spark plug clean & gap,Buji temizlik/ayar,SPARK_PLUG,CLEAN,2000,2000,UNKNOWN,UNKNOWN,UNKNOWN,UNKNOWN,,1,0,NORMAL,false,SRC_MONDIAL_50UAG_OM,24,Periyodik Bakim Tablosu,"""Buji  K  K,T,D  K,T,D  K,T,D"" (check/clean/replace-if-needed from 2000 km)",HIGH,Table gives no separate spark-plug replace-only interval (D = replace if worn). Gap 0.6-0.7 mm.
MT_MONDIAL_50UAG_05,Mondial,50 UAG,50 UAG ec,UNKNOWN,UNKNOWN,TR,VALVE_CLEARANCE,"Supap araligi, sente ve motor - K",Valve clearance inspection,Supap boslugu kontrolu,VALVE_CLEARANCE,INSPECT,4000,2000,UNKNOWN,UNKNOWN,UNKNOWN,UNKNOWN,,1,0,NORMAL,true,SRC_MONDIAL_50UAG_OM,24,Periyodik Bakim Tablosu,"""Supap araligi, sente ve motor  --  --  K  K"" (checked from the 4000 km column)",MEDIUM,
MT_MONDIAL_50UAG_06,Mondial,50 UAG,50 UAG ec,UNKNOWN,UNKNOWN,TR,BRAKE_FLUID,Hidrolik Fren Sivisi ve Baglantilari,Brake fluid inspection / change,Fren hidroligi kontrol/degisim,BRAKE_FLUID,INSPECT,2000,2000,UNKNOWN,36,UNKNOWN,UNKNOWN,,1,1,NORMAL,false,SRC_MONDIAL_50UAG_OM,24,Periyodik Bakim Tablosu,"""Hidrolik Fren Sivisi ve Baglantilari  Her 2.000 km bakim, max 3 yilda bir degisim""",HIGH,Inspect every 2000 km; replace at most every 3 years.
MT_MONDIAL_50UAG_07,Mondial,50 UAG,50 UAG ec,UNKNOWN,UNKNOWN,TR,BRAKE_PADS,"On / Arka Fren Balatalari - K,D",Brake pad inspection,Fren balata kontrolu,BRAKE_PADS,INSPECT,2000,2000,UNKNOWN,UNKNOWN,UNKNOWN,UNKNOWN,Replace (D) when worn.,1,1,NORMAL,false,SRC_MONDIAL_50UAG_OM,24,Periyodik Bakim Tablosu,"""On / Arka Fren Balatalari  --  K  K,D  K,D""",HIGH,
MT_MONDIAL_50UAG_08,Mondial,50 UAG,50 UAG ec,UNKNOWN,UNKNOWN,TR,FRONT_BRAKE,"On / Arka Fren Sistemi - A,K",Brake system inspection/adjust,Fren sistemi kontrol/ayar,BRAKE_SYSTEM,INSPECT,1000,2000,UNKNOWN,UNKNOWN,UNKNOWN,UNKNOWN,,1,1,NORMAL,false,SRC_MONDIAL_50UAG_OM,24,Periyodik Bakim Tablosu,"""On / Arka Fren Sistemi  A  K,A  K  K,A""",HIGH,
MT_MONDIAL_50UAG_09,Mondial,50 UAG,50 UAG ec,UNKNOWN,UNKNOWN,TR,FUEL_SYSTEM,"Yakit Baglanti ve Elemanlari - K,D",Fuel line & components inspection,Yakit baglanti ve elemanlari kontrolu,FUEL_LINE,INSPECT,1000,2000,UNKNOWN,UNKNOWN,UNKNOWN,UNKNOWN,,1,1,NORMAL,false,SRC_MONDIAL_50UAG_OM,24,Periyodik Bakim Tablosu,"""Yakit Baglanti ve Elemanlari  K  K  K  K,D"" (D marked at 6000 km column)",HIGH,
MT_MONDIAL_50UAG_10,Mondial,50 UAG,50 UAG ec,UNKNOWN,UNKNOWN,TR,THROTTLE,"Gaz Teli, Gaz Kumanda Elcigi - K,A",Throttle cable check & adjust,Gaz kablosu kontrol ve ayar,THROTTLE,ADJUST,1000,2000,UNKNOWN,UNKNOWN,UNKNOWN,UNKNOWN,,1,0,NORMAL,false,SRC_MONDIAL_50UAG_OM,24,Periyodik Bakim Tablosu,"""Gaz Teli, Gaz Kumanda Elcigi  K  K,A  K,A  K,A"" (free play 2-6 mm)",HIGH,
MT_MONDIAL_50UAG_11,Mondial,50 UAG,50 UAG ec,UNKNOWN,UNKNOWN,TR,SUSPENSION,"On Masa / Arka Amortisor - K,D",Front fork & rear shock inspection,On/arka amortisor kontrolu,SUSPENSION,INSPECT,1000,2000,UNKNOWN,UNKNOWN,UNKNOWN,UNKNOWN,,1,0,NORMAL,false,SRC_MONDIAL_50UAG_OM,24,Periyodik Bakim Tablosu,"""On Masa, On Duzen Baglantilari ve Yag Kontrolleri  K  K  K,D  K,D"" / ""Arka Amortisor, Baglantilari ve Yaglama  --  K  K  D""",HIGH,
MT_MONDIAL_50UAG_12,Mondial,50 UAG,50 UAG ec,UNKNOWN,UNKNOWN,TR,FASTENERS,Motosiklet Uzerindeki Tum Civata ve Somunlar - A,All bolts & nuts check,Tum civata ve somun kontrolu,FASTENERS,TIGHTEN,1000,2000,UNKNOWN,UNKNOWN,UNKNOWN,UNKNOWN,,1,0,NORMAL,false,SRC_MONDIAL_50UAG_OM,24,Periyodik Bakim Tablosu,"""Motosiklet Uzerindeki Tum Civata ve Somunlar  A A A A"" / ""Egzoz, Borusu, Civata ve Somunlari  A A A A""",HIGH,
MT_MONDIAL_50UAG_13,Mondial,50 UAG,50 UAG ec,UNKNOWN,UNKNOWN,TR,TYRES,Lastikler - K,Tyre inspection,Lastik kontrolu,TYRES,INSPECT,1000,2000,UNKNOWN,UNKNOWN,UNKNOWN,UNKNOWN,,1,1,NORMAL,false,SRC_MONDIAL_50UAG_OM,24,Periyodik Bakim Tablosu,"""Lastikler  K K K K""",HIGH,
MT_MONDIAL_50UAG_14,Mondial,50 UAG,50 UAG ec,UNKNOWN,UNKNOWN,TR,BATTERY,Aku & Elektrik Tesisati - K,Battery & electrical inspection,Aku ve elektrik tesisati kontrolu,BATTERY,INSPECT,1000,2000,UNKNOWN,6,UNKNOWN,UNKNOWN,,1,0,NORMAL,false,SRC_MONDIAL_50UAG_OM,24,Periyodik Bakim Tablosu,"""*Aku & Elektrik Tesisati  K K K K"" ; ""*En gec 6 ayda bir AKU sarj durumunu kontrol edin.""",HIGH,
MT_MONDIAL_50UAG_15,Mondial,50 UAG,50 UAG ec,UNKNOWN,UNKNOWN,TR,LIGHTS,"Lambalar / Gidon, Kumanda, Gosterge ve Aydinlatma - K",Lights & controls check,Aydinlatma ve kumanda kontrolu,LIGHTS,INSPECT,2000,2000,UNKNOWN,UNKNOWN,UNKNOWN,UNKNOWN,,1,0,NORMAL,false,SRC_MONDIAL_50UAG_OM,24,Periyodik Bakim Tablosu,"""Lambalar  K K K K"" / ""Gidon, Kumanda, Gosterge ve Aydinlatma  --  K,A  K  K,A""",HIGH,
MT_MONDIAL_50UAG_16,Mondial,50 UAG,50 UAG ec,UNKNOWN,UNKNOWN,TR,GENERAL_INSPECTION,Servisleme / Periyodik bakim,General periodic service,Genel periyodik servis,GENERAL_INSPECTION,SERVICE,1000,2000,1,6,UNKNOWN,UNKNOWN,,1,0,NORMAL,false,SRC_MONDIAL_50UAG_OM,24,Periyodik Bakim Tablosu,"Full Periyodik Bakim Tablosu; services at 500-1000, 2000, 4000, 6000, 8000, 10000 ... km (every 2000 km / 6 months).",HIGH,
MT_MONDIAL_50UAG_17,Mondial,50 UAG,50 UAG ec,UNKNOWN,UNKNOWN,TR,DRIVE_CHAIN,"Tahrik Zinciri - Her 500 km Kontrol, Bakim, Yaglama",Drive chain inspect/service/lube,Zincir kontrol/bakim/yaglama,DRIVE_CHAIN,LUBRICATE,500,500,UNKNOWN,UNKNOWN,UNKNOWN,UNKNOWN,,1,1,NORMAL,false,SRC_MONDIAL_50UAG_OM,24,Periyodik Bakim Tablosu,"""** Tahrik Zinciri  Her 500 km Kontrol, Bakim, Yaglama""",HIGH,
MT_MONDIAL_50UAG_18,Mondial,50 UAG,50 UAG ec,UNKNOWN,UNKNOWN,TR,CLUTCH,"Debriyaj Sistemi - K,B / Kavrama",Clutch system service,Debriyaj sistemi bakimi,CLUTCH,SERVICE,1000,2000,UNKNOWN,UNKNOWN,UNKNOWN,UNKNOWN,,1,0,NORMAL,false,SRC_MONDIAL_50UAG_OM,24,Periyodik Bakim Tablosu,"""** Debriyaj Sistemi  K,B  K,B  K,B  K,B"" / ""Kavrama  --  K K K""",HIGH,
MT_MONDIAL_50UAG_19,Mondial,50 UAG,50 UAG ec,UNKNOWN,UNKNOWN,TR,GENERAL_INSPECTION,Eksantrik Zinciri - K,Cam chain inspection,Eksantrik zinciri kontrolu,CAM_CHAIN,INSPECT,1000,2000,UNKNOWN,UNKNOWN,UNKNOWN,UNKNOWN,,1,0,NORMAL,false,SRC_MONDIAL_50UAG_OM,24,Periyodik Bakim Tablosu,"""Eksantrik Zinciri  K K K K""",HIGH,
MT_MONDIAL_SFC_01,Mondial,SFC MINI 50ec,SFC Serisi (50 SFC ec),UNKNOWN,UNKNOWN,TR,ENGINE_OIL,Motor ve Sanzman Yagi - D,Engine oil change,Motor yagi degisimi,ENGINE_OIL,REPLACE,1000,2000,UNKNOWN,6,UNKNOWN,UNKNOWN,,1,0,NORMAL,false,SRC_MONDIAL_SFC_OM,24,Periyodik Bakim Tablosu,"""Motor ve Sanzman Yagi  D D D D"" (every column: 500-1000/2000/4000/6000 km)",HIGH,Table row combines engine + transmission oil.
MT_MONDIAL_SFC_02,Mondial,SFC MINI 50ec,SFC Serisi (50 SFC ec),UNKNOWN,UNKNOWN,TR,AIR_FILTER,Hava Filtresi ve Sungeri - T,Air filter clean,Hava filtresi temizligi,AIR_FILTER,CLEAN,1000,2000,UNKNOWN,UNKNOWN,UNKNOWN,UNKNOWN,Clean more often in wet/dusty use.,1,0,NORMAL,false,SRC_MONDIAL_SFC_OM,24,Periyodik Bakim Tablosu,"""Hava Filtresi ve Sungeri  T T D D""",HIGH,
MT_MONDIAL_SFC_03,Mondial,SFC MINI 50ec,SFC Serisi (50 SFC ec),UNKNOWN,UNKNOWN,TR,AIR_FILTER,Hava Filtresi - D,Air filter replace,Hava filtresi degisimi,AIR_FILTER,REPLACE,4000,4000,UNKNOWN,UNKNOWN,UNKNOWN,UNKNOWN,,1,0,NORMAL,true,SRC_MONDIAL_SFC_OM,24,Periyodik Bakim Tablosu,"""Hava Filtresi ve Sungeri  T T D D"" (D at 4000 and 6000 km columns)",MEDIUM,
MT_MONDIAL_SFC_04,Mondial,SFC MINI 50ec,SFC Serisi (50 SFC ec),UNKNOWN,UNKNOWN,TR,SPARK_PLUG,"Buji - K,T,D",Spark plug clean & gap,Buji temizlik/ayar,SPARK_PLUG,CLEAN,2000,2000,UNKNOWN,UNKNOWN,UNKNOWN,UNKNOWN,,1,0,NORMAL,false,SRC_MONDIAL_SFC_OM,24,Periyodik Bakim Tablosu,"""Buji  K  K,T,D  K,T,D  K,T,D"" (check/clean/replace-if-needed from 2000 km)",HIGH,Table gives no separate spark-plug replace-only interval (D = replace if worn). Gap 0.6-0.7 mm.
MT_MONDIAL_SFC_05,Mondial,SFC MINI 50ec,SFC Serisi (50 SFC ec),UNKNOWN,UNKNOWN,TR,VALVE_CLEARANCE,"Supap araligi, sente ve motor - K",Valve clearance inspection,Supap boslugu kontrolu,VALVE_CLEARANCE,INSPECT,4000,2000,UNKNOWN,UNKNOWN,UNKNOWN,UNKNOWN,,1,0,NORMAL,true,SRC_MONDIAL_SFC_OM,24,Periyodik Bakim Tablosu,"""Supap araligi, sente ve motor  --  --  K  K"" (checked from the 4000 km column)",MEDIUM,
MT_MONDIAL_SFC_06,Mondial,SFC MINI 50ec,SFC Serisi (50 SFC ec),UNKNOWN,UNKNOWN,TR,BRAKE_FLUID,Hidrolik Fren Sivisi ve Baglantilari,Brake fluid inspection / change,Fren hidroligi kontrol/degisim,BRAKE_FLUID,INSPECT,2000,2000,UNKNOWN,36,UNKNOWN,UNKNOWN,,1,1,NORMAL,false,SRC_MONDIAL_SFC_OM,24,Periyodik Bakim Tablosu,"""Hidrolik Fren Sivisi ve Baglantilari  Her 2.000 km bakim, max 3 yilda bir degisim""",HIGH,Inspect every 2000 km; replace at most every 3 years.
MT_MONDIAL_SFC_07,Mondial,SFC MINI 50ec,SFC Serisi (50 SFC ec),UNKNOWN,UNKNOWN,TR,BRAKE_PADS,"On / Arka Fren Balatalari - K,D",Brake pad inspection,Fren balata kontrolu,BRAKE_PADS,INSPECT,2000,2000,UNKNOWN,UNKNOWN,UNKNOWN,UNKNOWN,Replace (D) when worn.,1,1,NORMAL,false,SRC_MONDIAL_SFC_OM,24,Periyodik Bakim Tablosu,"""On / Arka Fren Balatalari  --  K  K,D  K,D""",HIGH,
MT_MONDIAL_SFC_08,Mondial,SFC MINI 50ec,SFC Serisi (50 SFC ec),UNKNOWN,UNKNOWN,TR,FRONT_BRAKE,"On / Arka Fren Sistemi - A,K",Brake system inspection/adjust,Fren sistemi kontrol/ayar,BRAKE_SYSTEM,INSPECT,1000,2000,UNKNOWN,UNKNOWN,UNKNOWN,UNKNOWN,,1,1,NORMAL,false,SRC_MONDIAL_SFC_OM,24,Periyodik Bakim Tablosu,"""On / Arka Fren Sistemi  A  K,A  K  K,A""",HIGH,
MT_MONDIAL_SFC_09,Mondial,SFC MINI 50ec,SFC Serisi (50 SFC ec),UNKNOWN,UNKNOWN,TR,FUEL_SYSTEM,"Yakit Baglanti ve Elemanlari - K,D",Fuel line & components inspection,Yakit baglanti ve elemanlari kontrolu,FUEL_LINE,INSPECT,1000,2000,UNKNOWN,UNKNOWN,UNKNOWN,UNKNOWN,,1,1,NORMAL,false,SRC_MONDIAL_SFC_OM,24,Periyodik Bakim Tablosu,"""Yakit Baglanti ve Elemanlari  K  K  K  K,D"" (D marked at 6000 km column)",HIGH,
MT_MONDIAL_SFC_10,Mondial,SFC MINI 50ec,SFC Serisi (50 SFC ec),UNKNOWN,UNKNOWN,TR,THROTTLE,"Gaz Teli, Gaz Kumanda Elcigi - K,A",Throttle cable check & adjust,Gaz kablosu kontrol ve ayar,THROTTLE,ADJUST,1000,2000,UNKNOWN,UNKNOWN,UNKNOWN,UNKNOWN,,1,0,NORMAL,false,SRC_MONDIAL_SFC_OM,24,Periyodik Bakim Tablosu,"""Gaz Teli, Gaz Kumanda Elcigi  K  K,A  K,A  K,A"" (free play 2-6 mm)",HIGH,
MT_MONDIAL_SFC_11,Mondial,SFC MINI 50ec,SFC Serisi (50 SFC ec),UNKNOWN,UNKNOWN,TR,SUSPENSION,"On Masa / Arka Amortisor - K,D",Front fork & rear shock inspection,On/arka amortisor kontrolu,SUSPENSION,INSPECT,1000,2000,UNKNOWN,UNKNOWN,UNKNOWN,UNKNOWN,,1,0,NORMAL,false,SRC_MONDIAL_SFC_OM,24,Periyodik Bakim Tablosu,"""On Masa, On Duzen Baglantilari ve Yag Kontrolleri  K  K  K,D  K,D"" / ""Arka Amortisor, Baglantilari ve Yaglama  --  K  K  D""",HIGH,
MT_MONDIAL_SFC_12,Mondial,SFC MINI 50ec,SFC Serisi (50 SFC ec),UNKNOWN,UNKNOWN,TR,FASTENERS,Motosiklet Uzerindeki Tum Civata ve Somunlar - A,All bolts & nuts check,Tum civata ve somun kontrolu,FASTENERS,TIGHTEN,1000,2000,UNKNOWN,UNKNOWN,UNKNOWN,UNKNOWN,,1,0,NORMAL,false,SRC_MONDIAL_SFC_OM,24,Periyodik Bakim Tablosu,"""Motosiklet Uzerindeki Tum Civata ve Somunlar  A A A A"" / ""Egzoz, Borusu, Civata ve Somunlari  A A A A""",HIGH,
MT_MONDIAL_SFC_13,Mondial,SFC MINI 50ec,SFC Serisi (50 SFC ec),UNKNOWN,UNKNOWN,TR,TYRES,Lastikler - K,Tyre inspection,Lastik kontrolu,TYRES,INSPECT,1000,2000,UNKNOWN,UNKNOWN,UNKNOWN,UNKNOWN,,1,1,NORMAL,false,SRC_MONDIAL_SFC_OM,24,Periyodik Bakim Tablosu,"""Lastikler  K K K K""",HIGH,
MT_MONDIAL_SFC_14,Mondial,SFC MINI 50ec,SFC Serisi (50 SFC ec),UNKNOWN,UNKNOWN,TR,BATTERY,Aku & Elektrik Tesisati - K,Battery & electrical inspection,Aku ve elektrik tesisati kontrolu,BATTERY,INSPECT,1000,2000,UNKNOWN,6,UNKNOWN,UNKNOWN,,1,0,NORMAL,false,SRC_MONDIAL_SFC_OM,24,Periyodik Bakim Tablosu,"""*Aku & Elektrik Tesisati  K K K K"" ; ""*En gec 6 ayda bir AKU sarj durumunu kontrol edin.""",HIGH,
MT_MONDIAL_SFC_15,Mondial,SFC MINI 50ec,SFC Serisi (50 SFC ec),UNKNOWN,UNKNOWN,TR,LIGHTS,"Lambalar / Gidon, Kumanda, Gosterge ve Aydinlatma - K",Lights & controls check,Aydinlatma ve kumanda kontrolu,LIGHTS,INSPECT,2000,2000,UNKNOWN,UNKNOWN,UNKNOWN,UNKNOWN,,1,0,NORMAL,false,SRC_MONDIAL_SFC_OM,24,Periyodik Bakim Tablosu,"""Lambalar  K K K K"" / ""Gidon, Kumanda, Gosterge ve Aydinlatma  --  K,A  K  K,A""",HIGH,
MT_MONDIAL_SFC_16,Mondial,SFC MINI 50ec,SFC Serisi (50 SFC ec),UNKNOWN,UNKNOWN,TR,GENERAL_INSPECTION,Servisleme / Periyodik bakim,General periodic service,Genel periyodik servis,GENERAL_INSPECTION,SERVICE,1000,2000,1,6,UNKNOWN,UNKNOWN,,1,0,NORMAL,false,SRC_MONDIAL_SFC_OM,24,Periyodik Bakim Tablosu,"Full Periyodik Bakim Tablosu; services at 500-1000, 2000, 4000, 6000, 8000, 10000 ... km (every 2000 km / 6 months).",HIGH,
MT_MONDIAL_SFC_17,Mondial,SFC MINI 50ec,SFC Serisi (50 SFC ec),UNKNOWN,UNKNOWN,TR,DRIVE_CHAIN,"Tahrik Zinciri - Her 500 km Kontrol, Bakim, Yaglama",Drive chain inspect/service/lube,Zincir kontrol/bakim/yaglama,DRIVE_CHAIN,LUBRICATE,500,500,UNKNOWN,UNKNOWN,UNKNOWN,UNKNOWN,,1,1,NORMAL,false,SRC_MONDIAL_SFC_OM,24,Periyodik Bakim Tablosu,"""** Tahrik Zinciri  Her 500 km Kontrol, Bakim, Yaglama""",HIGH,
MT_MONDIAL_SFC_18,Mondial,SFC MINI 50ec,SFC Serisi (50 SFC ec),UNKNOWN,UNKNOWN,TR,CLUTCH,"Debriyaj Sistemi - K,B / Kavrama",Clutch system service,Debriyaj sistemi bakimi,CLUTCH,SERVICE,1000,2000,UNKNOWN,UNKNOWN,UNKNOWN,UNKNOWN,,1,0,NORMAL,false,SRC_MONDIAL_SFC_OM,24,Periyodik Bakim Tablosu,"""** Debriyaj Sistemi  K,B  K,B  K,B  K,B"" / ""Kavrama  --  K K K""",HIGH,
MT_MONDIAL_SFC_19,Mondial,SFC MINI 50ec,SFC Serisi (50 SFC ec),UNKNOWN,UNKNOWN,TR,GENERAL_INSPECTION,Eksantrik Zinciri - K,Cam chain inspection,Eksantrik zinciri kontrolu,CAM_CHAIN,INSPECT,1000,2000,UNKNOWN,UNKNOWN,UNKNOWN,UNKNOWN,,1,0,NORMAL,false,SRC_MONDIAL_SFC_OM,24,Periyodik Bakim Tablosu,"""Eksantrik Zinciri  K K K K""",HIGH,
MT_MONDIAL_WING50I_01,Mondial,Wing 50i,WING 50 I (EURO 5),UNKNOWN,UNKNOWN,TR,ENGINE_OIL,Motor ve Sanzman Yagi - D,Engine oil change,Motor yagi degisimi,ENGINE_OIL,REPLACE,1000,1000,UNKNOWN,,UNKNOWN,UNKNOWN,,1,0,NORMAL,false,SRC_MONDIAL_WING50I_OM,21,Periyodik Bakim Tablosu,"""Motor ve Sanzman Yagi  Her 1.000 Km de degistir""",HIGH,"Table row combines engine + transmission oil. Scooter table states 'change every 1,000 km'."
MT_MONDIAL_WING50I_02,Mondial,Wing 50i,WING 50 I (EURO 5),UNKNOWN,UNKNOWN,TR,AIR_FILTER,"Hava, Yag ve Yakit Filtreleri - T,B,D",Air filter clean,Hava filtresi temizligi,AIR_FILTER,CLEAN,1000,2000,UNKNOWN,UNKNOWN,UNKNOWN,UNKNOWN,Clean more often in wet/dusty use.,1,0,NORMAL,false,SRC_MONDIAL_WING50I_OM,21,Periyodik Bakim Tablosu,"""Hava, Yag ve Yakit Filtreleri  T,B,D  T,B  T,B  D""",HIGH,
MT_MONDIAL_WING50I_03,Mondial,Wing 50i,WING 50 I (EURO 5),UNKNOWN,UNKNOWN,TR,AIR_FILTER,Hava Filtresi - D,Air filter replace,Hava filtresi degisimi,AIR_FILTER,REPLACE,4000,4000,UNKNOWN,UNKNOWN,UNKNOWN,UNKNOWN,,1,0,NORMAL,true,SRC_MONDIAL_WING50I_OM,21,Periyodik Bakim Tablosu,"""Hava, Yag ve Yakit Filtreleri ... D"" marked at 500-1000 and 6000 km columns",MEDIUM,
MT_MONDIAL_WING50I_04,Mondial,Wing 50i,WING 50 I (EURO 5),UNKNOWN,UNKNOWN,TR,SPARK_PLUG,"Buji - K,T,D",Spark plug clean & gap,Buji temizlik/ayar,SPARK_PLUG,CLEAN,2000,2000,UNKNOWN,UNKNOWN,UNKNOWN,UNKNOWN,,1,0,NORMAL,false,SRC_MONDIAL_WING50I_OM,21,Periyodik Bakim Tablosu,"""Buji  K  K,T,D  K,T,D  K,T,D"" (check/clean/replace-if-needed from 2000 km)",HIGH,Table gives no separate spark-plug replace-only interval (D = replace if worn). Gap 0.6-0.7 mm.
MT_MONDIAL_WING50I_05,Mondial,Wing 50i,WING 50 I (EURO 5),UNKNOWN,UNKNOWN,TR,VALVE_CLEARANCE,"Supap araligi, sente ve motor - K",Valve clearance inspection,Supap boslugu kontrolu,VALVE_CLEARANCE,INSPECT,4000,2000,UNKNOWN,UNKNOWN,UNKNOWN,UNKNOWN,,1,0,NORMAL,true,SRC_MONDIAL_WING50I_OM,21,Periyodik Bakim Tablosu,"""Supap araligi, sente ve motor  --  --  K  K"" (checked from the 4000 km column)",MEDIUM,
MT_MONDIAL_WING50I_06,Mondial,Wing 50i,WING 50 I (EURO 5),UNKNOWN,UNKNOWN,TR,BRAKE_FLUID,Hidrolik Fren Sivisi ve Baglantilari,Brake fluid inspection / change,Fren hidroligi kontrol/degisim,BRAKE_FLUID,INSPECT,2000,2000,UNKNOWN,36,UNKNOWN,UNKNOWN,,1,1,NORMAL,false,SRC_MONDIAL_WING50I_OM,21,Periyodik Bakim Tablosu,"""Hidrolik Fren Sivisi ve Baglantilari  Her 2.000 km bakim, max 3 yilda bir degisim""",HIGH,Inspect every 2000 km; replace at most every 3 years.
MT_MONDIAL_WING50I_07,Mondial,Wing 50i,WING 50 I (EURO 5),UNKNOWN,UNKNOWN,TR,BRAKE_PADS,"On / Arka Fren Balatalari - K,D",Brake pad inspection,Fren balata kontrolu,BRAKE_PADS,INSPECT,2000,2000,UNKNOWN,UNKNOWN,UNKNOWN,UNKNOWN,Replace (D) when worn.,1,1,NORMAL,false,SRC_MONDIAL_WING50I_OM,21,Periyodik Bakim Tablosu,"""On / Arka Fren Balatalari  --  K  K,D  K,D""",HIGH,
MT_MONDIAL_WING50I_08,Mondial,Wing 50i,WING 50 I (EURO 5),UNKNOWN,UNKNOWN,TR,FRONT_BRAKE,"On / Arka Fren Sistemi - A,K",Brake system inspection/adjust,Fren sistemi kontrol/ayar,BRAKE_SYSTEM,INSPECT,1000,2000,UNKNOWN,UNKNOWN,UNKNOWN,UNKNOWN,,1,1,NORMAL,false,SRC_MONDIAL_WING50I_OM,21,Periyodik Bakim Tablosu,"""On / Arka Fren Sistemi  A  K,A  K  K,A""",HIGH,
MT_MONDIAL_WING50I_09,Mondial,Wing 50i,WING 50 I (EURO 5),UNKNOWN,UNKNOWN,TR,FUEL_SYSTEM,"Yakit Baglanti ve Elemanlari - K,D",Fuel line & components inspection,Yakit baglanti ve elemanlari kontrolu,FUEL_LINE,INSPECT,1000,2000,UNKNOWN,UNKNOWN,UNKNOWN,UNKNOWN,,1,1,NORMAL,false,SRC_MONDIAL_WING50I_OM,21,Periyodik Bakim Tablosu,"""Yakit Baglanti ve Elemanlari  K  K  K  K,D"" (D marked at 6000 km column)",HIGH,
MT_MONDIAL_WING50I_10,Mondial,Wing 50i,WING 50 I (EURO 5),UNKNOWN,UNKNOWN,TR,THROTTLE,"Gaz Teli, Gaz Kumanda Elcigi - K,A",Throttle cable check & adjust,Gaz kablosu kontrol ve ayar,THROTTLE,ADJUST,1000,2000,UNKNOWN,UNKNOWN,UNKNOWN,UNKNOWN,,1,0,NORMAL,false,SRC_MONDIAL_WING50I_OM,21,Periyodik Bakim Tablosu,"""Gaz Teli, Gaz Kumanda Elcigi  K  K,A  K,A  K,A"" (free play 2-6 mm)",HIGH,
MT_MONDIAL_WING50I_11,Mondial,Wing 50i,WING 50 I (EURO 5),UNKNOWN,UNKNOWN,TR,SUSPENSION,"On Masa / Arka Amortisor - K,D",Front fork & rear shock inspection,On/arka amortisor kontrolu,SUSPENSION,INSPECT,1000,2000,UNKNOWN,UNKNOWN,UNKNOWN,UNKNOWN,,1,0,NORMAL,false,SRC_MONDIAL_WING50I_OM,21,Periyodik Bakim Tablosu,"""On Masa, On Duzen Baglantilari ve Yag Kontrolleri  K  K  K,D  K,D"" / ""Arka Amortisor, Baglantilari ve Yaglama  --  K  K  D""",HIGH,
MT_MONDIAL_WING50I_12,Mondial,Wing 50i,WING 50 I (EURO 5),UNKNOWN,UNKNOWN,TR,FASTENERS,Motosiklet Uzerindeki Tum Civata ve Somunlar - A,All bolts & nuts check,Tum civata ve somun kontrolu,FASTENERS,TIGHTEN,1000,2000,UNKNOWN,UNKNOWN,UNKNOWN,UNKNOWN,,1,0,NORMAL,false,SRC_MONDIAL_WING50I_OM,21,Periyodik Bakim Tablosu,"""Motosiklet Uzerindeki Tum Civata ve Somunlar  A A A A"" / ""Egzoz, Borusu, Civata ve Somunlari  A A A A""",HIGH,
MT_MONDIAL_WING50I_13,Mondial,Wing 50i,WING 50 I (EURO 5),UNKNOWN,UNKNOWN,TR,TYRES,Lastikler - K,Tyre inspection,Lastik kontrolu,TYRES,INSPECT,1000,2000,UNKNOWN,UNKNOWN,UNKNOWN,UNKNOWN,,1,1,NORMAL,false,SRC_MONDIAL_WING50I_OM,21,Periyodik Bakim Tablosu,"""Lastikler  K K K K""",HIGH,
MT_MONDIAL_WING50I_14,Mondial,Wing 50i,WING 50 I (EURO 5),UNKNOWN,UNKNOWN,TR,BATTERY,Aku & Elektrik Tesisati - K,Battery & electrical inspection,Aku ve elektrik tesisati kontrolu,BATTERY,INSPECT,1000,2000,UNKNOWN,6,UNKNOWN,UNKNOWN,,1,0,NORMAL,false,SRC_MONDIAL_WING50I_OM,21,Periyodik Bakim Tablosu,"""*Aku & Elektrik Tesisati  K K K K"" ; ""*En gec 6 ayda bir AKU sarj durumunu kontrol edin.""",HIGH,
MT_MONDIAL_WING50I_15,Mondial,Wing 50i,WING 50 I (EURO 5),UNKNOWN,UNKNOWN,TR,LIGHTS,"Lambalar / Gidon, Kumanda, Gosterge ve Aydinlatma - K",Lights & controls check,Aydinlatma ve kumanda kontrolu,LIGHTS,INSPECT,2000,2000,UNKNOWN,UNKNOWN,UNKNOWN,UNKNOWN,,1,0,NORMAL,false,SRC_MONDIAL_WING50I_OM,21,Periyodik Bakim Tablosu,"""Lambalar  K K K K"" / ""Gidon, Kumanda, Gosterge ve Aydinlatma  --  K,A  K  K,A""",HIGH,
MT_MONDIAL_WING50I_16,Mondial,Wing 50i,WING 50 I (EURO 5),UNKNOWN,UNKNOWN,TR,GENERAL_INSPECTION,Servisleme / Periyodik bakim,General periodic service,Genel periyodik servis,GENERAL_INSPECTION,SERVICE,1000,2000,1,6,UNKNOWN,UNKNOWN,,1,0,NORMAL,false,SRC_MONDIAL_WING50I_OM,21,Periyodik Bakim Tablosu,"Full Periyodik Bakim Tablosu; services at 500-1000, 2000, 4000, 6000, 8000, 10000 ... km (every 2000 km / 6 months).",HIGH,
MT_MONDIAL_WING50I_17,Mondial,Wing 50i,WING 50 I (EURO 5),UNKNOWN,UNKNOWN,TR,COOLANT,Sogutma Sistemi (sogutma sivisi 2 yilda bir degisim),Coolant inspection / change,Sogutma sistemi kontrol/degisim,COOLANT,INSPECT,1000,2000,UNKNOWN,24,UNKNOWN,UNKNOWN,,1,0,NORMAL,false,SRC_MONDIAL_WING50I_OM,21,Periyodik Bakim Tablosu,"""Sogutma Sistemi (sogutma sivisi 2 yilda bir degisim)  K K K K""",MEDIUM,"Table row is generic; the RideBase inventory lists this Mondial 50 as AIR-cooled, so this cooling-system row may not apply to this exact variant."
MT_MONDIAL_WING50I_18,Mondial,Wing 50i,WING 50 I (EURO 5),UNKNOWN,UNKNOWN,TR,FUEL_FILTER,Yakit Filtresi / Benzin Filtresi,Fuel filter inspection/replace,Yakit filtresi kontrol/degisim,FUEL_FILTER,INSPECT,1000,2000,UNKNOWN,UNKNOWN,UNKNOWN,UNKNOWN,,1,1,NORMAL,false,SRC_MONDIAL_WING50I_OM,21,Periyodik Bakim Tablosu,"""Hava, Yag ve Yakit Filtreleri  T,B,D ..."" ; p24: ""Benzin filtresinin tum periyodik bakimlarda kontrol edilmesi, gerekli ise degistirilmesi""",MEDIUM,
MT_MONDIAL_WING50I_19,Mondial,Wing 50i,WING 50 I (EURO 5),UNKNOWN,UNKNOWN,TR,CLUTCH,Kavrama - K / ECU & EFI Sistemi - K,Clutch & EFI system inspection,Kavrama ve EFI sistemi kontrolu,CLUTCH,INSPECT,2000,2000,UNKNOWN,UNKNOWN,UNKNOWN,UNKNOWN,,1,0,NORMAL,false,SRC_MONDIAL_WING50I_OM,21,Periyodik Bakim Tablosu,"""Kavrama  --  K K K"" / ""ECU & EFI Sistemi  --  K K K""",HIGH,
MT_MONDIAL_EXON50_01,Mondial,Exon 50,EXON 50 I (EURO 5),UNKNOWN,UNKNOWN,TR,ENGINE_OIL,Motor ve Sanzman Yagi - D,Engine oil change,Motor yagi degisimi,ENGINE_OIL,REPLACE,1000,1000,UNKNOWN,,UNKNOWN,UNKNOWN,,1,0,NORMAL,false,SRC_MONDIAL_EXON50_OM,21,Periyodik Bakim Tablosu,"""Motor ve Sanzman Yagi  Her 1.000 Km de degistir""",HIGH,"Table row combines engine + transmission oil. Scooter table states 'change every 1,000 km'."
MT_MONDIAL_EXON50_02,Mondial,Exon 50,EXON 50 I (EURO 5),UNKNOWN,UNKNOWN,TR,AIR_FILTER,"Hava, Yag ve Yakit Filtreleri - T,B,D",Air filter clean,Hava filtresi temizligi,AIR_FILTER,CLEAN,1000,2000,UNKNOWN,UNKNOWN,UNKNOWN,UNKNOWN,Clean more often in wet/dusty use.,1,0,NORMAL,false,SRC_MONDIAL_EXON50_OM,21,Periyodik Bakim Tablosu,"""Hava, Yag ve Yakit Filtreleri  T,B,D  T,B  T,B  D""",HIGH,
MT_MONDIAL_EXON50_03,Mondial,Exon 50,EXON 50 I (EURO 5),UNKNOWN,UNKNOWN,TR,AIR_FILTER,Hava Filtresi - D,Air filter replace,Hava filtresi degisimi,AIR_FILTER,REPLACE,4000,4000,UNKNOWN,UNKNOWN,UNKNOWN,UNKNOWN,,1,0,NORMAL,true,SRC_MONDIAL_EXON50_OM,21,Periyodik Bakim Tablosu,"""Hava, Yag ve Yakit Filtreleri ... D"" marked at 500-1000 and 6000 km columns",MEDIUM,
MT_MONDIAL_EXON50_04,Mondial,Exon 50,EXON 50 I (EURO 5),UNKNOWN,UNKNOWN,TR,SPARK_PLUG,"Buji - K,T,D",Spark plug clean & gap,Buji temizlik/ayar,SPARK_PLUG,CLEAN,2000,2000,UNKNOWN,UNKNOWN,UNKNOWN,UNKNOWN,,1,0,NORMAL,false,SRC_MONDIAL_EXON50_OM,21,Periyodik Bakim Tablosu,"""Buji  K  K,T,D  K,T,D  K,T,D"" (check/clean/replace-if-needed from 2000 km)",HIGH,Table gives no separate spark-plug replace-only interval (D = replace if worn). Gap 0.6-0.7 mm.
MT_MONDIAL_EXON50_05,Mondial,Exon 50,EXON 50 I (EURO 5),UNKNOWN,UNKNOWN,TR,VALVE_CLEARANCE,"Supap araligi, sente ve motor - K",Valve clearance inspection,Supap boslugu kontrolu,VALVE_CLEARANCE,INSPECT,4000,2000,UNKNOWN,UNKNOWN,UNKNOWN,UNKNOWN,,1,0,NORMAL,true,SRC_MONDIAL_EXON50_OM,21,Periyodik Bakim Tablosu,"""Supap araligi, sente ve motor  --  --  K  K"" (checked from the 4000 km column)",MEDIUM,
MT_MONDIAL_EXON50_06,Mondial,Exon 50,EXON 50 I (EURO 5),UNKNOWN,UNKNOWN,TR,BRAKE_FLUID,Hidrolik Fren Sivisi ve Baglantilari,Brake fluid inspection / change,Fren hidroligi kontrol/degisim,BRAKE_FLUID,INSPECT,2000,2000,UNKNOWN,36,UNKNOWN,UNKNOWN,,1,1,NORMAL,false,SRC_MONDIAL_EXON50_OM,21,Periyodik Bakim Tablosu,"""Hidrolik Fren Sivisi ve Baglantilari  Her 2.000 km bakim, max 3 yilda bir degisim""",HIGH,Inspect every 2000 km; replace at most every 3 years.
MT_MONDIAL_EXON50_07,Mondial,Exon 50,EXON 50 I (EURO 5),UNKNOWN,UNKNOWN,TR,BRAKE_PADS,"On / Arka Fren Balatalari - K,D",Brake pad inspection,Fren balata kontrolu,BRAKE_PADS,INSPECT,2000,2000,UNKNOWN,UNKNOWN,UNKNOWN,UNKNOWN,Replace (D) when worn.,1,1,NORMAL,false,SRC_MONDIAL_EXON50_OM,21,Periyodik Bakim Tablosu,"""On / Arka Fren Balatalari  --  K  K,D  K,D""",HIGH,
MT_MONDIAL_EXON50_08,Mondial,Exon 50,EXON 50 I (EURO 5),UNKNOWN,UNKNOWN,TR,FRONT_BRAKE,"On / Arka Fren Sistemi - A,K",Brake system inspection/adjust,Fren sistemi kontrol/ayar,BRAKE_SYSTEM,INSPECT,1000,2000,UNKNOWN,UNKNOWN,UNKNOWN,UNKNOWN,,1,1,NORMAL,false,SRC_MONDIAL_EXON50_OM,21,Periyodik Bakim Tablosu,"""On / Arka Fren Sistemi  A  K,A  K  K,A""",HIGH,
MT_MONDIAL_EXON50_09,Mondial,Exon 50,EXON 50 I (EURO 5),UNKNOWN,UNKNOWN,TR,FUEL_SYSTEM,"Yakit Baglanti ve Elemanlari - K,D",Fuel line & components inspection,Yakit baglanti ve elemanlari kontrolu,FUEL_LINE,INSPECT,1000,2000,UNKNOWN,UNKNOWN,UNKNOWN,UNKNOWN,,1,1,NORMAL,false,SRC_MONDIAL_EXON50_OM,21,Periyodik Bakim Tablosu,"""Yakit Baglanti ve Elemanlari  K  K  K  K,D"" (D marked at 6000 km column)",HIGH,
MT_MONDIAL_EXON50_10,Mondial,Exon 50,EXON 50 I (EURO 5),UNKNOWN,UNKNOWN,TR,THROTTLE,"Gaz Teli, Gaz Kumanda Elcigi - K,A",Throttle cable check & adjust,Gaz kablosu kontrol ve ayar,THROTTLE,ADJUST,1000,2000,UNKNOWN,UNKNOWN,UNKNOWN,UNKNOWN,,1,0,NORMAL,false,SRC_MONDIAL_EXON50_OM,21,Periyodik Bakim Tablosu,"""Gaz Teli, Gaz Kumanda Elcigi  K  K,A  K,A  K,A"" (free play 2-6 mm)",HIGH,
MT_MONDIAL_EXON50_11,Mondial,Exon 50,EXON 50 I (EURO 5),UNKNOWN,UNKNOWN,TR,SUSPENSION,"On Masa / Arka Amortisor - K,D",Front fork & rear shock inspection,On/arka amortisor kontrolu,SUSPENSION,INSPECT,1000,2000,UNKNOWN,UNKNOWN,UNKNOWN,UNKNOWN,,1,0,NORMAL,false,SRC_MONDIAL_EXON50_OM,21,Periyodik Bakim Tablosu,"""On Masa, On Duzen Baglantilari ve Yag Kontrolleri  K  K  K,D  K,D"" / ""Arka Amortisor, Baglantilari ve Yaglama  --  K  K  D""",HIGH,
MT_MONDIAL_EXON50_12,Mondial,Exon 50,EXON 50 I (EURO 5),UNKNOWN,UNKNOWN,TR,FASTENERS,Motosiklet Uzerindeki Tum Civata ve Somunlar - A,All bolts & nuts check,Tum civata ve somun kontrolu,FASTENERS,TIGHTEN,1000,2000,UNKNOWN,UNKNOWN,UNKNOWN,UNKNOWN,,1,0,NORMAL,false,SRC_MONDIAL_EXON50_OM,21,Periyodik Bakim Tablosu,"""Motosiklet Uzerindeki Tum Civata ve Somunlar  A A A A"" / ""Egzoz, Borusu, Civata ve Somunlari  A A A A""",HIGH,
MT_MONDIAL_EXON50_13,Mondial,Exon 50,EXON 50 I (EURO 5),UNKNOWN,UNKNOWN,TR,TYRES,Lastikler - K,Tyre inspection,Lastik kontrolu,TYRES,INSPECT,1000,2000,UNKNOWN,UNKNOWN,UNKNOWN,UNKNOWN,,1,1,NORMAL,false,SRC_MONDIAL_EXON50_OM,21,Periyodik Bakim Tablosu,"""Lastikler  K K K K""",HIGH,
MT_MONDIAL_EXON50_14,Mondial,Exon 50,EXON 50 I (EURO 5),UNKNOWN,UNKNOWN,TR,BATTERY,Aku & Elektrik Tesisati - K,Battery & electrical inspection,Aku ve elektrik tesisati kontrolu,BATTERY,INSPECT,1000,2000,UNKNOWN,6,UNKNOWN,UNKNOWN,,1,0,NORMAL,false,SRC_MONDIAL_EXON50_OM,21,Periyodik Bakim Tablosu,"""*Aku & Elektrik Tesisati  K K K K"" ; ""*En gec 6 ayda bir AKU sarj durumunu kontrol edin.""",HIGH,
MT_MONDIAL_EXON50_15,Mondial,Exon 50,EXON 50 I (EURO 5),UNKNOWN,UNKNOWN,TR,LIGHTS,"Lambalar / Gidon, Kumanda, Gosterge ve Aydinlatma - K",Lights & controls check,Aydinlatma ve kumanda kontrolu,LIGHTS,INSPECT,2000,2000,UNKNOWN,UNKNOWN,UNKNOWN,UNKNOWN,,1,0,NORMAL,false,SRC_MONDIAL_EXON50_OM,21,Periyodik Bakim Tablosu,"""Lambalar  K K K K"" / ""Gidon, Kumanda, Gosterge ve Aydinlatma  --  K,A  K  K,A""",HIGH,
MT_MONDIAL_EXON50_16,Mondial,Exon 50,EXON 50 I (EURO 5),UNKNOWN,UNKNOWN,TR,GENERAL_INSPECTION,Servisleme / Periyodik bakim,General periodic service,Genel periyodik servis,GENERAL_INSPECTION,SERVICE,1000,2000,1,6,UNKNOWN,UNKNOWN,,1,0,NORMAL,false,SRC_MONDIAL_EXON50_OM,21,Periyodik Bakim Tablosu,"Full Periyodik Bakim Tablosu; services at 500-1000, 2000, 4000, 6000, 8000, 10000 ... km (every 2000 km / 6 months).",HIGH,
MT_MONDIAL_EXON50_17,Mondial,Exon 50,EXON 50 I (EURO 5),UNKNOWN,UNKNOWN,TR,COOLANT,Sogutma Sistemi (sogutma sivisi 2 yilda bir degisim),Coolant inspection / change,Sogutma sistemi kontrol/degisim,COOLANT,INSPECT,1000,2000,UNKNOWN,24,UNKNOWN,UNKNOWN,,1,0,NORMAL,false,SRC_MONDIAL_EXON50_OM,21,Periyodik Bakim Tablosu,"""Sogutma Sistemi (sogutma sivisi 2 yilda bir degisim)  K K K K""",MEDIUM,"Table row is generic; the RideBase inventory lists this Mondial 50 as AIR-cooled, so this cooling-system row may not apply to this exact variant."
MT_MONDIAL_EXON50_18,Mondial,Exon 50,EXON 50 I (EURO 5),UNKNOWN,UNKNOWN,TR,FUEL_FILTER,Yakit Filtresi / Benzin Filtresi,Fuel filter inspection/replace,Yakit filtresi kontrol/degisim,FUEL_FILTER,INSPECT,1000,2000,UNKNOWN,UNKNOWN,UNKNOWN,UNKNOWN,,1,1,NORMAL,false,SRC_MONDIAL_EXON50_OM,21,Periyodik Bakim Tablosu,"""Hava, Yag ve Yakit Filtreleri  T,B,D ..."" ; p24: ""Benzin filtresinin tum periyodik bakimlarda kontrol edilmesi, gerekli ise degistirilmesi""",MEDIUM,
MT_MONDIAL_EXON50_19,Mondial,Exon 50,EXON 50 I (EURO 5),UNKNOWN,UNKNOWN,TR,CLUTCH,Kavrama - K / ECU & EFI Sistemi - K,Clutch & EFI system inspection,Kavrama ve EFI sistemi kontrolu,CLUTCH,INSPECT,2000,2000,UNKNOWN,UNKNOWN,UNKNOWN,UNKNOWN,,1,0,NORMAL,false,SRC_MONDIAL_EXON50_OM,21,Periyodik Bakim Tablosu,"""Kavrama  --  K K K"" / ""ECU & EFI Sistemi  --  K K K""",HIGH,
MT_MONDIAL_TURISMO50I_01,Mondial,Turismo 50i,TURISMO 50 I (EURO 5),UNKNOWN,UNKNOWN,TR,ENGINE_OIL,Motor ve Sanzman Yagi - D,Engine oil change,Motor yagi degisimi,ENGINE_OIL,REPLACE,1000,1000,UNKNOWN,,UNKNOWN,UNKNOWN,,1,0,NORMAL,false,SRC_MONDIAL_TURISMO50I_OM,21,Periyodik Bakim Tablosu,"""Motor ve Sanzman Yagi  Her 1.000 Km de degistir""",HIGH,"Table row combines engine + transmission oil. Scooter table states 'change every 1,000 km'."
MT_MONDIAL_TURISMO50I_02,Mondial,Turismo 50i,TURISMO 50 I (EURO 5),UNKNOWN,UNKNOWN,TR,AIR_FILTER,"Hava, Yag ve Yakit Filtreleri - T,B,D",Air filter clean,Hava filtresi temizligi,AIR_FILTER,CLEAN,1000,2000,UNKNOWN,UNKNOWN,UNKNOWN,UNKNOWN,Clean more often in wet/dusty use.,1,0,NORMAL,false,SRC_MONDIAL_TURISMO50I_OM,21,Periyodik Bakim Tablosu,"""Hava, Yag ve Yakit Filtreleri  T,B,D  T,B  T,B  D""",HIGH,
MT_MONDIAL_TURISMO50I_03,Mondial,Turismo 50i,TURISMO 50 I (EURO 5),UNKNOWN,UNKNOWN,TR,AIR_FILTER,Hava Filtresi - D,Air filter replace,Hava filtresi degisimi,AIR_FILTER,REPLACE,4000,4000,UNKNOWN,UNKNOWN,UNKNOWN,UNKNOWN,,1,0,NORMAL,true,SRC_MONDIAL_TURISMO50I_OM,21,Periyodik Bakim Tablosu,"""Hava, Yag ve Yakit Filtreleri ... D"" marked at 500-1000 and 6000 km columns",MEDIUM,
MT_MONDIAL_TURISMO50I_04,Mondial,Turismo 50i,TURISMO 50 I (EURO 5),UNKNOWN,UNKNOWN,TR,SPARK_PLUG,"Buji - K,T,D",Spark plug clean & gap,Buji temizlik/ayar,SPARK_PLUG,CLEAN,2000,2000,UNKNOWN,UNKNOWN,UNKNOWN,UNKNOWN,,1,0,NORMAL,false,SRC_MONDIAL_TURISMO50I_OM,21,Periyodik Bakim Tablosu,"""Buji  K  K,T,D  K,T,D  K,T,D"" (check/clean/replace-if-needed from 2000 km)",HIGH,Table gives no separate spark-plug replace-only interval (D = replace if worn). Gap 0.6-0.7 mm.
MT_MONDIAL_TURISMO50I_05,Mondial,Turismo 50i,TURISMO 50 I (EURO 5),UNKNOWN,UNKNOWN,TR,VALVE_CLEARANCE,"Supap araligi, sente ve motor - K",Valve clearance inspection,Supap boslugu kontrolu,VALVE_CLEARANCE,INSPECT,4000,2000,UNKNOWN,UNKNOWN,UNKNOWN,UNKNOWN,,1,0,NORMAL,true,SRC_MONDIAL_TURISMO50I_OM,21,Periyodik Bakim Tablosu,"""Supap araligi, sente ve motor  --  --  K  K"" (checked from the 4000 km column)",MEDIUM,
MT_MONDIAL_TURISMO50I_06,Mondial,Turismo 50i,TURISMO 50 I (EURO 5),UNKNOWN,UNKNOWN,TR,BRAKE_FLUID,Hidrolik Fren Sivisi ve Baglantilari,Brake fluid inspection / change,Fren hidroligi kontrol/degisim,BRAKE_FLUID,INSPECT,2000,2000,UNKNOWN,36,UNKNOWN,UNKNOWN,,1,1,NORMAL,false,SRC_MONDIAL_TURISMO50I_OM,21,Periyodik Bakim Tablosu,"""Hidrolik Fren Sivisi ve Baglantilari  Her 2.000 km bakim, max 3 yilda bir degisim""",HIGH,Inspect every 2000 km; replace at most every 3 years.
MT_MONDIAL_TURISMO50I_07,Mondial,Turismo 50i,TURISMO 50 I (EURO 5),UNKNOWN,UNKNOWN,TR,BRAKE_PADS,"On / Arka Fren Balatalari - K,D",Brake pad inspection,Fren balata kontrolu,BRAKE_PADS,INSPECT,2000,2000,UNKNOWN,UNKNOWN,UNKNOWN,UNKNOWN,Replace (D) when worn.,1,1,NORMAL,false,SRC_MONDIAL_TURISMO50I_OM,21,Periyodik Bakim Tablosu,"""On / Arka Fren Balatalari  --  K  K,D  K,D""",HIGH,
MT_MONDIAL_TURISMO50I_08,Mondial,Turismo 50i,TURISMO 50 I (EURO 5),UNKNOWN,UNKNOWN,TR,FRONT_BRAKE,"On / Arka Fren Sistemi - A,K",Brake system inspection/adjust,Fren sistemi kontrol/ayar,BRAKE_SYSTEM,INSPECT,1000,2000,UNKNOWN,UNKNOWN,UNKNOWN,UNKNOWN,,1,1,NORMAL,false,SRC_MONDIAL_TURISMO50I_OM,21,Periyodik Bakim Tablosu,"""On / Arka Fren Sistemi  A  K,A  K  K,A""",HIGH,
MT_MONDIAL_TURISMO50I_09,Mondial,Turismo 50i,TURISMO 50 I (EURO 5),UNKNOWN,UNKNOWN,TR,FUEL_SYSTEM,"Yakit Baglanti ve Elemanlari - K,D",Fuel line & components inspection,Yakit baglanti ve elemanlari kontrolu,FUEL_LINE,INSPECT,1000,2000,UNKNOWN,UNKNOWN,UNKNOWN,UNKNOWN,,1,1,NORMAL,false,SRC_MONDIAL_TURISMO50I_OM,21,Periyodik Bakim Tablosu,"""Yakit Baglanti ve Elemanlari  K  K  K  K,D"" (D marked at 6000 km column)",HIGH,
MT_MONDIAL_TURISMO50I_10,Mondial,Turismo 50i,TURISMO 50 I (EURO 5),UNKNOWN,UNKNOWN,TR,THROTTLE,"Gaz Teli, Gaz Kumanda Elcigi - K,A",Throttle cable check & adjust,Gaz kablosu kontrol ve ayar,THROTTLE,ADJUST,1000,2000,UNKNOWN,UNKNOWN,UNKNOWN,UNKNOWN,,1,0,NORMAL,false,SRC_MONDIAL_TURISMO50I_OM,21,Periyodik Bakim Tablosu,"""Gaz Teli, Gaz Kumanda Elcigi  K  K,A  K,A  K,A"" (free play 2-6 mm)",HIGH,
MT_MONDIAL_TURISMO50I_11,Mondial,Turismo 50i,TURISMO 50 I (EURO 5),UNKNOWN,UNKNOWN,TR,SUSPENSION,"On Masa / Arka Amortisor - K,D",Front fork & rear shock inspection,On/arka amortisor kontrolu,SUSPENSION,INSPECT,1000,2000,UNKNOWN,UNKNOWN,UNKNOWN,UNKNOWN,,1,0,NORMAL,false,SRC_MONDIAL_TURISMO50I_OM,21,Periyodik Bakim Tablosu,"""On Masa, On Duzen Baglantilari ve Yag Kontrolleri  K  K  K,D  K,D"" / ""Arka Amortisor, Baglantilari ve Yaglama  --  K  K  D""",HIGH,
MT_MONDIAL_TURISMO50I_12,Mondial,Turismo 50i,TURISMO 50 I (EURO 5),UNKNOWN,UNKNOWN,TR,FASTENERS,Motosiklet Uzerindeki Tum Civata ve Somunlar - A,All bolts & nuts check,Tum civata ve somun kontrolu,FASTENERS,TIGHTEN,1000,2000,UNKNOWN,UNKNOWN,UNKNOWN,UNKNOWN,,1,0,NORMAL,false,SRC_MONDIAL_TURISMO50I_OM,21,Periyodik Bakim Tablosu,"""Motosiklet Uzerindeki Tum Civata ve Somunlar  A A A A"" / ""Egzoz, Borusu, Civata ve Somunlari  A A A A""",HIGH,
MT_MONDIAL_TURISMO50I_13,Mondial,Turismo 50i,TURISMO 50 I (EURO 5),UNKNOWN,UNKNOWN,TR,TYRES,Lastikler - K,Tyre inspection,Lastik kontrolu,TYRES,INSPECT,1000,2000,UNKNOWN,UNKNOWN,UNKNOWN,UNKNOWN,,1,1,NORMAL,false,SRC_MONDIAL_TURISMO50I_OM,21,Periyodik Bakim Tablosu,"""Lastikler  K K K K""",HIGH,
MT_MONDIAL_TURISMO50I_14,Mondial,Turismo 50i,TURISMO 50 I (EURO 5),UNKNOWN,UNKNOWN,TR,BATTERY,Aku & Elektrik Tesisati - K,Battery & electrical inspection,Aku ve elektrik tesisati kontrolu,BATTERY,INSPECT,1000,2000,UNKNOWN,6,UNKNOWN,UNKNOWN,,1,0,NORMAL,false,SRC_MONDIAL_TURISMO50I_OM,21,Periyodik Bakim Tablosu,"""*Aku & Elektrik Tesisati  K K K K"" ; ""*En gec 6 ayda bir AKU sarj durumunu kontrol edin.""",HIGH,
MT_MONDIAL_TURISMO50I_15,Mondial,Turismo 50i,TURISMO 50 I (EURO 5),UNKNOWN,UNKNOWN,TR,LIGHTS,"Lambalar / Gidon, Kumanda, Gosterge ve Aydinlatma - K",Lights & controls check,Aydinlatma ve kumanda kontrolu,LIGHTS,INSPECT,2000,2000,UNKNOWN,UNKNOWN,UNKNOWN,UNKNOWN,,1,0,NORMAL,false,SRC_MONDIAL_TURISMO50I_OM,21,Periyodik Bakim Tablosu,"""Lambalar  K K K K"" / ""Gidon, Kumanda, Gosterge ve Aydinlatma  --  K,A  K  K,A""",HIGH,
MT_MONDIAL_TURISMO50I_16,Mondial,Turismo 50i,TURISMO 50 I (EURO 5),UNKNOWN,UNKNOWN,TR,GENERAL_INSPECTION,Servisleme / Periyodik bakim,General periodic service,Genel periyodik servis,GENERAL_INSPECTION,SERVICE,1000,2000,1,6,UNKNOWN,UNKNOWN,,1,0,NORMAL,false,SRC_MONDIAL_TURISMO50I_OM,21,Periyodik Bakim Tablosu,"Full Periyodik Bakim Tablosu; services at 500-1000, 2000, 4000, 6000, 8000, 10000 ... km (every 2000 km / 6 months).",HIGH,
MT_MONDIAL_TURISMO50I_17,Mondial,Turismo 50i,TURISMO 50 I (EURO 5),UNKNOWN,UNKNOWN,TR,COOLANT,Sogutma Sistemi (sogutma sivisi 2 yilda bir degisim),Coolant inspection / change,Sogutma sistemi kontrol/degisim,COOLANT,INSPECT,1000,2000,UNKNOWN,24,UNKNOWN,UNKNOWN,,1,0,NORMAL,false,SRC_MONDIAL_TURISMO50I_OM,21,Periyodik Bakim Tablosu,"""Sogutma Sistemi (sogutma sivisi 2 yilda bir degisim)  K K K K""",MEDIUM,"Table row is generic; the RideBase inventory lists this Mondial 50 as AIR-cooled, so this cooling-system row may not apply to this exact variant."
MT_MONDIAL_TURISMO50I_18,Mondial,Turismo 50i,TURISMO 50 I (EURO 5),UNKNOWN,UNKNOWN,TR,FUEL_FILTER,Yakit Filtresi / Benzin Filtresi,Fuel filter inspection/replace,Yakit filtresi kontrol/degisim,FUEL_FILTER,INSPECT,1000,2000,UNKNOWN,UNKNOWN,UNKNOWN,UNKNOWN,,1,1,NORMAL,false,SRC_MONDIAL_TURISMO50I_OM,21,Periyodik Bakim Tablosu,"""Hava, Yag ve Yakit Filtreleri  T,B,D ..."" ; p24: ""Benzin filtresinin tum periyodik bakimlarda kontrol edilmesi, gerekli ise degistirilmesi""",MEDIUM,
MT_MONDIAL_TURISMO50I_19,Mondial,Turismo 50i,TURISMO 50 I (EURO 5),UNKNOWN,UNKNOWN,TR,CLUTCH,Kavrama - K / ECU & EFI Sistemi - K,Clutch & EFI system inspection,Kavrama ve EFI sistemi kontrolu,CLUTCH,INSPECT,2000,2000,UNKNOWN,UNKNOWN,UNKNOWN,UNKNOWN,,1,0,NORMAL,false,SRC_MONDIAL_TURISMO50I_OM,21,Periyodik Bakim Tablosu,"""Kavrama  --  K K K"" / ""ECU & EFI Sistemi  --  K K K""",HIGH,
MT_SYM_JETX125_01,SYM,Jet X 125,24-JETX,2024,UNKNOWN,GLOBAL,ENGINE_OIL,Engine oil,Engine oil change,Motor yagi degisimi,ENGINE_OIL,REPLACE,300,3000,UNKNOWN,3,UNKNOWN,UNKNOWN,,1,0,NORMAL,false,SRC_SYM_JETX125_OM,29,PERIODICAL MAINTENANCE SCHEDULE,"""Engine oil ... Replacement for every 3000KM""",HIGH,
MT_SYM_JETX125_02,SYM,Jet X 125,24-JETX,2024,UNKNOWN,GLOBAL,AIR_FILTER,Air cleaner element,Air cleaner element replacement,Hava filtresi degisimi,AIR_FILTER,REPLACE,UNKNOWN,10000,UNKNOWN,UNKNOWN,UNKNOWN,UNKNOWN,,1,0,NORMAL,false,SRC_SYM_JETX125_OM,29,PERIODICAL MAINTENANCE SCHEDULE,"""Air cleaner element (Remark) ... Replacement for every 10000KM"" ; ""R(paper) R(sponge)""",HIGH,Remark 1: clean/replace more often on dusty roads or heavily polluted environment.
MT_SYM_JETX125_03,SYM,Jet X 125,24-JETX,2024,UNKNOWN,GLOBAL,AIR_FILTER,Air cleaner,Air cleaner inspection/clean,Hava filtresi kontrol/temizlik,AIR_FILTER,INSPECT,1000,3000,UNKNOWN,UNKNOWN,UNKNOWN,UNKNOWN,,1,0,NORMAL,false,SRC_SYM_JETX125_OM,29,PERIODICAL MAINTENANCE SCHEDULE,"""Air cleaner ... I"" at the periodic checkpoints",MEDIUM,
MT_SYM_JETX125_04,SYM,Jet X 125,24-JETX,2024,UNKNOWN,GLOBAL,ENGINE_OIL_FILTER,Oil filter (Screen),Oil filter (screen) cleaning,Yag filtresi (suzgec) temizligi,OIL_STRAINER,CLEAN,1000,3000,UNKNOWN,UNKNOWN,UNKNOWN,UNKNOWN,,1,0,NORMAL,false,SRC_SYM_JETX125_OM,29,PERIODICAL MAINTENANCE SCHEDULE,"""Oil filter (Screen) ... C"" (Cleaning, replace if necessary) at the periodic checkpoints",MEDIUM,
MT_SYM_JETX125_05,SYM,Jet X 125,24-JETX,2024,UNKNOWN,GLOBAL,SPARK_PLUG,Spark plug,Spark plug replacement,Buji degisimi,SPARK_PLUG,REPLACE,5000,5000,UNKNOWN,5,UNKNOWN,UNKNOWN,,1,0,NORMAL,false,SRC_SYM_JETX125_OM,29,PERIODICAL MAINTENANCE SCHEDULE,"""Spark plug ... Replacement for every 5000KM(5 Months)""",HIGH,
MT_SYM_JETX125_06,SYM,Jet X 125,24-JETX,2024,UNKNOWN,GLOBAL,VALVE_CLEARANCE,Valve clearance,Valve clearance inspection,Supap boslugu kontrolu,VALVE_CLEARANCE,INSPECT,1000,3000,UNKNOWN,UNKNOWN,UNKNOWN,UNKNOWN,,1,0,NORMAL,false,SRC_SYM_JETX125_OM,29,PERIODICAL MAINTENANCE SCHEDULE,"""Valve clearance ... I"" at the periodic checkpoints",MEDIUM,No explicit km stated for valve clearance in the remarks column.
MT_SYM_JETX125_07,SYM,Jet X 125,24-JETX,2024,UNKNOWN,GLOBAL,FINAL_DRIVE,Drive belt/roller,Drive belt / roller inspection & replacement,V-kayis / rulo kontrol ve degisim,VBELT,INSPECT,10000,10000,UNKNOWN,UNKNOWN,UNKNOWN,UNKNOWN,,1,0,NORMAL,true,SRC_SYM_JETX125_OM,29,PERIODICAL MAINTENANCE SCHEDULE,"""Inspection every 10000KM, Replacement every 30000KM"" (remark mapped to the Drive belt/roller row)",MEDIUM,Remark-to-item mapping reconstructed from the scrambled grid; could alternatively belong to the transmission-oil row.
MT_SYM_JETX125_08,SYM,Jet X 125,24-JETX,2024,UNKNOWN,GLOBAL,FINAL_DRIVE,Transmission oil,Transmission (gear) oil change,Sanzman (disli) yagi degisimi,FINAL_DRIVE,REPLACE,1000,10000,UNKNOWN,UNKNOWN,UNKNOWN,UNKNOWN,,1,0,NORMAL,true,SRC_SYM_JETX125_OM,29,PERIODICAL MAINTENANCE SCHEDULE,"""Transmission oil ... R"" ; p24: ""Recommended OIL: GENUINE SYM HYPOID GEAR OIL (SJ MA 10W 30)""",LOW,Change interval not explicit in remarks; recorded as a gap.
MT_SYM_JETX125_09,SYM,Jet X 125,24-JETX,2024,UNKNOWN,GLOBAL,COOLANT,Coolant,Coolant change,Sogutma sivisi degisimi,COOLANT,DRAIN_REPLACE,UNKNOWN,UNKNOWN,UNKNOWN,12,UNKNOWN,UNKNOWN,,1,0,NORMAL,false,SRC_SYM_JETX125_OM,28,PERIODICAL MAINTENANCE SCHEDULE,"""Coolant should be changed once a year normally.""",HIGH,
MT_SYM_JETX125_10,SYM,Jet X 125,24-JETX,2024,UNKNOWN,GLOBAL,BRAKE_PADS,Brake mechanism/brake lining (pad),Brake mechanism & pad inspection,Fren mekanizmasi ve balata kontrolu,BRAKE_SYSTEM,INSPECT,1000,3000,UNKNOWN,UNKNOWN,UNKNOWN,UNKNOWN,,1,1,NORMAL,false,SRC_SYM_JETX125_OM,29,PERIODICAL MAINTENANCE SCHEDULE,"""Brake mechanism/brake lining (pad) ... I"" at the periodic checkpoints",MEDIUM,
MT_SYM_JETX125_11,SYM,Jet X 125,24-JETX,2024,UNKNOWN,GLOBAL,TYRES,"Tire, pressure",Tyre & pressure inspection,Lastik ve basinc kontrolu,TYRES,INSPECT,1000,3000,UNKNOWN,UNKNOWN,UNKNOWN,UNKNOWN,,1,1,NORMAL,false,SRC_SYM_JETX125_OM,29,PERIODICAL MAINTENANCE SCHEDULE,"""Tire, pressure ... I""",MEDIUM,
MT_SYM_JETX125_12,SYM,Jet X 125,24-JETX,2024,UNKNOWN,GLOBAL,FUEL_FILTER,Fuel pump filter,Fuel pump filter inspection,Yakit pompasi filtresi kontrolu,FUEL_FILTER,INSPECT,1000,3000,UNKNOWN,UNKNOWN,UNKNOWN,UNKNOWN,,1,1,NORMAL,false,SRC_SYM_JETX125_OM,29,PERIODICAL MAINTENANCE SCHEDULE,"""Fuel pump filter ... I"" ; ""Fuel tank switch and lines ... I""",MEDIUM,
MT_SYM_JETX125_13,SYM,Jet X 125,24-JETX,2024,UNKNOWN,GLOBAL,THROTTLE,Throttle valve operation and cable,Throttle operation & cable check,Gaz kolu ve kablo kontrolu,THROTTLE,INSPECT,1000,3000,UNKNOWN,UNKNOWN,UNKNOWN,UNKNOWN,,1,0,NORMAL,false,SRC_SYM_JETX125_OM,29,PERIODICAL MAINTENANCE SCHEDULE,"""Throttle valve operation and cable ... I""",MEDIUM,
MT_SYM_JETX125_14,SYM,Jet X 125,24-JETX,2024,UNKNOWN,GLOBAL,FASTENERS,Engine bolts and nuts / Bolts-nuts for each components,Bolts & nuts torque check,Civata ve somun tork kontrolu,FASTENERS,TIGHTEN,1000,3000,UNKNOWN,UNKNOWN,UNKNOWN,UNKNOWN,,1,0,NORMAL,false,SRC_SYM_JETX125_OM,29,PERIODICAL MAINTENANCE SCHEDULE,"""Engine bolts and nuts ... I"" ; ""Bolts/nuts for each components ... I""",MEDIUM,
MT_SYM_JETX125_15,SYM,Jet X 125,24-JETX,2024,UNKNOWN,GLOBAL,STEERING,Steering bearing and handles,Steering bearing & handlebar check,Direksiyon rulmani ve gidon kontrolu,STEERING,INSPECT,1000,3000,UNKNOWN,UNKNOWN,UNKNOWN,UNKNOWN,,1,0,NORMAL,false,SRC_SYM_JETX125_OM,29,PERIODICAL MAINTENANCE SCHEDULE,"""Steering bearing and handles ... I""",MEDIUM,
MT_SYM_JETX125_16,SYM,Jet X 125,24-JETX,2024,UNKNOWN,GLOBAL,SUSPENSION,Shock absorbers / Front-rear suspension,Suspension inspection,Suspansiyon kontrolu,SUSPENSION,INSPECT,1000,3000,UNKNOWN,UNKNOWN,UNKNOWN,UNKNOWN,,1,0,NORMAL,false,SRC_SYM_JETX125_OM,29,PERIODICAL MAINTENANCE SCHEDULE,"""Shock absorbers ... I"" ; ""Front/rear suspension ... I""",MEDIUM,
MT_TVS_RAIDER125_01,TVS,Raider 125,Raider 125 BS VI,UNKNOWN,UNKNOWN,IN,ENGINE_OIL,Engine cum transmission oil - Replace,Engine + transmission oil change,Motor/sanzman yagi degisimi,ENGINE_OIL,REPLACE,1000,6000,UNKNOWN,6,UNKNOWN,UNKNOWN,,1,0,NORMAL,false,SRC_TVS_RAIDER125_OM,53,PERIODIC MAINTENANCE SCHEDULE,"""Engine cum transmission oil  Replace  R R R R"" (every service); TVS TRU4 PREMIUM SAE 10W30 API-SL JASO MA2",HIGH,
MT_TVS_RAIDER125_02,TVS,Raider 125,Raider 125 BS VI,UNKNOWN,UNKNOWN,IN,ENGINE_OIL,Centrifugal filter - Clean,Centrifugal oil filter cleaning,Santrifuj yag filtresi temizligi,OIL_STRAINER,CLEAN,12000,12000,UNKNOWN,UNKNOWN,UNKNOWN,UNKNOWN,,1,0,NORMAL,false,SRC_TVS_RAIDER125_OM,53,PERIODIC MAINTENANCE SCHEDULE,"""Centrifugal filter  Clean ... Clean every 12000 Km""",HIGH,
MT_TVS_RAIDER125_03,TVS,Raider 125,Raider 125 BS VI,UNKNOWN,UNKNOWN,IN,SPARK_PLUG,Spark plug - Replace,Spark plug replacement,Buji degisimi,SPARK_PLUG,REPLACE,12000,12000,UNKNOWN,UNKNOWN,UNKNOWN,UNKNOWN,,1,0,NORMAL,false,SRC_TVS_RAIDER125_OM,53,PERIODIC MAINTENANCE SCHEDULE,"""Spark plug  Replace ... Inspect, clean if required. Replace every 12000 km""; p60: ""Replace the spark plug every 12000 km"" (gap 0.9-1.0 mm)",HIGH,
MT_TVS_RAIDER125_04,TVS,Raider 125,Raider 125 BS VI,UNKNOWN,UNKNOWN,IN,SPARK_PLUG,Spark plug - Inspect,Spark plug inspection/clean,Buji kontrol/temizlik,SPARK_PLUG,INSPECT,1000,6000,UNKNOWN,UNKNOWN,UNKNOWN,UNKNOWN,,1,0,NORMAL,false,SRC_TVS_RAIDER125_OM,53,PERIODIC MAINTENANCE SCHEDULE,"""Spark plug ... I - - - - "" (inspect at 1st service and clean if required)",HIGH,
MT_TVS_RAIDER125_05,TVS,Raider 125,Raider 125 BS VI,UNKNOWN,UNKNOWN,IN,AIR_FILTER,Air cleaner elements - Replace,Air cleaner element replacement,Hava filtresi degisimi,AIR_FILTER,REPLACE,12000,12000,UNKNOWN,UNKNOWN,UNKNOWN,UNKNOWN,Earlier in dusty areas.,1,0,NORMAL,false,SRC_TVS_RAIDER125_OM,53,PERIODIC MAINTENANCE SCHEDULE,"""Air cleaner elements  Replace ... Replace every 12000 km""; p52: ""In more dusty areas, the air filter element may required early replacement""",HIGH,
MT_TVS_RAIDER125_06,TVS,Raider 125,Raider 125 BS VI,UNKNOWN,UNKNOWN,IN,VALVE_CLEARANCE,Tappet clearance - Inspect and adjust,Tappet (valve) clearance inspect & adjust,Supap boslugu kontrol/ayar,VALVE_CLEARANCE,ADJUST,1000,6000,UNKNOWN,UNKNOWN,UNKNOWN,UNKNOWN,,1,0,NORMAL,false,SRC_TVS_RAIDER125_OM,53,PERIODIC MAINTENANCE SCHEDULE,"""Tappet clearance  Inspect and adjust  I  I&A  I&A  I&A ... Inspect for any abnormal noise starting trouble and adjust if required""",HIGH,
MT_TVS_RAIDER125_07,TVS,Raider 125,Raider 125 BS VI,UNKNOWN,UNKNOWN,IN,FUEL_SYSTEM,Fuel hose - Inspect and replace,Fuel hose inspection / replacement,Yakit hortumu kontrol/degisim,FUEL_LINE,INSPECT,UNKNOWN,UNKNOWN,UNKNOWN,48,UNKNOWN,UNKNOWN,,1,1,NORMAL,false,SRC_TVS_RAIDER125_OM,53,PERIODIC MAINTENANCE SCHEDULE,"""Fuel hose  Inspect and replace ... Inspect at every 4 years and replace if required""",HIGH,
MT_TVS_RAIDER125_08,TVS,Raider 125,Raider 125 BS VI,UNKNOWN,UNKNOWN,IN,CLUTCH,Clutch and throttle play - Inspect and adjust,Clutch & throttle play inspect/adjust,Debriyaj ve gaz boslugu kontrol/ayar,CLUTCH,ADJUST,1000,6000,UNKNOWN,UNKNOWN,UNKNOWN,UNKNOWN,,1,0,NORMAL,false,SRC_TVS_RAIDER125_OM,53,PERIODIC MAINTENANCE SCHEDULE,"""Clutch and throttle play  Inspect and adjust  I&A  I&A  I&A  I&A""",HIGH,
MT_TVS_RAIDER125_09,TVS,Raider 125,Raider 125 BS VI,UNKNOWN,UNKNOWN,IN,STEERING,Steering smooth operation / play,Steering inspection/adjust/lubricate,Direksiyon kontrol/ayar/yaglama,STEERING,INSPECT,1000,6000,UNKNOWN,UNKNOWN,UNKNOWN,UNKNOWN,,1,0,NORMAL,false,SRC_TVS_RAIDER125_OM,53,PERIODIC MAINTENANCE SCHEDULE,"""Steering smooth operation / play  Inspect, adjust and lubricate  I I I I""",HIGH,
MT_TVS_RAIDER125_10,TVS,Raider 125,Raider 125 BS VI,UNKNOWN,UNKNOWN,IN,SUSPENSION,Front fork oil - Replace,Front fork oil replacement,On amortisor yagi degisimi,SUSPENSION,REPLACE,30000,30000,UNKNOWN,UNKNOWN,UNKNOWN,UNKNOWN,,1,0,NORMAL,false,SRC_TVS_RAIDER125_OM,53,PERIODIC MAINTENANCE SCHEDULE,"""Front fork oil  Replace ... Replace every 30000 km""",HIGH,
MT_TVS_RAIDER125_11,TVS,Raider 125,Raider 125 BS VI,UNKNOWN,UNKNOWN,IN,SUSPENSION,Front and rear suspension - Inspect,Front & rear suspension inspection,On/arka suspansiyon kontrolu,SUSPENSION,INSPECT,1000,6000,UNKNOWN,UNKNOWN,UNKNOWN,UNKNOWN,,1,0,NORMAL,false,SRC_TVS_RAIDER125_OM,53,PERIODIC MAINTENANCE SCHEDULE,"""Front and rear suspension  Inspect for proper functioning  I I I I""",HIGH,
MT_TVS_RAIDER125_12,TVS,Raider 125,Raider 125 BS VI,UNKNOWN,UNKNOWN,IN,FASTENERS,All fasteners - Inspect and tighten,All fasteners inspect & tighten,Tum baglanti elemanlari kontrol/sikma,FASTENERS,TIGHTEN,1000,6000,UNKNOWN,UNKNOWN,UNKNOWN,UNKNOWN,,1,0,NORMAL,false,SRC_TVS_RAIDER125_OM,53,PERIODIC MAINTENANCE SCHEDULE,"""All fasteners  Inspect and tighten  I&TI  I&TI  I&TI  I&TI""",HIGH,
MT_TVS_RAIDER125_13,TVS,Raider 125,Raider 125 BS VI,UNKNOWN,UNKNOWN,IN,DRIVE_CHAIN,"Drive chain - Clean, lubricate and adjust",Drive chain clean/lubricate/adjust (at service),Zincir temizlik/yaglama/ayar (serviste),DRIVE_CHAIN,ADJUST,1000,6000,UNKNOWN,UNKNOWN,UNKNOWN,UNKNOWN,,1,1,NORMAL,false,SRC_TVS_RAIDER125_OM,54,PERIODIC MAINTENANCE SCHEDULE,"""Drive chain**  Clean, lubricate and adjust  C,L&A  C,L&A  C,L&A  C,L&A""",HIGH,
MT_TVS_RAIDER125_14,TVS,Raider 125,Raider 125 BS VI,UNKNOWN,UNKNOWN,IN,DRIVE_CHAIN,Drive chain - rider lubrication interval,Drive chain lubrication (rider interval),Zincir yaglama (kullanici araligi),DRIVE_CHAIN,LUBRICATE,500,500,UNKNOWN,UNKNOWN,UNKNOWN,UNKNOWN,,1,1,NORMAL,false,SRC_TVS_RAIDER125_OM,54,PERIODIC MAINTENANCE SCHEDULE,"""Clean the drive chain with dry cloth and apply TRU SPRAY / TRU 4 oil as frequently as every 500 km""",HIGH,
MT_TVS_RAIDER125_15,TVS,Raider 125,Raider 125 BS VI,UNKNOWN,UNKNOWN,IN,BRAKE_FLUID,"Brake fluid* - Inspect, topup and replace",Brake fluid replacement,Fren hidroligi degisimi,BRAKE_FLUID,DRAIN_REPLACE,UNKNOWN,21000,UNKNOWN,24,UNKNOWN,UNKNOWN,,1,1,NORMAL,false,SRC_TVS_RAIDER125_OM,54,PERIODIC MAINTENANCE SCHEDULE,"""Brake fluid*  Inspect, topup and replace ... Replace every 21000 km or 2 years whichever occurs earlier"" (disc version)",HIGH,
MT_TVS_RAIDER125_16,TVS,Raider 125,Raider 125 BS VI,UNKNOWN,UNKNOWN,IN,BRAKE_FLUID,Master cylinder cups* - Replace,Brake master cylinder cups replacement,Fren merkezi keceleri degisimi,BRAKE_FLUID,REPLACE,UNKNOWN,24000,UNKNOWN,UNKNOWN,UNKNOWN,UNKNOWN,,1,1,NORMAL,false,SRC_TVS_RAIDER125_OM,54,PERIODIC MAINTENANCE SCHEDULE,"""Master cylinder cups*  Replace ... Replace every 24000 km""",HIGH,
MT_TVS_RAIDER125_17,TVS,Raider 125,Raider 125 BS VI,UNKNOWN,UNKNOWN,IN,BRAKE_PADS,Brake effectiveness / play - Inspect and adjust,Brake effectiveness & play inspect/adjust,Fren etkinligi ve bosluk kontrol/ayar,BRAKE_SYSTEM,INSPECT,1000,6000,UNKNOWN,UNKNOWN,UNKNOWN,UNKNOWN,,1,1,NORMAL,false,SRC_TVS_RAIDER125_OM,54,PERIODIC MAINTENANCE SCHEDULE,"""Brake effectiveness / play  Inspect and adjust  I&A  I&A  I&A  I&A""",HIGH,
MT_TVS_RAIDER125_18,TVS,Raider 125,Raider 125 BS VI,UNKNOWN,UNKNOWN,IN,TYRES,Wheels and tyres - Inspect and set,Wheels & tyres inspection,Tekerlek ve lastik kontrolu,TYRES,INSPECT,1000,6000,UNKNOWN,UNKNOWN,UNKNOWN,UNKNOWN,,1,1,NORMAL,false,SRC_TVS_RAIDER125_OM,54,PERIODIC MAINTENANCE SCHEDULE,"""Wheels and tyres  Inspect and set  I I I I ... Inspect tyre for wear and set pressure""",HIGH,
MT_TVS_RAIDER125_19,TVS,Raider 125,Raider 125 BS VI,UNKNOWN,UNKNOWN,IN,BATTERY,Battery voltage - Inspect and charge if necessary,Battery voltage inspection,Aku voltaj kontrolu,BATTERY,INSPECT,1000,6000,UNKNOWN,UNKNOWN,UNKNOWN,UNKNOWN,,1,0,NORMAL,false,SRC_TVS_RAIDER125_OM,54,PERIODIC MAINTENANCE SCHEDULE,"""Battery voltage  Inspect and charge if necessary  I I I I"" (recharge if < 12.4 V)",HIGH,
MT_TVS_RAIDER125_20,TVS,Raider 125,Raider 125 BS VI,UNKNOWN,UNKNOWN,IN,LIGHTS,"All bulbs, horn and switches / Head lamp beam","Lights, horn, switches & headlamp aim",Aydinlatma/korna/anahtar ve far ayari,LIGHTS,INSPECT,1000,6000,UNKNOWN,UNKNOWN,UNKNOWN,UNKNOWN,,1,0,NORMAL,false,SRC_TVS_RAIDER125_OM,54,PERIODIC MAINTENANCE SCHEDULE,"""All bulbs, horn and switches  I I I I"" / ""Head lamp beam  Inspect and adjust  I I I I""",HIGH,
MT_TVS_RAIDER125_21,TVS,Raider 125,Raider 125 BS VI,UNKNOWN,UNKNOWN,IN,GENERAL_INSPECTION,Centre / side stand pivot / Evaporative emission control system,Stand pivot lubrication + EVAP check,Sehpa pivot yaglama + EVAP kontrol,GENERAL_INSPECTION,LUBRICATE,1000,6000,UNKNOWN,UNKNOWN,UNKNOWN,UNKNOWN,,1,0,NORMAL,false,SRC_TVS_RAIDER125_OM,54,PERIODIC MAINTENANCE SCHEDULE,"""Centre / side stand pivot  Lubricate  L L L L"" / ""Evaporative emission control system  Inspect  I I I I""",HIGH,
MT_TVS_APACHE200_01,TVS,Apache RTR 200 4V,Apache RTR 200 4V FI,UNKNOWN,UNKNOWN,IN,ENGINE_OIL,Engine cum transmission oil - R,Engine + transmission oil change,Motor/sanzman yagi degisimi,ENGINE_OIL,REPLACE,750,6000,UNKNOWN,6,UNKNOWN,UNKNOWN,,1,0,NORMAL,false,SRC_TVS_APACHE200_OM,81,PERIODIC MAINTENANCE SCHEDULE,"""Engine cum transmission oil  R R R R"" (every service)",HIGH,
MT_TVS_APACHE200_02,TVS,Apache RTR 200 4V,Apache RTR 200 4V FI,UNKNOWN,UNKNOWN,IN,ENGINE_OIL_FILTER,Oil filter (paper filter) - R,Engine oil (paper) filter replacement,Yag filtresi (kagit) degisimi,ENGINE_OIL_FILTER,REPLACE,750,6000,UNKNOWN,UNKNOWN,UNKNOWN,UNKNOWN,,1,0,NORMAL,false,SRC_TVS_APACHE200_OM,81,PERIODIC MAINTENANCE SCHEDULE,"""Oil filter (paper filter)  R R R R""",HIGH,
MT_TVS_APACHE200_03,TVS,Apache RTR 200 4V,Apache RTR 200 4V FI,UNKNOWN,UNKNOWN,IN,ENGINE_OIL,Oil filter (strainer) - C,Oil strainer cleaning,Yag suzgeci temizligi,OIL_STRAINER,CLEAN,750,6000,UNKNOWN,UNKNOWN,UNKNOWN,UNKNOWN,,1,0,NORMAL,false,SRC_TVS_APACHE200_OM,81,PERIODIC MAINTENANCE SCHEDULE,"""Oil filter (strainer)  C C C C""",HIGH,
MT_TVS_APACHE200_04,TVS,Apache RTR 200 4V,Apache RTR 200 4V FI,UNKNOWN,UNKNOWN,IN,SPARK_PLUG,Spark plug - Replace every 12000 km or 1 year,Spark plug replacement,Buji degisimi,SPARK_PLUG,REPLACE,12000,12000,UNKNOWN,12,UNKNOWN,UNKNOWN,,1,0,NORMAL,false,SRC_TVS_APACHE200_OM,81,PERIODIC MAINTENANCE SCHEDULE,"""Spark plug1  I - R - ... Replace every 12000 km or 1 year whichever is earlier"" (gap 0.7-0.9 mm)",HIGH,
MT_TVS_APACHE200_05,TVS,Apache RTR 200 4V,Apache RTR 200 4V FI,UNKNOWN,UNKNOWN,IN,AIR_FILTER,Air cleaner element - Replace every 12000 km,Air cleaner element replacement,Hava filtresi degisimi,AIR_FILTER,REPLACE,12000,12000,UNKNOWN,UNKNOWN,UNKNOWN,UNKNOWN,,1,0,NORMAL,false,SRC_TVS_APACHE200_OM,81,PERIODIC MAINTENANCE SCHEDULE,"""Air cleaner element  I - R - ... Replace every 12000 km"" (paper filter, do not clean)",HIGH,
MT_TVS_APACHE200_06,TVS,Apache RTR 200 4V,Apache RTR 200 4V FI,UNKNOWN,UNKNOWN,IN,VALVE_CLEARANCE,Tappet clearance - I & A,Tappet (valve) clearance inspect & adjust,Supap boslugu kontrol/ayar,VALVE_CLEARANCE,ADJUST,750,6000,UNKNOWN,UNKNOWN,UNKNOWN,UNKNOWN,,1,0,NORMAL,false,SRC_TVS_APACHE200_OM,81,PERIODIC MAINTENANCE SCHEDULE,"""Tappet clearance  I  I&A  I&A  I&A ... Inspect for any noise / starting trouble and adjust if required""",HIGH,
MT_TVS_APACHE200_07,TVS,Apache RTR 200 4V,Apache RTR 200 4V FI,UNKNOWN,UNKNOWN,IN,CLUTCH,Clutch plates - Inspect and replace if required every 24000 km,Clutch plates inspection,Debriyaj balatalari kontrolu,CLUTCH,INSPECT,24000,24000,UNKNOWN,UNKNOWN,UNKNOWN,UNKNOWN,,1,0,NORMAL,false,SRC_TVS_APACHE200_OM,81,PERIODIC MAINTENANCE SCHEDULE,"""Clutch plates ... Inspect and replace if required every 24000 km""",HIGH,
MT_TVS_APACHE200_08,TVS,Apache RTR 200 4V,Apache RTR 200 4V FI,UNKNOWN,UNKNOWN,IN,CLUTCH,"Clutch and throttle cable play - I, A & L",Clutch & throttle cable play inspect/adjust/lube,Debriyaj/gaz kablosu bosluk kontrol/ayar,CLUTCH,ADJUST,750,6000,UNKNOWN,UNKNOWN,UNKNOWN,UNKNOWN,,1,0,NORMAL,false,SRC_TVS_APACHE200_OM,82,PERIODIC MAINTENANCE SCHEDULE,"""Clutch and throttle cable play  I,A&L  I,A&L  I,A&L"" (lubricate using grease)",HIGH,
MT_TVS_APACHE200_09,TVS,Apache RTR 200 4V,Apache RTR 200 4V FI,UNKNOWN,UNKNOWN,IN,FUEL_FILTER,Fuel filter / Hose fuel with clamps - I,Fuel filter & hose inspection,Yakit filtresi ve hortum kontrolu,FUEL_FILTER,INSPECT,750,6000,UNKNOWN,UNKNOWN,UNKNOWN,UNKNOWN,,1,1,NORMAL,false,SRC_TVS_APACHE200_OM,81,PERIODIC MAINTENANCE SCHEDULE,"""Fuel filter  I I I -"" / ""Hose fuel with respective clamps  I I I - ... Replace every 24000 km if required""",HIGH,
MT_TVS_APACHE200_10,TVS,Apache RTR 200 4V,Apache RTR 200 4V FI,UNKNOWN,UNKNOWN,IN,STEERING,"Steering smooth operation / play - C, L & A every 12000 km",Steering clean/lube/adjust,Direksiyon temizlik/yaglama/ayar,STEERING,INSPECT,750,12000,UNKNOWN,UNKNOWN,UNKNOWN,UNKNOWN,,1,0,NORMAL,false,SRC_TVS_APACHE200_OM,82,PERIODIC MAINTENANCE SCHEDULE,"""Steering smooth operation / play  I & A - C, L & A - ... C & L with fresh Bechem premium grade 3 grease every 12000 km""",HIGH,
MT_TVS_APACHE200_11,TVS,Apache RTR 200 4V,Apache RTR 200 4V FI,UNKNOWN,UNKNOWN,IN,SUSPENSION,Front fork oil - Replace every 18000 km,Front fork oil replacement,On amortisor yagi degisimi,SUSPENSION,REPLACE,18000,18000,UNKNOWN,UNKNOWN,UNKNOWN,UNKNOWN,,1,0,NORMAL,false,SRC_TVS_APACHE200_OM,82,PERIODIC MAINTENANCE SCHEDULE,"""Front fork oil ... Replace every 18000 km""",HIGH,
MT_TVS_APACHE200_12,TVS,Apache RTR 200 4V,Apache RTR 200 4V FI,UNKNOWN,UNKNOWN,IN,SUSPENSION,Front and rear suspension / Swing arm bearings,Suspension inspection + swingarm bearing grease,Suspansiyon kontrol + salincak rulman yaglama,SUSPENSION,INSPECT,750,6000,UNKNOWN,24,UNKNOWN,UNKNOWN,,1,0,NORMAL,false,SRC_TVS_APACHE200_OM,82,PERIODIC MAINTENANCE SCHEDULE,"""Front and rear suspension  I I I -"" ; ""Swing arm bearings ... C & L with fresh Bechem premium grade 3 grease every two years""",HIGH,
MT_TVS_APACHE200_13,TVS,Apache RTR 200 4V,Apache RTR 200 4V FI,UNKNOWN,UNKNOWN,IN,FASTENERS,All fasteners - I & TI,All fasteners inspect & tighten,Tum baglanti elemanlari kontrol/sikma,FASTENERS,TIGHTEN,750,6000,UNKNOWN,UNKNOWN,UNKNOWN,UNKNOWN,,1,0,NORMAL,false,SRC_TVS_APACHE200_OM,82,PERIODIC MAINTENANCE SCHEDULE,"""All fasteners  I & TI  I & TI  I & TI""",HIGH,
MT_TVS_APACHE200_14,TVS,Apache RTR 200 4V,Apache RTR 200 4V FI,UNKNOWN,UNKNOWN,IN,DRIVE_CHAIN,"Drive chain - C, L & A (at service)",Drive chain clean/lubricate/adjust (at service),Zincir temizlik/yaglama/ayar (serviste),DRIVE_CHAIN,ADJUST,750,6000,UNKNOWN,UNKNOWN,UNKNOWN,UNKNOWN,,1,1,NORMAL,false,SRC_TVS_APACHE200_OM,82,PERIODIC MAINTENANCE SCHEDULE,"""Drive chain**  C, L & A  C, L & A  C, L & A""",HIGH,
MT_TVS_APACHE200_15,TVS,Apache RTR 200 4V,Apache RTR 200 4V FI,UNKNOWN,UNKNOWN,IN,DRIVE_CHAIN,Drive chain - rider lube interval,Drive chain lubrication (rider interval),Zincir yaglama (kullanici araligi),DRIVE_CHAIN,LUBRICATE,500,500,UNKNOWN,UNKNOWN,UNKNOWN,UNKNOWN,,1,1,NORMAL,false,SRC_TVS_APACHE200_OM,82,PERIODIC MAINTENANCE SCHEDULE,"""apply TRU SPRAY Chain Lube as frequently as every 500 km for better chain life""",HIGH,
MT_TVS_APACHE200_16,TVS,Apache RTR 200 4V,Apache RTR 200 4V FI,UNKNOWN,UNKNOWN,IN,BRAKE_FLUID,Brake fluid6 - I & T,Brake fluid replacement,Fren hidroligi degisimi,BRAKE_FLUID,DRAIN_REPLACE,UNKNOWN,24000,UNKNOWN,24,UNKNOWN,UNKNOWN,,1,1,NORMAL,false,SRC_TVS_APACHE200_OM,83,PERIODIC MAINTENANCE SCHEDULE,"""Brake fluid6  I & T ... Replace every 24000 km or 2 years whichever is earlier""",HIGH,
MT_TVS_APACHE200_17,TVS,Apache RTR 200 4V,Apache RTR 200 4V FI,UNKNOWN,UNKNOWN,IN,BRAKE_FLUID,Master cylinder cups - Replace every 24000 km,Brake master cylinder cups replacement,Fren merkezi keceleri degisimi,BRAKE_FLUID,REPLACE,UNKNOWN,24000,UNKNOWN,UNKNOWN,UNKNOWN,UNKNOWN,,1,1,NORMAL,false,SRC_TVS_APACHE200_OM,83,PERIODIC MAINTENANCE SCHEDULE,"""Master cylinder cups ... Replace every 24000 km""",HIGH,
MT_TVS_APACHE200_18,TVS,Apache RTR 200 4V,Apache RTR 200 4V FI,UNKNOWN,UNKNOWN,IN,BRAKE_PADS,Brake pad wear - I,Brake pad wear inspection,Fren balata asinma kontrolu,BRAKE_PADS,INSPECT,750,6000,UNKNOWN,UNKNOWN,UNKNOWN,UNKNOWN,,1,1,NORMAL,false,SRC_TVS_APACHE200_OM,83,PERIODIC MAINTENANCE SCHEDULE,"""Brake pad wear  I I I - ... Replace if necessary""",HIGH,
MT_TVS_APACHE200_19,TVS,Apache RTR 200 4V,Apache RTR 200 4V FI,UNKNOWN,UNKNOWN,IN,FRONT_BRAKE,Brake hose / bundy tubes - Replace every 30000 km,Brake hose / bundy tube replacement,Fren hortumu degisimi,BRAKE_HOSE,REPLACE,UNKNOWN,30000,UNKNOWN,UNKNOWN,UNKNOWN,UNKNOWN,,1,1,NORMAL,false,SRC_TVS_APACHE200_OM,83,PERIODIC MAINTENANCE SCHEDULE,"""Brake hose / bundy tubes  I I I I ... Replace every 30000 km""",HIGH,
MT_TVS_APACHE200_20,TVS,Apache RTR 200 4V,Apache RTR 200 4V FI,UNKNOWN,UNKNOWN,IN,TYRES,Wheel freeness / Tyre pressure at cold condition - I & S,Wheels & tyre pressure inspection,Tekerlek ve lastik basinci kontrolu,TYRES,INSPECT,750,6000,UNKNOWN,UNKNOWN,UNKNOWN,UNKNOWN,,1,1,NORMAL,false,SRC_TVS_APACHE200_OM,83,PERIODIC MAINTENANCE SCHEDULE,"""Wheel freeness  I I I -"" / ""Tyre pressure at cold condition  I & S  I & S  I & S"" ; ""Wheel balancing ... every 12000 kms""",HIGH,
MT_TVS_APACHE200_21,TVS,Apache RTR 200 4V,Apache RTR 200 4V FI,UNKNOWN,UNKNOWN,IN,BATTERY,Battery voltage - I,Battery voltage inspection,Aku voltaj kontrolu,BATTERY,INSPECT,750,6000,UNKNOWN,UNKNOWN,UNKNOWN,UNKNOWN,,1,0,NORMAL,false,SRC_TVS_APACHE200_OM,82,PERIODIC MAINTENANCE SCHEDULE,"""Battery voltage5  I I I - "" (recharge if necessary)",HIGH,
MT_TVS_APACHE200_22,TVS,Apache RTR 200 4V,Apache RTR 200 4V FI,UNKNOWN,UNKNOWN,IN,GENERAL_INSPECTION,Stand pivot / bulbs / EVAP / fuel tank,Stand pivot lube + lights + EVAP + fuel-tank check,Sehpa yaglama + aydinlatma + EVAP + depo kontrol,GENERAL_INSPECTION,LUBRICATE,750,6000,UNKNOWN,UNKNOWN,UNKNOWN,UNKNOWN,,1,0,NORMAL,false,SRC_TVS_APACHE200_OM,82-84,PERIODIC MAINTENANCE SCHEDULE,"""Centre / side stand pivot  L L L -"" / ""All bulbs, horn and switches  I I I -"" / ""Evaporative emission control system  I I I -"" / ""Fuel tank assembly  I & C  I & C  I & C""",HIGH,
MT_CFMOTO_650NK_01,CFMOTO,650NK,CF650-7F,2024,UNKNOWN,EU,ENGINE_OIL,Aceite del motor y filtro de aceite - Sustituir,Engine oil change,Motor yagi degisimi,ENGINE_OIL,REPLACE,1000,5000,UNKNOWN,UNKNOWN,UNKNOWN,UNKNOWN,,1,0,NORMAL,false,SRC_CFMOTO_650NK_OM_EU,103,Tabla de mantenimiento periodico,"""Aceite del motor y filtro de aceite  -  5.000  Sustituir"" ; break-in table p100: ""Aceite del motor y filtro de aceite  -  1.000  Sustituir""",HIGH,
MT_CFMOTO_650NK_02,CFMOTO,650NK,CF650-7F,2024,UNKNOWN,EU,ENGINE_OIL_FILTER,Filtro de aceite - Sustituir / Limpiar,Engine oil filter replacement,Yag filtresi degisimi,ENGINE_OIL_FILTER,REPLACE,1000,5000,UNKNOWN,UNKNOWN,UNKNOWN,UNKNOWN,,1,0,NORMAL,false,SRC_CFMOTO_650NK_OM_EU,103,Tabla de mantenimiento periodico,"""Aceite del motor y filtro de aceite ... 5.000  Sustituir"" / ""Filtro de aceite  -  5.000  Limpiar""",HIGH,
MT_CFMOTO_650NK_03,CFMOTO,650NK,CF650-7F,2024,UNKNOWN,EU,CLUTCH,Embrague - Inspeccionar,Clutch inspection,Debriyaj kontrolu,CLUTCH,INSPECT,1000,5000,UNKNOWN,UNKNOWN,UNKNOWN,UNKNOWN,,1,0,NORMAL,false,SRC_CFMOTO_650NK_OM_EU,103,Tabla de mantenimiento periodico,"""Embrague  -  5.000  Inspeccionar""",HIGH,
MT_CFMOTO_650NK_04,CFMOTO,650NK,CF650-7F,2024,UNKNOWN,EU,COOLANT,Liquido refrigerante - Sustituir,Coolant change,Sogutma sivisi degisimi,COOLANT,DRAIN_REPLACE,UNKNOWN,30000,UNKNOWN,24,UNKNOWN,UNKNOWN,,1,0,NORMAL,false,SRC_CFMOTO_650NK_OM_EU,103,Tabla de mantenimiento periodico,"""Liquido refrigerante  24 meses  30.000  Sustituir""",HIGH,
MT_CFMOTO_650NK_05,CFMOTO,650NK,CF650-7F,2024,UNKNOWN,EU,THROTTLE,Valvula de mariposa - Limpiar,Throttle body cleaning,Gaz kelebegi govdesi temizligi,THROTTLE,CLEAN,5000,5000,UNKNOWN,UNKNOWN,UNKNOWN,UNKNOWN,,1,0,NORMAL,false,SRC_CFMOTO_650NK_OM_EU,103,Tabla de mantenimiento periodico,"""Valvula de mariposa  -  5.000  Limpiar"" ; ""Sistema de aceleracion  -  10.000  Inspeccionar""",HIGH,
MT_CFMOTO_650NK_06,CFMOTO,650NK,CF650-7F,2024,UNKNOWN,EU,AIR_FILTER,Elemento de filtro de aire - Inspeccionar / Sustituir,Air filter inspect (10000) & replace (20000),Hava filtresi kontrol/degisim,AIR_FILTER,INSPECT,10000,10000,UNKNOWN,UNKNOWN,UNKNOWN,UNKNOWN,Severe-use item: halve the interval.,1,0,NORMAL,false,SRC_CFMOTO_650NK_OM_EU,103,Tabla de mantenimiento periodico,"""Elemento de filtro de aire  -  10.000  Inspeccionar / 24 meses  20.000  Sustituir""",HIGH,
MT_CFMOTO_650NK_07,CFMOTO,650NK,CF650-7F,2024,UNKNOWN,EU,AIR_FILTER,Elemento de filtro de aire - Sustituir,Air filter element replacement,Hava filtresi degisimi,AIR_FILTER,REPLACE,20000,20000,UNKNOWN,24,UNKNOWN,UNKNOWN,,1,0,NORMAL,false,SRC_CFMOTO_650NK_OM_EU,103,Tabla de mantenimiento periodico,"""Elemento de filtro de aire  24 meses  20.000  Sustituir""",HIGH,
MT_CFMOTO_650NK_08,CFMOTO,650NK,CF650-7F,2024,UNKNOWN,EU,SPARK_PLUG,Bujia - Inspeccionar / Sustituir,Spark plug inspect (5000) & replace (10000),Buji kontrol/degisim,SPARK_PLUG,INSPECT,5000,5000,UNKNOWN,UNKNOWN,UNKNOWN,UNKNOWN,,1,0,NORMAL,false,SRC_CFMOTO_650NK_OM_EU,103,Tabla de mantenimiento periodico,"""Bujia  -  5.000  Inspeccionar / 24 meses  10.000  Sustituir""",HIGH,
MT_CFMOTO_650NK_09,CFMOTO,650NK,CF650-7F,2024,UNKNOWN,EU,SPARK_PLUG,Bujia - Sustituir,Spark plug replacement,Buji degisimi,SPARK_PLUG,REPLACE,10000,10000,UNKNOWN,24,UNKNOWN,UNKNOWN,,1,0,NORMAL,false,SRC_CFMOTO_650NK_OM_EU,103,Tabla de mantenimiento periodico,"""Bujia  24 meses  10.000  Sustituir""",HIGH,
MT_CFMOTO_650NK_10,CFMOTO,650NK,CF650-7F,2024,UNKNOWN,EU,VALVE_CLEARANCE,Holgura de valvula - Inspeccionar,Valve clearance inspection,Supap boslugu kontrolu,VALVE_CLEARANCE,INSPECT,40000,40000,UNKNOWN,UNKNOWN,UNKNOWN,UNKNOWN,,1,0,NORMAL,false,SRC_CFMOTO_650NK_OM_EU,103,Tabla de mantenimiento periodico,"""Holgura de valvula  -  40.000  Inspeccionar""",HIGH,
MT_CFMOTO_650NK_11,CFMOTO,650NK,CF650-7F,2024,UNKNOWN,EU,BATTERY,Bateria - Inspeccionar,Battery inspection,Aku kontrolu,BATTERY,INSPECT,5000,5000,UNKNOWN,6,UNKNOWN,UNKNOWN,,1,0,NORMAL,false,SRC_CFMOTO_650NK_OM_EU,104,Tabla de mantenimiento periodico,"""Bateria  6 meses  5.000  Inspeccionar"" ; ""Fusibles o interruptores automaticos  6 meses  5.000  Inspeccionar""",HIGH,
MT_CFMOTO_650NK_12,CFMOTO,650NK,CF650-7F,2024,UNKNOWN,EU,TYRES,Estado / presion de los neumaticos - Inspeccionar,Tyre condition & pressure inspection,Lastik durum ve basinc kontrolu,TYRES,INSPECT,10000,10000,UNKNOWN,12,UNKNOWN,UNKNOWN,,1,1,NORMAL,false,SRC_CFMOTO_650NK_OM_EU,104,Tabla de mantenimiento periodico,"""Estado de los neumaticos  12 meses  10.000  Inspeccionar"" / ""Presion de los neumaticos  12 meses  10.000""",HIGH,
MT_CFMOTO_650NK_13,CFMOTO,650NK,CF650-7F,2024,UNKNOWN,EU,WHEEL_BEARINGS,Rodamientos de las ruedas - Inspeccionar,Wheel bearing inspection,Tekerlek rulmani kontrolu,WHEEL_BEARINGS,INSPECT,10000,10000,UNKNOWN,UNKNOWN,UNKNOWN,UNKNOWN,,1,0,NORMAL,false,SRC_CFMOTO_650NK_OM_EU,104,Tabla de mantenimiento periodico,"""Rodamientos de las ruedas  -  10.000 ... -  30.000""",MEDIUM,
MT_CFMOTO_650NK_14,CFMOTO,650NK,CF650-7F,2024,UNKNOWN,EU,FRONT_BRAKE,Equipo de frenos delantero y trasero - Inspeccionar,Front & rear brake inspection,On ve arka fren kontrolu,BRAKE_SYSTEM,INSPECT,10000,10000,UNKNOWN,12,UNKNOWN,UNKNOWN,,1,1,NORMAL,false,SRC_CFMOTO_650NK_OM_EU,105,Tabla de mantenimiento periodico,"""Equipo de frenos delantero y trasero  12 meses  10.000  Inspeccionar"" / ""Discos de freno  12 meses  10.000""",HIGH,
MT_CFMOTO_650NK_15,CFMOTO,650NK,CF650-7F,2024,UNKNOWN,EU,BRAKE_PADS,Pastillas de freno - Inspeccionar,Brake pad inspection,Fren balata kontrolu,BRAKE_PADS,INSPECT,10000,10000,UNKNOWN,12,UNKNOWN,UNKNOWN,Severe-use item: halve the interval.,1,1,NORMAL,false,SRC_CFMOTO_650NK_OM_EU,105,Tabla de mantenimiento periodico,""">> Pastillas de freno  12 meses  10.000  Inspeccionar""",HIGH,
MT_CFMOTO_650NK_16,CFMOTO,650NK,CF650-7F,2024,UNKNOWN,EU,BRAKE_FLUID,Nivel de liquido de frenos - Inspeccionar,Brake fluid level inspection,Fren hidroligi seviye kontrolu,BRAKE_FLUID,INSPECT,10000,10000,UNKNOWN,12,UNKNOWN,UNKNOWN,,1,1,NORMAL,false,SRC_CFMOTO_650NK_OM_EU,105,Tabla de mantenimiento periodico,"""Nivel de liquido de frenos  12 meses  10.000  Inspeccionar""",HIGH,
MT_CFMOTO_650NK_17,CFMOTO,650NK,CF650-7F,2024,UNKNOWN,EU,BRAKE_FLUID,Liquido de frenos - Sustituir,Brake fluid change,Fren hidroligi degisimi,BRAKE_FLUID,DRAIN_REPLACE,UNKNOWN,UNKNOWN,UNKNOWN,24,UNKNOWN,UNKNOWN,,1,1,NORMAL,false,SRC_CFMOTO_650NK_OM_EU,105,Tabla de mantenimiento periodico,"""Liquido de frenos  24 meses  -  -  Sustituir""",HIGH,
MT_CFMOTO_650NK_18,CFMOTO,650NK,CF650-7F,2024,UNKNOWN,EU,FRONT_BRAKE,Mangueras de freno - Comprobar danos y estanqueidad,Brake hose inspection,Fren hortumu kontrolu,BRAKE_HOSE,INSPECT,10000,10000,UNKNOWN,12,UNKNOWN,UNKNOWN,,1,1,NORMAL,false,SRC_CFMOTO_650NK_OM_EU,105,Tabla de mantenimiento periodico,"""Mangueras de freno  12 meses  10.000  Comprobar si hay algun tipo de dano y la estanqueidad""",HIGH,
MT_CFMOTO_650NK_19,CFMOTO,650NK,CF650-7F,2024,UNKNOWN,EU,SUSPENSION,Sistema de suspension - Inspeccionar,Suspension inspection,Suspansiyon kontrolu,SUSPENSION,INSPECT,5000,5000,UNKNOWN,UNKNOWN,UNKNOWN,UNKNOWN,,1,0,NORMAL,false,SRC_CFMOTO_650NK_OM_EU,106,Tabla de mantenimiento periodico,"""Sistema de suspension  -  5.000  Inspeccionar"" ; ""Amortiguador trasero y horquillas delanteras  12 meses  10.000  Comprobar si hay fugas""",HIGH,
MT_CFMOTO_650NK_20,CFMOTO,650NK,CF650-7F,2024,UNKNOWN,EU,COOLANT,Nivel de liquido refrigerante - Inspeccionar,Coolant level inspection,Sogutma sivisi seviye kontrolu,COOLANT,INSPECT,10000,10000,UNKNOWN,12,UNKNOWN,UNKNOWN,,1,0,NORMAL,false,SRC_CFMOTO_650NK_OM_EU,106,Tabla de mantenimiento periodico,"""Nivel de liquido refrigerante  12 meses  10.000  Inspeccionar"" ; ""Funcionamiento del ventilador del radiador  12 meses  10.000""",HIGH,
MT_CFMOTO_650NK_21,CFMOTO,650NK,CF650-7F,2024,UNKNOWN,EU,STEERING,Rodamientos de direccion - Inspeccionar,Steering bearing inspection,Direksiyon rulmani kontrolu,STEERING,INSPECT,10000,10000,UNKNOWN,12,UNKNOWN,UNKNOWN,,1,0,NORMAL,false,SRC_CFMOTO_650NK_OM_EU,107,Tabla de mantenimiento periodico,"""Rodamientos de direccion  12 meses  10.000  Inspeccionar""",HIGH,
MT_CFMOTO_650NK_22,CFMOTO,650NK,CF650-7F,2024,UNKNOWN,EU,DRIVE_CHAIN,"Cadena, corona y pinon - Inspeccionar","Chain, sprockets inspection","Zincir, disli kontrolu",DRIVE_CHAIN,INSPECT,1000,10000,UNKNOWN,12,UNKNOWN,UNKNOWN,Severe-use item: halve the interval.,1,1,NORMAL,false,SRC_CFMOTO_650NK_OM_EU,107,Tabla de mantenimiento periodico,""">> Cadena, corona y pinon  12 meses  10.000  Inspeccionar"" ; break-in p100: ""Cadena de transmision y pinones  1.000  Inspeccionar/ajustar""",HIGH,
MT_CFMOTO_650NK_23,CFMOTO,650NK,CF650-7F,2024,UNKNOWN,EU,FASTENERS,Pernos y tuercas - Comprobar apriete,Bolts & nuts torque check,Civata ve somun tork kontrolu,FASTENERS,TIGHTEN,10000,10000,UNKNOWN,12,UNKNOWN,UNKNOWN,,1,0,NORMAL,false,SRC_CFMOTO_650NK_OM_EU,108,Tabla de mantenimiento periodico,"""Pernos y tuercas  12 meses  10.000  Comprobar que esten bien apretados""",HIGH,
MT_CFMOTO_650NK_24,CFMOTO,650NK,CF650-7F,2024,UNKNOWN,EU,GENERAL_INSPECTION,Piezas moviles / Conector de diagnostico / Tubos y mangueras,Moving-parts lube + diagnostics + hose check,Hareketli parca yaglama + diyagnostik + hortum kontrol,GENERAL_INSPECTION,LUBRICATE,10000,10000,UNKNOWN,12,UNKNOWN,UNKNOWN,,1,0,NORMAL,false,SRC_CFMOTO_650NK_OM_EU,108,Tabla de mantenimiento periodico,"""Piezas moviles  12 meses  10.000  Lubricar y comprobar su flexibilidad"" ; ""Conector de diagnostico  12 meses  10.000  Leer con PDA"" ; ""Tubos, conductos, mangueras y manguitos  12 meses  10.000  Comprobar su estanqueidad""",HIGH,
MT_TVS_JUPITER125_01,TVS,Jupiter 125,Jupiter 125 BS VI,UNKNOWN,UNKNOWN,IN,ENGINE_OIL,Engine oil / Oil filter (strainer) - Replace,Engine oil change,Motor yagi degisimi,ENGINE_OIL,REPLACE,750,6000,UNKNOWN,6,UNKNOWN,UNKNOWN,,1,0,NORMAL,false,SRC_TVS_JUPITER125_OM,72,PERIODIC MAINTENANCE SCHEDULE,"""Engine oil / Oil filter (strainer)  Replace or Inspect and top-up  - R/C R/C R/C R/C  Clean strainer""",HIGH,
MT_TVS_JUPITER125_02,TVS,Jupiter 125,Jupiter 125 BS VI,UNKNOWN,UNKNOWN,IN,FINAL_DRIVE,Transmission oil - Replace every 24000 km,Transmission (gear) oil change,Sanzman yagi degisimi,FINAL_DRIVE,REPLACE,UNKNOWN,24000,UNKNOWN,UNKNOWN,UNKNOWN,UNKNOWN,,1,0,NORMAL,false,SRC_TVS_JUPITER125_OM,72,PERIODIC MAINTENANCE SCHEDULE,"""Transmission oil  Replace or Inspect and top-up ... Replace every 24000 km"" (120 ml TVS TRU4 SKUUTA)",HIGH,
MT_TVS_JUPITER125_03,TVS,Jupiter 125,Jupiter 125 BS VI,UNKNOWN,UNKNOWN,IN,SPARK_PLUG,Spark plug - Replace every 12000 km,Spark plug replacement,Buji degisimi,SPARK_PLUG,REPLACE,12000,12000,UNKNOWN,UNKNOWN,UNKNOWN,UNKNOWN,,1,0,NORMAL,false,SRC_TVS_JUPITER125_OM,72,PERIODIC MAINTENANCE SCHEDULE,"""Spark plug  Inspect and clean or Replace  - I - R - ... Replace every 12000 km""; p80: ""Replace spark plug every 12000 km""",HIGH,
MT_TVS_JUPITER125_04,TVS,Jupiter 125,Jupiter 125 BS VI,UNKNOWN,UNKNOWN,IN,AIR_FILTER,Air cleaner element - Replace every 12000 km,Air cleaner element replacement,Hava filtresi degisimi,AIR_FILTER,REPLACE,12000,12000,UNKNOWN,UNKNOWN,UNKNOWN,UNKNOWN,,1,0,NORMAL,false,SRC_TVS_JUPITER125_OM,72,PERIODIC MAINTENANCE SCHEDULE,"""Air cleaner element  Replace  - - - R - ... Replace every 12000 km""",HIGH,
MT_TVS_JUPITER125_05,TVS,Jupiter 125,Jupiter 125 BS VI,UNKNOWN,UNKNOWN,IN,VALVE_CLEARANCE,Tappet clearance - Inspect and adjust,Tappet (valve) clearance inspect & adjust,Supap boslugu kontrol/ayar,VALVE_CLEARANCE,ADJUST,750,6000,UNKNOWN,UNKNOWN,UNKNOWN,UNKNOWN,,1,0,NORMAL,false,SRC_TVS_JUPITER125_OM,72,PERIODIC MAINTENANCE SCHEDULE,"""Tappet clearance  Inspect and adjust  - I  I&A  I&A  I&A""",HIGH,
MT_TVS_JUPITER125_06,TVS,Jupiter 125,Jupiter 125 BS VI,UNKNOWN,UNKNOWN,IN,FINAL_DRIVE,"Drive belt, CVT rollers and clutch shoe - Replace every 24000 km",Drive belt / CVT rollers / clutch shoe replacement,V-kayis / CVT ruleman / debriyaj papucu degisimi,VBELT,REPLACE,UNKNOWN,24000,UNKNOWN,UNKNOWN,UNKNOWN,UNKNOWN,,1,0,NORMAL,false,SRC_TVS_JUPITER125_OM,72,PERIODIC MAINTENANCE SCHEDULE,"""Drive belt, CVT rollers and clutch shoe  Replace ... Replace every 24000 km""",HIGH,
MT_TVS_JUPITER125_07,TVS,Jupiter 125,Jupiter 125 BS VI,UNKNOWN,UNKNOWN,IN,FINAL_DRIVE,"Cover variator - Inspect, clean and lubricate",Variator cover inspect/clean/lube,Varyator kapagi kontrol/temizlik/yaglama,VBELT_CASE,CLEAN,12000,6000,UNKNOWN,UNKNOWN,UNKNOWN,UNKNOWN,,1,0,NORMAL,false,SRC_TVS_JUPITER125_OM,72,PERIODIC MAINTENANCE SCHEDULE,"""Cover variator  Inspect, clean and lubricate  - - I,C&L  I,C&L  I,C&L""",MEDIUM,
MT_TVS_JUPITER125_08,TVS,Jupiter 125,Jupiter 125 BS VI,UNKNOWN,UNKNOWN,IN,THROTTLE,"Throttle cable / grip - Inspect, clean, lubricate and adjust",Throttle cable & grip service,Gaz kablosu ve elcigi servisi,THROTTLE,ADJUST,12000,6000,UNKNOWN,UNKNOWN,UNKNOWN,UNKNOWN,,1,0,NORMAL,false,SRC_TVS_JUPITER125_OM,72,PERIODIC MAINTENANCE SCHEDULE,"""Throttle cable / grip  Inspect, clean, lubricate and adjust  - - I,C,L&A ...""",HIGH,
MT_TVS_JUPITER125_09,TVS,Jupiter 125,Jupiter 125 BS VI,UNKNOWN,UNKNOWN,IN,FASTENERS,All fasteners - Inspect and tighten,All fasteners inspect & tighten,Tum baglanti elemanlari kontrol/sikma,FASTENERS,TIGHTEN,750,6000,UNKNOWN,UNKNOWN,UNKNOWN,UNKNOWN,,1,0,NORMAL,false,SRC_TVS_JUPITER125_OM,72,PERIODIC MAINTENANCE SCHEDULE,"""All fasteners  Inspect and tighten  - I I I I""",HIGH,
MT_TVS_JUPITER125_10,TVS,Jupiter 125,Jupiter 125 BS VI,UNKNOWN,UNKNOWN,IN,STEERING,"Steering smooth operation / play - Inspect, adjust and lubricate",Steering inspect/adjust/lubricate,Direksiyon kontrol/ayar/yaglama,STEERING,INSPECT,12000,12000,UNKNOWN,UNKNOWN,UNKNOWN,UNKNOWN,,1,0,NORMAL,false,SRC_TVS_JUPITER125_OM,72,PERIODIC MAINTENANCE SCHEDULE,"""Steering smooth operation / play  Inspect, adjust and lubricate  - - - I&A -"" (~ every 12000 km)",MEDIUM,
MT_TVS_JUPITER125_11,TVS,Jupiter 125,Jupiter 125 BS VI,UNKNOWN,UNKNOWN,IN,SUSPENSION,Front and rear suspension - Inspect,Front & rear suspension inspection,On/arka suspansiyon kontrolu,SUSPENSION,INSPECT,6000,6000,UNKNOWN,UNKNOWN,UNKNOWN,UNKNOWN,,1,0,NORMAL,false,SRC_TVS_JUPITER125_OM,72,PERIODIC MAINTENANCE SCHEDULE,"""Front and rear suspension  Inspect for proper functioning  - - I I I""",HIGH,
MT_TVS_JUPITER125_12,TVS,Jupiter 125,Jupiter 125 BS VI,UNKNOWN,UNKNOWN,IN,BRAKE_PADS,"Brake effectiveness / play - Inspect, adjust & lubricate",Brake effectiveness & play inspect/adjust,Fren etkinligi ve bosluk kontrol/ayar,BRAKE_SYSTEM,INSPECT,750,6000,UNKNOWN,UNKNOWN,UNKNOWN,UNKNOWN,,1,1,NORMAL,false,SRC_TVS_JUPITER125_OM,73,PERIODIC MAINTENANCE SCHEDULE,"""Brake effectiveness / play  Inspect, adjust & lubricate at cable ends  I  I,L&A  I,L&A  I,L&A  I,L&A""",HIGH,
MT_TVS_JUPITER125_13,TVS,Jupiter 125,Jupiter 125 BS VI,UNKNOWN,UNKNOWN,IN,BRAKE_FLUID,Brake fluid# - Replace at 21000 km or 2 years,Brake fluid replacement,Fren hidroligi degisimi,BRAKE_FLUID,DRAIN_REPLACE,UNKNOWN,21000,UNKNOWN,24,UNKNOWN,UNKNOWN,,1,1,NORMAL,false,SRC_TVS_JUPITER125_OM,73,PERIODIC MAINTENANCE SCHEDULE,"""Brake fluid#  Replace or Inspect and top-up ... Replace at 21000 km or 2 years whichever occurs earlier"" (disc version)",HIGH,
MT_TVS_JUPITER125_14,TVS,Jupiter 125,Jupiter 125 BS VI,UNKNOWN,UNKNOWN,IN,BRAKE_FLUID,Master cylinder cups# - Replace at 18000 km,Brake master cylinder cups replacement,Fren merkezi keceleri degisimi,BRAKE_FLUID,REPLACE,UNKNOWN,18000,UNKNOWN,UNKNOWN,UNKNOWN,UNKNOWN,,1,1,NORMAL,false,SRC_TVS_JUPITER125_OM,73,PERIODIC MAINTENANCE SCHEDULE,"""Master cylinder cups#  Replace ... Replace at 18000 km""",HIGH,
MT_TVS_JUPITER125_15,TVS,Jupiter 125,Jupiter 125 BS VI,UNKNOWN,UNKNOWN,IN,TYRES,Wheels / Tires - Inspect,Wheels & tyres inspection,Tekerlek ve lastik kontrolu,TYRES,INSPECT,750,6000,UNKNOWN,UNKNOWN,UNKNOWN,UNKNOWN,,1,1,NORMAL,false,SRC_TVS_JUPITER125_OM,73,PERIODIC MAINTENANCE SCHEDULE,"""Wheels / Tires  Inspect  I - I I I  Set tyre pressure if required""",HIGH,
MT_TVS_JUPITER125_16,TVS,Jupiter 125,Jupiter 125 BS VI,UNKNOWN,UNKNOWN,IN,BATTERY,Battery Voltage - Inspect,Battery voltage inspection,Aku voltaj kontrolu,BATTERY,INSPECT,12000,6000,UNKNOWN,UNKNOWN,UNKNOWN,UNKNOWN,,1,0,NORMAL,false,SRC_TVS_JUPITER125_OM,73,PERIODIC MAINTENANCE SCHEDULE,"""Battery Voltage (recharge if required)  Inspect  - - I I I""",HIGH,
MT_TVS_JUPITER125_17,TVS,Jupiter 125,Jupiter 125 BS VI,UNKNOWN,UNKNOWN,IN,LIGHTS,"All bulbs, horn and switches / Head lamp beam","Lights, horn, switches & headlamp aim",Aydinlatma/korna/anahtar ve far ayari,LIGHTS,INSPECT,750,6000,UNKNOWN,UNKNOWN,UNKNOWN,UNKNOWN,,1,0,NORMAL,false,SRC_TVS_JUPITER125_OM,73,PERIODIC MAINTENANCE SCHEDULE,"""All bulbs, horn and switches working  Inspect  - - I I I"" / ""Head lamp beam (focus)  Inspect and adjust  I - I I I""",HIGH,
MT_TVS_JUPITER125_18,TVS,Jupiter 125,Jupiter 125 BS VI,UNKNOWN,UNKNOWN,IN,FUEL_SYSTEM,Evaporative emission control system - Every 18000 km,Evaporative emission control inspection,Buharlasma emisyon kontrolu,FUEL_SYSTEM,INSPECT,18000,18000,UNKNOWN,UNKNOWN,UNKNOWN,UNKNOWN,,1,0,NORMAL,false,SRC_TVS_JUPITER125_OM,72,PERIODIC MAINTENANCE SCHEDULE,"""Evaporative emission control system  Inspect ... Every 18000 km""",HIGH,
MT_HONDA_SH125I_01,Honda,SH125i,JF95,2020,UNKNOWN,EU,ENGINE_OIL,Engine Oil (OIL CHANGE indicator),Engine oil change,Motor yagi degisimi,ENGINE_OIL,REPLACE,1000,6000,UNKNOWN,UNKNOWN,UNKNOWN,UNKNOWN,,1,0,NORMAL,false,SRC_HONDA_SH125I_OM_UK21,30,Maintenance Schedule,"""The OIL CHANGE indicator is appeared for the first time when the running distance reaches 1,000 km ... every 6,000 km after the first indication was reset.""",HIGH,
MT_HONDA_SH125I_02,Honda,SH125i,JF95,2020,UNKNOWN,EU,GENERAL_INSPECTION,Periodic maintenance (Maintenance indicator),Scheduled periodic service,Periyodik servis,GENERAL_INSPECTION,SERVICE,1000,6000,UNKNOWN,UNKNOWN,UNKNOWN,UNKNOWN,,1,0,NORMAL,false,SRC_HONDA_SH125I_OM_UK21,31,Maintenance Schedule,"""The maintenance indicator is appeared for the first time when the running distance reaches 1,000 km ... every 6,000 km after first indication was reset.""",HIGH,
MT_HONDA_SH125I_03,Honda,SH125i,JF95,2020,UNKNOWN,EU,COOLANT,Radiator Coolant *4,Radiator coolant replacement,Radyator sogutma sivisi degisimi,COOLANT,DRAIN_REPLACE,UNKNOWN,UNKNOWN,UNKNOWN,36,UNKNOWN,UNKNOWN,,1,0,NORMAL,false,SRC_HONDA_SH125I_OM_UK21,77,Maintenance Schedule,"""Radiator Coolant *4 ... 3 Years""",HIGH,
MT_HONDA_SH125I_04,Honda,SH125i,JF95,2020,UNKNOWN,EU,FINAL_DRIVE,Final Drive Oil *4,Final drive (gear) oil replacement,Nihai tahrik yagi degisimi,FINAL_DRIVE,REPLACE,UNKNOWN,UNKNOWN,UNKNOWN,24,UNKNOWN,UNKNOWN,,1,0,NORMAL,false,SRC_HONDA_SH125I_OM_UK21,78,Maintenance Schedule,"""Final Drive Oil *4 ... 2 Years""",HIGH,
MT_HONDA_SH125I_05,Honda,SH125i,JF95,2020,UNKNOWN,EU,BRAKE_FLUID,Brake Fluid *4,Brake fluid replacement,Fren hidroligi degisimi,BRAKE_FLUID,DRAIN_REPLACE,UNKNOWN,UNKNOWN,UNKNOWN,24,UNKNOWN,UNKNOWN,,1,1,NORMAL,false,SRC_HONDA_SH125I_OM_UK21,78,Maintenance Schedule,"""Brake Fluid *4 ... 2 Years""",HIGH,
MT_HONDA_SH125I_06,Honda,SH125i,JF95,2020,UNKNOWN,EU,AIR_FILTER,Air Cleaner *2,Air cleaner service - dusty/wet conditions,Hava filtresi - tozlu/islak kosul,AIR_FILTER,CLEAN,UNKNOWN,UNKNOWN,UNKNOWN,UNKNOWN,UNKNOWN,UNKNOWN,,0,0,DUSTY,false,SRC_HONDA_SH125I_OM_UK21,78,Maintenance Schedule,"""*2 : Service more frequently when riding in unusually wet or dusty areas.""",HIGH,Base km interval not machine-readable (graphic marks).
MT_HONDA_SH125I_07,Honda,SH125i,JF95,2020,UNKNOWN,EU,GENERAL_INSPECTION,Maintenance Schedule item list,Scheduled service (item list only),Periyodik servis (kalem listesi),GENERAL_INSPECTION,SERVICE,1000,6000,UNKNOWN,UNKNOWN,UNKNOWN,UNKNOWN,,1,0,NORMAL,true,SRC_HONDA_SH125I_OM_UK21,77-78,Maintenance Schedule,"Schedule items: Fuel Line, Throttle Operation, Air Cleaner, Crankcase Breather, Spark Plug, Valve Clearance, Engine Oil, Oil Strainer Screen, Idle Speed, Cooling System, EVAP, Drive Belt, Battery, Brake Pads, Brake System, Headlight Aim, Lights/Horn, Clutch Shoes, Side Stand, Suspension, Fasteners, Wheels/Tyres, Steering Head Bearings. Per-km marks not machine-readable.",LOW,Placeholder capturing the scheduled item set; individual km intervals are a research gap.
MT_KYMCO_XTOWN250_01,KYMCO,X-Town CT 250,X-TOWN CT250,2018,UNKNOWN,EU,ENGINE_OIL,ENGINE OIL - Replace,Engine oil change,Motor yagi degisimi,ENGINE_OIL,REPLACE,1000,5000,UNKNOWN,6,UNKNOWN,UNKNOWN,,1,0,NORMAL,false,SRC_KYMCO_XTOWN250_OM,31,Maintenance schedule chart (X-TOWN CT250/300),"NOTE 5: ""Replace every 5000km (3000mi) or every 6 months. Replacement requires mechanical skill."" (Engine oil / Engine oil filter)",HIGH,Engine oil SAE 5W-50 API SL+; exchange capacity 0.9 L (CT250).
MT_KYMCO_XTOWN250_02,KYMCO,X-Town CT 250,X-TOWN CT250,2018,UNKNOWN,EU,ENGINE_OIL_FILTER,ENGINE OIL FILTER - Replace,Engine oil filter replacement,Yag filtresi degisimi,ENGINE_OIL_FILTER,REPLACE,1000,5000,UNKNOWN,6,UNKNOWN,UNKNOWN,,1,0,NORMAL,false,SRC_KYMCO_XTOWN250_OM,31,Maintenance schedule chart (X-TOWN CT250/300),"NOTE 5 (Engine oil filter): ""Replace every 5000km (3000mi) or every 6 months.""",HIGH,
MT_KYMCO_XTOWN250_03,KYMCO,X-Town CT 250,X-TOWN CT250,2018,UNKNOWN,EU,ENGINE_OIL,ENGINE OIL - level inspection,Engine oil level inspection,Motor yagi seviye kontrolu,ENGINE_OIL,INSPECT,1000,1000,UNKNOWN,UNKNOWN,UNKNOWN,UNKNOWN,,1,0,NORMAL,false,SRC_KYMCO_XTOWN250_OM,31,Maintenance schedule chart (X-TOWN CT250/300),"NOTE 7: ""Inspect every 1000km(600mi), Add engine oil if required.""",HIGH,
MT_KYMCO_XTOWN250_04,KYMCO,X-Town CT 250,X-TOWN CT250,2018,UNKNOWN,EU,AIR_FILTER,AIR CLEANER - Inspect / Replace,Air cleaner inspect (5000) & replace (20000),Hava filtresi kontrol/degisim,AIR_FILTER,INSPECT,5000,5000,UNKNOWN,UNKNOWN,UNKNOWN,UNKNOWN,Service more frequently in wet/dusty areas.,1,0,NORMAL,false,SRC_KYMCO_XTOWN250_OM,34,Maintenance schedule chart (X-TOWN CT250/300),"X-TOWN CT250/300 chart: ""AIR CLEANER ... Inspect every 5000km, replace every 20000km""",HIGH,
MT_KYMCO_XTOWN250_05,KYMCO,X-Town CT 250,X-TOWN CT250,2018,UNKNOWN,EU,AIR_FILTER,AIR CLEANER - Replace,Air cleaner element replacement,Hava filtresi degisimi,AIR_FILTER,REPLACE,20000,20000,UNKNOWN,UNKNOWN,UNKNOWN,UNKNOWN,,1,0,NORMAL,false,SRC_KYMCO_XTOWN250_OM,34,Maintenance schedule chart (X-TOWN CT250/300),"X-TOWN CT250/300 chart: ""AIR CLEANER ... replace every 20000km""",HIGH,
MT_KYMCO_XTOWN250_06,KYMCO,X-Town CT 250,X-TOWN CT250,2018,UNKNOWN,EU,FINAL_DRIVE,DRIVE BELT - Replace,Drive belt replacement,V-kayis degisimi,VBELT,REPLACE,UNKNOWN,10000,UNKNOWN,12,UNKNOWN,UNKNOWN,,1,0,NORMAL,false,SRC_KYMCO_XTOWN250_OM,34,Maintenance schedule chart (X-TOWN CT250/300),"X-TOWN CT250/300 chart: ""DRIVE BELT ... Replace every 10000km or every year""",MEDIUM,Remark-to-row mapping partly reconstructed from the jumbled chart.
MT_KYMCO_XTOWN250_07,KYMCO,X-Town CT 250,X-TOWN CT250,2018,UNKNOWN,EU,BRAKE_FLUID,BRAKE FLUID - Replace,Brake fluid replacement,Fren hidroligi degisimi,BRAKE_FLUID,DRAIN_REPLACE,UNKNOWN,UNKNOWN,UNKNOWN,24,UNKNOWN,UNKNOWN,,1,1,NORMAL,false,SRC_KYMCO_XTOWN250_OM,31,Maintenance schedule chart (X-TOWN CT250/300),"NOTE 6: ""Replace every 2 years. Replacement requires mechanical skill."" (Brake fluid)",HIGH,
MT_KYMCO_XTOWN250_08,KYMCO,X-Town CT 250,X-TOWN CT250,2018,UNKNOWN,EU,FUEL_SYSTEM,INJECTOR - Inspect / Replace,Fuel injector inspect (10000) & replace (30000),Enjektor kontrol/degisim,FUEL_SYSTEM,INSPECT,10000,10000,UNKNOWN,UNKNOWN,UNKNOWN,UNKNOWN,,1,0,NORMAL,false,SRC_KYMCO_XTOWN250_OM,35,Maintenance schedule chart (X-TOWN CT250/300),"X-TOWN CT250/300 chart: ""INJECTOR ... Inspection every 10000km, Replacement every 30000Km""",HIGH,
MT_KYMCO_XTOWN250_09,KYMCO,X-Town CT 250,X-TOWN CT250,2018,UNKNOWN,EU,COOLANT,RADIATOR COOLANT - Replace,Radiator coolant replacement,Radyator sogutma sivisi degisimi,COOLANT,DRAIN_REPLACE,UNKNOWN,10000,UNKNOWN,12,UNKNOWN,UNKNOWN,,1,0,NORMAL,true,SRC_KYMCO_XTOWN250_OM,34,Maintenance schedule chart (X-TOWN CT250/300),"X-TOWN CT250/300 chart: ""RADIATOR COOLANT ... Replace every 10000km or every year"" (remark placement adjacent to drive belt / transmission-oil rows)",LOW,Remark-to-row mapping uncertain in the jumbled chart; coolant interval on KYMCO scooters is more commonly 2 years -> flagged.
MT_KYMCO_XTOWN250_10,KYMCO,X-Town CT 250,X-TOWN CT250,2018,UNKNOWN,EU,FINAL_DRIVE,TRANSMISSION OIL - Replace,Transmission (gear) oil change,Sanzman yagi degisimi,FINAL_DRIVE,REPLACE,1000,10000,UNKNOWN,UNKNOWN,UNKNOWN,UNKNOWN,,1,0,NORMAL,true,SRC_KYMCO_XTOWN250_OM,34,Maintenance schedule chart (X-TOWN CT250/300),"X-TOWN CT250/300 chart: ""TRANSMISSION OIL  C R C ..."" (replace pattern; exact km column not machine-readable)",MEDIUM,
MT_KYMCO_XTOWN250_11,KYMCO,X-Town CT 250,X-TOWN CT250,2018,UNKNOWN,EU,SPARK_PLUG,SPARK PLUG - Clean / Replace,Spark plug clean & replace,Buji temizlik/degisim,SPARK_PLUG,INSPECT,6000,6000,UNKNOWN,UNKNOWN,UNKNOWN,UNKNOWN,,1,0,NORMAL,true,SRC_KYMCO_XTOWN250_OM,34,Maintenance schedule chart (X-TOWN CT250/300),"X-TOWN CT250/300 chart: ""SPARK PLUG  C C R C C"" (clean at services, replace periodically; km columns jumbled)",MEDIUM,
MT_KYMCO_XTOWN250_12,KYMCO,X-Town CT 250,X-TOWN CT250,2018,UNKNOWN,EU,VALVE_CLEARANCE,VALVE CLEARANCE - Inspect and adjust,Valve clearance inspect & adjust,Supap boslugu kontrol/ayar,VALVE_CLEARANCE,ADJUST,6000,12000,UNKNOWN,UNKNOWN,UNKNOWN,UNKNOWN,,1,0,NORMAL,true,SRC_KYMCO_XTOWN250_OM,34,Maintenance schedule chart (X-TOWN CT250/300),"X-TOWN CT250/300 chart lists ""VALVE CLEARANCE"" with I / A marks across the grid (km column not machine-readable)",LOW,Interval not machine-readable -> partial gap.
MT_KYMCO_XTOWN250_13,KYMCO,X-Town CT 250,X-TOWN CT250,2018,UNKNOWN,EU,BRAKE_PADS,BRAKE PAD WEAR / BRAKE SYSTEM - Inspect,Brake pad wear & brake system inspection,Fren balata ve fren sistemi kontrolu,BRAKE_SYSTEM,INSPECT,1000,6000,UNKNOWN,UNKNOWN,UNKNOWN,UNKNOWN,,1,1,NORMAL,false,SRC_KYMCO_XTOWN250_OM,35,Maintenance schedule chart (X-TOWN CT250/300),"X-TOWN CT250/300 chart: ""BRAKE PAD WEAR  I I I ..."" / ""BRAKE SYSTEM  I I I ..."" at every service",MEDIUM,
MT_KYMCO_XTOWN250_14,KYMCO,X-Town CT 250,X-TOWN CT250,2018,UNKNOWN,EU,TYRES,WHEEL/TIRES - Inspect,Wheels & tyres inspection,Tekerlek ve lastik kontrolu,TYRES,INSPECT,1000,6000,UNKNOWN,UNKNOWN,UNKNOWN,UNKNOWN,,1,1,NORMAL,false,SRC_KYMCO_XTOWN250_OM,35,Maintenance schedule chart (X-TOWN CT250/300),"X-TOWN CT250/300 chart: ""** WHEEL/TIRES  I I I ...""",MEDIUM,
MT_KYMCO_XTOWN250_15,KYMCO,X-Town CT 250,X-TOWN CT250,2018,UNKNOWN,EU,STEERING,STEERING BEARINGS - Inspect,Steering bearing inspection,Direksiyon rulmani kontrolu,STEERING,INSPECT,6000,6000,UNKNOWN,UNKNOWN,UNKNOWN,UNKNOWN,,1,0,NORMAL,false,SRC_KYMCO_XTOWN250_OM,35,Maintenance schedule chart (X-TOWN CT250/300),"X-TOWN CT250/300 chart: ""** STEERING BEARINGS  I I I ...""",MEDIUM,
MT_KYMCO_XTOWN250_16,KYMCO,X-Town CT 250,X-TOWN CT250,2018,UNKNOWN,EU,FASTENERS,"NUTS, BOLTS, FASTENERS - Tighten","Nuts, bolts & fasteners tightening","Somun, civata ve baglanti elemani sikma",FASTENERS,TIGHTEN,6000,6000,UNKNOWN,UNKNOWN,UNKNOWN,UNKNOWN,,1,0,NORMAL,false,SRC_KYMCO_XTOWN250_OM,35,Maintenance schedule chart (X-TOWN CT250/300),"X-TOWN CT250/300 chart: ""* NUTS,BOLTS,FASTENERS  T T T ...""",MEDIUM,
MT_KYMCO_XTOWN250_17,KYMCO,X-Town CT 250,X-TOWN CT250,2018,UNKNOWN,EU,FINAL_DRIVE,CVT FILTER - Clean,CVT filter cleaning,CVT filtresi temizligi,VBELT_CASE,CLEAN,6000,6000,UNKNOWN,UNKNOWN,UNKNOWN,UNKNOWN,,1,0,NORMAL,false,SRC_KYMCO_XTOWN250_OM,35,Maintenance schedule chart (X-TOWN CT250/300),"X-TOWN CT250/300 chart: ""* CVT FILTER  C C C ...""",MEDIUM,
MT_KYMCO_XTOWN250_18,KYMCO,X-Town CT 250,X-TOWN CT250,2018,UNKNOWN,EU,THROTTLE,THROTTLE OPERATION - Inspect,Throttle operation inspection,Gaz kolu calisma kontrolu,THROTTLE,INSPECT,6000,6000,UNKNOWN,UNKNOWN,UNKNOWN,UNKNOWN,,1,0,NORMAL,false,SRC_KYMCO_XTOWN250_OM,34,Maintenance schedule chart (X-TOWN CT250/300),"X-TOWN CT250/300 chart: ""* THROTTLE OPERATION  I ...""",MEDIUM,
